[INFO] [1775072146.897988241] [control_serial_interface]: Starting Control Serial Interface Node
[WARN] [1775072149.913321265] [control_serial_interface]: Control board serial port is not open, attempting to open
[INFO] [1775072149.916003576] [control_serial_interface]: Attempting to open serial port for control board
[INFO] [1775072149.918718584] [control_serial_interface]: No serial port defined for control board, attempting to acquire port
[ERROR] [1775072150.921357345] [control_serial_interface]: Serial manager service not available
[ERROR] [1775072150.922054755] [control_serial_interface]: Serial port not found
[WARN] [1775072152.911921435] [control_serial_interface]: Control board serial port is not open, attempting to open
[INFO] [1775072152.912683657] [control_serial_interface]: Attempting to open serial port for control board
[INFO] [1775072152.913452373] [control_serial_interface]: No serial port defined for control board, attempting to acquire port
[ERROR] [1775072153.917244900] [control_serial_interface]: Serial manager service not available
[ERROR] [1775072153.919327695] [control_serial_interface]: Serial port not found
[WARN] [1775072155.914725028] [control_serial_interface]: Control board serial port is not open, attempting to open
[INFO] [1775072155.917502653] [control_serial_interface]: Attempting to open serial port for control board
[INFO] [1775072155.919989788] [control_serial_interface]: No serial port defined for control board, attempting to acquire port
[ERROR] [1775072156.923877065] [control_serial_interface]: Serial manager service not available
[ERROR] [1775072156.926619619] [control_serial_interface]: Serial port not found
[WARN] [1775072158.913403356] [control_serial_interface]: Control board serial port is not open, attempting to open
[INFO] [1775072158.915695259] [control_serial_interface]: Attempting to open serial port for control board
[INFO] [1775072158.918130476] [control_serial_interface]: No serial port defined for control board, attempting to acquire port
[ERROR] [1775072159.922035198] [control_serial_interface]: Serial manager service not available
[ERROR] [1775072159.924141029] [control_serial_interface]: Serial port not found
[WARN] [1775072161.913433687] [control_serial_interface]: Control board serial port is not open, attempting to open
[INFO] [1775072161.916049426] [control_serial_interface]: Attempting to open serial port for control board
[INFO] [1775072161.917107546] [control_serial_interface]: No serial port defined for control board, attempting to acquire port
[ERROR] [1775072162.920485188] [control_serial_interface]: Serial manager service not available
[ERROR] [1775072162.922460260] [control_serial_interface]: Serial port not found
[WARN] [1775072164.913478605] [control_serial_interface]: Control board serial port is not open, attempting to open
[INFO] [1775072164.915359378] [control_serial_interface]: Attempting to open serial port for control board
[INFO] [1775072164.917301758] [control_serial_interface]: No serial port defined for control board, attempting to acquire port
[ERROR] [1775072165.921229482] [control_serial_interface]: Serial manager service not available
[ERROR] [1775072165.923163476] [control_serial_interface]: Serial port not found
[WARN] [1775072167.913349537] [control_serial_interface]: Control board serial port is not open, attempting to open
[INFO] [1775072167.915236570] [control_serial_interface]: Attempting to open serial port for control board
[INFO] [1775072167.916881604] [control_serial_interface]: No serial port defined for control board, attempting to acquire port
[ERROR] [1775072168.919380106] [control_serial_interface]: Serial manager service not available
[ERROR] [1775072168.920099982] [control_serial_interface]: Serial port not found
[WARN] [1775072170.913428896] [control_serial_interface]: Control board serial port is not open, attempting to open
[INFO] [1775072170.915209125] [control_serial_interface]: Attempting to open serial port for control board
[INFO] [1775072170.917202487] [control_serial_interface]: No serial port defined for control board, attempting to acquire port
[ERROR] [1775072171.919833729] [control_serial_interface]: Serial manager service not available
[ERROR] [1775072171.920481464] [control_serial_interface]: Serial port not found
[WARN] [1775072173.912737152] [control_serial_interface]: Control board serial port is not open, attempting to open
[INFO] [1775072173.913663809] [control_serial_interface]: Attempting to open serial port for control board
[INFO] [1775072173.914435725] [control_serial_interface]: No serial port defined for control board, attempting to acquire port
[ERROR] [1775072174.919102559] [control_serial_interface]: Serial manager service not available
[ERROR] [1775072174.921956722] [control_serial_interface]: Serial port not found
[WARN] [1775072176.912686743] [control_serial_interface]: Control board serial port is not open, attempting to open
[INFO] [1775072176.913562298] [control_serial_interface]: Attempting to open serial port for control board
[INFO] [1775072176.914273640] [control_serial_interface]: No serial port defined for control board, attempting to acquire port
[ERROR] [1775072177.917025705] [control_serial_interface]: Serial manager service not available
[ERROR] [1775072177.919220298] [control_serial_interface]: Serial port not found
[WARN] [1775072179.912193745] [control_serial_interface]: Control board serial port is not open, attempting to open
[INFO] [1775072179.912800326] [control_serial_interface]: Attempting to open serial port for control board
[INFO] [1775072179.913335476] [control_serial_interface]: No serial port defined for control board, attempting to acquire port
[ERROR] [1775072180.915278344] [control_serial_interface]: Serial manager service not available
[ERROR] [1775072180.915962517] [control_serial_interface]: Serial port not found
[WARN] [1775072182.911947178] [control_serial_interface]: Control board serial port is not open, attempting to open
[INFO] [1775072182.912515332] [control_serial_interface]: Attempting to open serial port for control board
[INFO] [1775072182.913224793] [control_serial_interface]: No serial port defined for control board, attempting to acquire port
[ERROR] [1775072183.915471305] [control_serial_interface]: Serial manager service not available
[ERROR] [1775072183.916405173] [control_serial_interface]: Serial port not found
[WARN] [1775072185.913241846] [control_serial_interface]: Control board serial port is not open, attempting to open
[INFO] [1775072185.915129209] [control_serial_interface]: Attempting to open serial port for control board
[INFO] [1775072185.917315078] [control_serial_interface]: No serial port defined for control board, attempting to acquire port
[ERROR] [1775072186.920731287] [control_serial_interface]: Serial manager service not available
[ERROR] [1775072186.923210187] [control_serial_interface]: Serial port not found
[WARN] [1775072188.914121417] [control_serial_interface]: Control board serial port is not open, attempting to open
[INFO] [1775072188.917024186] [control_serial_interface]: Attempting to open serial port for control board
[INFO] [1775072188.919378666] [control_serial_interface]: No serial port defined for control board, attempting to acquire port
[ERROR] [1775072189.923034138] [control_serial_interface]: Serial manager service not available
[ERROR] [1775072189.925005408] [control_serial_interface]: Serial port not found
[WARN] [1775072191.911922679] [control_serial_interface]: Control board serial port is not open, attempting to open
[INFO] [1775072191.912413204] [control_serial_interface]: Attempting to open serial port for control board
[INFO] [1775072191.912928179] [control_serial_interface]: No serial port defined for control board, attempting to acquire port
[ERROR] [1775072192.917581421] [control_serial_interface]: Serial manager service not available
[ERROR] [1775072192.920096537] [control_serial_interface]: Serial port not found
[WARN] [1775072194.913291596] [control_serial_interface]: Control board serial port is not open, attempting to open
[INFO] [1775072194.915021488] [control_serial_interface]: Attempting to open serial port for control board
[INFO] [1775072194.917235113] [control_serial_interface]: No serial port defined for control board, attempting to acquire port
[ERROR] [1775072195.921636739] [control_serial_interface]: Serial manager service not available
[ERROR] [1775072195.924433930] [control_serial_interface]: Serial port not found
[WARN] [1775072197.912690760] [control_serial_interface]: Control board serial port is not open, attempting to open
[INFO] [1775072197.913931225] [control_serial_interface]: Attempting to open serial port for control board
[INFO] [1775072197.915107448] [control_serial_interface]: No serial port defined for control board, attempting to acquire port
[ERROR] [1775072198.918565259] [control_serial_interface]: Serial manager service not available
[ERROR] [1775072198.920953496] [control_serial_interface]: Serial port not found
[WARN] [1775072200.912376188] [control_serial_interface]: Control board serial port is not open, attempting to open
[INFO] [1775072200.913072087] [control_serial_interface]: Attempting to open serial port for control board
[INFO] [1775072200.913737822] [control_serial_interface]: No serial port defined for control board, attempting to acquire port
[ERROR] [1775072201.915938158] [control_serial_interface]: Serial manager service not available
[ERROR] [1775072201.916673449] [control_serial_interface]: Serial port not found
[WARN] [1775072203.912104291] [control_serial_interface]: Control board serial port is not open, attempting to open
[INFO] [1775072203.912886625] [control_serial_interface]: Attempting to open serial port for control board
[INFO] [1775072203.913527999] [control_serial_interface]: No serial port defined for control board, attempting to acquire port
[ERROR] [1775072204.917411236] [control_serial_interface]: Serial manager service not available
[ERROR] [1775072204.919296079] [control_serial_interface]: Serial port not found
[WARN] [1775072206.912097359] [control_serial_interface]: Control board serial port is not open, attempting to open
[INFO] [1775072206.912964255] [control_serial_interface]: Attempting to open serial port for control board
[INFO] [1775072206.913704107] [control_serial_interface]: No serial port defined for control board, attempting to acquire port
[ERROR] [1775072207.916665095] [control_serial_interface]: Serial manager service not available
[ERROR] [1775072207.918549068] [control_serial_interface]: Serial port not found
[WARN] [1775072209.913240471] [control_serial_interface]: Control board serial port is not open, attempting to open
[INFO] [1775072209.914935472] [control_serial_interface]: Attempting to open serial port for control board
[INFO] [1775072209.916659939] [control_serial_interface]: No serial port defined for control board, attempting to acquire port
[ERROR] [1775072210.920548937] [control_serial_interface]: Serial manager service not available
[ERROR] [1775072210.922451215] [control_serial_interface]: Serial port not found
[WARN] [1775072212.913421699] [control_serial_interface]: Control board serial port is not open, attempting to open
[INFO] [1775072212.915408216] [control_serial_interface]: Attempting to open serial port for control board
[INFO] [1775072212.917286993] [control_serial_interface]: No serial port defined for control board, attempting to acquire port
[ERROR] [1775072213.920905381] [control_serial_interface]: Serial manager service not available
[ERROR] [1775072213.922659574] [control_serial_interface]: Serial port not found
[WARN] [1775072215.913327221] [control_serial_interface]: Control board serial port is not open, attempting to open
[INFO] [1775072215.915002722] [control_serial_interface]: Attempting to open serial port for control board
[INFO] [1775072215.916618565] [control_serial_interface]: No serial port defined for control board, attempting to acquire port
[ERROR] [1775072216.919318615] [control_serial_interface]: Serial manager service not available
[ERROR] [1775072216.919976318] [control_serial_interface]: Serial port not found
[WARN] [1775072218.913225224] [control_serial_interface]: Control board serial port is not open, attempting to open
[INFO] [1775072218.915508741] [control_serial_interface]: Attempting to open serial port for control board
[INFO] [1775072218.917313042] [control_serial_interface]: No serial port defined for control board, attempting to acquire port
[ERROR] [1775072219.921220140] [control_serial_interface]: Serial manager service not available
[ERROR] [1775072219.923483111] [control_serial_interface]: Serial port not found
[WARN] [1775072221.913307458] [control_serial_interface]: Control board serial port is not open, attempting to open
[INFO] [1775072221.915020985] [control_serial_interface]: Attempting to open serial port for control board
[INFO] [1775072221.916843641] [control_serial_interface]: No serial port defined for control board, attempting to acquire port
[ERROR] [1775072222.920599819] [control_serial_interface]: Serial manager service not available
[ERROR] [1775072222.922540879] [control_serial_interface]: Serial port not found
[WARN] [1775072224.913215771] [control_serial_interface]: Control board serial port is not open, attempting to open
[INFO] [1775072224.914907692] [control_serial_interface]: Attempting to open serial port for control board
[INFO] [1775072224.916630519] [control_serial_interface]: No serial port defined for control board, attempting to acquire port
[ERROR] [1775072225.919413747] [control_serial_interface]: Serial manager service not available
[ERROR] [1775072225.920059125] [control_serial_interface]: Serial port not found
[WARN] [1775072227.911738616] [control_serial_interface]: Control board serial port is not open, attempting to open
[INFO] [1775072227.912287147] [control_serial_interface]: Attempting to open serial port for control board
[INFO] [1775072227.912722894] [control_serial_interface]: No serial port defined for control board, attempting to acquire port
[ERROR] [1775072228.915049548] [control_serial_interface]: Serial manager service not available
[ERROR] [1775072228.915820225] [control_serial_interface]: Serial port not found
[WARN] [1775072230.913265356] [control_serial_interface]: Control board serial port is not open, attempting to open
[INFO] [1775072230.915008049] [control_serial_interface]: Attempting to open serial port for control board
[INFO] [1775072230.916769392] [control_serial_interface]: No serial port defined for control board, attempting to acquire port
[ERROR] [1775072231.919505105] [control_serial_interface]: Serial manager service not available
[ERROR] [1775072231.920193991] [control_serial_interface]: Serial port not found
[WARN] [1775072233.912219918] [control_serial_interface]: Control board serial port is not open, attempting to open
[INFO] [1775072233.912753549] [control_serial_interface]: Attempting to open serial port for control board
[INFO] [1775072233.913267658] [control_serial_interface]: No serial port defined for control board, attempting to acquire port
[ERROR] [1775072234.916468780] [control_serial_interface]: Serial manager service not available
[ERROR] [1775072234.918429485] [control_serial_interface]: Serial port not found
[WARN] [1775072236.913477686] [control_serial_interface]: Control board serial port is not open, attempting to open
[INFO] [1775072236.915216609] [control_serial_interface]: Attempting to open serial port for control board
[INFO] [1775072236.916902585] [control_serial_interface]: No serial port defined for control board, attempting to acquire port
[ERROR] [1775072237.919770918] [control_serial_interface]: Serial manager service not available
[ERROR] [1775072237.920755334] [control_serial_interface]: Serial port not found
[WARN] [1775072239.913098984] [control_serial_interface]: Control board serial port is not open, attempting to open
[INFO] [1775072239.914739983] [control_serial_interface]: Attempting to open serial port for control board
[INFO] [1775072239.916469535] [control_serial_interface]: No serial port defined for control board, attempting to acquire port
[ERROR] [1775072240.918500146] [control_serial_interface]: Serial manager service not available
[ERROR] [1775072240.919157788] [control_serial_interface]: Serial port not found
[WARN] [1775072242.913290431] [control_serial_interface]: Control board serial port is not open, attempting to open
[INFO] [1775072242.915176084] [control_serial_interface]: Attempting to open serial port for control board
[INFO] [1775072242.917152091] [control_serial_interface]: No serial port defined for control board, attempting to acquire port
[ERROR] [1775072243.921177528] [control_serial_interface]: Serial manager service not available
[ERROR] [1775072243.923003664] [control_serial_interface]: Serial port not found
[WARN] [1775072245.911977757] [control_serial_interface]: Control board serial port is not open, attempting to open
[INFO] [1775072245.912529878] [control_serial_interface]: Attempting to open serial port for control board
[INFO] [1775072245.913034754] [control_serial_interface]: No serial port defined for control board, attempting to acquire port
[ERROR] [1775072246.916440123] [control_serial_interface]: Serial manager service not available
[ERROR] [1775072246.918435405] [control_serial_interface]: Serial port not found
[WARN] [1775072248.912097075] [control_serial_interface]: Control board serial port is not open, attempting to open
[INFO] [1775072248.912823986] [control_serial_interface]: Attempting to open serial port for control board
[INFO] [1775072248.913598433] [control_serial_interface]: No serial port defined for control board, attempting to acquire port
[ERROR] [1775072249.917483297] [control_serial_interface]: Serial manager service not available
[ERROR] [1775072249.919362245] [control_serial_interface]: Serial port not found
[WARN] [1775072251.913180902] [control_serial_interface]: Control board serial port is not open, attempting to open
[INFO] [1775072251.914842806] [control_serial_interface]: Attempting to open serial port for control board
[INFO] [1775072251.916648132] [control_serial_interface]: No serial port defined for control board, attempting to acquire port
[ERROR] [1775072252.920255174] [control_serial_interface]: Serial manager service not available
[ERROR] [1775072252.922203224] [control_serial_interface]: Serial port not found
[WARN] [1775072254.913217904] [control_serial_interface]: Control board serial port is not open, attempting to open
[INFO] [1775072254.915012324] [control_serial_interface]: Attempting to open serial port for control board
[INFO] [1775072254.916646553] [control_serial_interface]: No serial port defined for control board, attempting to acquire port
[ERROR] [1775072255.919442374] [control_serial_interface]: Serial manager service not available
[ERROR] [1775072255.920090689] [control_serial_interface]: Serial port not found
[WARN] [1775072257.913327279] [control_serial_interface]: Control board serial port is not open, attempting to open
[INFO] [1775072257.915463442] [control_serial_interface]: Attempting to open serial port for control board
[INFO] [1775072257.917363030] [control_serial_interface]: No serial port defined for control board, attempting to acquire port
[ERROR] [1775072258.921101712] [control_serial_interface]: Serial manager service not available
[ERROR] [1775072258.922948799] [control_serial_interface]: Serial port not found
[WARN] [1775072260.913230832] [control_serial_interface]: Control board serial port is not open, attempting to open
[INFO] [1775072260.914878762] [control_serial_interface]: Attempting to open serial port for control board
[INFO] [1775072260.916460349] [control_serial_interface]: No serial port defined for control board, attempting to acquire port
[ERROR] [1775072261.920096247] [control_serial_interface]: Serial manager service not available
[ERROR] [1775072261.922051148] [control_serial_interface]: Serial port not found
[WARN] [1775072263.911821336] [control_serial_interface]: Control board serial port is not open, attempting to open
[INFO] [1775072263.912389948] [control_serial_interface]: Attempting to open serial port for control board
[INFO] [1775072263.912937274] [control_serial_interface]: No serial port defined for control board, attempting to acquire port
[ERROR] [1775072264.916255390] [control_serial_interface]: Serial manager service not available
[ERROR] [1775072264.918610940] [control_serial_interface]: Serial port not found
[WARN] [1775072266.913499935] [control_serial_interface]: Control board serial port is not open, attempting to open
[INFO] [1775072266.915532978] [control_serial_interface]: Attempting to open serial port for control board
[INFO] [1775072266.917425225] [control_serial_interface]: No serial port defined for control board, attempting to acquire port
[ERROR] [1775072267.920923239] [control_serial_interface]: Serial manager service not available
[ERROR] [1775072267.922925262] [control_serial_interface]: Serial port not found
[WARN] [1775072269.913164099] [control_serial_interface]: Control board serial port is not open, attempting to open
[INFO] [1775072269.914893321] [control_serial_interface]: Attempting to open serial port for control board
[INFO] [1775072269.916811540] [control_serial_interface]: No serial port defined for control board, attempting to acquire port
[ERROR] [1775072270.920946467] [control_serial_interface]: Serial manager service not available
[ERROR] [1775072270.922763522] [control_serial_interface]: Serial port not found
[WARN] [1775072272.913254638] [control_serial_interface]: Control board serial port is not open, attempting to open
[INFO] [1775072272.915090104] [control_serial_interface]: Attempting to open serial port for control board
[INFO] [1775072272.916840932] [control_serial_interface]: No serial port defined for control board, attempting to acquire port
[ERROR] [1775072273.920656277] [control_serial_interface]: Serial manager service not available
[ERROR] [1775072273.922703991] [control_serial_interface]: Serial port not found
[WARN] [1775072275.911818461] [control_serial_interface]: Control board serial port is not open, attempting to open
[INFO] [1775072275.912446573] [control_serial_interface]: Attempting to open serial port for control board
[INFO] [1775072275.912963529] [control_serial_interface]: No serial port defined for control board, attempting to acquire port
[ERROR] [1775072276.915451413] [control_serial_interface]: Serial manager service not available
[ERROR] [1775072276.916352512] [control_serial_interface]: Serial port not found
[WARN] [1775072278.911731997] [control_serial_interface]: Control board serial port is not open, attempting to open
[INFO] [1775072278.912327551] [control_serial_interface]: Attempting to open serial port for control board
[INFO] [1775072278.912814440] [control_serial_interface]: No serial port defined for control board, attempting to acquire port
[ERROR] [1775072279.916267837] [control_serial_interface]: Serial manager service not available
[ERROR] [1775072279.918453630] [control_serial_interface]: Serial port not found
[WARN] [1775072281.913337700] [control_serial_interface]: Control board serial port is not open, attempting to open
[INFO] [1775072281.915148430] [control_serial_interface]: Attempting to open serial port for control board
[INFO] [1775072281.917084135] [control_serial_interface]: No serial port defined for control board, attempting to acquire port
[ERROR] [1775072282.921101537] [control_serial_interface]: Serial manager service not available
[ERROR] [1775072282.922933388] [control_serial_interface]: Serial port not found
[WARN] [1775072284.913289995] [control_serial_interface]: Control board serial port is not open, attempting to open
[INFO] [1775072284.915273996] [control_serial_interface]: Attempting to open serial port for control board
[INFO] [1775072284.916948202] [control_serial_interface]: No serial port defined for control board, attempting to acquire port
[ERROR] [1775072285.919791305] [control_serial_interface]: Serial manager service not available
[ERROR] [1775072285.920413189] [control_serial_interface]: Serial port not found
[WARN] [1775072287.913200128] [control_serial_interface]: Control board serial port is not open, attempting to open
[INFO] [1775072287.914907119] [control_serial_interface]: Attempting to open serial port for control board
[INFO] [1775072287.916504182] [control_serial_interface]: No serial port defined for control board, attempting to acquire port
[ERROR] [1775072288.919402779] [control_serial_interface]: Serial manager service not available
[ERROR] [1775072288.920091612] [control_serial_interface]: Serial port not found
[WARN] [1775072290.913209549] [control_serial_interface]: Control board serial port is not open, attempting to open
[INFO] [1775072290.914905276] [control_serial_interface]: Attempting to open serial port for control board
[INFO] [1775072290.916616992] [control_serial_interface]: No serial port defined for control board, attempting to acquire port
[ERROR] [1775072291.920516045] [control_serial_interface]: Serial manager service not available
[ERROR] [1775072291.922363982] [control_serial_interface]: Serial port not found
[WARN] [1775072293.913334880] [control_serial_interface]: Control board serial port is not open, attempting to open
[INFO] [1775072293.915058918] [control_serial_interface]: Attempting to open serial port for control board
[INFO] [1775072293.916621409] [control_serial_interface]: No serial port defined for control board, attempting to acquire port
[ERROR] [1775072294.920363326] [control_serial_interface]: Serial manager service not available
[ERROR] [1775072294.922231358] [control_serial_interface]: Serial port not found
[WARN] [1775072296.913389449] [control_serial_interface]: Control board serial port is not open, attempting to open
[INFO] [1775072296.915160408] [control_serial_interface]: Attempting to open serial port for control board
[INFO] [1775072296.916737520] [control_serial_interface]: No serial port defined for control board, attempting to acquire port
[ERROR] [1775072297.920253234] [control_serial_interface]: Serial manager service not available
[ERROR] [1775072297.922092005] [control_serial_interface]: Serial port not found
[WARN] [1775072299.913312292] [control_serial_interface]: Control board serial port is not open, attempting to open
[INFO] [1775072299.915143238] [control_serial_interface]: Attempting to open serial port for control board
[INFO] [1775072299.916772487] [control_serial_interface]: No serial port defined for control board, attempting to acquire port
[ERROR] [1775072300.920649664] [control_serial_interface]: Serial manager service not available
[ERROR] [1775072300.922511481] [control_serial_interface]: Serial port not found
[WARN] [1775072302.913435298] [control_serial_interface]: Control board serial port is not open, attempting to open
[INFO] [1775072302.915561739] [control_serial_interface]: Attempting to open serial port for control board
[INFO] [1775072302.917211279] [control_serial_interface]: No serial port defined for control board, attempting to acquire port
[ERROR] [1775072303.919512332] [control_serial_interface]: Serial manager service not available
[ERROR] [1775072303.920154634] [control_serial_interface]: Serial port not found
[WARN] [1775072305.913267373] [control_serial_interface]: Control board serial port is not open, attempting to open
[INFO] [1775072305.915091144] [control_serial_interface]: Attempting to open serial port for control board
[INFO] [1775072305.916817876] [control_serial_interface]: No serial port defined for control board, attempting to acquire port
[ERROR] [1775072306.920377796] [control_serial_interface]: Serial manager service not available
[ERROR] [1775072306.922328232] [control_serial_interface]: Serial port not found
[WARN] [1775072308.913196842] [control_serial_interface]: Control board serial port is not open, attempting to open
[INFO] [1775072308.915089470] [control_serial_interface]: Attempting to open serial port for control board
[INFO] [1775072308.916705083] [control_serial_interface]: No serial port defined for control board, attempting to acquire port
[ERROR] [1775072309.919448018] [control_serial_interface]: Serial manager service not available
[ERROR] [1775072309.920241236] [control_serial_interface]: Serial port not found
[WARN] [1775072311.913163217] [control_serial_interface]: Control board serial port is not open, attempting to open
[INFO] [1775072311.914768150] [control_serial_interface]: Attempting to open serial port for control board
[INFO] [1775072311.916757917] [control_serial_interface]: No serial port defined for control board, attempting to acquire port
[ERROR] [1775072312.920313212] [control_serial_interface]: Serial manager service not available
[ERROR] [1775072312.922168509] [control_serial_interface]: Serial port not found
[WARN] [1775072314.913195444] [control_serial_interface]: Control board serial port is not open, attempting to open
[INFO] [1775072314.915619697] [control_serial_interface]: Attempting to open serial port for control board
[INFO] [1775072314.917327963] [control_serial_interface]: No serial port defined for control board, attempting to acquire port
[ERROR] [1775072315.920997468] [control_serial_interface]: Serial manager service not available
[ERROR] [1775072315.922905312] [control_serial_interface]: Serial port not found
[WARN] [1775072317.913154099] [control_serial_interface]: Control board serial port is not open, attempting to open
[INFO] [1775072317.915075723] [control_serial_interface]: Attempting to open serial port for control board
[INFO] [1775072317.916690042] [control_serial_interface]: No serial port defined for control board, attempting to acquire port
[ERROR] [1775072318.920625366] [control_serial_interface]: Serial manager service not available
[ERROR] [1775072318.922469342] [control_serial_interface]: Serial port not found
[WARN] [1775072320.913231088] [control_serial_interface]: Control board serial port is not open, attempting to open
[INFO] [1775072320.914918304] [control_serial_interface]: Attempting to open serial port for control board
[INFO] [1775072320.916463695] [control_serial_interface]: No serial port defined for control board, attempting to acquire port
[ERROR] [1775072321.919958803] [control_serial_interface]: Serial manager service not available
[ERROR] [1775072321.921989791] [control_serial_interface]: Serial port not found
[WARN] [1775072323.912764460] [control_serial_interface]: Control board serial port is not open, attempting to open
[INFO] [1775072323.914510436] [control_serial_interface]: Attempting to open serial port for control board
[INFO] [1775072323.916049582] [control_serial_interface]: No serial port defined for control board, attempting to acquire port
[ERROR] [1775072324.919457206] [control_serial_interface]: Serial manager service not available
[ERROR] [1775072324.921598774] [control_serial_interface]: Serial port not found
[WARN] [1775072326.913098056] [control_serial_interface]: Control board serial port is not open, attempting to open
[INFO] [1775072326.914798912] [control_serial_interface]: Attempting to open serial port for control board
[INFO] [1775072326.916504054] [control_serial_interface]: No serial port defined for control board, attempting to acquire port
[ERROR] [1775072327.920438761] [control_serial_interface]: Serial manager service not available
[ERROR] [1775072327.922336665] [control_serial_interface]: Serial port not found
[WARN] [1775072329.913238756] [control_serial_interface]: Control board serial port is not open, attempting to open
[INFO] [1775072329.914930922] [control_serial_interface]: Attempting to open serial port for control board
[INFO] [1775072329.916469938] [control_serial_interface]: No serial port defined for control board, attempting to acquire port
[ERROR] [1775072330.919641179] [control_serial_interface]: Serial manager service not available
[ERROR] [1775072330.921499951] [control_serial_interface]: Serial port not found
[WARN] [1775072332.913242867] [control_serial_interface]: Control board serial port is not open, attempting to open
[INFO] [1775072332.915045707] [control_serial_interface]: Attempting to open serial port for control board
[INFO] [1775072332.916644455] [control_serial_interface]: No serial port defined for control board, attempting to acquire port
[ERROR] [1775072333.919392198] [control_serial_interface]: Serial manager service not available
[ERROR] [1775072333.920030468] [control_serial_interface]: Serial port not found
[WARN] [1775072335.911740261] [control_serial_interface]: Control board serial port is not open, attempting to open
[INFO] [1775072335.912321496] [control_serial_interface]: Attempting to open serial port for control board
[INFO] [1775072335.912880867] [control_serial_interface]: No serial port defined for control board, attempting to acquire port
[ERROR] [1775072336.916131995] [control_serial_interface]: Serial manager service not available
[ERROR] [1775072336.918107251] [control_serial_interface]: Serial port not found
[WARN] [1775072338.913436312] [control_serial_interface]: Control board serial port is not open, attempting to open
[INFO] [1775072338.915255323] [control_serial_interface]: Attempting to open serial port for control board
[INFO] [1775072338.916930198] [control_serial_interface]: No serial port defined for control board, attempting to acquire port
[ERROR] [1775072339.919383042] [control_serial_interface]: Serial manager service not available
[ERROR] [1775072339.920034969] [control_serial_interface]: Serial port not found
[WARN] [1775072341.911774944] [control_serial_interface]: Control board serial port is not open, attempting to open
[INFO] [1775072341.912346978] [control_serial_interface]: Attempting to open serial port for control board
[INFO] [1775072341.912834284] [control_serial_interface]: No serial port defined for control board, attempting to acquire port
[ERROR] [1775072342.916182550] [control_serial_interface]: Serial manager service not available
[ERROR] [1775072342.918058927] [control_serial_interface]: Serial port not found
[WARN] [1775072344.913319691] [control_serial_interface]: Control board serial port is not open, attempting to open
[INFO] [1775072344.915017322] [control_serial_interface]: Attempting to open serial port for control board
[INFO] [1775072344.916877239] [control_serial_interface]: No serial port defined for control board, attempting to acquire port
[ERROR] [1775072345.919376724] [control_serial_interface]: Serial manager service not available
[ERROR] [1775072345.920096622] [control_serial_interface]: Serial port not found
[WARN] [1775072347.911860413] [control_serial_interface]: Control board serial port is not open, attempting to open
[INFO] [1775072347.912434242] [control_serial_interface]: Attempting to open serial port for control board
[INFO] [1775072347.912932459] [control_serial_interface]: No serial port defined for control board, attempting to acquire port
[ERROR] [1775072348.916277426] [control_serial_interface]: Serial manager service not available
[ERROR] [1775072348.918465590] [control_serial_interface]: Serial port not found
[WARN] [1775072350.913245871] [control_serial_interface]: Control board serial port is not open, attempting to open
[INFO] [1775072350.914956278] [control_serial_interface]: Attempting to open serial port for control board
[INFO] [1775072350.916534780] [control_serial_interface]: No serial port defined for control board, attempting to acquire port
[ERROR] [1775072351.920509955] [control_serial_interface]: Serial manager service not available
[ERROR] [1775072351.922327451] [control_serial_interface]: Serial port not found
[WARN] [1775072353.912789976] [control_serial_interface]: Control board serial port is not open, attempting to open
[INFO] [1775072353.914200522] [control_serial_interface]: Attempting to open serial port for control board
[INFO] [1775072353.915493608] [control_serial_interface]: No serial port defined for control board, attempting to acquire port
[ERROR] [1775072354.918641559] [control_serial_interface]: Serial manager service not available
[ERROR] [1775072354.920677737] [control_serial_interface]: Serial port not found
[WARN] [1775072356.913211416] [control_serial_interface]: Control board serial port is not open, attempting to open
[INFO] [1775072356.915156591] [control_serial_interface]: Attempting to open serial port for control board
[INFO] [1775072356.916824071] [control_serial_interface]: No serial port defined for control board, attempting to acquire port
[ERROR] [1775072357.920757275] [control_serial_interface]: Serial manager service not available
[ERROR] [1775072357.923115841] [control_serial_interface]: Serial port not found
[WARN] [1775072359.913062842] [control_serial_interface]: Control board serial port is not open, attempting to open
[INFO] [1775072359.914710337] [control_serial_interface]: Attempting to open serial port for control board
[INFO] [1775072359.916600190] [control_serial_interface]: No serial port defined for control board, attempting to acquire port
[ERROR] [1775072360.919766209] [control_serial_interface]: Serial manager service not available
[ERROR] [1775072360.921312424] [control_serial_interface]: Serial port not found
[WARN] [1775072362.913179968] [control_serial_interface]: Control board serial port is not open, attempting to open
[INFO] [1775072362.914803301] [control_serial_interface]: Attempting to open serial port for control board
[INFO] [1775072362.916679359] [control_serial_interface]: No serial port defined for control board, attempting to acquire port
[ERROR] [1775072363.920465208] [control_serial_interface]: Serial manager service not available
[ERROR] [1775072363.922441799] [control_serial_interface]: Serial port not found
[WARN] [1775072365.911948678] [control_serial_interface]: Control board serial port is not open, attempting to open
[INFO] [1775072365.912653719] [control_serial_interface]: Attempting to open serial port for control board
[INFO] [1775072365.913305171] [control_serial_interface]: No serial port defined for control board, attempting to acquire port
[ERROR] [1775072366.916796071] [control_serial_interface]: Serial manager service not available
[ERROR] [1775072366.918684740] [control_serial_interface]: Serial port not found
[WARN] [1775072368.912023974] [control_serial_interface]: Control board serial port is not open, attempting to open
[INFO] [1775072368.912615081] [control_serial_interface]: Attempting to open serial port for control board
[INFO] [1775072368.913110887] [control_serial_interface]: No serial port defined for control board, attempting to acquire port
[ERROR] [1775072369.916672800] [control_serial_interface]: Serial manager service not available
[ERROR] [1775072369.918548653] [control_serial_interface]: Serial port not found
[WARN] [1775072371.916101589] [control_serial_interface]: Control board serial port is not open, attempting to open
[INFO] [1775072371.917687877] [control_serial_interface]: Attempting to open serial port for control board
[INFO] [1775072371.919282955] [control_serial_interface]: No serial port defined for control board, attempting to acquire port
[ERROR] [1775072372.921561485] [control_serial_interface]: Serial manager service not available
[ERROR] [1775072372.922213201] [control_serial_interface]: Serial port not found
[WARN] [1775072374.913257519] [control_serial_interface]: Control board serial port is not open, attempting to open
[INFO] [1775072374.915212666] [control_serial_interface]: Attempting to open serial port for control board
[INFO] [1775072374.916816235] [control_serial_interface]: No serial port defined for control board, attempting to acquire port
[ERROR] [1775072375.920625119] [control_serial_interface]: Serial manager service not available
[ERROR] [1775072375.922516979] [control_serial_interface]: Serial port not found
[WARN] [1775072377.913229238] [control_serial_interface]: Control board serial port is not open, attempting to open
[INFO] [1775072377.914888764] [control_serial_interface]: Attempting to open serial port for control board
[INFO] [1775072377.916666624] [control_serial_interface]: No serial port defined for control board, attempting to acquire port
[ERROR] [1775072378.920599433] [control_serial_interface]: Serial manager service not available
[ERROR] [1775072378.922788924] [control_serial_interface]: Serial port not found
[WARN] [1775072380.913228788] [control_serial_interface]: Control board serial port is not open, attempting to open
[INFO] [1775072380.915381957] [control_serial_interface]: Attempting to open serial port for control board
[INFO] [1775072380.917253681] [control_serial_interface]: No serial port defined for control board, attempting to acquire port
[ERROR] [1775072381.919714756] [control_serial_interface]: Serial manager service not available
[ERROR] [1775072381.920637180] [control_serial_interface]: Serial port not found
[WARN] [1775072383.913171461] [control_serial_interface]: Control board serial port is not open, attempting to open
[INFO] [1775072383.915200766] [control_serial_interface]: Attempting to open serial port for control board
[INFO] [1775072383.916930239] [control_serial_interface]: No serial port defined for control board, attempting to acquire port
[ERROR] [1775072384.920735033] [control_serial_interface]: Serial manager service not available
[ERROR] [1775072384.922655869] [control_serial_interface]: Serial port not found
[WARN] [1775072386.911928447] [control_serial_interface]: Control board serial port is not open, attempting to open
[INFO] [1775072386.912429324] [control_serial_interface]: Attempting to open serial port for control board
[INFO] [1775072386.912881642] [control_serial_interface]: No serial port defined for control board, attempting to acquire port
[ERROR] [1775072387.916337382] [control_serial_interface]: Serial manager service not available
[ERROR] [1775072387.918653282] [control_serial_interface]: Serial port not found
[WARN] [1775072389.913038511] [control_serial_interface]: Control board serial port is not open, attempting to open
[INFO] [1775072389.914740239] [control_serial_interface]: Attempting to open serial port for control board
[INFO] [1775072389.916652949] [control_serial_interface]: No serial port defined for control board, attempting to acquire port
[ERROR] [1775072390.919248884] [control_serial_interface]: Serial manager service not available
[ERROR] [1775072390.919887386] [control_serial_interface]: Serial port not found
[WARN] [1775072392.913152876] [control_serial_interface]: Control board serial port is not open, attempting to open
[INFO] [1775072392.914835437] [control_serial_interface]: Attempting to open serial port for control board
[INFO] [1775072392.916484158] [control_serial_interface]: No serial port defined for control board, attempting to acquire port
[ERROR] [1775072393.922553640] [control_serial_interface]: Serial manager service not available
[ERROR] [1775072393.924530317] [control_serial_interface]: Serial port not found
[WARN] [1775072395.913225808] [control_serial_interface]: Control board serial port is not open, attempting to open
[INFO] [1775072395.915042065] [control_serial_interface]: Attempting to open serial port for control board
[INFO] [1775072395.916650264] [control_serial_interface]: No serial port defined for control board, attempting to acquire port
[ERROR] [1775072396.919654312] [control_serial_interface]: Serial manager service not available
[ERROR] [1775072396.920309320] [control_serial_interface]: Serial port not found
[WARN] [1775072398.911917648] [control_serial_interface]: Control board serial port is not open, attempting to open
[INFO] [1775072398.912439348] [control_serial_interface]: Attempting to open serial port for control board
[INFO] [1775072398.912918062] [control_serial_interface]: No serial port defined for control board, attempting to acquire port
[ERROR] [1775072399.916123814] [control_serial_interface]: Serial manager service not available
[ERROR] [1775072399.918131658] [control_serial_interface]: Serial port not found
[WARN] [1775072401.911897981] [control_serial_interface]: Control board serial port is not open, attempting to open
[INFO] [1775072401.912464310] [control_serial_interface]: Attempting to open serial port for control board
[INFO] [1775072401.912987864] [control_serial_interface]: No serial port defined for control board, attempting to acquire port
[ERROR] [1775072402.917493724] [control_serial_interface]: Serial manager service not available
[ERROR] [1775072402.919273488] [control_serial_interface]: Serial port not found
[WARN] [1775072404.913361668] [control_serial_interface]: Control board serial port is not open, attempting to open
[INFO] [1775072404.915019104] [control_serial_interface]: Attempting to open serial port for control board
[INFO] [1775072404.917325163] [control_serial_interface]: No serial port defined for control board, attempting to acquire port
[ERROR] [1775072405.921046495] [control_serial_interface]: Serial manager service not available
[ERROR] [1775072405.923263166] [control_serial_interface]: Serial port not found
[WARN] [1775072407.913233318] [control_serial_interface]: Control board serial port is not open, attempting to open
[INFO] [1775072407.914941461] [control_serial_interface]: Attempting to open serial port for control board
[INFO] [1775072407.916503198] [control_serial_interface]: No serial port defined for control board, attempting to acquire port
[ERROR] [1775072408.920212379] [control_serial_interface]: Serial manager service not available
[ERROR] [1775072408.922143440] [control_serial_interface]: Serial port not found
[WARN] [1775072410.912007829] [control_serial_interface]: Control board serial port is not open, attempting to open
[INFO] [1775072410.912587967] [control_serial_interface]: Attempting to open serial port for control board
[INFO] [1775072410.913145493] [control_serial_interface]: No serial port defined for control board, attempting to acquire port
[ERROR] [1775072411.916527359] [control_serial_interface]: Serial manager service not available
[ERROR] [1775072411.918378937] [control_serial_interface]: Serial port not found
[WARN] [1775072413.913472387] [control_serial_interface]: Control board serial port is not open, attempting to open
[INFO] [1775072413.915180335] [control_serial_interface]: Attempting to open serial port for control board
[INFO] [1775072413.917285587] [control_serial_interface]: No serial port defined for control board, attempting to acquire port
[ERROR] [1775072414.921059900] [control_serial_interface]: Serial manager service not available
[ERROR] [1775072414.923303818] [control_serial_interface]: Serial port not found
[WARN] [1775072416.913201797] [control_serial_interface]: Control board serial port is not open, attempting to open
[INFO] [1775072416.914894294] [control_serial_interface]: Attempting to open serial port for control board
[INFO] [1775072416.916668979] [control_serial_interface]: No serial port defined for control board, attempting to acquire port
[ERROR] [1775072417.920016987] [control_serial_interface]: Serial manager service not available
[ERROR] [1775072417.921814053] [control_serial_interface]: Serial port not found
[WARN] [1775072419.913915328] [control_serial_interface]: Control board serial port is not open, attempting to open
[INFO] [1775072419.915748761] [control_serial_interface]: Attempting to open serial port for control board
[INFO] [1775072419.917654745] [control_serial_interface]: No serial port defined for control board, attempting to acquire port
[ERROR] [1775072420.920931780] [control_serial_interface]: Serial manager service not available
[ERROR] [1775072420.922792409] [control_serial_interface]: Serial port not found
[WARN] [1775072422.913032111] [control_serial_interface]: Control board serial port is not open, attempting to open
[INFO] [1775072422.914599033] [control_serial_interface]: Attempting to open serial port for control board
[INFO] [1775072422.916222978] [control_serial_interface]: No serial port defined for control board, attempting to acquire port
[ERROR] [1775072423.919682890] [control_serial_interface]: Serial manager service not available
[ERROR] [1775072423.921828298] [control_serial_interface]: Serial port not found
[WARN] [1775072425.913427985] [control_serial_interface]: Control board serial port is not open, attempting to open
[INFO] [1775072425.915089706] [control_serial_interface]: Attempting to open serial port for control board
[INFO] [1775072425.916897558] [control_serial_interface]: No serial port defined for control board, attempting to acquire port
[ERROR] [1775072426.920494034] [control_serial_interface]: Serial manager service not available
[ERROR] [1775072426.922688715] [control_serial_interface]: Serial port not found
[WARN] [1775072428.913296676] [control_serial_interface]: Control board serial port is not open, attempting to open
[INFO] [1775072428.915775441] [control_serial_interface]: Attempting to open serial port for control board
[INFO] [1775072428.917626599] [control_serial_interface]: No serial port defined for control board, attempting to acquire port
[ERROR] [1775072429.921239932] [control_serial_interface]: Serial manager service not available
[ERROR] [1775072429.923161977] [control_serial_interface]: Serial port not found
[WARN] [1775072431.913253844] [control_serial_interface]: Control board serial port is not open, attempting to open
[INFO] [1775072431.915207340] [control_serial_interface]: Attempting to open serial port for control board
[INFO] [1775072431.917036873] [control_serial_interface]: No serial port defined for control board, attempting to acquire port
[ERROR] [1775072432.920916735] [control_serial_interface]: Serial manager service not available
[ERROR] [1775072432.922707695] [control_serial_interface]: Serial port not found
[WARN] [1775072434.912998473] [control_serial_interface]: Control board serial port is not open, attempting to open
[INFO] [1775072434.914953049] [control_serial_interface]: Attempting to open serial port for control board
[INFO] [1775072434.916524914] [control_serial_interface]: No serial port defined for control board, attempting to acquire port
[ERROR] [1775072435.920129971] [control_serial_interface]: Serial manager service not available
[ERROR] [1775072435.922098683] [control_serial_interface]: Serial port not found
[WARN] [1775072437.913196597] [control_serial_interface]: Control board serial port is not open, attempting to open
[INFO] [1775072437.915633926] [control_serial_interface]: Attempting to open serial port for control board
[INFO] [1775072437.917800360] [control_serial_interface]: No serial port defined for control board, attempting to acquire port
[ERROR] [1775072438.921874693] [control_serial_interface]: Serial manager service not available
[ERROR] [1775072438.923795174] [control_serial_interface]: Serial port not found
[WARN] [1775072440.912634381] [control_serial_interface]: Control board serial port is not open, attempting to open
[INFO] [1775072440.913507630] [control_serial_interface]: Attempting to open serial port for control board
[INFO] [1775072440.914379954] [control_serial_interface]: No serial port defined for control board, attempting to acquire port
[ERROR] [1775072441.918196078] [control_serial_interface]: Serial manager service not available
[ERROR] [1775072441.920090978] [control_serial_interface]: Serial port not found
[WARN] [1775072443.911846617] [control_serial_interface]: Control board serial port is not open, attempting to open
[INFO] [1775072443.912558470] [control_serial_interface]: Attempting to open serial port for control board
[INFO] [1775072443.913136557] [control_serial_interface]: No serial port defined for control board, attempting to acquire port
[ERROR] [1775072444.915472049] [control_serial_interface]: Serial manager service not available
[ERROR] [1775072444.916288512] [control_serial_interface]: Serial port not found
[WARN] [1775072446.912151231] [control_serial_interface]: Control board serial port is not open, attempting to open
[INFO] [1775072446.912914477] [control_serial_interface]: Attempting to open serial port for control board
[INFO] [1775072446.913597551] [control_serial_interface]: No serial port defined for control board, attempting to acquire port
[ERROR] [1775072447.915596656] [control_serial_interface]: Serial manager service not available
[ERROR] [1775072447.916353542] [control_serial_interface]: Serial port not found
[WARN] [1775072449.911760428] [control_serial_interface]: Control board serial port is not open, attempting to open
[INFO] [1775072449.912368940] [control_serial_interface]: Attempting to open serial port for control board
[INFO] [1775072449.912895717] [control_serial_interface]: No serial port defined for control board, attempting to acquire port
[ERROR] [1775072450.916250592] [control_serial_interface]: Serial manager service not available
[ERROR] [1775072450.918274951] [control_serial_interface]: Serial port not found
[WARN] [1775072452.913208010] [control_serial_interface]: Control board serial port is not open, attempting to open
[INFO] [1775072452.914925318] [control_serial_interface]: Attempting to open serial port for control board
[INFO] [1775072452.916509166] [control_serial_interface]: No serial port defined for control board, attempting to acquire port
[ERROR] [1775072453.918763074] [control_serial_interface]: Serial manager service not available
[ERROR] [1775072453.919389058] [control_serial_interface]: Serial port not found
[WARN] [1775072455.911997303] [control_serial_interface]: Control board serial port is not open, attempting to open
[INFO] [1775072455.912562485] [control_serial_interface]: Attempting to open serial port for control board
[INFO] [1775072455.913133253] [control_serial_interface]: No serial port defined for control board, attempting to acquire port
[ERROR] [1775072456.916509546] [control_serial_interface]: Serial manager service not available
[ERROR] [1775072456.918367169] [control_serial_interface]: Serial port not found
[WARN] [1775072458.913166084] [control_serial_interface]: Control board serial port is not open, attempting to open
[INFO] [1775072458.914830870] [control_serial_interface]: Attempting to open serial port for control board
[INFO] [1775072458.916412588] [control_serial_interface]: No serial port defined for control board, attempting to acquire port
[ERROR] [1775072459.919111747] [control_serial_interface]: Serial manager service not available
[ERROR] [1775072459.919975420] [control_serial_interface]: Serial port not found
[WARN] [1775072461.913169449] [control_serial_interface]: Control board serial port is not open, attempting to open
[INFO] [1775072461.914789168] [control_serial_interface]: Attempting to open serial port for control board
[INFO] [1775072461.916583354] [control_serial_interface]: No serial port defined for control board, attempting to acquire port
[ERROR] [1775072462.920112178] [control_serial_interface]: Serial manager service not available
[ERROR] [1775072462.922085015] [control_serial_interface]: Serial port not found
[WARN] [1775072464.913193700] [control_serial_interface]: Control board serial port is not open, attempting to open
[INFO] [1775072464.915163562] [control_serial_interface]: Attempting to open serial port for control board
[INFO] [1775072464.916785061] [control_serial_interface]: No serial port defined for control board, attempting to acquire port
[ERROR] [1775072465.919673925] [control_serial_interface]: Serial manager service not available
[ERROR] [1775072465.921266999] [control_serial_interface]: Serial port not found
[WARN] [1775072467.913333335] [control_serial_interface]: Control board serial port is not open, attempting to open
[INFO] [1775072467.915096919] [control_serial_interface]: Attempting to open serial port for control board
[INFO] [1775072467.916770821] [control_serial_interface]: No serial port defined for control board, attempting to acquire port
[ERROR] [1775072468.920509607] [control_serial_interface]: Serial manager service not available
[ERROR] [1775072468.922326519] [control_serial_interface]: Serial port not found
[WARN] [1775072470.913338845] [control_serial_interface]: Control board serial port is not open, attempting to open
[INFO] [1775072470.914947019] [control_serial_interface]: Attempting to open serial port for control board
[INFO] [1775072470.916542077] [control_serial_interface]: No serial port defined for control board, attempting to acquire port
[ERROR] [1775072471.920061966] [control_serial_interface]: Serial manager service not available
[ERROR] [1775072471.921965866] [control_serial_interface]: Serial port not found
[WARN] [1775072473.913440018] [control_serial_interface]: Control board serial port is not open, attempting to open
[INFO] [1775072473.915131125] [control_serial_interface]: Attempting to open serial port for control board
[INFO] [1775072473.917013759] [control_serial_interface]: No serial port defined for control board, attempting to acquire port
[ERROR] [1775072474.920578625] [control_serial_interface]: Serial manager service not available
[ERROR] [1775072474.922708343] [control_serial_interface]: Serial port not found
[WARN] [1775072476.911884045] [control_serial_interface]: Control board serial port is not open, attempting to open
[INFO] [1775072476.912513204] [control_serial_interface]: Attempting to open serial port for control board
[INFO] [1775072476.913037250] [control_serial_interface]: No serial port defined for control board, attempting to acquire port
[ERROR] [1775072477.916675507] [control_serial_interface]: Serial manager service not available
[ERROR] [1775072477.918549286] [control_serial_interface]: Serial port not found
[WARN] [1775072479.913178669] [control_serial_interface]: Control board serial port is not open, attempting to open
[INFO] [1775072479.915145331] [control_serial_interface]: Attempting to open serial port for control board
[INFO] [1775072479.916978008] [control_serial_interface]: No serial port defined for control board, attempting to acquire port
[ERROR] [1775072480.920639297] [control_serial_interface]: Serial manager service not available
[ERROR] [1775072480.922462804] [control_serial_interface]: Serial port not found
[WARN] [1775072482.913126867] [control_serial_interface]: Control board serial port is not open, attempting to open
[INFO] [1775072482.914812398] [control_serial_interface]: Attempting to open serial port for control board
[INFO] [1775072482.916521481] [control_serial_interface]: No serial port defined for control board, attempting to acquire port
[ERROR] [1775072483.920344106] [control_serial_interface]: Serial manager service not available
[ERROR] [1775072483.922177213] [control_serial_interface]: Serial port not found
[WARN] [1775072485.913317084] [control_serial_interface]: Control board serial port is not open, attempting to open
[INFO] [1775072485.915005556] [control_serial_interface]: Attempting to open serial port for control board
[INFO] [1775072485.916599059] [control_serial_interface]: No serial port defined for control board, attempting to acquire port
[ERROR] [1775072486.919984478] [control_serial_interface]: Serial manager service not available
[ERROR] [1775072486.921829706] [control_serial_interface]: Serial port not found
[WARN] [1775072488.913282447] [control_serial_interface]: Control board serial port is not open, attempting to open
[INFO] [1775072488.915045432] [control_serial_interface]: Attempting to open serial port for control board
[INFO] [1775072488.916619975] [control_serial_interface]: No serial port defined for control board, attempting to acquire port
[ERROR] [1775072489.920023929] [control_serial_interface]: Serial manager service not available
[ERROR] [1775072489.921898473] [control_serial_interface]: Serial port not found
[WARN] [1775072491.913613914] [control_serial_interface]: Control board serial port is not open, attempting to open
[INFO] [1775072491.915391599] [control_serial_interface]: Attempting to open serial port for control board
[INFO] [1775072491.917143909] [control_serial_interface]: No serial port defined for control board, attempting to acquire port
[ERROR] [1775072492.921196942] [control_serial_interface]: Serial manager service not available
[ERROR] [1775072492.923108612] [control_serial_interface]: Serial port not found
[WARN] [1775072494.911898748] [control_serial_interface]: Control board serial port is not open, attempting to open
[INFO] [1775072494.912430200] [control_serial_interface]: Attempting to open serial port for control board
[INFO] [1775072494.912935601] [control_serial_interface]: No serial port defined for control board, attempting to acquire port
[ERROR] [1775072495.916715156] [control_serial_interface]: Serial manager service not available
[ERROR] [1775072495.918619846] [control_serial_interface]: Serial port not found
[WARN] [1775072497.913322157] [control_serial_interface]: Control board serial port is not open, attempting to open
[INFO] [1775072497.915092891] [control_serial_interface]: Attempting to open serial port for control board
[INFO] [1775072497.917222044] [control_serial_interface]: No serial port defined for control board, attempting to acquire port
[ERROR] [1775072498.920998058] [control_serial_interface]: Serial manager service not available
[ERROR] [1775072498.922939384] [control_serial_interface]: Serial port not found
[WARN] [1775072500.911839473] [control_serial_interface]: Control board serial port is not open, attempting to open
[INFO] [1775072500.912470823] [control_serial_interface]: Attempting to open serial port for control board
[INFO] [1775072500.913012563] [control_serial_interface]: No serial port defined for control board, attempting to acquire port
[ERROR] [1775072501.915214062] [control_serial_interface]: Serial manager service not available
[ERROR] [1775072501.915848035] [control_serial_interface]: Serial port not found
[WARN] [1775072503.913124179] [control_serial_interface]: Control board serial port is not open, attempting to open
[INFO] [1775072503.914801506] [control_serial_interface]: Attempting to open serial port for control board
[INFO] [1775072503.916424985] [control_serial_interface]: No serial port defined for control board, attempting to acquire port
[ERROR] [1775072504.919981955] [control_serial_interface]: Serial manager service not available
[ERROR] [1775072504.922144620] [control_serial_interface]: Serial port not found
[WARN] [1775072506.913223948] [control_serial_interface]: Control board serial port is not open, attempting to open
[INFO] [1775072506.914870233] [control_serial_interface]: Attempting to open serial port for control board
[INFO] [1775072506.916464476] [control_serial_interface]: No serial port defined for control board, attempting to acquire port
[ERROR] [1775072507.920030732] [control_serial_interface]: Serial manager service not available
[ERROR] [1775072507.921794412] [control_serial_interface]: Serial port not found
[WARN] [1775072509.913337517] [control_serial_interface]: Control board serial port is not open, attempting to open
[INFO] [1775072509.915432134] [control_serial_interface]: Attempting to open serial port for control board
[INFO] [1775072509.917795740] [control_serial_interface]: No serial port defined for control board, attempting to acquire port
[ERROR] [1775072510.920441190] [control_serial_interface]: Serial manager service not available
[ERROR] [1775072510.921081044] [control_serial_interface]: Serial port not found
[WARN] [1775072512.911879785] [control_serial_interface]: Control board serial port is not open, attempting to open
[INFO] [1775072512.912455156] [control_serial_interface]: Attempting to open serial port for control board
[INFO] [1775072512.912922524] [control_serial_interface]: No serial port defined for control board, attempting to acquire port
[ERROR] [1775072513.916303816] [control_serial_interface]: Serial manager service not available
[ERROR] [1775072513.918846774] [control_serial_interface]: Serial port not found
[WARN] [1775072515.911789378] [control_serial_interface]: Control board serial port is not open, attempting to open
[INFO] [1775072515.912392825] [control_serial_interface]: Attempting to open serial port for control board
[INFO] [1775072515.912815408] [control_serial_interface]: No serial port defined for control board, attempting to acquire port
[ERROR] [1775072516.916334087] [control_serial_interface]: Serial manager service not available
[ERROR] [1775072516.918581939] [control_serial_interface]: Serial port not found
[WARN] [1775072518.913497943] [control_serial_interface]: Control board serial port is not open, attempting to open
[INFO] [1775072518.915224806] [control_serial_interface]: Attempting to open serial port for control board
[INFO] [1775072518.917047098] [control_serial_interface]: No serial port defined for control board, attempting to acquire port
[ERROR] [1775072519.920759025] [control_serial_interface]: Serial manager service not available
[ERROR] [1775072519.922528580] [control_serial_interface]: Serial port not found
[WARN] [1775072521.912540149] [control_serial_interface]: Control board serial port is not open, attempting to open
[INFO] [1775072521.913827887] [control_serial_interface]: Attempting to open serial port for control board
[INFO] [1775072521.915546920] [control_serial_interface]: No serial port defined for control board, attempting to acquire port
[ERROR] [1775072522.918682091] [control_serial_interface]: Serial manager service not available
[ERROR] [1775072522.920975735] [control_serial_interface]: Serial port not found
[WARN] [1775072524.913319195] [control_serial_interface]: Control board serial port is not open, attempting to open
[INFO] [1775072524.914984966] [control_serial_interface]: Attempting to open serial port for control board
[INFO] [1775072524.916657257] [control_serial_interface]: No serial port defined for control board, attempting to acquire port
[ERROR] [1775072525.920164795] [control_serial_interface]: Serial manager service not available
[ERROR] [1775072525.922339745] [control_serial_interface]: Serial port not found
[WARN] [1775072527.913151783] [control_serial_interface]: Control board serial port is not open, attempting to open
[INFO] [1775072527.914848301] [control_serial_interface]: Attempting to open serial port for control board
[INFO] [1775072527.916659582] [control_serial_interface]: No serial port defined for control board, attempting to acquire port
[ERROR] [1775072528.920727421] [control_serial_interface]: Serial manager service not available
[ERROR] [1775072528.923011995] [control_serial_interface]: Serial port not found
[WARN] [1775072530.913261732] [control_serial_interface]: Control board serial port is not open, attempting to open
[INFO] [1775072530.915077569] [control_serial_interface]: Attempting to open serial port for control board
[INFO] [1775072530.916966893] [control_serial_interface]: No serial port defined for control board, attempting to acquire port
[ERROR] [1775072531.920670089] [control_serial_interface]: Serial manager service not available
[ERROR] [1775072531.922737300] [control_serial_interface]: Serial port not found
[WARN] [1775072533.912018826] [control_serial_interface]: Control board serial port is not open, attempting to open
[INFO] [1775072533.912805844] [control_serial_interface]: Attempting to open serial port for control board
[INFO] [1775072533.913527509] [control_serial_interface]: No serial port defined for control board, attempting to acquire port
[ERROR] [1775072534.917119889] [control_serial_interface]: Serial manager service not available
[ERROR] [1775072534.919327585] [control_serial_interface]: Serial port not found
[WARN] [1775072536.913216421] [control_serial_interface]: Control board serial port is not open, attempting to open
[INFO] [1775072536.914888277] [control_serial_interface]: Attempting to open serial port for control board
[INFO] [1775072536.916774651] [control_serial_interface]: No serial port defined for control board, attempting to acquire port
[ERROR] [1775072537.920570665] [control_serial_interface]: Serial manager service not available
[ERROR] [1775072537.922580984] [control_serial_interface]: Serial port not found
[WARN] [1775072539.913261097] [control_serial_interface]: Control board serial port is not open, attempting to open
[INFO] [1775072539.915035693] [control_serial_interface]: Attempting to open serial port for control board
[INFO] [1775072539.916607260] [control_serial_interface]: No serial port defined for control board, attempting to acquire port
[ERROR] [1775072540.919642411] [control_serial_interface]: Serial manager service not available
[ERROR] [1775072540.920461597] [control_serial_interface]: Serial port not found
[WARN] [1775072542.913169189] [control_serial_interface]: Control board serial port is not open, attempting to open
[INFO] [1775072542.914790709] [control_serial_interface]: Attempting to open serial port for control board
[INFO] [1775072542.916379482] [control_serial_interface]: No serial port defined for control board, attempting to acquire port
[ERROR] [1775072543.919645992] [control_serial_interface]: Serial manager service not available
[ERROR] [1775072543.921555011] [control_serial_interface]: Serial port not found
[WARN] [1775072545.911801872] [control_serial_interface]: Control board serial port is not open, attempting to open
[INFO] [1775072545.912349173] [control_serial_interface]: Attempting to open serial port for control board
[INFO] [1775072545.912910826] [control_serial_interface]: No serial port defined for control board, attempting to acquire port
[ERROR] [1775072546.916450854] [control_serial_interface]: Serial manager service not available
[ERROR] [1775072546.918305387] [control_serial_interface]: Serial port not found
[WARN] [1775072548.913388681] [control_serial_interface]: Control board serial port is not open, attempting to open
[INFO] [1775072548.915349743] [control_serial_interface]: Attempting to open serial port for control board
[INFO] [1775072548.917031265] [control_serial_interface]: No serial port defined for control board, attempting to acquire port
[ERROR] [1775072549.920300125] [control_serial_interface]: Serial manager service not available
[ERROR] [1775072549.922109106] [control_serial_interface]: Serial port not found
[WARN] [1775072551.913337289] [control_serial_interface]: Control board serial port is not open, attempting to open
[INFO] [1775072551.915129030] [control_serial_interface]: Attempting to open serial port for control board
[INFO] [1775072551.917130033] [control_serial_interface]: No serial port defined for control board, attempting to acquire port
[ERROR] [1775072552.921107454] [control_serial_interface]: Serial manager service not available
[ERROR] [1775072552.922917940] [control_serial_interface]: Serial port not found
[WARN] [1775072554.913332909] [control_serial_interface]: Control board serial port is not open, attempting to open
[INFO] [1775072554.915103954] [control_serial_interface]: Attempting to open serial port for control board
[INFO] [1775072554.916684807] [control_serial_interface]: No serial port defined for control board, attempting to acquire port
[ERROR] [1775072555.920518663] [control_serial_interface]: Serial manager service not available
[ERROR] [1775072555.922402607] [control_serial_interface]: Serial port not found
[WARN] [1775072557.913130042] [control_serial_interface]: Control board serial port is not open, attempting to open
[INFO] [1775072557.914739591] [control_serial_interface]: Attempting to open serial port for control board
[INFO] [1775072557.916507516] [control_serial_interface]: No serial port defined for control board, attempting to acquire port
[ERROR] [1775072558.919767140] [control_serial_interface]: Serial manager service not available
[ERROR] [1775072558.921478134] [control_serial_interface]: Serial port not found
[WARN] [1775072560.913171298] [control_serial_interface]: Control board serial port is not open, attempting to open
[INFO] [1775072560.914792538] [control_serial_interface]: Attempting to open serial port for control board
[INFO] [1775072560.916398277] [control_serial_interface]: No serial port defined for control board, attempting to acquire port
[ERROR] [1775072561.918947260] [control_serial_interface]: Serial manager service not available
[ERROR] [1775072561.919565241] [control_serial_interface]: Serial port not found
[WARN] [1775072563.911743064] [control_serial_interface]: Control board serial port is not open, attempting to open
[INFO] [1775072563.912404438] [control_serial_interface]: Attempting to open serial port for control board
[INFO] [1775072563.912891003] [control_serial_interface]: No serial port defined for control board, attempting to acquire port
[ERROR] [1775072564.916410442] [control_serial_interface]: Serial manager service not available
[ERROR] [1775072564.918328267] [control_serial_interface]: Serial port not found
[WARN] [1775072566.913324279] [control_serial_interface]: Control board serial port is not open, attempting to open
[INFO] [1775072566.915088523] [control_serial_interface]: Attempting to open serial port for control board
[INFO] [1775072566.916896830] [control_serial_interface]: No serial port defined for control board, attempting to acquire port
[ERROR] [1775072567.919650426] [control_serial_interface]: Serial manager service not available
[ERROR] [1775072567.920405458] [control_serial_interface]: Serial port not found
[WARN] [1775072569.911899130] [control_serial_interface]: Control board serial port is not open, attempting to open
[INFO] [1775072569.912462830] [control_serial_interface]: Attempting to open serial port for control board
[INFO] [1775072569.912937742] [control_serial_interface]: No serial port defined for control board, attempting to acquire port
[ERROR] [1775072570.915301912] [control_serial_interface]: Serial manager service not available
[ERROR] [1775072570.916229801] [control_serial_interface]: Serial port not found
[WARN] [1775072572.913096435] [control_serial_interface]: Control board serial port is not open, attempting to open
[INFO] [1775072572.914784872] [control_serial_interface]: Attempting to open serial port for control board
[INFO] [1775072572.916439918] [control_serial_interface]: No serial port defined for control board, attempting to acquire port
[ERROR] [1775072573.919686982] [control_serial_interface]: Serial manager service not available
[ERROR] [1775072573.921603052] [control_serial_interface]: Serial port not found
[WARN] [1775072575.913126346] [control_serial_interface]: Control board serial port is not open, attempting to open
[INFO] [1775072575.915273025] [control_serial_interface]: Attempting to open serial port for control board
[INFO] [1775072575.916810606] [control_serial_interface]: No serial port defined for control board, attempting to acquire port
[ERROR] [1775072576.920537767] [control_serial_interface]: Serial manager service not available
[ERROR] [1775072576.922437467] [control_serial_interface]: Serial port not found
[WARN] [1775072578.913294332] [control_serial_interface]: Control board serial port is not open, attempting to open
[INFO] [1775072578.915033130] [control_serial_interface]: Attempting to open serial port for control board
[INFO] [1775072578.916648635] [control_serial_interface]: No serial port defined for control board, attempting to acquire port
[ERROR] [1775072579.920589374] [control_serial_interface]: Serial manager service not available
[ERROR] [1775072579.922736713] [control_serial_interface]: Serial port not found
[WARN] [1775072581.911931115] [control_serial_interface]: Control board serial port is not open, attempting to open
[INFO] [1775072581.912627537] [control_serial_interface]: Attempting to open serial port for control board
[INFO] [1775072581.913409039] [control_serial_interface]: No serial port defined for control board, attempting to acquire port
[ERROR] [1775072582.916995182] [control_serial_interface]: Serial manager service not available
[ERROR] [1775072582.918675679] [control_serial_interface]: Serial port not found
[WARN] [1775072584.913269026] [control_serial_interface]: Control board serial port is not open, attempting to open
[INFO] [1775072584.915202341] [control_serial_interface]: Attempting to open serial port for control board
[INFO] [1775072584.917025313] [control_serial_interface]: No serial port defined for control board, attempting to acquire port
[ERROR] [1775072585.920602019] [control_serial_interface]: Serial manager service not available
[ERROR] [1775072585.922502229] [control_serial_interface]: Serial port not found
[WARN] [1775072587.913156626] [control_serial_interface]: Control board serial port is not open, attempting to open
[INFO] [1775072587.914806932] [control_serial_interface]: Attempting to open serial port for control board
[INFO] [1775072587.916546686] [control_serial_interface]: No serial port defined for control board, attempting to acquire port
[ERROR] [1775072588.918900060] [control_serial_interface]: Serial manager service not available
[ERROR] [1775072588.920913436] [control_serial_interface]: Serial port not found
[WARN] [1775072590.914419338] [control_serial_interface]: Control board serial port is not open, attempting to open
[INFO] [1775072590.916898929] [control_serial_interface]: Attempting to open serial port for control board
[INFO] [1775072590.918719910] [control_serial_interface]: No serial port defined for control board, attempting to acquire port
[ERROR] [1775072591.922563511] [control_serial_interface]: Serial manager service not available
[ERROR] [1775072591.924468766] [control_serial_interface]: Serial port not found
[WARN] [1775072593.911784599] [control_serial_interface]: Control board serial port is not open, attempting to open
[INFO] [1775072593.912352683] [control_serial_interface]: Attempting to open serial port for control board
[INFO] [1775072593.912818737] [control_serial_interface]: No serial port defined for control board, attempting to acquire port
[ERROR] [1775072594.916249950] [control_serial_interface]: Serial manager service not available
[ERROR] [1775072594.918727661] [control_serial_interface]: Serial port not found
[WARN] [1775072596.914393147] [control_serial_interface]: Control board serial port is not open, attempting to open
[INFO] [1775072596.916894138] [control_serial_interface]: Attempting to open serial port for control board
[INFO] [1775072596.919289581] [control_serial_interface]: No serial port defined for control board, attempting to acquire port
[ERROR] [1775072597.922893403] [control_serial_interface]: Serial manager service not available
[ERROR] [1775072597.924657963] [control_serial_interface]: Serial port not found
[WARN] [1775072599.913212958] [control_serial_interface]: Control board serial port is not open, attempting to open
[INFO] [1775072599.914927131] [control_serial_interface]: Attempting to open serial port for control board
[INFO] [1775072599.916633084] [control_serial_interface]: No serial port defined for control board, attempting to acquire port
[ERROR] [1775072600.920410152] [control_serial_interface]: Serial manager service not available
[ERROR] [1775072600.922195728] [control_serial_interface]: Serial port not found
[WARN] [1775072602.913022581] [control_serial_interface]: Control board serial port is not open, attempting to open
[INFO] [1775072602.914738814] [control_serial_interface]: Attempting to open serial port for control board
[INFO] [1775072602.916352573] [control_serial_interface]: No serial port defined for control board, attempting to acquire port
[ERROR] [1775072603.920043227] [control_serial_interface]: Serial manager service not available
[ERROR] [1775072603.921909405] [control_serial_interface]: Serial port not found
[WARN] [1775072605.911878903] [control_serial_interface]: Control board serial port is not open, attempting to open
[INFO] [1775072605.912459014] [control_serial_interface]: Attempting to open serial port for control board
[INFO] [1775072605.912990388] [control_serial_interface]: No serial port defined for control board, attempting to acquire port
[ERROR] [1775072606.916355832] [control_serial_interface]: Serial manager service not available
[ERROR] [1775072606.918211485] [control_serial_interface]: Serial port not found
[WARN] [1775072608.913328096] [control_serial_interface]: Control board serial port is not open, attempting to open
[INFO] [1775072608.915059934] [control_serial_interface]: Attempting to open serial port for control board
[INFO] [1775072608.916728780] [control_serial_interface]: No serial port defined for control board, attempting to acquire port
[ERROR] [1775072609.920439836] [control_serial_interface]: Serial manager service not available
[ERROR] [1775072609.922264763] [control_serial_interface]: Serial port not found
[WARN] [1775072611.913292489] [control_serial_interface]: Control board serial port is not open, attempting to open
[INFO] [1775072611.914952370] [control_serial_interface]: Attempting to open serial port for control board
[INFO] [1775072611.916604576] [control_serial_interface]: No serial port defined for control board, attempting to acquire port
[ERROR] [1775072612.920319422] [control_serial_interface]: Serial manager service not available
[ERROR] [1775072612.922342066] [control_serial_interface]: Serial port not found
[WARN] [1775072614.913443850] [control_serial_interface]: Control board serial port is not open, attempting to open
[INFO] [1775072614.915198479] [control_serial_interface]: Attempting to open serial port for control board
[INFO] [1775072614.917110199] [control_serial_interface]: No serial port defined for control board, attempting to acquire port
[ERROR] [1775072615.921069254] [control_serial_interface]: Serial manager service not available
[ERROR] [1775072615.922945473] [control_serial_interface]: Serial port not found
[WARN] [1775072617.913371931] [control_serial_interface]: Control board serial port is not open, attempting to open
[INFO] [1775072617.915402381] [control_serial_interface]: Attempting to open serial port for control board
[INFO] [1775072617.917080213] [control_serial_interface]: No serial port defined for control board, attempting to acquire port
[ERROR] [1775072618.919909518] [control_serial_interface]: Serial manager service not available
[ERROR] [1775072618.920551721] [control_serial_interface]: Serial port not found
[WARN] [1775072620.911873969] [control_serial_interface]: Control board serial port is not open, attempting to open
[INFO] [1775072620.912534235] [control_serial_interface]: Attempting to open serial port for control board
[INFO] [1775072620.913046790] [control_serial_interface]: No serial port defined for control board, attempting to acquire port
[ERROR] [1775072621.917031921] [control_serial_interface]: Serial manager service not available
[ERROR] [1775072621.918904185] [control_serial_interface]: Serial port not found
[WARN] [1775072623.913258923] [control_serial_interface]: Control board serial port is not open, attempting to open
[INFO] [1775072623.914990156] [control_serial_interface]: Attempting to open serial port for control board
[INFO] [1775072623.917090158] [control_serial_interface]: No serial port defined for control board, attempting to acquire port
[ERROR] [1775072624.919565297] [control_serial_interface]: Serial manager service not available
[ERROR] [1775072624.920210834] [control_serial_interface]: Serial port not found
[WARN] [1775072626.912305084] [control_serial_interface]: Control board serial port is not open, attempting to open
[INFO] [1775072626.913086488] [control_serial_interface]: Attempting to open serial port for control board
[INFO] [1775072626.913698724] [control_serial_interface]: No serial port defined for control board, attempting to acquire port
[ERROR] [1775072627.917349363] [control_serial_interface]: Serial manager service not available
[ERROR] [1775072627.919307805] [control_serial_interface]: Serial port not found
[WARN] [1775072629.913364147] [control_serial_interface]: Control board serial port is not open, attempting to open
[INFO] [1775072629.915080375] [control_serial_interface]: Attempting to open serial port for control board
[INFO] [1775072629.916719125] [control_serial_interface]: No serial port defined for control board, attempting to acquire port
[ERROR] [1775072630.920790269] [control_serial_interface]: Serial manager service not available
[ERROR] [1775072630.922650793] [control_serial_interface]: Serial port not found
[WARN] [1775072632.913049745] [control_serial_interface]: Control board serial port is not open, attempting to open
[INFO] [1775072632.914635568] [control_serial_interface]: Attempting to open serial port for control board
[INFO] [1775072632.916031109] [control_serial_interface]: No serial port defined for control board, attempting to acquire port
[ERROR] [1775072633.919482536] [control_serial_interface]: Serial manager service not available
[ERROR] [1775072633.921461973] [control_serial_interface]: Serial port not found
[WARN] [1775072635.913342726] [control_serial_interface]: Control board serial port is not open, attempting to open
[INFO] [1775072635.915204564] [control_serial_interface]: Attempting to open serial port for control board
[INFO] [1775072635.916808698] [control_serial_interface]: No serial port defined for control board, attempting to acquire port
[ERROR] [1775072636.920458322] [control_serial_interface]: Serial manager service not available
[ERROR] [1775072636.922237972] [control_serial_interface]: Serial port not found
[WARN] [1775072638.913151679] [control_serial_interface]: Control board serial port is not open, attempting to open
[INFO] [1775072638.915185498] [control_serial_interface]: Attempting to open serial port for control board
[INFO] [1775072638.916774631] [control_serial_interface]: No serial port defined for control board, attempting to acquire port
[ERROR] [1775072639.920316586] [control_serial_interface]: Serial manager service not available
[ERROR] [1775072639.922139488] [control_serial_interface]: Serial port not found
[WARN] [1775072641.911786211] [control_serial_interface]: Control board serial port is not open, attempting to open
[INFO] [1775072641.912381973] [control_serial_interface]: Attempting to open serial port for control board
[INFO] [1775072641.912904337] [control_serial_interface]: No serial port defined for control board, attempting to acquire port
[ERROR] [1775072642.916310134] [control_serial_interface]: Serial manager service not available
[ERROR] [1775072642.918151907] [control_serial_interface]: Serial port not found
[WARN] [1775072644.913126833] [control_serial_interface]: Control board serial port is not open, attempting to open
[INFO] [1775072644.914832955] [control_serial_interface]: Attempting to open serial port for control board
[INFO] [1775072644.916418533] [control_serial_interface]: No serial port defined for control board, attempting to acquire port
[ERROR] [1775072645.918457146] [control_serial_interface]: Serial manager service not available
[ERROR] [1775072645.919103165] [control_serial_interface]: Serial port not found
[WARN] [1775072647.912728138] [control_serial_interface]: Control board serial port is not open, attempting to open
[INFO] [1775072647.914378349] [control_serial_interface]: Attempting to open serial port for control board
[INFO] [1775072647.915969257] [control_serial_interface]: No serial port defined for control board, attempting to acquire port
[ERROR] [1775072648.918280307] [control_serial_interface]: Serial manager service not available
[ERROR] [1775072648.918919995] [control_serial_interface]: Serial port not found
[WARN] [1775072650.913155134] [control_serial_interface]: Control board serial port is not open, attempting to open
[INFO] [1775072650.914928269] [control_serial_interface]: Attempting to open serial port for control board
[INFO] [1775072650.916826783] [control_serial_interface]: No serial port defined for control board, attempting to acquire port
[ERROR] [1775072651.919279035] [control_serial_interface]: Serial manager service not available
[ERROR] [1775072651.919898281] [control_serial_interface]: Serial port not found
[WARN] [1775072653.911738969] [control_serial_interface]: Control board serial port is not open, attempting to open
[INFO] [1775072653.912431070] [control_serial_interface]: Attempting to open serial port for control board
[INFO] [1775072653.913033529] [control_serial_interface]: No serial port defined for control board, attempting to acquire port
[ERROR] [1775072654.921564384] [control_serial_interface]: Serial manager service not available
[ERROR] [1775072654.922328369] [control_serial_interface]: Serial port not found
[WARN] [1775072656.913306194] [control_serial_interface]: Control board serial port is not open, attempting to open
[INFO] [1775072656.915001767] [control_serial_interface]: Attempting to open serial port for control board
[INFO] [1775072656.916995510] [control_serial_interface]: No serial port defined for control board, attempting to acquire port
[ERROR] [1775072657.920288570] [control_serial_interface]: Serial manager service not available
[ERROR] [1775072657.922052525] [control_serial_interface]: Serial port not found
[WARN] [1775072659.913184539] [control_serial_interface]: Control board serial port is not open, attempting to open
[INFO] [1775072659.914888101] [control_serial_interface]: Attempting to open serial port for control board
[INFO] [1775072659.916734339] [control_serial_interface]: No serial port defined for control board, attempting to acquire port
[ERROR] [1775072660.920425584] [control_serial_interface]: Serial manager service not available
[ERROR] [1775072660.922568465] [control_serial_interface]: Serial port not found
[WARN] [1775072662.913332134] [control_serial_interface]: Control board serial port is not open, attempting to open
[INFO] [1775072662.915475458] [control_serial_interface]: Attempting to open serial port for control board
[INFO] [1775072662.917394548] [control_serial_interface]: No serial port defined for control board, attempting to acquire port
[ERROR] [1775072663.920683048] [control_serial_interface]: Serial manager service not available
[ERROR] [1775072663.922665481] [control_serial_interface]: Serial port not found
[WARN] [1775072665.913264022] [control_serial_interface]: Control board serial port is not open, attempting to open
[INFO] [1775072665.915082203] [control_serial_interface]: Attempting to open serial port for control board
[INFO] [1775072665.916811602] [control_serial_interface]: No serial port defined for control board, attempting to acquire port
[ERROR] [1775072666.920707039] [control_serial_interface]: Serial manager service not available
[ERROR] [1775072666.922626065] [control_serial_interface]: Serial port not found
[WARN] [1775072668.912112551] [control_serial_interface]: Control board serial port is not open, attempting to open
[INFO] [1775072668.912868223] [control_serial_interface]: Attempting to open serial port for control board
[INFO] [1775072668.913599597] [control_serial_interface]: No serial port defined for control board, attempting to acquire port
[ERROR] [1775072669.917427164] [control_serial_interface]: Serial manager service not available
[ERROR] [1775072669.919596524] [control_serial_interface]: Serial port not found
[WARN] [1775072671.912272895] [control_serial_interface]: Control board serial port is not open, attempting to open
[INFO] [1775072671.912980881] [control_serial_interface]: Attempting to open serial port for control board
[INFO] [1775072671.913640567] [control_serial_interface]: No serial port defined for control board, attempting to acquire port
[ERROR] [1775072672.916132158] [control_serial_interface]: Serial manager service not available
[ERROR] [1775072672.917174544] [control_serial_interface]: Serial port not found
[WARN] [1775072674.911788580] [control_serial_interface]: Control board serial port is not open, attempting to open
[INFO] [1775072674.912343237] [control_serial_interface]: Attempting to open serial port for control board
[INFO] [1775072674.912876569] [control_serial_interface]: No serial port defined for control board, attempting to acquire port
[ERROR] [1775072675.916223960] [control_serial_interface]: Serial manager service not available
[ERROR] [1775072675.918485413] [control_serial_interface]: Serial port not found
[WARN] [1775072677.911888495] [control_serial_interface]: Control board serial port is not open, attempting to open
[INFO] [1775072677.912464650] [control_serial_interface]: Attempting to open serial port for control board
[INFO] [1775072677.912992755] [control_serial_interface]: No serial port defined for control board, attempting to acquire port
[ERROR] [1775072678.916303918] [control_serial_interface]: Serial manager service not available
[ERROR] [1775072678.918141405] [control_serial_interface]: Serial port not found
[WARN] [1775072680.913174193] [control_serial_interface]: Control board serial port is not open, attempting to open
[INFO] [1775072680.914828609] [control_serial_interface]: Attempting to open serial port for control board
[INFO] [1775072680.916514196] [control_serial_interface]: No serial port defined for control board, attempting to acquire port
[ERROR] [1775072681.919529541] [control_serial_interface]: Serial manager service not available
[ERROR] [1775072681.920295605] [control_serial_interface]: Serial port not found
[WARN] [1775072683.913395961] [control_serial_interface]: Control board serial port is not open, attempting to open
[INFO] [1775072683.915143010] [control_serial_interface]: Attempting to open serial port for control board
[INFO] [1775072683.916752179] [control_serial_interface]: No serial port defined for control board, attempting to acquire port
[ERROR] [1775072684.920609165] [control_serial_interface]: Serial manager service not available
[ERROR] [1775072684.922416982] [control_serial_interface]: Serial port not found
[WARN] [1775072686.913304673] [control_serial_interface]: Control board serial port is not open, attempting to open
[INFO] [1775072686.915337147] [control_serial_interface]: Attempting to open serial port for control board
[INFO] [1775072686.916969952] [control_serial_interface]: No serial port defined for control board, attempting to acquire port
[ERROR] [1775072687.919311243] [control_serial_interface]: Serial manager service not available
[ERROR] [1775072687.919967222] [control_serial_interface]: Serial port not found
[WARN] [1775072689.913183583] [control_serial_interface]: Control board serial port is not open, attempting to open
[INFO] [1775072689.914903011] [control_serial_interface]: Attempting to open serial port for control board
[INFO] [1775072689.916677351] [control_serial_interface]: No serial port defined for control board, attempting to acquire port
[ERROR] [1775072690.920009688] [control_serial_interface]: Serial manager service not available
[ERROR] [1775072690.922042528] [control_serial_interface]: Serial port not found
[WARN] [1775072692.913210259] [control_serial_interface]: Control board serial port is not open, attempting to open
[INFO] [1775072692.914889761] [control_serial_interface]: Attempting to open serial port for control board
[INFO] [1775072692.917326185] [control_serial_interface]: No serial port defined for control board, attempting to acquire port
[ERROR] [1775072693.920599475] [control_serial_interface]: Serial manager service not available
[ERROR] [1775072693.922526880] [control_serial_interface]: Serial port not found
[WARN] [1775072695.913414211] [control_serial_interface]: Control board serial port is not open, attempting to open
[INFO] [1775072695.915146635] [control_serial_interface]: Attempting to open serial port for control board
[INFO] [1775072695.916770179] [control_serial_interface]: No serial port defined for control board, attempting to acquire port
[ERROR] [1775072696.919681489] [control_serial_interface]: Serial manager service not available
[ERROR] [1775072696.920710689] [control_serial_interface]: Serial port not found
[WARN] [1775072698.913457528] [control_serial_interface]: Control board serial port is not open, attempting to open
[INFO] [1775072698.915455551] [control_serial_interface]: Attempting to open serial port for control board
[INFO] [1775072698.917009413] [control_serial_interface]: No serial port defined for control board, attempting to acquire port
[ERROR] [1775072699.920730315] [control_serial_interface]: Serial manager service not available
[ERROR] [1775072699.922614874] [control_serial_interface]: Serial port not found
[WARN] [1775072701.911764761] [control_serial_interface]: Control board serial port is not open, attempting to open
[INFO] [1775072701.912340312] [control_serial_interface]: Attempting to open serial port for control board
[INFO] [1775072701.912821140] [control_serial_interface]: No serial port defined for control board, attempting to acquire port
[ERROR] [1775072702.916180643] [control_serial_interface]: Serial manager service not available
[ERROR] [1775072702.918685305] [control_serial_interface]: Serial port not found
[WARN] [1775072704.911901444] [control_serial_interface]: Control board serial port is not open, attempting to open
[INFO] [1775072704.912403362] [control_serial_interface]: Attempting to open serial port for control board
[INFO] [1775072704.912816033] [control_serial_interface]: No serial port defined for control board, attempting to acquire port
[ERROR] [1775072705.916121276] [control_serial_interface]: Serial manager service not available
[ERROR] [1775072705.918083823] [control_serial_interface]: Serial port not found
[WARN] [1775072707.911904128] [control_serial_interface]: Control board serial port is not open, attempting to open
[INFO] [1775072707.912497550] [control_serial_interface]: Attempting to open serial port for control board
[INFO] [1775072707.913080097] [control_serial_interface]: No serial port defined for control board, attempting to acquire port
[ERROR] [1775072708.916465588] [control_serial_interface]: Serial manager service not available
[ERROR] [1775072708.918380779] [control_serial_interface]: Serial port not found
[WARN] [1775072710.913089425] [control_serial_interface]: Control board serial port is not open, attempting to open
[INFO] [1775072710.914693158] [control_serial_interface]: Attempting to open serial port for control board
[INFO] [1775072710.916343199] [control_serial_interface]: No serial port defined for control board, attempting to acquire port
[ERROR] [1775072711.920044615] [control_serial_interface]: Serial manager service not available
[ERROR] [1775072711.921991936] [control_serial_interface]: Serial port not found
[WARN] [1775072713.913096214] [control_serial_interface]: Control board serial port is not open, attempting to open
[INFO] [1775072713.914813722] [control_serial_interface]: Attempting to open serial port for control board
[INFO] [1775072713.916455712] [control_serial_interface]: No serial port defined for control board, attempting to acquire port
[ERROR] [1775072714.920052064] [control_serial_interface]: Serial manager service not available
[ERROR] [1775072714.921888261] [control_serial_interface]: Serial port not found
[WARN] [1775072716.913356673] [control_serial_interface]: Control board serial port is not open, attempting to open
[INFO] [1775072716.915316285] [control_serial_interface]: Attempting to open serial port for control board
[INFO] [1775072716.916905174] [control_serial_interface]: No serial port defined for control board, attempting to acquire port
[ERROR] [1775072717.920621890] [control_serial_interface]: Serial manager service not available
[ERROR] [1775072717.922442356] [control_serial_interface]: Serial port not found
[WARN] [1775072719.912994940] [control_serial_interface]: Control board serial port is not open, attempting to open
[INFO] [1775072719.914427277] [control_serial_interface]: Attempting to open serial port for control board
[INFO] [1775072719.915688867] [control_serial_interface]: No serial port defined for control board, attempting to acquire port
[ERROR] [1775072720.918365514] [control_serial_interface]: Serial manager service not available
[ERROR] [1775072720.918983718] [control_serial_interface]: Serial port not found
[WARN] [1775072722.913970896] [control_serial_interface]: Control board serial port is not open, attempting to open
[INFO] [1775072722.915995190] [control_serial_interface]: Attempting to open serial port for control board
[INFO] [1775072722.917580468] [control_serial_interface]: No serial port defined for control board, attempting to acquire port
[ERROR] [1775072723.921493687] [control_serial_interface]: Serial manager service not available
[ERROR] [1775072723.923429573] [control_serial_interface]: Serial port not found
[WARN] [1775072725.913214558] [control_serial_interface]: Control board serial port is not open, attempting to open
[INFO] [1775072725.914899515] [control_serial_interface]: Attempting to open serial port for control board
[INFO] [1775072725.916630163] [control_serial_interface]: No serial port defined for control board, attempting to acquire port
[ERROR] [1775072726.919059748] [control_serial_interface]: Serial manager service not available
[ERROR] [1775072726.919674019] [control_serial_interface]: Serial port not found
[WARN] [1775072728.913249135] [control_serial_interface]: Control board serial port is not open, attempting to open
[INFO] [1775072728.914955087] [control_serial_interface]: Attempting to open serial port for control board
[INFO] [1775072728.916585542] [control_serial_interface]: No serial port defined for control board, attempting to acquire port
[ERROR] [1775072729.920412547] [control_serial_interface]: Serial manager service not available
[ERROR] [1775072729.922262020] [control_serial_interface]: Serial port not found
[WARN] [1775072731.912285957] [control_serial_interface]: Control board serial port is not open, attempting to open
[INFO] [1775072731.913070838] [control_serial_interface]: Attempting to open serial port for control board
[INFO] [1775072731.913741570] [control_serial_interface]: No serial port defined for control board, attempting to acquire port
[ERROR] [1775072732.917169653] [control_serial_interface]: Serial manager service not available
[ERROR] [1775072732.919458637] [control_serial_interface]: Serial port not found
[WARN] [1775072734.912048499] [control_serial_interface]: Control board serial port is not open, attempting to open
[INFO] [1775072734.912690235] [control_serial_interface]: Attempting to open serial port for control board
[INFO] [1775072734.913223120] [control_serial_interface]: No serial port defined for control board, attempting to acquire port
[ERROR] [1775072735.916408385] [control_serial_interface]: Serial manager service not available
[ERROR] [1775072735.918310755] [control_serial_interface]: Serial port not found
[WARN] [1775072737.913230489] [control_serial_interface]: Control board serial port is not open, attempting to open
[INFO] [1775072737.915051425] [control_serial_interface]: Attempting to open serial port for control board
[INFO] [1775072737.916617758] [control_serial_interface]: No serial port defined for control board, attempting to acquire port
[ERROR] [1775072738.919384153] [control_serial_interface]: Serial manager service not available
[ERROR] [1775072738.920061994] [control_serial_interface]: Serial port not found
[WARN] [1775072740.913130065] [control_serial_interface]: Control board serial port is not open, attempting to open
[INFO] [1775072740.915045590] [control_serial_interface]: Attempting to open serial port for control board
[INFO] [1775072740.916879967] [control_serial_interface]: No serial port defined for control board, attempting to acquire port
[ERROR] [1775072741.920699170] [control_serial_interface]: Serial manager service not available
[ERROR] [1775072741.922601815] [control_serial_interface]: Serial port not found
[WARN] [1775072743.913739075] [control_serial_interface]: Control board serial port is not open, attempting to open
[INFO] [1775072743.915544611] [control_serial_interface]: Attempting to open serial port for control board
[INFO] [1775072743.917372268] [control_serial_interface]: No serial port defined for control board, attempting to acquire port
[ERROR] [1775072744.919870368] [control_serial_interface]: Serial manager service not available
[ERROR] [1775072744.920473400] [control_serial_interface]: Serial port not found
[WARN] [1775072746.913346445] [control_serial_interface]: Control board serial port is not open, attempting to open
[INFO] [1775072746.915328103] [control_serial_interface]: Attempting to open serial port for control board
[INFO] [1775072746.916978793] [control_serial_interface]: No serial port defined for control board, attempting to acquire port
[ERROR] [1775072747.920514978] [control_serial_interface]: Serial manager service not available
[ERROR] [1775072747.922448109] [control_serial_interface]: Serial port not found
[WARN] [1775072749.912240603] [control_serial_interface]: Control board serial port is not open, attempting to open
[INFO] [1775072749.912831270] [control_serial_interface]: Attempting to open serial port for control board
[INFO] [1775072749.913323111] [control_serial_interface]: No serial port defined for control board, attempting to acquire port
[ERROR] [1775072750.916775096] [control_serial_interface]: Serial manager service not available
[ERROR] [1775072750.919372646] [control_serial_interface]: Serial port not found
[WARN] [1775072752.913387317] [control_serial_interface]: Control board serial port is not open, attempting to open
[INFO] [1775072752.915109335] [control_serial_interface]: Attempting to open serial port for control board
[INFO] [1775072752.916979213] [control_serial_interface]: No serial port defined for control board, attempting to acquire port
[ERROR] [1775072753.920494192] [control_serial_interface]: Serial manager service not available
[ERROR] [1775072753.922374506] [control_serial_interface]: Serial port not found
[WARN] [1775072755.913492775] [control_serial_interface]: Control board serial port is not open, attempting to open
[INFO] [1775072755.915583967] [control_serial_interface]: Attempting to open serial port for control board
[INFO] [1775072755.917303410] [control_serial_interface]: No serial port defined for control board, attempting to acquire port
[ERROR] [1775072756.921179062] [control_serial_interface]: Serial manager service not available
[ERROR] [1775072756.922968618] [control_serial_interface]: Serial port not found
[WARN] [1775072758.913283803] [control_serial_interface]: Control board serial port is not open, attempting to open
[INFO] [1775072758.915045052] [control_serial_interface]: Attempting to open serial port for control board
[INFO] [1775072758.916702853] [control_serial_interface]: No serial port defined for control board, attempting to acquire port
[ERROR] [1775072759.920326476] [control_serial_interface]: Serial manager service not available
[ERROR] [1775072759.922165938] [control_serial_interface]: Serial port not found
[WARN] [1775072761.913596259] [control_serial_interface]: Control board serial port is not open, attempting to open
[INFO] [1775072761.915291862] [control_serial_interface]: Attempting to open serial port for control board
[INFO] [1775072761.920375832] [control_serial_interface]: No serial port defined for control board, attempting to acquire port
[ERROR] [1775072762.923774837] [control_serial_interface]: Serial manager service not available
[ERROR] [1775072762.925713408] [control_serial_interface]: Serial port not found
[WARN] [1775072764.913160488] [control_serial_interface]: Control board serial port is not open, attempting to open
[INFO] [1775072764.914937358] [control_serial_interface]: Attempting to open serial port for control board
[INFO] [1775072764.916640846] [control_serial_interface]: No serial port defined for control board, attempting to acquire port
[ERROR] [1775072765.919535842] [control_serial_interface]: Serial manager service not available
[ERROR] [1775072765.920373152] [control_serial_interface]: Serial port not found
[WARN] [1775072767.914590040] [control_serial_interface]: Control board serial port is not open, attempting to open
[INFO] [1775072767.917759952] [control_serial_interface]: Attempting to open serial port for control board
[INFO] [1775072767.920045990] [control_serial_interface]: No serial port defined for control board, attempting to acquire port
[ERROR] [1775072768.922489629] [control_serial_interface]: Serial manager service not available
[ERROR] [1775072768.923144819] [control_serial_interface]: Serial port not found
[WARN] [1775072770.913282115] [control_serial_interface]: Control board serial port is not open, attempting to open
[INFO] [1775072770.914968301] [control_serial_interface]: Attempting to open serial port for control board
[INFO] [1775072770.916783623] [control_serial_interface]: No serial port defined for control board, attempting to acquire port
[ERROR] [1775072771.920489059] [control_serial_interface]: Serial manager service not available
[ERROR] [1775072771.922451871] [control_serial_interface]: Serial port not found
[WARN] [1775072773.913227107] [control_serial_interface]: Control board serial port is not open, attempting to open
[INFO] [1775072773.915024978] [control_serial_interface]: Attempting to open serial port for control board
[INFO] [1775072773.916537499] [control_serial_interface]: No serial port defined for control board, attempting to acquire port
[ERROR] [1775072774.920247155] [control_serial_interface]: Serial manager service not available
[ERROR] [1775072774.922015070] [control_serial_interface]: Serial port not found
[WARN] [1775072776.913280389] [control_serial_interface]: Control board serial port is not open, attempting to open
[INFO] [1775072776.915140503] [control_serial_interface]: Attempting to open serial port for control board
[INFO] [1775072776.916662513] [control_serial_interface]: No serial port defined for control board, attempting to acquire port
[ERROR] [1775072777.920664195] [control_serial_interface]: Serial manager service not available
[ERROR] [1775072777.922751351] [control_serial_interface]: Serial port not found
[WARN] [1775072779.913278014] [control_serial_interface]: Control board serial port is not open, attempting to open
[INFO] [1775072779.915226511] [control_serial_interface]: Attempting to open serial port for control board
[INFO] [1775072779.917139061] [control_serial_interface]: No serial port defined for control board, attempting to acquire port
[ERROR] [1775072780.920606853] [control_serial_interface]: Serial manager service not available
[ERROR] [1775072780.922879691] [control_serial_interface]: Serial port not found
[WARN] [1775072782.913200801] [control_serial_interface]: Control board serial port is not open, attempting to open
[INFO] [1775072782.915046814] [control_serial_interface]: Attempting to open serial port for control board
[INFO] [1775072782.916618182] [control_serial_interface]: No serial port defined for control board, attempting to acquire port
[ERROR] [1775072783.920693986] [control_serial_interface]: Serial manager service not available
[ERROR] [1775072783.922517703] [control_serial_interface]: Serial port not found
[WARN] [1775072785.911902882] [control_serial_interface]: Control board serial port is not open, attempting to open
[INFO] [1775072785.912455330] [control_serial_interface]: Attempting to open serial port for control board
[INFO] [1775072785.912905424] [control_serial_interface]: No serial port defined for control board, attempting to acquire port
[ERROR] [1775072786.916356122] [control_serial_interface]: Serial manager service not available
[ERROR] [1775072786.918292828] [control_serial_interface]: Serial port not found
[WARN] [1775072788.913355122] [control_serial_interface]: Control board serial port is not open, attempting to open
[INFO] [1775072788.915034974] [control_serial_interface]: Attempting to open serial port for control board
[INFO] [1775072788.916673014] [control_serial_interface]: No serial port defined for control board, attempting to acquire port
[ERROR] [1775072789.919473604] [control_serial_interface]: Serial manager service not available
[ERROR] [1775072789.920320581] [control_serial_interface]: Serial port not found
[WARN] [1775072791.911899435] [control_serial_interface]: Control board serial port is not open, attempting to open
[INFO] [1775072791.912428297] [control_serial_interface]: Attempting to open serial port for control board
[INFO] [1775072791.912899612] [control_serial_interface]: No serial port defined for control board, attempting to acquire port
[ERROR] [1775072792.916834715] [control_serial_interface]: Serial manager service not available
[ERROR] [1775072792.918695763] [control_serial_interface]: Serial port not found
[WARN] [1775072794.913274239] [control_serial_interface]: Control board serial port is not open, attempting to open
[INFO] [1775072794.915013708] [control_serial_interface]: Attempting to open serial port for control board
[INFO] [1775072794.917245430] [control_serial_interface]: No serial port defined for control board, attempting to acquire port
[ERROR] [1775072795.920007502] [control_serial_interface]: Serial manager service not available
[ERROR] [1775072795.920654594] [control_serial_interface]: Serial port not found
[WARN] [1775072797.913234960] [control_serial_interface]: Control board serial port is not open, attempting to open
[INFO] [1775072797.915335552] [control_serial_interface]: Attempting to open serial port for control board
[INFO] [1775072797.917535008] [control_serial_interface]: No serial port defined for control board, attempting to acquire port
[ERROR] [1775072798.922213114] [control_serial_interface]: Serial manager service not available
[ERROR] [1775072798.924491803] [control_serial_interface]: Serial port not found
[WARN] [1775072800.913216194] [control_serial_interface]: Control board serial port is not open, attempting to open
[INFO] [1775072800.914815523] [control_serial_interface]: Attempting to open serial port for control board
[INFO] [1775072800.916411316] [control_serial_interface]: No serial port defined for control board, attempting to acquire port
[ERROR] [1775072801.920453815] [control_serial_interface]: Serial manager service not available
[ERROR] [1775072801.922324688] [control_serial_interface]: Serial port not found
[WARN] [1775072803.913172478] [control_serial_interface]: Control board serial port is not open, attempting to open
[INFO] [1775072803.915136960] [control_serial_interface]: Attempting to open serial port for control board
[INFO] [1775072803.916993073] [control_serial_interface]: No serial port defined for control board, attempting to acquire port
[ERROR] [1775072804.920590504] [control_serial_interface]: Serial manager service not available
[ERROR] [1775072804.922752629] [control_serial_interface]: Serial port not found
[WARN] [1775072806.913168567] [control_serial_interface]: Control board serial port is not open, attempting to open
[INFO] [1775072806.914829258] [control_serial_interface]: Attempting to open serial port for control board
[INFO] [1775072806.916928615] [control_serial_interface]: No serial port defined for control board, attempting to acquire port
[ERROR] [1775072807.920697808] [control_serial_interface]: Serial manager service not available
[ERROR] [1775072807.922736058] [control_serial_interface]: Serial port not found
[WARN] [1775072809.911982289] [control_serial_interface]: Control board serial port is not open, attempting to open
[INFO] [1775072809.912611531] [control_serial_interface]: Attempting to open serial port for control board
[INFO] [1775072809.913128651] [control_serial_interface]: No serial port defined for control board, attempting to acquire port
[ERROR] [1775072810.916359079] [control_serial_interface]: Serial manager service not available
[ERROR] [1775072810.918212872] [control_serial_interface]: Serial port not found
[WARN] [1775072812.913166102] [control_serial_interface]: Control board serial port is not open, attempting to open
[INFO] [1775072812.915047941] [control_serial_interface]: Attempting to open serial port for control board
[INFO] [1775072812.916786510] [control_serial_interface]: No serial port defined for control board, attempting to acquire port
[ERROR] [1775072813.920622850] [control_serial_interface]: Serial manager service not available
[ERROR] [1775072813.922690926] [control_serial_interface]: Serial port not found
[WARN] [1775072815.913226004] [control_serial_interface]: Control board serial port is not open, attempting to open
[INFO] [1775072815.914805187] [control_serial_interface]: Attempting to open serial port for control board
[INFO] [1775072815.916696082] [control_serial_interface]: No serial port defined for control board, attempting to acquire port
[ERROR] [1775072816.920278838] [control_serial_interface]: Serial manager service not available
[ERROR] [1775072816.922180537] [control_serial_interface]: Serial port not found
[WARN] [1775072818.913419606] [control_serial_interface]: Control board serial port is not open, attempting to open
[INFO] [1775072818.915161895] [control_serial_interface]: Attempting to open serial port for control board
[INFO] [1775072818.916728523] [control_serial_interface]: No serial port defined for control board, attempting to acquire port
[ERROR] [1775072819.920789471] [control_serial_interface]: Serial manager service not available
[ERROR] [1775072819.922681641] [control_serial_interface]: Serial port not found
[WARN] [1775072821.913117445] [control_serial_interface]: Control board serial port is not open, attempting to open
[INFO] [1775072821.915512913] [control_serial_interface]: Attempting to open serial port for control board
[INFO] [1775072821.917461219] [control_serial_interface]: No serial port defined for control board, attempting to acquire port
[ERROR] [1775072822.920950562] [control_serial_interface]: Serial manager service not available
[ERROR] [1775072822.922758968] [control_serial_interface]: Serial port not found
[WARN] [1775072824.914216684] [control_serial_interface]: Control board serial port is not open, attempting to open
[INFO] [1775072824.916593691] [control_serial_interface]: Attempting to open serial port for control board
[INFO] [1775072824.918645501] [control_serial_interface]: No serial port defined for control board, attempting to acquire port
[ERROR] [1775072825.922557655] [control_serial_interface]: Serial manager service not available
[ERROR] [1775072825.924531407] [control_serial_interface]: Serial port not found
[WARN] [1775072827.913355088] [control_serial_interface]: Control board serial port is not open, attempting to open
[INFO] [1775072827.915317060] [control_serial_interface]: Attempting to open serial port for control board
[INFO] [1775072827.917197974] [control_serial_interface]: No serial port defined for control board, attempting to acquire port
[ERROR] [1775072828.921150058] [control_serial_interface]: Serial manager service not available
[ERROR] [1775072828.923006161] [control_serial_interface]: Serial port not found
[WARN] [1775072830.913326987] [control_serial_interface]: Control board serial port is not open, attempting to open
[INFO] [1775072830.915009538] [control_serial_interface]: Attempting to open serial port for control board
[INFO] [1775072830.916784068] [control_serial_interface]: No serial port defined for control board, attempting to acquire port
[ERROR] [1775072831.921326260] [control_serial_interface]: Serial manager service not available
[ERROR] [1775072831.923247850] [control_serial_interface]: Serial port not found
[WARN] [1775072833.911784153] [control_serial_interface]: Control board serial port is not open, attempting to open
[INFO] [1775072833.912346441] [control_serial_interface]: Attempting to open serial port for control board
[INFO] [1775072833.912804056] [control_serial_interface]: No serial port defined for control board, attempting to acquire port
[ERROR] [1775072834.915997325] [control_serial_interface]: Serial manager service not available
[ERROR] [1775072834.917792870] [control_serial_interface]: Serial port not found
[WARN] [1775072836.913277665] [control_serial_interface]: Control board serial port is not open, attempting to open
[INFO] [1775072836.914971977] [control_serial_interface]: Attempting to open serial port for control board
[INFO] [1775072836.916905658] [control_serial_interface]: No serial port defined for control board, attempting to acquire port
[ERROR] [1775072837.920742978] [control_serial_interface]: Serial manager service not available
[ERROR] [1775072837.922549259] [control_serial_interface]: Serial port not found
[WARN] [1775072839.913120079] [control_serial_interface]: Control board serial port is not open, attempting to open
[INFO] [1775072839.914806996] [control_serial_interface]: Attempting to open serial port for control board
[INFO] [1775072839.916663164] [control_serial_interface]: No serial port defined for control board, attempting to acquire port
[ERROR] [1775072840.919320696] [control_serial_interface]: Serial manager service not available
[ERROR] [1775072840.919958178] [control_serial_interface]: Serial port not found
[WARN] [1775072842.912230901] [control_serial_interface]: Control board serial port is not open, attempting to open
[INFO] [1775072842.913186936] [control_serial_interface]: Attempting to open serial port for control board
[INFO] [1775072842.914087767] [control_serial_interface]: No serial port defined for control board, attempting to acquire port
[ERROR] [1775072843.917502809] [control_serial_interface]: Serial manager service not available
[ERROR] [1775072843.919365318] [control_serial_interface]: Serial port not found
[WARN] [1775072845.913394069] [control_serial_interface]: Control board serial port is not open, attempting to open
[INFO] [1775072845.915109632] [control_serial_interface]: Attempting to open serial port for control board
[INFO] [1775072845.916697620] [control_serial_interface]: No serial port defined for control board, attempting to acquire port
[ERROR] [1775072846.919211159] [control_serial_interface]: Serial manager service not available
[ERROR] [1775072846.919837393] [control_serial_interface]: Serial port not found
[WARN] [1775072848.911750955] [control_serial_interface]: Control board serial port is not open, attempting to open
[INFO] [1775072848.912293701] [control_serial_interface]: Attempting to open serial port for control board
[INFO] [1775072848.912739890] [control_serial_interface]: No serial port defined for control board, attempting to acquire port
[ERROR] [1775072849.915766751] [control_serial_interface]: Serial manager service not available
[ERROR] [1775072849.918004618] [control_serial_interface]: Serial port not found
[WARN] [1775072851.911894164] [control_serial_interface]: Control board serial port is not open, attempting to open
[INFO] [1775072851.912492251] [control_serial_interface]: Attempting to open serial port for control board
[INFO] [1775072851.913034776] [control_serial_interface]: No serial port defined for control board, attempting to acquire port
[ERROR] [1775072852.915284088] [control_serial_interface]: Serial manager service not available
[ERROR] [1775072852.916013533] [control_serial_interface]: Serial port not found
[WARN] [1775072854.912153715] [control_serial_interface]: Control board serial port is not open, attempting to open
[INFO] [1775072854.912844153] [control_serial_interface]: Attempting to open serial port for control board
[INFO] [1775072854.913436197] [control_serial_interface]: No serial port defined for control board, attempting to acquire port
[ERROR] [1775072855.915522726] [control_serial_interface]: Serial manager service not available
[ERROR] [1775072855.916160898] [control_serial_interface]: Serial port not found
[WARN] [1775072857.913517278] [control_serial_interface]: Control board serial port is not open, attempting to open
[INFO] [1775072857.915246811] [control_serial_interface]: Attempting to open serial port for control board
[INFO] [1775072857.916947343] [control_serial_interface]: No serial port defined for control board, attempting to acquire port
[ERROR] [1775072858.920687420] [control_serial_interface]: Serial manager service not available
[ERROR] [1775072858.922801803] [control_serial_interface]: Serial port not found
[WARN] [1775072860.913323055] [control_serial_interface]: Control board serial port is not open, attempting to open
[INFO] [1775072860.915128706] [control_serial_interface]: Attempting to open serial port for control board
[INFO] [1775072860.916800823] [control_serial_interface]: No serial port defined for control board, attempting to acquire port
[ERROR] [1775072861.920488093] [control_serial_interface]: Serial manager service not available
[ERROR] [1775072861.922364287] [control_serial_interface]: Serial port not found
[WARN] [1775072863.913251543] [control_serial_interface]: Control board serial port is not open, attempting to open
[INFO] [1775072863.915095300] [control_serial_interface]: Attempting to open serial port for control board
[INFO] [1775072863.916803213] [control_serial_interface]: No serial port defined for control board, attempting to acquire port
[ERROR] [1775072864.920382419] [control_serial_interface]: Serial manager service not available
[ERROR] [1775072864.922399588] [control_serial_interface]: Serial port not found
[WARN] [1775072866.912535117] [control_serial_interface]: Control board serial port is not open, attempting to open
[INFO] [1775072866.913286235] [control_serial_interface]: Attempting to open serial port for control board
[INFO] [1775072866.913996014] [control_serial_interface]: No serial port defined for control board, attempting to acquire port
[ERROR] [1775072867.916211764] [control_serial_interface]: Serial manager service not available
[ERROR] [1775072867.917147711] [control_serial_interface]: Serial port not found
[WARN] [1775072869.912106136] [control_serial_interface]: Control board serial port is not open, attempting to open
[INFO] [1775072869.912948044] [control_serial_interface]: Attempting to open serial port for control board
[INFO] [1775072869.913676252] [control_serial_interface]: No serial port defined for control board, attempting to acquire port
[ERROR] [1775072870.917200727] [control_serial_interface]: Serial manager service not available
[ERROR] [1775072870.919706904] [control_serial_interface]: Serial port not found
[WARN] [1775072872.912023712] [control_serial_interface]: Control board serial port is not open, attempting to open
[INFO] [1775072872.913822729] [control_serial_interface]: Attempting to open serial port for control board
[INFO] [1775072872.915817897] [control_serial_interface]: No serial port defined for control board, attempting to acquire port
[ERROR] [1775072873.919493011] [control_serial_interface]: Serial manager service not available
[ERROR] [1775072873.921471684] [control_serial_interface]: Serial port not found
[WARN] [1775072875.913227422] [control_serial_interface]: Control board serial port is not open, attempting to open
[INFO] [1775072875.915309188] [control_serial_interface]: Attempting to open serial port for control board
[INFO] [1775072875.917147165] [control_serial_interface]: No serial port defined for control board, attempting to acquire port
[ERROR] [1775072876.921168388] [control_serial_interface]: Serial manager service not available
[ERROR] [1775072876.923198002] [control_serial_interface]: Serial port not found
[WARN] [1775072878.913216531] [control_serial_interface]: Control board serial port is not open, attempting to open
[INFO] [1775072878.914924034] [control_serial_interface]: Attempting to open serial port for control board
[INFO] [1775072878.916802753] [control_serial_interface]: No serial port defined for control board, attempting to acquire port
[ERROR] [1775072879.920417000] [control_serial_interface]: Serial manager service not available
[ERROR] [1775072879.922298684] [control_serial_interface]: Serial port not found
[WARN] [1775072881.913273167] [control_serial_interface]: Control board serial port is not open, attempting to open
[INFO] [1775072881.915007696] [control_serial_interface]: Attempting to open serial port for control board
[INFO] [1775072881.916605039] [control_serial_interface]: No serial port defined for control board, attempting to acquire port
[ERROR] [1775072882.920395078] [control_serial_interface]: Serial manager service not available
[ERROR] [1775072882.922298963] [control_serial_interface]: Serial port not found
[WARN] [1775072884.911859095] [control_serial_interface]: Control board serial port is not open, attempting to open
[INFO] [1775072884.912434864] [control_serial_interface]: Attempting to open serial port for control board
[INFO] [1775072884.912946290] [control_serial_interface]: No serial port defined for control board, attempting to acquire port
[ERROR] [1775072885.916362660] [control_serial_interface]: Serial manager service not available
[ERROR] [1775072885.918309842] [control_serial_interface]: Serial port not found
[WARN] [1775072887.911934907] [control_serial_interface]: Control board serial port is not open, attempting to open
[INFO] [1775072887.912551842] [control_serial_interface]: Attempting to open serial port for control board
[INFO] [1775072887.913039826] [control_serial_interface]: No serial port defined for control board, attempting to acquire port
[ERROR] [1775072888.916470087] [control_serial_interface]: Serial manager service not available
[ERROR] [1775072888.918608180] [control_serial_interface]: Serial port not found
[WARN] [1775072890.913493362] [control_serial_interface]: Control board serial port is not open, attempting to open
[INFO] [1775072890.915291303] [control_serial_interface]: Attempting to open serial port for control board
[INFO] [1775072890.916843204] [control_serial_interface]: No serial port defined for control board, attempting to acquire port
[ERROR] [1775072891.919445473] [control_serial_interface]: Serial manager service not available
[ERROR] [1775072891.920117319] [control_serial_interface]: Serial port not found
[WARN] [1775072893.913340059] [control_serial_interface]: Control board serial port is not open, attempting to open
[INFO] [1775072893.915042826] [control_serial_interface]: Attempting to open serial port for control board
[INFO] [1775072893.916983737] [control_serial_interface]: No serial port defined for control board, attempting to acquire port
[ERROR] [1775072894.921121871] [control_serial_interface]: Serial manager service not available
[ERROR] [1775072894.923249739] [control_serial_interface]: Serial port not found
[WARN] [1775072896.913198357] [control_serial_interface]: Control board serial port is not open, attempting to open
[INFO] [1775072896.915131477] [control_serial_interface]: Attempting to open serial port for control board
[INFO] [1775072896.916683328] [control_serial_interface]: No serial port defined for control board, attempting to acquire port
[ERROR] [1775072897.918890315] [control_serial_interface]: Serial manager service not available
[ERROR] [1775072897.919543823] [control_serial_interface]: Serial port not found
[WARN] [1775072899.913302283] [control_serial_interface]: Control board serial port is not open, attempting to open
[INFO] [1775072899.915626552] [control_serial_interface]: Attempting to open serial port for control board
[INFO] [1775072899.917712998] [control_serial_interface]: No serial port defined for control board, attempting to acquire port
[ERROR] [1775072900.921442793] [control_serial_interface]: Serial manager service not available
[ERROR] [1775072900.923249314] [control_serial_interface]: Serial port not found
[WARN] [1775072902.913175226] [control_serial_interface]: Control board serial port is not open, attempting to open
[INFO] [1775072902.914999702] [control_serial_interface]: Attempting to open serial port for control board
[INFO] [1775072902.916628481] [control_serial_interface]: No serial port defined for control board, attempting to acquire port
[ERROR] [1775072903.918960742] [control_serial_interface]: Serial manager service not available
[ERROR] [1775072903.919617954] [control_serial_interface]: Serial port not found
[WARN] [1775072905.911926183] [control_serial_interface]: Control board serial port is not open, attempting to open
[INFO] [1775072905.913745384] [control_serial_interface]: Attempting to open serial port for control board
[INFO] [1775072905.915715671] [control_serial_interface]: No serial port defined for control board, attempting to acquire port
[ERROR] [1775072906.919505323] [control_serial_interface]: Serial manager service not available
[ERROR] [1775072906.921396897] [control_serial_interface]: Serial port not found
[WARN] [1775072908.913175282] [control_serial_interface]: Control board serial port is not open, attempting to open
[INFO] [1775072908.914801691] [control_serial_interface]: Attempting to open serial port for control board
[INFO] [1775072908.916402744] [control_serial_interface]: No serial port defined for control board, attempting to acquire port
[ERROR] [1775072909.918628694] [control_serial_interface]: Serial manager service not available
[ERROR] [1775072909.919288910] [control_serial_interface]: Serial port not found
[WARN] [1775072911.912916521] [control_serial_interface]: Control board serial port is not open, attempting to open
[INFO] [1775072911.913848499] [control_serial_interface]: Attempting to open serial port for control board
[INFO] [1775072911.915740267] [control_serial_interface]: No serial port defined for control board, attempting to acquire port
[ERROR] [1775072912.919505428] [control_serial_interface]: Serial manager service not available
[ERROR] [1775072912.921431248] [control_serial_interface]: Serial port not found
[WARN] [1775072914.913255650] [control_serial_interface]: Control board serial port is not open, attempting to open
[INFO] [1775072914.915020134] [control_serial_interface]: Attempting to open serial port for control board
[INFO] [1775072914.916760982] [control_serial_interface]: No serial port defined for control board, attempting to acquire port
[ERROR] [1775072915.920769782] [control_serial_interface]: Serial manager service not available
[ERROR] [1775072915.922761044] [control_serial_interface]: Serial port not found
[WARN] [1775072917.913177109] [control_serial_interface]: Control board serial port is not open, attempting to open
[INFO] [1775072917.914813674] [control_serial_interface]: Attempting to open serial port for control board
[INFO] [1775072917.916811681] [control_serial_interface]: No serial port defined for control board, attempting to acquire port
[ERROR] [1775072918.920537496] [control_serial_interface]: Serial manager service not available
[ERROR] [1775072918.922395463] [control_serial_interface]: Serial port not found
[WARN] [1775072920.913367339] [control_serial_interface]: Control board serial port is not open, attempting to open
[INFO] [1775072920.915011403] [control_serial_interface]: Attempting to open serial port for control board
[INFO] [1775072920.916609466] [control_serial_interface]: No serial port defined for control board, attempting to acquire port
[ERROR] [1775072921.920103608] [control_serial_interface]: Serial manager service not available
[ERROR] [1775072921.921942689] [control_serial_interface]: Serial port not found
[WARN] [1775072923.913237736] [control_serial_interface]: Control board serial port is not open, attempting to open
[INFO] [1775072923.914883121] [control_serial_interface]: Attempting to open serial port for control board
[INFO] [1775072923.916760989] [control_serial_interface]: No serial port defined for control board, attempting to acquire port
[ERROR] [1775072924.920281807] [control_serial_interface]: Serial manager service not available
[ERROR] [1775072924.922079782] [control_serial_interface]: Serial port not found
[WARN] [1775072926.913462742] [control_serial_interface]: Control board serial port is not open, attempting to open
[INFO] [1775072926.915128038] [control_serial_interface]: Attempting to open serial port for control board
[INFO] [1775072926.917053283] [control_serial_interface]: No serial port defined for control board, attempting to acquire port
[ERROR] [1775072927.921351573] [control_serial_interface]: Serial manager service not available
[ERROR] [1775072927.923178179] [control_serial_interface]: Serial port not found
[WARN] [1775072929.913248862] [control_serial_interface]: Control board serial port is not open, attempting to open
[INFO] [1775072929.915124485] [control_serial_interface]: Attempting to open serial port for control board
[INFO] [1775072929.916775315] [control_serial_interface]: No serial port defined for control board, attempting to acquire port
[ERROR] [1775072930.919752752] [control_serial_interface]: Serial manager service not available
[ERROR] [1775072930.920646140] [control_serial_interface]: Serial port not found
[WARN] [1775072932.913224948] [control_serial_interface]: Control board serial port is not open, attempting to open
[INFO] [1775072932.915129557] [control_serial_interface]: Attempting to open serial port for control board
[INFO] [1775072932.917104834] [control_serial_interface]: No serial port defined for control board, attempting to acquire port
[ERROR] [1775072933.920472981] [control_serial_interface]: Serial manager service not available
[ERROR] [1775072933.922321803] [control_serial_interface]: Serial port not found
[WARN] [1775072935.911919688] [control_serial_interface]: Control board serial port is not open, attempting to open
[INFO] [1775072935.912515576] [control_serial_interface]: Attempting to open serial port for control board
[INFO] [1775072935.913032521] [control_serial_interface]: No serial port defined for control board, attempting to acquire port
[ERROR] [1775072936.916435529] [control_serial_interface]: Serial manager service not available
[ERROR] [1775072936.918467483] [control_serial_interface]: Serial port not found
[WARN] [1775072938.912764669] [control_serial_interface]: Control board serial port is not open, attempting to open
[INFO] [1775072938.914087217] [control_serial_interface]: Attempting to open serial port for control board
[INFO] [1775072938.915529537] [control_serial_interface]: No serial port defined for control board, attempting to acquire port
[ERROR] [1775072939.918938807] [control_serial_interface]: Serial manager service not available
[ERROR] [1775072939.920772234] [control_serial_interface]: Serial port not found
[WARN] [1775072941.913256439] [control_serial_interface]: Control board serial port is not open, attempting to open
[INFO] [1775072941.915404817] [control_serial_interface]: Attempting to open serial port for control board
[INFO] [1775072941.917083783] [control_serial_interface]: No serial port defined for control board, attempting to acquire port
[ERROR] [1775072942.920684763] [control_serial_interface]: Serial manager service not available
[ERROR] [1775072942.922654950] [control_serial_interface]: Serial port not found
[WARN] [1775072944.913157198] [control_serial_interface]: Control board serial port is not open, attempting to open
[INFO] [1775072944.914824409] [control_serial_interface]: Attempting to open serial port for control board
[INFO] [1775072944.916689891] [control_serial_interface]: No serial port defined for control board, attempting to acquire port
[ERROR] [1775072945.920567291] [control_serial_interface]: Serial manager service not available
[ERROR] [1775072945.922783762] [control_serial_interface]: Serial port not found
[WARN] [1775072947.913580191] [control_serial_interface]: Control board serial port is not open, attempting to open
[INFO] [1775072947.915271732] [control_serial_interface]: Attempting to open serial port for control board
[INFO] [1775072947.916997700] [control_serial_interface]: No serial port defined for control board, attempting to acquire port
[ERROR] [1775072948.920413503] [control_serial_interface]: Serial manager service not available
[ERROR] [1775072948.922303927] [control_serial_interface]: Serial port not found
[WARN] [1775072950.913316189] [control_serial_interface]: Control board serial port is not open, attempting to open
[INFO] [1775072950.914972679] [control_serial_interface]: Attempting to open serial port for control board
[INFO] [1775072950.916671030] [control_serial_interface]: No serial port defined for control board, attempting to acquire port
[ERROR] [1775072951.920323677] [control_serial_interface]: Serial manager service not available
[ERROR] [1775072951.922150304] [control_serial_interface]: Serial port not found
[WARN] [1775072953.913253344] [control_serial_interface]: Control board serial port is not open, attempting to open
[INFO] [1775072953.915088171] [control_serial_interface]: Attempting to open serial port for control board
[INFO] [1775072953.916907557] [control_serial_interface]: No serial port defined for control board, attempting to acquire port
[ERROR] [1775072954.920582999] [control_serial_interface]: Serial manager service not available
[ERROR] [1775072954.922657910] [control_serial_interface]: Serial port not found
[WARN] [1775072956.911869559] [control_serial_interface]: Control board serial port is not open, attempting to open
[INFO] [1775072956.912437695] [control_serial_interface]: Attempting to open serial port for control board
[INFO] [1775072956.912922619] [control_serial_interface]: No serial port defined for control board, attempting to acquire port
[ERROR] [1775072957.916355178] [control_serial_interface]: Serial manager service not available
[ERROR] [1775072957.918287104] [control_serial_interface]: Serial port not found
[WARN] [1775072959.913592051] [control_serial_interface]: Control board serial port is not open, attempting to open
[INFO] [1775072959.915545037] [control_serial_interface]: Attempting to open serial port for control board
[INFO] [1775072959.917453771] [control_serial_interface]: No serial port defined for control board, attempting to acquire port
[ERROR] [1775072960.919655812] [control_serial_interface]: Serial manager service not available
[ERROR] [1775072960.920359283] [control_serial_interface]: Serial port not found
[WARN] [1775072962.911752408] [control_serial_interface]: Control board serial port is not open, attempting to open
[INFO] [1775072962.912322932] [control_serial_interface]: Attempting to open serial port for control board
[INFO] [1775072962.912796460] [control_serial_interface]: No serial port defined for control board, attempting to acquire port
[ERROR] [1775072963.916032398] [control_serial_interface]: Serial manager service not available
[ERROR] [1775072963.918213902] [control_serial_interface]: Serial port not found
[WARN] [1775072965.911974691] [control_serial_interface]: Control board serial port is not open, attempting to open
[INFO] [1775072965.912680117] [control_serial_interface]: Attempting to open serial port for control board
[INFO] [1775072965.913318666] [control_serial_interface]: No serial port defined for control board, attempting to acquire port
[ERROR] [1775072966.915931369] [control_serial_interface]: Serial manager service not available
[ERROR] [1775072966.916742350] [control_serial_interface]: Serial port not found
[WARN] [1775072968.913167015] [control_serial_interface]: Control board serial port is not open, attempting to open
[INFO] [1775072968.914799344] [control_serial_interface]: Attempting to open serial port for control board
[INFO] [1775072968.916470900] [control_serial_interface]: No serial port defined for control board, attempting to acquire port
[ERROR] [1775072969.920055094] [control_serial_interface]: Serial manager service not available
[ERROR] [1775072969.922261604] [control_serial_interface]: Serial port not found
[WARN] [1775072971.913341829] [control_serial_interface]: Control board serial port is not open, attempting to open
[INFO] [1775072971.915058406] [control_serial_interface]: Attempting to open serial port for control board
[INFO] [1775072971.917016417] [control_serial_interface]: No serial port defined for control board, attempting to acquire port
[ERROR] [1775072972.920499628] [control_serial_interface]: Serial manager service not available
[ERROR] [1775072972.922407807] [control_serial_interface]: Serial port not found
[WARN] [1775072974.913259138] [control_serial_interface]: Control board serial port is not open, attempting to open
[INFO] [1775072974.914990276] [control_serial_interface]: Attempting to open serial port for control board
[INFO] [1775072974.916734099] [control_serial_interface]: No serial port defined for control board, attempting to acquire port
[ERROR] [1775072975.920464259] [control_serial_interface]: Serial manager service not available
[ERROR] [1775072975.922312971] [control_serial_interface]: Serial port not found
[WARN] [1775072977.913297167] [control_serial_interface]: Control board serial port is not open, attempting to open
[INFO] [1775072977.915002284] [control_serial_interface]: Attempting to open serial port for control board
[INFO] [1775072977.916699660] [control_serial_interface]: No serial port defined for control board, attempting to acquire port
[ERROR] [1775072978.920532829] [control_serial_interface]: Serial manager service not available
[ERROR] [1775072978.922382926] [control_serial_interface]: Serial port not found
[WARN] [1775072980.911728047] [control_serial_interface]: Control board serial port is not open, attempting to open
[INFO] [1775072980.912285116] [control_serial_interface]: Attempting to open serial port for control board
[INFO] [1775072980.912785413] [control_serial_interface]: No serial port defined for control board, attempting to acquire port
[ERROR] [1775072981.916752904] [control_serial_interface]: Serial manager service not available
[ERROR] [1775072981.918712175] [control_serial_interface]: Serial port not found
[WARN] [1775072983.913449737] [control_serial_interface]: Control board serial port is not open, attempting to open
[INFO] [1775072983.915140034] [control_serial_interface]: Attempting to open serial port for control board
[INFO] [1775072983.917120016] [control_serial_interface]: No serial port defined for control board, attempting to acquire port
[ERROR] [1775072984.921037427] [control_serial_interface]: Serial manager service not available
[ERROR] [1775072984.922927106] [control_serial_interface]: Serial port not found
[WARN] [1775072986.913340766] [control_serial_interface]: Control board serial port is not open, attempting to open
[INFO] [1775072986.915566091] [control_serial_interface]: Attempting to open serial port for control board
[INFO] [1775072986.917429649] [control_serial_interface]: No serial port defined for control board, attempting to acquire port
[ERROR] [1775072987.921454834] [control_serial_interface]: Serial manager service not available
[ERROR] [1775072987.923374194] [control_serial_interface]: Serial port not found
[WARN] [1775072989.913295396] [control_serial_interface]: Control board serial port is not open, attempting to open
[INFO] [1775072989.915097017] [control_serial_interface]: Attempting to open serial port for control board
[INFO] [1775072989.916983265] [control_serial_interface]: No serial port defined for control board, attempting to acquire port
[ERROR] [1775072990.921063973] [control_serial_interface]: Serial manager service not available
[ERROR] [1775072990.922916175] [control_serial_interface]: Serial port not found
[WARN] [1775072992.913148414] [control_serial_interface]: Control board serial port is not open, attempting to open
[INFO] [1775072992.914890052] [control_serial_interface]: Attempting to open serial port for control board
[INFO] [1775072992.916686242] [control_serial_interface]: No serial port defined for control board, attempting to acquire port
[ERROR] [1775072993.920156847] [control_serial_interface]: Serial manager service not available
[ERROR] [1775072993.922364808] [control_serial_interface]: Serial port not found
[WARN] [1775072995.913391775] [control_serial_interface]: Control board serial port is not open, attempting to open
[INFO] [1775072995.915164324] [control_serial_interface]: Attempting to open serial port for control board
[INFO] [1775072995.917115690] [control_serial_interface]: No serial port defined for control board, attempting to acquire port
[ERROR] [1775072996.921043267] [control_serial_interface]: Serial manager service not available
[ERROR] [1775072996.922823322] [control_serial_interface]: Serial port not found
[WARN] [1775072998.913453900] [control_serial_interface]: Control board serial port is not open, attempting to open
[INFO] [1775072998.915595192] [control_serial_interface]: Attempting to open serial port for control board
[INFO] [1775072998.917294169] [control_serial_interface]: No serial port defined for control board, attempting to acquire port
[ERROR] [1775072999.921014718] [control_serial_interface]: Serial manager service not available
[ERROR] [1775072999.923127595] [control_serial_interface]: Serial port not found
[WARN] [1775073001.913201258] [control_serial_interface]: Control board serial port is not open, attempting to open
[INFO] [1775073001.914984868] [control_serial_interface]: Attempting to open serial port for control board
[INFO] [1775073001.916844270] [control_serial_interface]: No serial port defined for control board, attempting to acquire port
[ERROR] [1775073002.919665079] [control_serial_interface]: Serial manager service not available
[ERROR] [1775073002.920703159] [control_serial_interface]: Serial port not found
[WARN] [1775073004.911848769] [control_serial_interface]: Control board serial port is not open, attempting to open
[INFO] [1775073004.912450789] [control_serial_interface]: Attempting to open serial port for control board
[INFO] [1775073004.912984582] [control_serial_interface]: No serial port defined for control board, attempting to acquire port
[ERROR] [1775073005.916666600] [control_serial_interface]: Serial manager service not available
[ERROR] [1775073005.918655647] [control_serial_interface]: Serial port not found
[WARN] [1775073007.913516354] [control_serial_interface]: Control board serial port is not open, attempting to open
[INFO] [1775073007.915315739] [control_serial_interface]: Attempting to open serial port for control board
[INFO] [1775073007.917539040] [control_serial_interface]: No serial port defined for control board, attempting to acquire port
[ERROR] [1775073008.921057647] [control_serial_interface]: Serial manager service not available
[ERROR] [1775073008.923136283] [control_serial_interface]: Serial port not found
[WARN] [1775073010.913233196] [control_serial_interface]: Control board serial port is not open, attempting to open
[INFO] [1775073010.914997245] [control_serial_interface]: Attempting to open serial port for control board
[INFO] [1775073010.917150884] [control_serial_interface]: No serial port defined for control board, attempting to acquire port
[ERROR] [1775073011.921169724] [control_serial_interface]: Serial manager service not available
[ERROR] [1775073011.923021491] [control_serial_interface]: Serial port not found
[WARN] [1775073013.913382694] [control_serial_interface]: Control board serial port is not open, attempting to open
[INFO] [1775073013.915109087] [control_serial_interface]: Attempting to open serial port for control board
[INFO] [1775073013.917036432] [control_serial_interface]: No serial port defined for control board, attempting to acquire port
[ERROR] [1775073014.921210178] [control_serial_interface]: Serial manager service not available
[ERROR] [1775073014.923280008] [control_serial_interface]: Serial port not found
[WARN] [1775073016.913440819] [control_serial_interface]: Control board serial port is not open, attempting to open
[INFO] [1775073016.915212243] [control_serial_interface]: Attempting to open serial port for control board
[INFO] [1775073016.916976537] [control_serial_interface]: No serial port defined for control board, attempting to acquire port
[ERROR] [1775073017.919500758] [control_serial_interface]: Serial manager service not available
[ERROR] [1775073017.920156068] [control_serial_interface]: Serial port not found
[WARN] [1775073019.911846172] [control_serial_interface]: Control board serial port is not open, attempting to open
[INFO] [1775073019.912401218] [control_serial_interface]: Attempting to open serial port for control board
[INFO] [1775073019.912896683] [control_serial_interface]: No serial port defined for control board, attempting to acquire port
[ERROR] [1775073020.915181051] [control_serial_interface]: Serial manager service not available
[ERROR] [1775073020.915846005] [control_serial_interface]: Serial port not found
[WARN] [1775073022.912041507] [control_serial_interface]: Control board serial port is not open, attempting to open
[INFO] [1775073022.912838572] [control_serial_interface]: Attempting to open serial port for control board
[INFO] [1775073022.913728604] [control_serial_interface]: No serial port defined for control board, attempting to acquire port
[ERROR] [1775073023.918045634] [control_serial_interface]: Serial manager service not available
[ERROR] [1775073023.920164756] [control_serial_interface]: Serial port not found
[WARN] [1775073025.912224868] [control_serial_interface]: Control board serial port is not open, attempting to open
[INFO] [1775073025.913036790] [control_serial_interface]: Attempting to open serial port for control board
[INFO] [1775073025.913761405] [control_serial_interface]: No serial port defined for control board, attempting to acquire port
[ERROR] [1775073026.917356467] [control_serial_interface]: Serial manager service not available
[ERROR] [1775073026.919184953] [control_serial_interface]: Serial port not found
[WARN] [1775073028.913303518] [control_serial_interface]: Control board serial port is not open, attempting to open
[INFO] [1775073028.915017130] [control_serial_interface]: Attempting to open serial port for control board
[INFO] [1775073028.916558991] [control_serial_interface]: No serial port defined for control board, attempting to acquire port
[ERROR] [1775073029.920067753] [control_serial_interface]: Serial manager service not available
[ERROR] [1775073029.921877388] [control_serial_interface]: Serial port not found
[WARN] [1775073031.913673588] [control_serial_interface]: Control board serial port is not open, attempting to open
[INFO] [1775073031.915350084] [control_serial_interface]: Attempting to open serial port for control board
[INFO] [1775073031.917223042] [control_serial_interface]: No serial port defined for control board, attempting to acquire port
[ERROR] [1775073032.921006374] [control_serial_interface]: Serial manager service not available
[ERROR] [1775073032.922955715] [control_serial_interface]: Serial port not found
[WARN] [1775073034.913480129] [control_serial_interface]: Control board serial port is not open, attempting to open
[INFO] [1775073034.915731191] [control_serial_interface]: Attempting to open serial port for control board
[INFO] [1775073034.917445998] [control_serial_interface]: No serial port defined for control board, attempting to acquire port
[ERROR] [1775073035.921191023] [control_serial_interface]: Serial manager service not available
[ERROR] [1775073035.923063206] [control_serial_interface]: Serial port not found
[WARN] [1775073037.913215952] [control_serial_interface]: Control board serial port is not open, attempting to open
[INFO] [1775073037.915155152] [control_serial_interface]: Attempting to open serial port for control board
[INFO] [1775073037.917019535] [control_serial_interface]: No serial port defined for control board, attempting to acquire port
[ERROR] [1775073038.920510441] [control_serial_interface]: Serial manager service not available
[ERROR] [1775073038.922459066] [control_serial_interface]: Serial port not found
[WARN] [1775073040.913342604] [control_serial_interface]: Control board serial port is not open, attempting to open
[INFO] [1775073040.915945143] [control_serial_interface]: Attempting to open serial port for control board
[INFO] [1775073040.918443874] [control_serial_interface]: No serial port defined for control board, attempting to acquire port
[ERROR] [1775073041.921844627] [control_serial_interface]: Serial manager service not available
[ERROR] [1775073041.923845874] [control_serial_interface]: Serial port not found
[WARN] [1775073043.913182635] [control_serial_interface]: Control board serial port is not open, attempting to open
[INFO] [1775073043.914792389] [control_serial_interface]: Attempting to open serial port for control board
[INFO] [1775073043.916929061] [control_serial_interface]: No serial port defined for control board, attempting to acquire port
[ERROR] [1775073044.920666861] [control_serial_interface]: Serial manager service not available
[ERROR] [1775073044.922556965] [control_serial_interface]: Serial port not found
[WARN] [1775073046.913162366] [control_serial_interface]: Control board serial port is not open, attempting to open
[INFO] [1775073046.914832387] [control_serial_interface]: Attempting to open serial port for control board
[INFO] [1775073046.916706570] [control_serial_interface]: No serial port defined for control board, attempting to acquire port
[ERROR] [1775073047.920562193] [control_serial_interface]: Serial manager service not available
[ERROR] [1775073047.922396670] [control_serial_interface]: Serial port not found
[WARN] [1775073049.913537256] [control_serial_interface]: Control board serial port is not open, attempting to open
[INFO] [1775073049.915448821] [control_serial_interface]: Attempting to open serial port for control board
[INFO] [1775073049.917347945] [control_serial_interface]: No serial port defined for control board, attempting to acquire port
[ERROR] [1775073050.920978736] [control_serial_interface]: Serial manager service not available
[ERROR] [1775073050.923353687] [control_serial_interface]: Serial port not found
[WARN] [1775073052.912452989] [control_serial_interface]: Control board serial port is not open, attempting to open
[INFO] [1775073052.913254285] [control_serial_interface]: Attempting to open serial port for control board
[INFO] [1775073052.913986254] [control_serial_interface]: No serial port defined for control board, attempting to acquire port
[ERROR] [1775073053.915884778] [control_serial_interface]: Serial manager service not available
[ERROR] [1775073053.916577985] [control_serial_interface]: Serial port not found
[WARN] [1775073055.912011649] [control_serial_interface]: Control board serial port is not open, attempting to open
[INFO] [1775073055.912649702] [control_serial_interface]: Attempting to open serial port for control board
[INFO] [1775073055.913122680] [control_serial_interface]: No serial port defined for control board, attempting to acquire port
[ERROR] [1775073056.915332401] [control_serial_interface]: Serial manager service not available
[ERROR] [1775073056.916005723] [control_serial_interface]: Serial port not found
[WARN] [1775073058.913260329] [control_serial_interface]: Control board serial port is not open, attempting to open
[INFO] [1775073058.914873702] [control_serial_interface]: Attempting to open serial port for control board
[INFO] [1775073058.916478541] [control_serial_interface]: No serial port defined for control board, attempting to acquire port
[ERROR] [1775073059.920656802] [control_serial_interface]: Serial manager service not available
[ERROR] [1775073059.923007377] [control_serial_interface]: Serial port not found
[WARN] [1775073061.913320723] [control_serial_interface]: Control board serial port is not open, attempting to open
[INFO] [1775073061.915044946] [control_serial_interface]: Attempting to open serial port for control board
[INFO] [1775073061.916597647] [control_serial_interface]: No serial port defined for control board, attempting to acquire port
[ERROR] [1775073062.920078058] [control_serial_interface]: Serial manager service not available
[ERROR] [1775073062.922081416] [control_serial_interface]: Serial port not found
[WARN] [1775073064.913305700] [control_serial_interface]: Control board serial port is not open, attempting to open
[INFO] [1775073064.914992676] [control_serial_interface]: Attempting to open serial port for control board
[INFO] [1775073064.916604000] [control_serial_interface]: No serial port defined for control board, attempting to acquire port
[ERROR] [1775073065.920566863] [control_serial_interface]: Serial manager service not available
[ERROR] [1775073065.922405260] [control_serial_interface]: Serial port not found
[WARN] [1775073067.911750123] [control_serial_interface]: Control board serial port is not open, attempting to open
[INFO] [1775073067.912646919] [control_serial_interface]: Attempting to open serial port for control board
[INFO] [1775073067.913130022] [control_serial_interface]: No serial port defined for control board, attempting to acquire port
[ERROR] [1775073068.916302721] [control_serial_interface]: Serial manager service not available
[ERROR] [1775073068.918255132] [control_serial_interface]: Serial port not found
[WARN] [1775073070.911908322] [control_serial_interface]: Control board serial port is not open, attempting to open
[INFO] [1775073070.912438416] [control_serial_interface]: Attempting to open serial port for control board
[INFO] [1775073070.912977438] [control_serial_interface]: No serial port defined for control board, attempting to acquire port
[ERROR] [1775073071.916419702] [control_serial_interface]: Serial manager service not available
[ERROR] [1775073071.918356888] [control_serial_interface]: Serial port not found
[WARN] [1775073073.913192609] [control_serial_interface]: Control board serial port is not open, attempting to open
[INFO] [1775073073.915175686] [control_serial_interface]: Attempting to open serial port for control board
[INFO] [1775073073.917115596] [control_serial_interface]: No serial port defined for control board, attempting to acquire port
[ERROR] [1775073074.919496708] [control_serial_interface]: Serial manager service not available
[ERROR] [1775073074.920141896] [control_serial_interface]: Serial port not found
[WARN] [1775073076.911732309] [control_serial_interface]: Control board serial port is not open, attempting to open
[INFO] [1775073076.912295509] [control_serial_interface]: Attempting to open serial port for control board
[INFO] [1775073076.912756711] [control_serial_interface]: No serial port defined for control board, attempting to acquire port
[ERROR] [1775073077.915313616] [control_serial_interface]: Serial manager service not available
[ERROR] [1775073077.915932295] [control_serial_interface]: Serial port not found
[WARN] [1775073079.911734146] [control_serial_interface]: Control board serial port is not open, attempting to open
[INFO] [1775073079.912226371] [control_serial_interface]: Attempting to open serial port for control board
[INFO] [1775073079.912712095] [control_serial_interface]: No serial port defined for control board, attempting to acquire port
[ERROR] [1775073080.914687425] [control_serial_interface]: Serial manager service not available
[ERROR] [1775073080.916404924] [control_serial_interface]: Serial port not found
[WARN] [1775073082.912648595] [control_serial_interface]: Control board serial port is not open, attempting to open
[INFO] [1775073082.914324236] [control_serial_interface]: Attempting to open serial port for control board
[INFO] [1775073082.915928225] [control_serial_interface]: No serial port defined for control board, attempting to acquire port
[ERROR] [1775073083.919577146] [control_serial_interface]: Serial manager service not available
[ERROR] [1775073083.922225717] [control_serial_interface]: Serial port not found
[WARN] [1775073085.911762887] [control_serial_interface]: Control board serial port is not open, attempting to open
[INFO] [1775073085.912313143] [control_serial_interface]: Attempting to open serial port for control board
[INFO] [1775073085.912767405] [control_serial_interface]: No serial port defined for control board, attempting to acquire port
[ERROR] [1775073086.915085070] [control_serial_interface]: Serial manager service not available
[ERROR] [1775073086.915998906] [control_serial_interface]: Serial port not found
[WARN] [1775073088.923754879] [control_serial_interface]: Control board serial port is not open, attempting to open
[INFO] [1775073088.924409806] [control_serial_interface]: Attempting to open serial port for control board
[INFO] [1775073088.924971466] [control_serial_interface]: No serial port defined for control board, attempting to acquire port
[ERROR] [1775073089.927194684] [control_serial_interface]: Serial manager service not available
[ERROR] [1775073089.927870380] [control_serial_interface]: Serial port not found
[WARN] [1775073091.913255855] [control_serial_interface]: Control board serial port is not open, attempting to open
[INFO] [1775073091.914972832] [control_serial_interface]: Attempting to open serial port for control board
[INFO] [1775073091.916552030] [control_serial_interface]: No serial port defined for control board, attempting to acquire port
[ERROR] [1775073092.919036154] [control_serial_interface]: Serial manager service not available
[ERROR] [1775073092.919877105] [control_serial_interface]: Serial port not found
[WARN] [1775073094.913143783] [control_serial_interface]: Control board serial port is not open, attempting to open
[INFO] [1775073094.914839960] [control_serial_interface]: Attempting to open serial port for control board
[INFO] [1775073094.916723393] [control_serial_interface]: No serial port defined for control board, attempting to acquire port
[ERROR] [1775073095.920704287] [control_serial_interface]: Serial manager service not available
[ERROR] [1775073095.922537853] [control_serial_interface]: Serial port not found
[WARN] [1775073097.913555395] [control_serial_interface]: Control board serial port is not open, attempting to open
[INFO] [1775073097.915380922] [control_serial_interface]: Attempting to open serial port for control board
[INFO] [1775073097.917096364] [control_serial_interface]: No serial port defined for control board, attempting to acquire port
[ERROR] [1775073098.920721910] [control_serial_interface]: Serial manager service not available
[ERROR] [1775073098.923126627] [control_serial_interface]: Serial port not found
[WARN] [1775073100.913168949] [control_serial_interface]: Control board serial port is not open, attempting to open
[INFO] [1775073100.914872101] [control_serial_interface]: Attempting to open serial port for control board
[INFO] [1775073100.917001333] [control_serial_interface]: No serial port defined for control board, attempting to acquire port
[ERROR] [1775073101.921006247] [control_serial_interface]: Serial manager service not available
[ERROR] [1775073101.923071092] [control_serial_interface]: Serial port not found
[WARN] [1775073103.913178619] [control_serial_interface]: Control board serial port is not open, attempting to open
[INFO] [1775073103.915052827] [control_serial_interface]: Attempting to open serial port for control board
[INFO] [1775073103.917206565] [control_serial_interface]: No serial port defined for control board, attempting to acquire port
[ERROR] [1775073104.921052729] [control_serial_interface]: Serial manager service not available
[ERROR] [1775073104.922937992] [control_serial_interface]: Serial port not found
[WARN] [1775073106.913515018] [control_serial_interface]: Control board serial port is not open, attempting to open
[INFO] [1775073106.915613380] [control_serial_interface]: Attempting to open serial port for control board
[INFO] [1775073106.918011417] [control_serial_interface]: No serial port defined for control board, attempting to acquire port
[ERROR] [1775073107.920534826] [control_serial_interface]: Serial manager service not available
[ERROR] [1775073107.921185104] [control_serial_interface]: Serial port not found
[WARN] [1775073109.913246416] [control_serial_interface]: Control board serial port is not open, attempting to open
[INFO] [1775073109.915121759] [control_serial_interface]: Attempting to open serial port for control board
[INFO] [1775073109.916755929] [control_serial_interface]: No serial port defined for control board, attempting to acquire port
[ERROR] [1775073110.921416407] [control_serial_interface]: Serial manager service not available
[ERROR] [1775073110.923458346] [control_serial_interface]: Serial port not found
[WARN] [1775073112.912411443] [control_serial_interface]: Control board serial port is not open, attempting to open
[INFO] [1775073112.913335578] [control_serial_interface]: Attempting to open serial port for control board
[INFO] [1775073112.914893473] [control_serial_interface]: No serial port defined for control board, attempting to acquire port
[ERROR] [1775073113.917718275] [control_serial_interface]: Serial manager service not available
[ERROR] [1775073113.918557334] [control_serial_interface]: Serial port not found
[WARN] [1775073115.912085845] [control_serial_interface]: Control board serial port is not open, attempting to open
[INFO] [1775073115.912661983] [control_serial_interface]: Attempting to open serial port for control board
[INFO] [1775073115.913207088] [control_serial_interface]: No serial port defined for control board, attempting to acquire port
[ERROR] [1775073116.916887637] [control_serial_interface]: Serial manager service not available
[ERROR] [1775073116.917781361] [control_serial_interface]: Serial port not found
[WARN] [1775073118.913186741] [control_serial_interface]: Control board serial port is not open, attempting to open
[INFO] [1775073118.915306143] [control_serial_interface]: Attempting to open serial port for control board
[INFO] [1775073118.917216837] [control_serial_interface]: No serial port defined for control board, attempting to acquire port
[ERROR] [1775073119.921203742] [control_serial_interface]: Serial manager service not available
[ERROR] [1775073119.923388351] [control_serial_interface]: Serial port not found
[WARN] [1775073121.913624590] [control_serial_interface]: Control board serial port is not open, attempting to open
[INFO] [1775073121.915427970] [control_serial_interface]: Attempting to open serial port for control board
[INFO] [1775073121.917422233] [control_serial_interface]: No serial port defined for control board, attempting to acquire port
[ERROR] [1775073122.921125876] [control_serial_interface]: Serial manager service not available
[ERROR] [1775073122.922923627] [control_serial_interface]: Serial port not found
[WARN] [1775073124.913379598] [control_serial_interface]: Control board serial port is not open, attempting to open
[INFO] [1775073124.915229475] [control_serial_interface]: Attempting to open serial port for control board
[INFO] [1775073124.916985739] [control_serial_interface]: No serial port defined for control board, attempting to acquire port
[ERROR] [1775073125.920764946] [control_serial_interface]: Serial manager service not available
[ERROR] [1775073125.922612578] [control_serial_interface]: Serial port not found
[WARN] [1775073127.911883101] [control_serial_interface]: Control board serial port is not open, attempting to open
[INFO] [1775073127.912459577] [control_serial_interface]: Attempting to open serial port for control board
[INFO] [1775073127.913208023] [control_serial_interface]: No serial port defined for control board, attempting to acquire port
[ERROR] [1775073128.916475332] [control_serial_interface]: Serial manager service not available
[ERROR] [1775073128.918778176] [control_serial_interface]: Serial port not found
[WARN] [1775073130.913149563] [control_serial_interface]: Control board serial port is not open, attempting to open
[INFO] [1775073130.915178921] [control_serial_interface]: Attempting to open serial port for control board
[INFO] [1775073130.918022020] [control_serial_interface]: No serial port defined for control board, attempting to acquire port
[ERROR] [1775073131.920607229] [control_serial_interface]: Serial manager service not available
[ERROR] [1775073131.921267941] [control_serial_interface]: Serial port not found
[WARN] [1775073133.913211267] [control_serial_interface]: Control board serial port is not open, attempting to open
[INFO] [1775073133.914991917] [control_serial_interface]: Attempting to open serial port for control board
[INFO] [1775073133.916772922] [control_serial_interface]: No serial port defined for control board, attempting to acquire port
[ERROR] [1775073134.920634691] [control_serial_interface]: Serial manager service not available
[ERROR] [1775073134.923133952] [control_serial_interface]: Serial port not found
[WARN] [1775073136.913486350] [control_serial_interface]: Control board serial port is not open, attempting to open
[INFO] [1775073136.915192747] [control_serial_interface]: Attempting to open serial port for control board
[INFO] [1775073136.916888219] [control_serial_interface]: No serial port defined for control board, attempting to acquire port
[ERROR] [1775073137.919385202] [control_serial_interface]: Serial manager service not available
[ERROR] [1775073137.920000531] [control_serial_interface]: Serial port not found
[WARN] [1775073139.916048671] [control_serial_interface]: Control board serial port is not open, attempting to open
[INFO] [1775073139.918130476] [control_serial_interface]: Attempting to open serial port for control board
[INFO] [1775073139.919310085] [control_serial_interface]: No serial port defined for control board, attempting to acquire port
[ERROR] [1775073140.922747728] [control_serial_interface]: Serial manager service not available
[ERROR] [1775073140.925337557] [control_serial_interface]: Serial port not found
[WARN] [1775073142.913129432] [control_serial_interface]: Control board serial port is not open, attempting to open
[INFO] [1775073142.914883101] [control_serial_interface]: Attempting to open serial port for control board
[INFO] [1775073142.916614443] [control_serial_interface]: No serial port defined for control board, attempting to acquire port
[ERROR] [1775073143.920203163] [control_serial_interface]: Serial manager service not available
[ERROR] [1775073143.922096937] [control_serial_interface]: Serial port not found
[WARN] [1775073145.913164006] [control_serial_interface]: Control board serial port is not open, attempting to open
[INFO] [1775073145.914951316] [control_serial_interface]: Attempting to open serial port for control board
[INFO] [1775073145.916532288] [control_serial_interface]: No serial port defined for control board, attempting to acquire port
[ERROR] [1775073146.920189855] [control_serial_interface]: Serial manager service not available
[ERROR] [1775073146.922079364] [control_serial_interface]: Serial port not found
[WARN] [1775073148.912006947] [control_serial_interface]: Control board serial port is not open, attempting to open
[INFO] [1775073148.912712119] [control_serial_interface]: Attempting to open serial port for control board
[INFO] [1775073148.913439233] [control_serial_interface]: No serial port defined for control board, attempting to acquire port
[ERROR] [1775073149.916756318] [control_serial_interface]: Serial manager service not available
[ERROR] [1775073149.918714949] [control_serial_interface]: Serial port not found
[WARN] [1775073151.913272304] [control_serial_interface]: Control board serial port is not open, attempting to open
[INFO] [1775073151.915576503] [control_serial_interface]: Attempting to open serial port for control board
[INFO] [1775073151.917441616] [control_serial_interface]: No serial port defined for control board, attempting to acquire port
[ERROR] [1775073152.920187076] [control_serial_interface]: Serial manager service not available
[ERROR] [1775073152.921826036] [control_serial_interface]: Serial port not found
[WARN] [1775073154.912642314] [control_serial_interface]: Control board serial port is not open, attempting to open
[INFO] [1775073154.913905640] [control_serial_interface]: Attempting to open serial port for control board
[INFO] [1775073154.915189973] [control_serial_interface]: No serial port defined for control board, attempting to acquire port
[ERROR] [1775073155.918637496] [control_serial_interface]: Serial manager service not available
[ERROR] [1775073155.920502004] [control_serial_interface]: Serial port not found
[WARN] [1775073157.913197581] [control_serial_interface]: Control board serial port is not open, attempting to open
[INFO] [1775073157.914948654] [control_serial_interface]: Attempting to open serial port for control board
[INFO] [1775073157.916944232] [control_serial_interface]: No serial port defined for control board, attempting to acquire port
[ERROR] [1775073158.920703396] [control_serial_interface]: Serial manager service not available
[ERROR] [1775073158.922656567] [control_serial_interface]: Serial port not found
[WARN] [1775073160.913338297] [control_serial_interface]: Control board serial port is not open, attempting to open
[INFO] [1775073160.915104327] [control_serial_interface]: Attempting to open serial port for control board
[INFO] [1775073160.916714945] [control_serial_interface]: No serial port defined for control board, attempting to acquire port
[ERROR] [1775073161.920565104] [control_serial_interface]: Serial manager service not available
[ERROR] [1775073161.922395431] [control_serial_interface]: Serial port not found
[WARN] [1775073163.913210840] [control_serial_interface]: Control board serial port is not open, attempting to open
[INFO] [1775073163.914999545] [control_serial_interface]: Attempting to open serial port for control board
[INFO] [1775073163.917114337] [control_serial_interface]: No serial port defined for control board, attempting to acquire port
[ERROR] [1775073164.920651030] [control_serial_interface]: Serial manager service not available
[ERROR] [1775073164.922698404] [control_serial_interface]: Serial port not found
[WARN] [1775073166.912071723] [control_serial_interface]: Control board serial port is not open, attempting to open
[INFO] [1775073166.912750093] [control_serial_interface]: Attempting to open serial port for control board
[INFO] [1775073166.913405466] [control_serial_interface]: No serial port defined for control board, attempting to acquire port
[ERROR] [1775073167.916962278] [control_serial_interface]: Serial manager service not available
[ERROR] [1775073167.918768919] [control_serial_interface]: Serial port not found
[WARN] [1775073169.913304404] [control_serial_interface]: Control board serial port is not open, attempting to open
[INFO] [1775073169.915063327] [control_serial_interface]: Attempting to open serial port for control board
[INFO] [1775073169.916744939] [control_serial_interface]: No serial port defined for control board, attempting to acquire port
[ERROR] [1775073170.920747083] [control_serial_interface]: Serial manager service not available
[ERROR] [1775073170.922554314] [control_serial_interface]: Serial port not found
[WARN] [1775073172.912345703] [control_serial_interface]: Control board serial port is not open, attempting to open
[INFO] [1775073172.913323824] [control_serial_interface]: Attempting to open serial port for control board
[INFO] [1775073172.914254603] [control_serial_interface]: No serial port defined for control board, attempting to acquire port
[ERROR] [1775073173.917610916] [control_serial_interface]: Serial manager service not available
[ERROR] [1775073173.919806836] [control_serial_interface]: Serial port not found
[WARN] [1775073175.911887180] [control_serial_interface]: Control board serial port is not open, attempting to open
[INFO] [1775073175.912487210] [control_serial_interface]: Attempting to open serial port for control board
[INFO] [1775073175.913005331] [control_serial_interface]: No serial port defined for control board, attempting to acquire port
[ERROR] [1775073176.916471617] [control_serial_interface]: Serial manager service not available
[ERROR] [1775073176.918453289] [control_serial_interface]: Serial port not found
[WARN] [1775073178.911832202] [control_serial_interface]: Control board serial port is not open, attempting to open
[INFO] [1775073178.912365140] [control_serial_interface]: Attempting to open serial port for control board
[INFO] [1775073178.912840526] [control_serial_interface]: No serial port defined for control board, attempting to acquire port
[ERROR] [1775073179.916208855] [control_serial_interface]: Serial manager service not available
[ERROR] [1775073179.918285336] [control_serial_interface]: Serial port not found
[WARN] [1775073181.913213610] [control_serial_interface]: Control board serial port is not open, attempting to open
[INFO] [1775073181.915064497] [control_serial_interface]: Attempting to open serial port for control board
[INFO] [1775073181.916728477] [control_serial_interface]: No serial port defined for control board, attempting to acquire port
[ERROR] [1775073182.919410622] [control_serial_interface]: Serial manager service not available
[ERROR] [1775073182.922460205] [control_serial_interface]: Serial port not found
[WARN] [1775073184.911771573] [control_serial_interface]: Control board serial port is not open, attempting to open
[INFO] [1775073184.912347264] [control_serial_interface]: Attempting to open serial port for control board
[INFO] [1775073184.912869566] [control_serial_interface]: No serial port defined for control board, attempting to acquire port
[ERROR] [1775073185.916029618] [control_serial_interface]: Serial manager service not available
[ERROR] [1775073185.918000275] [control_serial_interface]: Serial port not found
[WARN] [1775073187.913474189] [control_serial_interface]: Control board serial port is not open, attempting to open
[INFO] [1775073187.915295250] [control_serial_interface]: Attempting to open serial port for control board
[INFO] [1775073187.917066799] [control_serial_interface]: No serial port defined for control board, attempting to acquire port
[ERROR] [1775073188.921077929] [control_serial_interface]: Serial manager service not available
[ERROR] [1775073188.922994824] [control_serial_interface]: Serial port not found
[WARN] [1775073190.911908989] [control_serial_interface]: Control board serial port is not open, attempting to open
[INFO] [1775073190.912482743] [control_serial_interface]: Attempting to open serial port for control board
[INFO] [1775073190.912976389] [control_serial_interface]: No serial port defined for control board, attempting to acquire port
[ERROR] [1775073191.916668281] [control_serial_interface]: Serial manager service not available
[ERROR] [1775073191.919074974] [control_serial_interface]: Serial port not found
[WARN] [1775073193.913187878] [control_serial_interface]: Control board serial port is not open, attempting to open
[INFO] [1775073193.914900225] [control_serial_interface]: Attempting to open serial port for control board
[INFO] [1775073193.916549310] [control_serial_interface]: No serial port defined for control board, attempting to acquire port
[ERROR] [1775073194.918967727] [control_serial_interface]: Serial manager service not available
[ERROR] [1775073194.919656359] [control_serial_interface]: Serial port not found
[WARN] [1775073196.913804173] [control_serial_interface]: Control board serial port is not open, attempting to open
[INFO] [1775073196.916209865] [control_serial_interface]: Attempting to open serial port for control board
[INFO] [1775073196.918370080] [control_serial_interface]: No serial port defined for control board, attempting to acquire port
[ERROR] [1775073197.922429201] [control_serial_interface]: Serial manager service not available
[ERROR] [1775073197.924660267] [control_serial_interface]: Serial port not found
[WARN] [1775073199.913868538] [control_serial_interface]: Control board serial port is not open, attempting to open
[INFO] [1775073199.915830329] [control_serial_interface]: Attempting to open serial port for control board
[INFO] [1775073199.917677831] [control_serial_interface]: No serial port defined for control board, attempting to acquire port
[ERROR] [1775073200.920692985] [control_serial_interface]: Serial manager service not available
[ERROR] [1775073200.922186374] [control_serial_interface]: Serial port not found
[WARN] [1775073202.912341780] [control_serial_interface]: Control board serial port is not open, attempting to open
[INFO] [1775073202.913216626] [control_serial_interface]: Attempting to open serial port for control board
[INFO] [1775073202.914068132] [control_serial_interface]: No serial port defined for control board, attempting to acquire port
[ERROR] [1775073203.917462545] [control_serial_interface]: Serial manager service not available
[ERROR] [1775073203.919498004] [control_serial_interface]: Serial port not found
[WARN] [1775073205.913169092] [control_serial_interface]: Control board serial port is not open, attempting to open
[INFO] [1775073205.915137014] [control_serial_interface]: Attempting to open serial port for control board
[INFO] [1775073205.917113771] [control_serial_interface]: No serial port defined for control board, attempting to acquire port
[ERROR] [1775073206.920618622] [control_serial_interface]: Serial manager service not available
[ERROR] [1775073206.922488055] [control_serial_interface]: Serial port not found
[WARN] [1775073208.913456595] [control_serial_interface]: Control board serial port is not open, attempting to open
[INFO] [1775073208.915252495] [control_serial_interface]: Attempting to open serial port for control board
[INFO] [1775073208.916900005] [control_serial_interface]: No serial port defined for control board, attempting to acquire port
[ERROR] [1775073209.920055959] [control_serial_interface]: Serial manager service not available
[ERROR] [1775073209.921403061] [control_serial_interface]: Serial port not found
[WARN] [1775073211.911929849] [control_serial_interface]: Control board serial port is not open, attempting to open
[INFO] [1775073211.913589733] [control_serial_interface]: Attempting to open serial port for control board
[INFO] [1775073211.915260183] [control_serial_interface]: No serial port defined for control board, attempting to acquire port
[ERROR] [1775073212.918512791] [control_serial_interface]: Serial manager service not available
[ERROR] [1775073212.920307236] [control_serial_interface]: Serial port not found
[WARN] [1775073214.911947412] [control_serial_interface]: Control board serial port is not open, attempting to open
[INFO] [1775073214.912827289] [control_serial_interface]: Attempting to open serial port for control board
[INFO] [1775073214.913716629] [control_serial_interface]: No serial port defined for control board, attempting to acquire port
[ERROR] [1775073215.917840968] [control_serial_interface]: Serial manager service not available
[ERROR] [1775073215.919688530] [control_serial_interface]: Serial port not found
[WARN] [1775073217.913311391] [control_serial_interface]: Control board serial port is not open, attempting to open
[INFO] [1775073217.915085371] [control_serial_interface]: Attempting to open serial port for control board
[INFO] [1775073217.916675649] [control_serial_interface]: No serial port defined for control board, attempting to acquire port
[ERROR] [1775073218.920633012] [control_serial_interface]: Serial manager service not available
[ERROR] [1775073218.922540311] [control_serial_interface]: Serial port not found
[WARN] [1775073220.913265102] [control_serial_interface]: Control board serial port is not open, attempting to open
[INFO] [1775073220.915031736] [control_serial_interface]: Attempting to open serial port for control board
[INFO] [1775073220.917213076] [control_serial_interface]: No serial port defined for control board, attempting to acquire port
[ERROR] [1775073221.921203455] [control_serial_interface]: Serial manager service not available
[ERROR] [1775073221.923137690] [control_serial_interface]: Serial port not found
[WARN] [1775073223.913254474] [control_serial_interface]: Control board serial port is not open, attempting to open
[INFO] [1775073223.915029354] [control_serial_interface]: Attempting to open serial port for control board
[INFO] [1775073223.916707025] [control_serial_interface]: No serial port defined for control board, attempting to acquire port
[ERROR] [1775073224.920597275] [control_serial_interface]: Serial manager service not available
[ERROR] [1775073224.922717332] [control_serial_interface]: Serial port not found
[WARN] [1775073226.912551831] [control_serial_interface]: Control board serial port is not open, attempting to open
[INFO] [1775073226.913587217] [control_serial_interface]: Attempting to open serial port for control board
[INFO] [1775073226.914555981] [control_serial_interface]: No serial port defined for control board, attempting to acquire port
[ERROR] [1775073227.916825225] [control_serial_interface]: Serial manager service not available
[ERROR] [1775073227.917461553] [control_serial_interface]: Serial port not found
[WARN] [1775073229.913375908] [control_serial_interface]: Control board serial port is not open, attempting to open
[INFO] [1775073229.915150778] [control_serial_interface]: Attempting to open serial port for control board
[INFO] [1775073229.916791677] [control_serial_interface]: No serial port defined for control board, attempting to acquire port
[ERROR] [1775073230.920664662] [control_serial_interface]: Serial manager service not available
[ERROR] [1775073230.922834706] [control_serial_interface]: Serial port not found
[WARN] [1775073232.912316185] [control_serial_interface]: Control board serial port is not open, attempting to open
[INFO] [1775073232.913276514] [control_serial_interface]: Attempting to open serial port for control board
[INFO] [1775073232.914135136] [control_serial_interface]: No serial port defined for control board, attempting to acquire port
[ERROR] [1775073233.917501064] [control_serial_interface]: Serial manager service not available
[ERROR] [1775073233.919358677] [control_serial_interface]: Serial port not found
[WARN] [1775073235.913728406] [control_serial_interface]: Control board serial port is not open, attempting to open
[INFO] [1775073235.915552418] [control_serial_interface]: Attempting to open serial port for control board
[INFO] [1775073235.916528137] [control_serial_interface]: No serial port defined for control board, attempting to acquire port
[ERROR] [1775073236.919924880] [control_serial_interface]: Serial manager service not available
[ERROR] [1775073236.922146651] [control_serial_interface]: Serial port not found
[WARN] [1775073238.914845634] [control_serial_interface]: Control board serial port is not open, attempting to open
[INFO] [1775073238.917053424] [control_serial_interface]: Attempting to open serial port for control board
[INFO] [1775073238.918919017] [control_serial_interface]: No serial port defined for control board, attempting to acquire port
[ERROR] [1775073239.922596735] [control_serial_interface]: Serial manager service not available
[ERROR] [1775073239.924543646] [control_serial_interface]: Serial port not found
[WARN] [1775073241.911934977] [control_serial_interface]: Control board serial port is not open, attempting to open
[INFO] [1775073241.912489861] [control_serial_interface]: Attempting to open serial port for control board
[INFO] [1775073241.913017654] [control_serial_interface]: No serial port defined for control board, attempting to acquire port
[ERROR] [1775073242.916986093] [control_serial_interface]: Serial manager service not available
[ERROR] [1775073242.919094639] [control_serial_interface]: Serial port not found
[WARN] [1775073244.911831557] [control_serial_interface]: Control board serial port is not open, attempting to open
[INFO] [1775073244.912472771] [control_serial_interface]: Attempting to open serial port for control board
[INFO] [1775073244.912997805] [control_serial_interface]: No serial port defined for control board, attempting to acquire port
[ERROR] [1775073245.915397976] [control_serial_interface]: Serial manager service not available
[ERROR] [1775073245.916134509] [control_serial_interface]: Serial port not found
[WARN] [1775073247.913478971] [control_serial_interface]: Control board serial port is not open, attempting to open
[INFO] [1775073247.915205393] [control_serial_interface]: Attempting to open serial port for control board
[INFO] [1775073247.917179270] [control_serial_interface]: No serial port defined for control board, attempting to acquire port
[ERROR] [1775073248.920679482] [control_serial_interface]: Serial manager service not available
[ERROR] [1775073248.922603082] [control_serial_interface]: Serial port not found
[WARN] [1775073250.911714511] [control_serial_interface]: Control board serial port is not open, attempting to open
[INFO] [1775073250.912315035] [control_serial_interface]: Attempting to open serial port for control board
[INFO] [1775073250.912787260] [control_serial_interface]: No serial port defined for control board, attempting to acquire port
[ERROR] [1775073251.914912503] [control_serial_interface]: Serial manager service not available
[ERROR] [1775073251.915536450] [control_serial_interface]: Serial port not found
[WARN] [1775073253.912485339] [control_serial_interface]: Control board serial port is not open, attempting to open
[INFO] [1775073253.913216071] [control_serial_interface]: Attempting to open serial port for control board
[INFO] [1775073253.913954618] [control_serial_interface]: No serial port defined for control board, attempting to acquire port
[ERROR] [1775073254.916273950] [control_serial_interface]: Serial manager service not available
[ERROR] [1775073254.916825053] [control_serial_interface]: Serial port not found
[WARN] [1775073256.912295097] [control_serial_interface]: Control board serial port is not open, attempting to open
[INFO] [1775073256.913142650] [control_serial_interface]: Attempting to open serial port for control board
[INFO] [1775073256.913871497] [control_serial_interface]: No serial port defined for control board, attempting to acquire port
[ERROR] [1775073257.916424828] [control_serial_interface]: Serial manager service not available
[ERROR] [1775073257.917080607] [control_serial_interface]: Serial port not found
[WARN] [1775073259.912743861] [control_serial_interface]: Control board serial port is not open, attempting to open
[INFO] [1775073259.914102371] [control_serial_interface]: Attempting to open serial port for control board
[INFO] [1775073259.915555891] [control_serial_interface]: No serial port defined for control board, attempting to acquire port
[ERROR] [1775073260.919075723] [control_serial_interface]: Serial manager service not available
[ERROR] [1775073260.920934576] [control_serial_interface]: Serial port not found
[WARN] [1775073262.911724978] [control_serial_interface]: Control board serial port is not open, attempting to open
[INFO] [1775073262.912345035] [control_serial_interface]: Attempting to open serial port for control board
[INFO] [1775073262.912881978] [control_serial_interface]: No serial port defined for control board, attempting to acquire port
[ERROR] [1775073263.916727355] [control_serial_interface]: Serial manager service not available
[ERROR] [1775073263.918820666] [control_serial_interface]: Serial port not found
[WARN] [1775073265.913689053] [control_serial_interface]: Control board serial port is not open, attempting to open
[INFO] [1775073265.915430037] [control_serial_interface]: Attempting to open serial port for control board
[INFO] [1775073265.917007629] [control_serial_interface]: No serial port defined for control board, attempting to acquire port
[ERROR] [1775073266.919436310] [control_serial_interface]: Serial manager service not available
[ERROR] [1775073266.920132227] [control_serial_interface]: Serial port not found
[WARN] [1775073268.912929954] [control_serial_interface]: Control board serial port is not open, attempting to open
[INFO] [1775073268.914826059] [control_serial_interface]: Attempting to open serial port for control board
[INFO] [1775073268.916096029] [control_serial_interface]: No serial port defined for control board, attempting to acquire port
[ERROR] [1775073269.919570404] [control_serial_interface]: Serial manager service not available
[ERROR] [1775073269.921130452] [control_serial_interface]: Serial port not found
[WARN] [1775073271.913735336] [control_serial_interface]: Control board serial port is not open, attempting to open
[INFO] [1775073271.915759516] [control_serial_interface]: Attempting to open serial port for control board
[INFO] [1775073271.916597113] [control_serial_interface]: No serial port defined for control board, attempting to acquire port
[ERROR] [1775073272.919557082] [control_serial_interface]: Serial manager service not available
[ERROR] [1775073272.921590175] [control_serial_interface]: Serial port not found
[WARN] [1775073274.912097949] [control_serial_interface]: Control board serial port is not open, attempting to open
[INFO] [1775073274.912815706] [control_serial_interface]: Attempting to open serial port for control board
[INFO] [1775073274.913545214] [control_serial_interface]: No serial port defined for control board, attempting to acquire port
[ERROR] [1775073275.917119596] [control_serial_interface]: Serial manager service not available
[ERROR] [1775073275.919133869] [control_serial_interface]: Serial port not found
[WARN] [1775073277.912131147] [control_serial_interface]: Control board serial port is not open, attempting to open
[INFO] [1775073277.916572620] [control_serial_interface]: Attempting to open serial port for control board
[INFO] [1775073277.918082784] [control_serial_interface]: No serial port defined for control board, attempting to acquire port
[ERROR] [1775073278.921425649] [control_serial_interface]: Serial manager service not available
[ERROR] [1775073278.923234395] [control_serial_interface]: Serial port not found
[WARN] [1775073280.912128043] [control_serial_interface]: Control board serial port is not open, attempting to open
[INFO] [1775073280.912947803] [control_serial_interface]: Attempting to open serial port for control board
[INFO] [1775073280.913509740] [control_serial_interface]: No serial port defined for control board, attempting to acquire port
[ERROR] [1775073281.916969920] [control_serial_interface]: Serial manager service not available
[ERROR] [1775073281.919008019] [control_serial_interface]: Serial port not found
[WARN] [1775073283.911762809] [control_serial_interface]: Control board serial port is not open, attempting to open
[INFO] [1775073283.912350856] [control_serial_interface]: Attempting to open serial port for control board
[INFO] [1775073283.912915921] [control_serial_interface]: No serial port defined for control board, attempting to acquire port
[ERROR] [1775073284.915248857] [control_serial_interface]: Serial manager service not available
[ERROR] [1775073284.916757966] [control_serial_interface]: Serial port not found
[WARN] [1775073286.913685716] [control_serial_interface]: Control board serial port is not open, attempting to open
[INFO] [1775073286.915379322] [control_serial_interface]: Attempting to open serial port for control board
[INFO] [1775073286.917286577] [control_serial_interface]: No serial port defined for control board, attempting to acquire port
[ERROR] [1775073287.921067198] [control_serial_interface]: Serial manager service not available
[ERROR] [1775073287.922883144] [control_serial_interface]: Serial port not found
[WARN] [1775073289.913129918] [control_serial_interface]: Control board serial port is not open, attempting to open
[INFO] [1775073289.914762862] [control_serial_interface]: Attempting to open serial port for control board
[INFO] [1775073289.916583688] [control_serial_interface]: No serial port defined for control board, attempting to acquire port
[ERROR] [1775073290.920562002] [control_serial_interface]: Serial manager service not available
[ERROR] [1775073290.922550984] [control_serial_interface]: Serial port not found
[WARN] [1775073292.913281541] [control_serial_interface]: Control board serial port is not open, attempting to open
[INFO] [1775073292.914529731] [control_serial_interface]: Attempting to open serial port for control board
[INFO] [1775073292.915724222] [control_serial_interface]: No serial port defined for control board, attempting to acquire port
[ERROR] [1775073293.919352596] [control_serial_interface]: Serial manager service not available
[ERROR] [1775073293.921171412] [control_serial_interface]: Serial port not found
[WARN] [1775073295.913665002] [control_serial_interface]: Control board serial port is not open, attempting to open
[INFO] [1775073295.915477833] [control_serial_interface]: Attempting to open serial port for control board
[INFO] [1775073295.917125233] [control_serial_interface]: No serial port defined for control board, attempting to acquire port
[ERROR] [1775073296.919583096] [control_serial_interface]: Serial manager service not available
[ERROR] [1775073296.920243392] [control_serial_interface]: Serial port not found
[WARN] [1775073298.913483203] [control_serial_interface]: Control board serial port is not open, attempting to open
[INFO] [1775073298.915286508] [control_serial_interface]: Attempting to open serial port for control board
[INFO] [1775073298.917177212] [control_serial_interface]: No serial port defined for control board, attempting to acquire port
[ERROR] [1775073299.921018565] [control_serial_interface]: Serial manager service not available
[ERROR] [1775073299.923125517] [control_serial_interface]: Serial port not found
[WARN] [1775073301.911892617] [control_serial_interface]: Control board serial port is not open, attempting to open
[INFO] [1775073301.912431029] [control_serial_interface]: Attempting to open serial port for control board
[INFO] [1775073301.912923412] [control_serial_interface]: No serial port defined for control board, attempting to acquire port
[ERROR] [1775073302.916202303] [control_serial_interface]: Serial manager service not available
[ERROR] [1775073302.918079186] [control_serial_interface]: Serial port not found
[WARN] [1775073304.911906135] [control_serial_interface]: Control board serial port is not open, attempting to open
[INFO] [1775073304.912477228] [control_serial_interface]: Attempting to open serial port for control board
[INFO] [1775073304.913023634] [control_serial_interface]: No serial port defined for control board, attempting to acquire port
[ERROR] [1775073305.917310360] [control_serial_interface]: Serial manager service not available
[ERROR] [1775073305.919700082] [control_serial_interface]: Serial port not found
[WARN] [1775073307.914130358] [control_serial_interface]: Control board serial port is not open, attempting to open
[INFO] [1775073307.916544991] [control_serial_interface]: Attempting to open serial port for control board
[INFO] [1775073307.918679854] [control_serial_interface]: No serial port defined for control board, attempting to acquire port
[ERROR] [1775073308.921426166] [control_serial_interface]: Serial manager service not available
[ERROR] [1775073308.922052405] [control_serial_interface]: Serial port not found
[WARN] [1775073310.911771454] [control_serial_interface]: Control board serial port is not open, attempting to open
[INFO] [1775073310.912339838] [control_serial_interface]: Attempting to open serial port for control board
[INFO] [1775073310.912755488] [control_serial_interface]: No serial port defined for control board, attempting to acquire port
[ERROR] [1775073311.916230791] [control_serial_interface]: Serial manager service not available
[ERROR] [1775073311.918085749] [control_serial_interface]: Serial port not found
[WARN] [1775073313.913169423] [control_serial_interface]: Control board serial port is not open, attempting to open
[INFO] [1775073313.915250204] [control_serial_interface]: Attempting to open serial port for control board
[INFO] [1775073313.917721634] [control_serial_interface]: No serial port defined for control board, attempting to acquire port
[ERROR] [1775073314.921940126] [control_serial_interface]: Serial manager service not available
[ERROR] [1775073314.923729496] [control_serial_interface]: Serial port not found
[WARN] [1775073316.913115238] [control_serial_interface]: Control board serial port is not open, attempting to open
[INFO] [1775073316.914873032] [control_serial_interface]: Attempting to open serial port for control board
[INFO] [1775073316.916503026] [control_serial_interface]: No serial port defined for control board, attempting to acquire port
[ERROR] [1775073317.919032237] [control_serial_interface]: Serial manager service not available
[ERROR] [1775073317.919652247] [control_serial_interface]: Serial port not found
[WARN] [1775073319.913516170] [control_serial_interface]: Control board serial port is not open, attempting to open
[INFO] [1775073319.915184746] [control_serial_interface]: Attempting to open serial port for control board
[INFO] [1775073319.916778004] [control_serial_interface]: No serial port defined for control board, attempting to acquire port
[ERROR] [1775073320.920714061] [control_serial_interface]: Serial manager service not available
[ERROR] [1775073320.922732059] [control_serial_interface]: Serial port not found
[WARN] [1775073322.911762462] [control_serial_interface]: Control board serial port is not open, attempting to open
[INFO] [1775073322.912286227] [control_serial_interface]: Attempting to open serial port for control board
[INFO] [1775073322.912808685] [control_serial_interface]: No serial port defined for control board, attempting to acquire port
[ERROR] [1775073323.916120067] [control_serial_interface]: Serial manager service not available
[ERROR] [1775073323.917650886] [control_serial_interface]: Serial port not found
[WARN] [1775073325.913261950] [control_serial_interface]: Control board serial port is not open, attempting to open
[INFO] [1775073325.915418658] [control_serial_interface]: Attempting to open serial port for control board
[INFO] [1775073325.917010121] [control_serial_interface]: No serial port defined for control board, attempting to acquire port
[ERROR] [1775073326.919789408] [control_serial_interface]: Serial manager service not available
[ERROR] [1775073326.920531539] [control_serial_interface]: Serial port not found
[WARN] [1775073328.913154963] [control_serial_interface]: Control board serial port is not open, attempting to open
[INFO] [1775073328.915395220] [control_serial_interface]: Attempting to open serial port for control board
[INFO] [1775073328.917295154] [control_serial_interface]: No serial port defined for control board, attempting to acquire port
[ERROR] [1775073329.920780195] [control_serial_interface]: Serial manager service not available
[ERROR] [1775073329.922788538] [control_serial_interface]: Serial port not found
[WARN] [1775073331.913355018] [control_serial_interface]: Control board serial port is not open, attempting to open
[INFO] [1775073331.915344375] [control_serial_interface]: Attempting to open serial port for control board
[INFO] [1775073331.916930233] [control_serial_interface]: No serial port defined for control board, attempting to acquire port
[ERROR] [1775073332.919582212] [control_serial_interface]: Serial manager service not available
[ERROR] [1775073332.920403252] [control_serial_interface]: Serial port not found
[WARN] [1775073334.913280383] [control_serial_interface]: Control board serial port is not open, attempting to open
[INFO] [1775073334.914944998] [control_serial_interface]: Attempting to open serial port for control board
[INFO] [1775073334.916686407] [control_serial_interface]: No serial port defined for control board, attempting to acquire port
[ERROR] [1775073335.920548261] [control_serial_interface]: Serial manager service not available
[ERROR] [1775073335.922399038] [control_serial_interface]: Serial port not found
[WARN] [1775073337.913216263] [control_serial_interface]: Control board serial port is not open, attempting to open
[INFO] [1775073337.915755400] [control_serial_interface]: Attempting to open serial port for control board
[INFO] [1775073337.917763293] [control_serial_interface]: No serial port defined for control board, attempting to acquire port
[ERROR] [1775073338.922009917] [control_serial_interface]: Serial manager service not available
[ERROR] [1775073338.924057471] [control_serial_interface]: Serial port not found
[WARN] [1775073340.913345800] [control_serial_interface]: Control board serial port is not open, attempting to open
[INFO] [1775073340.915362914] [control_serial_interface]: Attempting to open serial port for control board
[INFO] [1775073340.917361451] [control_serial_interface]: No serial port defined for control board, attempting to acquire port
[ERROR] [1775073341.920634344] [control_serial_interface]: Serial manager service not available
[ERROR] [1775073341.922520783] [control_serial_interface]: Serial port not found
[WARN] [1775073343.913470607] [control_serial_interface]: Control board serial port is not open, attempting to open
[INFO] [1775073343.915234476] [control_serial_interface]: Attempting to open serial port for control board
[INFO] [1775073343.916925147] [control_serial_interface]: No serial port defined for control board, attempting to acquire port
[ERROR] [1775073344.920642852] [control_serial_interface]: Serial manager service not available
[ERROR] [1775073344.922558756] [control_serial_interface]: Serial port not found
[WARN] [1775073346.912461818] [control_serial_interface]: Control board serial port is not open, attempting to open
[INFO] [1775073346.913370264] [control_serial_interface]: Attempting to open serial port for control board
[INFO] [1775073346.914305026] [control_serial_interface]: No serial port defined for control board, attempting to acquire port
[ERROR] [1775073347.917582738] [control_serial_interface]: Serial manager service not available
[ERROR] [1775073347.919498352] [control_serial_interface]: Serial port not found
[WARN] [1775073349.914315759] [control_serial_interface]: Control board serial port is not open, attempting to open
[INFO] [1775073349.915841343] [control_serial_interface]: Attempting to open serial port for control board
[INFO] [1775073349.917499369] [control_serial_interface]: No serial port defined for control board, attempting to acquire port
[ERROR] [1775073350.921110913] [control_serial_interface]: Serial manager service not available
[ERROR] [1775073350.923286337] [control_serial_interface]: Serial port not found
[WARN] [1775073352.912388594] [control_serial_interface]: Control board serial port is not open, attempting to open
[INFO] [1775073352.913399513] [control_serial_interface]: Attempting to open serial port for control board
[INFO] [1775073352.914312291] [control_serial_interface]: No serial port defined for control board, attempting to acquire port
[ERROR] [1775073353.917940574] [control_serial_interface]: Serial manager service not available
[ERROR] [1775073353.919775046] [control_serial_interface]: Serial port not found
[WARN] [1775073355.912285362] [control_serial_interface]: Control board serial port is not open, attempting to open
[INFO] [1775073355.913001519] [control_serial_interface]: Attempting to open serial port for control board
[INFO] [1775073355.913639598] [control_serial_interface]: No serial port defined for control board, attempting to acquire port
[ERROR] [1775073356.917277757] [control_serial_interface]: Serial manager service not available
[ERROR] [1775073356.919368848] [control_serial_interface]: Serial port not found
[WARN] [1775073358.913495753] [control_serial_interface]: Control board serial port is not open, attempting to open
[INFO] [1775073358.915224216] [control_serial_interface]: Attempting to open serial port for control board
[INFO] [1775073358.916844980] [control_serial_interface]: No serial port defined for control board, attempting to acquire port
[ERROR] [1775073359.920650097] [control_serial_interface]: Serial manager service not available
[ERROR] [1775073359.922637269] [control_serial_interface]: Serial port not found
[WARN] [1775073361.913242276] [control_serial_interface]: Control board serial port is not open, attempting to open
[INFO] [1775073361.914970129] [control_serial_interface]: Attempting to open serial port for control board
[INFO] [1775073361.916820366] [control_serial_interface]: No serial port defined for control board, attempting to acquire port
[ERROR] [1775073362.920662330] [control_serial_interface]: Serial manager service not available
[ERROR] [1775073362.922722480] [control_serial_interface]: Serial port not found
[WARN] [1775073364.913148380] [control_serial_interface]: Control board serial port is not open, attempting to open
[INFO] [1775073364.914818981] [control_serial_interface]: Attempting to open serial port for control board
[INFO] [1775073364.916669718] [control_serial_interface]: No serial port defined for control board, attempting to acquire port
[ERROR] [1775073365.919477976] [control_serial_interface]: Serial manager service not available
[ERROR] [1775073365.920072826] [control_serial_interface]: Serial port not found
[WARN] [1775073367.911731010] [control_serial_interface]: Control board serial port is not open, attempting to open
[INFO] [1775073367.912317549] [control_serial_interface]: Attempting to open serial port for control board
[INFO] [1775073367.912841502] [control_serial_interface]: No serial port defined for control board, attempting to acquire port
[ERROR] [1775073368.915385980] [control_serial_interface]: Serial manager service not available
[ERROR] [1775073368.916128495] [control_serial_interface]: Serial port not found
[WARN] [1775073370.913266105] [control_serial_interface]: Control board serial port is not open, attempting to open
[INFO] [1775073370.915025769] [control_serial_interface]: Attempting to open serial port for control board
[INFO] [1775073370.916899227] [control_serial_interface]: No serial port defined for control board, attempting to acquire port
[ERROR] [1775073371.920486286] [control_serial_interface]: Serial manager service not available
[ERROR] [1775073371.922291402] [control_serial_interface]: Serial port not found
[WARN] [1775073373.913202935] [control_serial_interface]: Control board serial port is not open, attempting to open
[INFO] [1775073373.914882371] [control_serial_interface]: Attempting to open serial port for control board
[INFO] [1775073373.916485199] [control_serial_interface]: No serial port defined for control board, attempting to acquire port
[ERROR] [1775073374.920156252] [control_serial_interface]: Serial manager service not available
[ERROR] [1775073374.922185550] [control_serial_interface]: Serial port not found
[WARN] [1775073376.913419275] [control_serial_interface]: Control board serial port is not open, attempting to open
[INFO] [1775073376.915169394] [control_serial_interface]: Attempting to open serial port for control board
[INFO] [1775073376.916940998] [control_serial_interface]: No serial port defined for control board, attempting to acquire port
[ERROR] [1775073377.920777892] [control_serial_interface]: Serial manager service not available
[ERROR] [1775073377.922607578] [control_serial_interface]: Serial port not found
[WARN] [1775073379.913177179] [control_serial_interface]: Control board serial port is not open, attempting to open
[INFO] [1775073379.914961518] [control_serial_interface]: Attempting to open serial port for control board
[INFO] [1775073379.916582742] [control_serial_interface]: No serial port defined for control board, attempting to acquire port
[ERROR] [1775073380.920503934] [control_serial_interface]: Serial manager service not available
[ERROR] [1775073380.922565949] [control_serial_interface]: Serial port not found
[WARN] [1775073382.913406142] [control_serial_interface]: Control board serial port is not open, attempting to open
[INFO] [1775073382.914834119] [control_serial_interface]: Attempting to open serial port for control board
[INFO] [1775073382.916313460] [control_serial_interface]: No serial port defined for control board, attempting to acquire port
[ERROR] [1775073383.919627385] [control_serial_interface]: Serial manager service not available
[ERROR] [1775073383.921936624] [control_serial_interface]: Serial port not found
[WARN] [1775073385.912574839] [control_serial_interface]: Control board serial port is not open, attempting to open
[INFO] [1775073385.913633543] [control_serial_interface]: Attempting to open serial port for control board
[INFO] [1775073385.914703094] [control_serial_interface]: No serial port defined for control board, attempting to acquire port
[ERROR] [1775073386.918531707] [control_serial_interface]: Serial manager service not available
[ERROR] [1775073386.923511563] [control_serial_interface]: Serial port not found
[WARN] [1775073388.913764848] [control_serial_interface]: Control board serial port is not open, attempting to open
[INFO] [1775073388.915056581] [control_serial_interface]: Attempting to open serial port for control board
[INFO] [1775073388.915805074] [control_serial_interface]: No serial port defined for control board, attempting to acquire port
[ERROR] [1775073389.918109719] [control_serial_interface]: Serial manager service not available
[ERROR] [1775073389.919498952] [control_serial_interface]: Serial port not found
[WARN] [1775073391.914187210] [control_serial_interface]: Control board serial port is not open, attempting to open
[INFO] [1775073391.916440692] [control_serial_interface]: Attempting to open serial port for control board
[INFO] [1775073391.917754013] [control_serial_interface]: No serial port defined for control board, attempting to acquire port
[ERROR] [1775073392.920403767] [control_serial_interface]: Serial manager service not available
[ERROR] [1775073392.921265095] [control_serial_interface]: Serial port not found
[WARN] [1775073394.912005347] [control_serial_interface]: Control board serial port is not open, attempting to open
[INFO] [1775073394.912670799] [control_serial_interface]: Attempting to open serial port for control board
[INFO] [1775073394.913221655] [control_serial_interface]: No serial port defined for control board, attempting to acquire port
[ERROR] [1775073395.916520387] [control_serial_interface]: Serial manager service not available
[ERROR] [1775073395.918427356] [control_serial_interface]: Serial port not found
[WARN] [1775073397.914096337] [control_serial_interface]: Control board serial port is not open, attempting to open
[INFO] [1775073397.916844597] [control_serial_interface]: Attempting to open serial port for control board
[INFO] [1775073397.919462017] [control_serial_interface]: No serial port defined for control board, attempting to acquire port
[ERROR] [1775073398.922941611] [control_serial_interface]: Serial manager service not available
[ERROR] [1775073398.924649313] [control_serial_interface]: Serial port not found
[WARN] [1775073400.911946816] [control_serial_interface]: Control board serial port is not open, attempting to open
[INFO] [1775073400.912480974] [control_serial_interface]: Attempting to open serial port for control board
[INFO] [1775073400.912931410] [control_serial_interface]: No serial port defined for control board, attempting to acquire port
[ERROR] [1775073401.918078201] [control_serial_interface]: Serial manager service not available
[ERROR] [1775073401.918826545] [control_serial_interface]: Serial port not found
[WARN] [1775073403.912106249] [control_serial_interface]: Control board serial port is not open, attempting to open
[INFO] [1775073403.913016913] [control_serial_interface]: Attempting to open serial port for control board
[INFO] [1775073403.913663643] [control_serial_interface]: No serial port defined for control board, attempting to acquire port
[ERROR] [1775073404.917133335] [control_serial_interface]: Serial manager service not available
[ERROR] [1775073404.919199260] [control_serial_interface]: Serial port not found
[WARN] [1775073406.913536159] [control_serial_interface]: Control board serial port is not open, attempting to open
[INFO] [1775073406.915277182] [control_serial_interface]: Attempting to open serial port for control board
[INFO] [1775073406.917243569] [control_serial_interface]: No serial port defined for control board, attempting to acquire port
[ERROR] [1775073407.921279106] [control_serial_interface]: Serial manager service not available
[ERROR] [1775073407.923667708] [control_serial_interface]: Serial port not found
[WARN] [1775073409.912973709] [control_serial_interface]: Control board serial port is not open, attempting to open
[INFO] [1775073409.913541249] [control_serial_interface]: Attempting to open serial port for control board
[INFO] [1775073409.913983422] [control_serial_interface]: No serial port defined for control board, attempting to acquire port
[ERROR] [1775073410.917455627] [control_serial_interface]: Serial manager service not available
[ERROR] [1775073410.919618920] [control_serial_interface]: Serial port not found
[WARN] [1775073412.912532687] [control_serial_interface]: Control board serial port is not open, attempting to open
[INFO] [1775073412.913557724] [control_serial_interface]: Attempting to open serial port for control board
[INFO] [1775073412.914525477] [control_serial_interface]: No serial port defined for control board, attempting to acquire port
[ERROR] [1775073413.916776940] [control_serial_interface]: Serial manager service not available
[ERROR] [1775073413.917448513] [control_serial_interface]: Serial port not found
[WARN] [1775073415.911980914] [control_serial_interface]: Control board serial port is not open, attempting to open
[INFO] [1775073415.912690820] [control_serial_interface]: Attempting to open serial port for control board
[INFO] [1775073415.913415937] [control_serial_interface]: No serial port defined for control board, attempting to acquire port
[ERROR] [1775073416.916640222] [control_serial_interface]: Serial manager service not available
[ERROR] [1775073416.918889754] [control_serial_interface]: Serial port not found
[WARN] [1775073418.912167004] [control_serial_interface]: Control board serial port is not open, attempting to open
[INFO] [1775073418.912746249] [control_serial_interface]: Attempting to open serial port for control board
[INFO] [1775073418.913260560] [control_serial_interface]: No serial port defined for control board, attempting to acquire port
[ERROR] [1775073419.915420164] [control_serial_interface]: Serial manager service not available
[ERROR] [1775073419.916245835] [control_serial_interface]: Serial port not found
[WARN] [1775073421.913160680] [control_serial_interface]: Control board serial port is not open, attempting to open
[INFO] [1775073421.915382301] [control_serial_interface]: Attempting to open serial port for control board
[INFO] [1775073421.916961834] [control_serial_interface]: No serial port defined for control board, attempting to acquire port
[ERROR] [1775073422.920310521] [control_serial_interface]: Serial manager service not available
[ERROR] [1775073422.922224296] [control_serial_interface]: Serial port not found
[WARN] [1775073424.913586536] [control_serial_interface]: Control board serial port is not open, attempting to open
[INFO] [1775073424.915629095] [control_serial_interface]: Attempting to open serial port for control board
[INFO] [1775073424.917836746] [control_serial_interface]: No serial port defined for control board, attempting to acquire port
[ERROR] [1775073425.921048081] [control_serial_interface]: Serial manager service not available
[ERROR] [1775073425.921751643] [control_serial_interface]: Serial port not found
[WARN] [1775073427.913401364] [control_serial_interface]: Control board serial port is not open, attempting to open
[INFO] [1775073427.915150693] [control_serial_interface]: Attempting to open serial port for control board
[INFO] [1775073427.917091329] [control_serial_interface]: No serial port defined for control board, attempting to acquire port
[ERROR] [1775073428.921156967] [control_serial_interface]: Serial manager service not available
[ERROR] [1775073428.922936597] [control_serial_interface]: Serial port not found
[WARN] [1775073430.913301090] [control_serial_interface]: Control board serial port is not open, attempting to open
[INFO] [1775073430.915013503] [control_serial_interface]: Attempting to open serial port for control board
[INFO] [1775073430.916894026] [control_serial_interface]: No serial port defined for control board, attempting to acquire port
[ERROR] [1775073431.920410905] [control_serial_interface]: Serial manager service not available
[ERROR] [1775073431.922372511] [control_serial_interface]: Serial port not found
[WARN] [1775073433.913350302] [control_serial_interface]: Control board serial port is not open, attempting to open
[INFO] [1775073433.915125787] [control_serial_interface]: Attempting to open serial port for control board
[INFO] [1775073433.916893292] [control_serial_interface]: No serial port defined for control board, attempting to acquire port
[ERROR] [1775073434.920613247] [control_serial_interface]: Serial manager service not available
[ERROR] [1775073434.923337402] [control_serial_interface]: Serial port not found
[WARN] [1775073436.913400075] [control_serial_interface]: Control board serial port is not open, attempting to open
[INFO] [1775073436.915580074] [control_serial_interface]: Attempting to open serial port for control board
[INFO] [1775073436.917260191] [control_serial_interface]: No serial port defined for control board, attempting to acquire port
[ERROR] [1775073437.921207060] [control_serial_interface]: Serial manager service not available
[ERROR] [1775073437.923129020] [control_serial_interface]: Serial port not found
[WARN] [1775073439.911762934] [control_serial_interface]: Control board serial port is not open, attempting to open
[INFO] [1775073439.912383101] [control_serial_interface]: Attempting to open serial port for control board
[INFO] [1775073439.912890166] [control_serial_interface]: No serial port defined for control board, attempting to acquire port
[ERROR] [1775073440.916598652] [control_serial_interface]: Serial manager service not available
[ERROR] [1775073440.918641196] [control_serial_interface]: Serial port not found
[WARN] [1775073442.912470734] [control_serial_interface]: Control board serial port is not open, attempting to open
[INFO] [1775073442.913471608] [control_serial_interface]: Attempting to open serial port for control board
[INFO] [1775073442.914473869] [control_serial_interface]: No serial port defined for control board, attempting to acquire port
[ERROR] [1775073443.916840301] [control_serial_interface]: Serial manager service not available
[ERROR] [1775073443.917533419] [control_serial_interface]: Serial port not found
[WARN] [1775073445.911956936] [control_serial_interface]: Control board serial port is not open, attempting to open
[INFO] [1775073445.912523694] [control_serial_interface]: Attempting to open serial port for control board
[INFO] [1775073445.913037337] [control_serial_interface]: No serial port defined for control board, attempting to acquire port
[ERROR] [1775073446.916584211] [control_serial_interface]: Serial manager service not available
[ERROR] [1775073446.918763146] [control_serial_interface]: Serial port not found
[WARN] [1775073448.914260357] [control_serial_interface]: Control board serial port is not open, attempting to open
[INFO] [1775073448.916218383] [control_serial_interface]: Attempting to open serial port for control board
[INFO] [1775073448.917760404] [control_serial_interface]: No serial port defined for control board, attempting to acquire port
[ERROR] [1775073449.921465765] [control_serial_interface]: Serial manager service not available
[ERROR] [1775073449.923476603] [control_serial_interface]: Serial port not found
[WARN] [1775073451.913722652] [control_serial_interface]: Control board serial port is not open, attempting to open
[INFO] [1775073451.915885041] [control_serial_interface]: Attempting to open serial port for control board
[INFO] [1775073451.917764654] [control_serial_interface]: No serial port defined for control board, attempting to acquire port
[ERROR] [1775073452.920792539] [control_serial_interface]: Serial manager service not available
[ERROR] [1775073452.921645426] [control_serial_interface]: Serial port not found
[WARN] [1775073454.913253845] [control_serial_interface]: Control board serial port is not open, attempting to open
[INFO] [1775073454.915318475] [control_serial_interface]: Attempting to open serial port for control board
[INFO] [1775073454.917091900] [control_serial_interface]: No serial port defined for control board, attempting to acquire port
[ERROR] [1775073455.920941035] [control_serial_interface]: Serial manager service not available
[ERROR] [1775073455.923464202] [control_serial_interface]: Serial port not found
[WARN] [1775073457.913263695] [control_serial_interface]: Control board serial port is not open, attempting to open
[INFO] [1775073457.914965807] [control_serial_interface]: Attempting to open serial port for control board
[INFO] [1775073457.916771373] [control_serial_interface]: No serial port defined for control board, attempting to acquire port
[ERROR] [1775073458.920724608] [control_serial_interface]: Serial manager service not available
[ERROR] [1775073458.922524198] [control_serial_interface]: Serial port not found
[WARN] [1775073460.913522905] [control_serial_interface]: Control board serial port is not open, attempting to open
[INFO] [1775073460.915257668] [control_serial_interface]: Attempting to open serial port for control board
[INFO] [1775073460.916805585] [control_serial_interface]: No serial port defined for control board, attempting to acquire port
[ERROR] [1775073461.920619579] [control_serial_interface]: Serial manager service not available
[ERROR] [1775073461.922790008] [control_serial_interface]: Serial port not found
[WARN] [1775073463.913361314] [control_serial_interface]: Control board serial port is not open, attempting to open
[INFO] [1775073463.915115858] [control_serial_interface]: Attempting to open serial port for control board
[INFO] [1775073463.916692416] [control_serial_interface]: No serial port defined for control board, attempting to acquire port
[ERROR] [1775073464.920396081] [control_serial_interface]: Serial manager service not available
[ERROR] [1775073464.922388939] [control_serial_interface]: Serial port not found
[WARN] [1775073466.913311287] [control_serial_interface]: Control board serial port is not open, attempting to open
[INFO] [1775073466.915120088] [control_serial_interface]: Attempting to open serial port for control board
[INFO] [1775073466.916759953] [control_serial_interface]: No serial port defined for control board, attempting to acquire port
[ERROR] [1775073467.919493659] [control_serial_interface]: Serial manager service not available
[ERROR] [1775073467.920140503] [control_serial_interface]: Serial port not found
[WARN] [1775073469.913244510] [control_serial_interface]: Control board serial port is not open, attempting to open
[INFO] [1775073469.915144769] [control_serial_interface]: Attempting to open serial port for control board
[INFO] [1775073469.917070544] [control_serial_interface]: No serial port defined for control board, attempting to acquire port
[ERROR] [1775073470.920570657] [control_serial_interface]: Serial manager service not available
[ERROR] [1775073470.922362617] [control_serial_interface]: Serial port not found
[WARN] [1775073472.913557624] [control_serial_interface]: Control board serial port is not open, attempting to open
[INFO] [1775073472.915132774] [control_serial_interface]: Attempting to open serial port for control board
[INFO] [1775073472.916505974] [control_serial_interface]: No serial port defined for control board, attempting to acquire port
[ERROR] [1775073473.919982151] [control_serial_interface]: Serial manager service not available
[ERROR] [1775073473.921706994] [control_serial_interface]: Serial port not found
[WARN] [1775073475.913163232] [control_serial_interface]: Control board serial port is not open, attempting to open
[INFO] [1775073475.915158825] [control_serial_interface]: Attempting to open serial port for control board
[INFO] [1775073475.916966521] [control_serial_interface]: No serial port defined for control board, attempting to acquire port
[ERROR] [1775073476.920603509] [control_serial_interface]: Serial manager service not available
[ERROR] [1775073476.923208784] [control_serial_interface]: Serial port not found
[WARN] [1775073478.913393806] [control_serial_interface]: Control board serial port is not open, attempting to open
[INFO] [1775073478.915722021] [control_serial_interface]: Attempting to open serial port for control board
[INFO] [1775073478.917478230] [control_serial_interface]: No serial port defined for control board, attempting to acquire port
[ERROR] [1775073479.921320640] [control_serial_interface]: Serial manager service not available
[ERROR] [1775073479.923122716] [control_serial_interface]: Serial port not found
[WARN] [1775073481.913684096] [control_serial_interface]: Control board serial port is not open, attempting to open
[INFO] [1775073481.915434995] [control_serial_interface]: Attempting to open serial port for control board
[INFO] [1775073481.917082352] [control_serial_interface]: No serial port defined for control board, attempting to acquire port
[ERROR] [1775073482.921083436] [control_serial_interface]: Serial manager service not available
[ERROR] [1775073482.922912988] [control_serial_interface]: Serial port not found
[WARN] [1775073484.913076079] [control_serial_interface]: Control board serial port is not open, attempting to open
[INFO] [1775073484.914829618] [control_serial_interface]: Attempting to open serial port for control board
[INFO] [1775073484.916643309] [control_serial_interface]: No serial port defined for control board, attempting to acquire port
[ERROR] [1775073485.920528761] [control_serial_interface]: Serial manager service not available
[ERROR] [1775073485.922422440] [control_serial_interface]: Serial port not found
[WARN] [1775073487.913294352] [control_serial_interface]: Control board serial port is not open, attempting to open
[INFO] [1775073487.915170086] [control_serial_interface]: Attempting to open serial port for control board
[INFO] [1775073487.917018978] [control_serial_interface]: No serial port defined for control board, attempting to acquire port
[ERROR] [1775073488.920916970] [control_serial_interface]: Serial manager service not available
[ERROR] [1775073488.922711796] [control_serial_interface]: Serial port not found
[WARN] [1775073490.913418917] [control_serial_interface]: Control board serial port is not open, attempting to open
[INFO] [1775073490.915219223] [control_serial_interface]: Attempting to open serial port for control board
[INFO] [1775073490.917098281] [control_serial_interface]: No serial port defined for control board, attempting to acquire port
[ERROR] [1775073491.920929247] [control_serial_interface]: Serial manager service not available
[ERROR] [1775073491.922757973] [control_serial_interface]: Serial port not found
[WARN] [1775073493.911965231] [control_serial_interface]: Control board serial port is not open, attempting to open
[INFO] [1775073493.912511479] [control_serial_interface]: Attempting to open serial port for control board
[INFO] [1775073493.913019529] [control_serial_interface]: No serial port defined for control board, attempting to acquire port
[ERROR] [1775073494.916106461] [control_serial_interface]: Serial manager service not available
[ERROR] [1775073494.918314381] [control_serial_interface]: Serial port not found
[WARN] [1775073496.913305138] [control_serial_interface]: Control board serial port is not open, attempting to open
[INFO] [1775073496.915390169] [control_serial_interface]: Attempting to open serial port for control board
[INFO] [1775073496.917309040] [control_serial_interface]: No serial port defined for control board, attempting to acquire port
[ERROR] [1775073497.919708972] [control_serial_interface]: Serial manager service not available
[ERROR] [1775073497.920380783] [control_serial_interface]: Serial port not found
[WARN] [1775073499.913365930] [control_serial_interface]: Control board serial port is not open, attempting to open
[INFO] [1775073499.915090058] [control_serial_interface]: Attempting to open serial port for control board
[INFO] [1775073499.916740358] [control_serial_interface]: No serial port defined for control board, attempting to acquire port
[ERROR] [1775073500.919226083] [control_serial_interface]: Serial manager service not available
[ERROR] [1775073500.919835821] [control_serial_interface]: Serial port not found
[WARN] [1775073502.912474550] [control_serial_interface]: Control board serial port is not open, attempting to open
[INFO] [1775073502.913120760] [control_serial_interface]: Attempting to open serial port for control board
[INFO] [1775073502.913692074] [control_serial_interface]: No serial port defined for control board, attempting to acquire port
[ERROR] [1775073503.918060317] [control_serial_interface]: Serial manager service not available
[ERROR] [1775073503.920049099] [control_serial_interface]: Serial port not found
[WARN] [1775073505.912598356] [control_serial_interface]: Control board serial port is not open, attempting to open
[INFO] [1775073505.913592979] [control_serial_interface]: Attempting to open serial port for control board
[INFO] [1775073505.914582420] [control_serial_interface]: No serial port defined for control board, attempting to acquire port
[ERROR] [1775073506.918191846] [control_serial_interface]: Serial manager service not available
[ERROR] [1775073506.920364131] [control_serial_interface]: Serial port not found
[WARN] [1775073508.914032750] [control_serial_interface]: Control board serial port is not open, attempting to open
[INFO] [1775073508.915705111] [control_serial_interface]: Attempting to open serial port for control board
[INFO] [1775073508.917615536] [control_serial_interface]: No serial port defined for control board, attempting to acquire port
[ERROR] [1775073509.920983073] [control_serial_interface]: Serial manager service not available
[ERROR] [1775073509.922813130] [control_serial_interface]: Serial port not found
[WARN] [1775073511.913485095] [control_serial_interface]: Control board serial port is not open, attempting to open
[INFO] [1775073511.915740997] [control_serial_interface]: Attempting to open serial port for control board
[INFO] [1775073511.917493296] [control_serial_interface]: No serial port defined for control board, attempting to acquire port
[ERROR] [1775073512.919947112] [control_serial_interface]: Serial manager service not available
[ERROR] [1775073512.920591563] [control_serial_interface]: Serial port not found
[WARN] [1775073514.913387161] [control_serial_interface]: Control board serial port is not open, attempting to open
[INFO] [1775073514.915358173] [control_serial_interface]: Attempting to open serial port for control board
[INFO] [1775073514.917317345] [control_serial_interface]: No serial port defined for control board, attempting to acquire port
[ERROR] [1775073515.921011784] [control_serial_interface]: Serial manager service not available
[ERROR] [1775073515.922783589] [control_serial_interface]: Serial port not found
[WARN] [1775073517.913472254] [control_serial_interface]: Control board serial port is not open, attempting to open
[INFO] [1775073517.915253104] [control_serial_interface]: Attempting to open serial port for control board
[INFO] [1775073517.917289214] [control_serial_interface]: No serial port defined for control board, attempting to acquire port
[ERROR] [1775073518.921098098] [control_serial_interface]: Serial manager service not available
[ERROR] [1775073518.923018573] [control_serial_interface]: Serial port not found
[WARN] [1775073520.913168188] [control_serial_interface]: Control board serial port is not open, attempting to open
[INFO] [1775073520.915274224] [control_serial_interface]: Attempting to open serial port for control board
[INFO] [1775073520.917039734] [control_serial_interface]: No serial port defined for control board, attempting to acquire port
[ERROR] [1775073521.920885719] [control_serial_interface]: Serial manager service not available
[ERROR] [1775073521.922667674] [control_serial_interface]: Serial port not found
[WARN] [1775073523.915913853] [control_serial_interface]: Control board serial port is not open, attempting to open
[INFO] [1775073523.917662912] [control_serial_interface]: Attempting to open serial port for control board
[INFO] [1775073523.920104826] [control_serial_interface]: No serial port defined for control board, attempting to acquire port
[ERROR] [1775073524.923196698] [control_serial_interface]: Serial manager service not available
[ERROR] [1775073524.924287646] [control_serial_interface]: Serial port not found
[WARN] [1775073526.913166718] [control_serial_interface]: Control board serial port is not open, attempting to open
[INFO] [1775073526.914956468] [control_serial_interface]: Attempting to open serial port for control board
[INFO] [1775073526.916631829] [control_serial_interface]: No serial port defined for control board, attempting to acquire port
[ERROR] [1775073527.920477329] [control_serial_interface]: Serial manager service not available
[ERROR] [1775073527.922299836] [control_serial_interface]: Serial port not found
[WARN] [1775073529.913254281] [control_serial_interface]: Control board serial port is not open, attempting to open
[INFO] [1775073529.915308391] [control_serial_interface]: Attempting to open serial port for control board
[INFO] [1775073529.916839891] [control_serial_interface]: No serial port defined for control board, attempting to acquire port
[ERROR] [1775073530.919714331] [control_serial_interface]: Serial manager service not available
[ERROR] [1775073530.920492086] [control_serial_interface]: Serial port not found
[WARN] [1775073532.912616356] [control_serial_interface]: Control board serial port is not open, attempting to open
[INFO] [1775073532.913735907] [control_serial_interface]: Attempting to open serial port for control board
[INFO] [1775073532.914761424] [control_serial_interface]: No serial port defined for control board, attempting to acquire port
[ERROR] [1775073533.918072937] [control_serial_interface]: Serial manager service not available
[ERROR] [1775073533.920147747] [control_serial_interface]: Serial port not found
[WARN] [1775073535.911893783] [control_serial_interface]: Control board serial port is not open, attempting to open
[INFO] [1775073535.912439391] [control_serial_interface]: Attempting to open serial port for control board
[INFO] [1775073535.912956560] [control_serial_interface]: No serial port defined for control board, attempting to acquire port
[ERROR] [1775073536.916437422] [control_serial_interface]: Serial manager service not available
[ERROR] [1775073536.918510683] [control_serial_interface]: Serial port not found
[WARN] [1775073538.913284337] [control_serial_interface]: Control board serial port is not open, attempting to open
[INFO] [1775073538.915128889] [control_serial_interface]: Attempting to open serial port for control board
[INFO] [1775073538.917079975] [control_serial_interface]: No serial port defined for control board, attempting to acquire port
[ERROR] [1775073539.919559238] [control_serial_interface]: Serial manager service not available
[ERROR] [1775073539.920177298] [control_serial_interface]: Serial port not found
[WARN] [1775073541.912694400] [control_serial_interface]: Control board serial port is not open, attempting to open
[INFO] [1775073541.914029884] [control_serial_interface]: Attempting to open serial port for control board
[INFO] [1775073541.915311020] [control_serial_interface]: No serial port defined for control board, attempting to acquire port
[ERROR] [1775073542.919007926] [control_serial_interface]: Serial manager service not available
[ERROR] [1775073542.920916890] [control_serial_interface]: Serial port not found
[WARN] [1775073544.913336314] [control_serial_interface]: Control board serial port is not open, attempting to open
[INFO] [1775073544.915086898] [control_serial_interface]: Attempting to open serial port for control board
[INFO] [1775073544.916937530] [control_serial_interface]: No serial port defined for control board, attempting to acquire port
[ERROR] [1775073545.922128210] [control_serial_interface]: Serial manager service not available
[ERROR] [1775073545.924230636] [control_serial_interface]: Serial port not found
[WARN] [1775073547.913597603] [control_serial_interface]: Control board serial port is not open, attempting to open
[INFO] [1775073547.916143771] [control_serial_interface]: Attempting to open serial port for control board
[INFO] [1775073547.918029574] [control_serial_interface]: No serial port defined for control board, attempting to acquire port
[ERROR] [1775073548.921995514] [control_serial_interface]: Serial manager service not available
[ERROR] [1775073548.923992087] [control_serial_interface]: Serial port not found
[WARN] [1775073550.913369010] [control_serial_interface]: Control board serial port is not open, attempting to open
[INFO] [1775073550.915351542] [control_serial_interface]: Attempting to open serial port for control board
[INFO] [1775073550.917004707] [control_serial_interface]: No serial port defined for control board, attempting to acquire port
[ERROR] [1775073551.919501957] [control_serial_interface]: Serial manager service not available
[ERROR] [1775073551.920126432] [control_serial_interface]: Serial port not found
[WARN] [1775073553.913205694] [control_serial_interface]: Control board serial port is not open, attempting to open
[INFO] [1775073553.915325301] [control_serial_interface]: Attempting to open serial port for control board
[INFO] [1775073553.917156728] [control_serial_interface]: No serial port defined for control board, attempting to acquire port
[ERROR] [1775073554.920633290] [control_serial_interface]: Serial manager service not available
[ERROR] [1775073554.922509243] [control_serial_interface]: Serial port not found
[WARN] [1775073556.913242205] [control_serial_interface]: Control board serial port is not open, attempting to open
[INFO] [1775073556.915056981] [control_serial_interface]: Attempting to open serial port for control board
[INFO] [1775073556.916838481] [control_serial_interface]: No serial port defined for control board, attempting to acquire port
[ERROR] [1775073557.919204706] [control_serial_interface]: Serial manager service not available
[ERROR] [1775073557.919809613] [control_serial_interface]: Serial port not found
[WARN] [1775073559.913283232] [control_serial_interface]: Control board serial port is not open, attempting to open
[INFO] [1775073559.915169610] [control_serial_interface]: Attempting to open serial port for control board
[INFO] [1775073559.917478180] [control_serial_interface]: No serial port defined for control board, attempting to acquire port
[ERROR] [1775073560.921219911] [control_serial_interface]: Serial manager service not available
[ERROR] [1775073560.923115915] [control_serial_interface]: Serial port not found
[WARN] [1775073562.913589366] [control_serial_interface]: Control board serial port is not open, attempting to open
[INFO] [1775073562.915120670] [control_serial_interface]: Attempting to open serial port for control board
[INFO] [1775073562.916548798] [control_serial_interface]: No serial port defined for control board, attempting to acquire port
[ERROR] [1775073563.920355015] [control_serial_interface]: Serial manager service not available
[ERROR] [1775073563.922245069] [control_serial_interface]: Serial port not found
[WARN] [1775073565.913216879] [control_serial_interface]: Control board serial port is not open, attempting to open
[INFO] [1775073565.914998569] [control_serial_interface]: Attempting to open serial port for control board
[INFO] [1775073565.916601228] [control_serial_interface]: No serial port defined for control board, attempting to acquire port
[ERROR] [1775073566.924084256] [control_serial_interface]: Serial manager service not available
[ERROR] [1775073566.926432156] [control_serial_interface]: Serial port not found
[WARN] [1775073568.913134896] [control_serial_interface]: Control board serial port is not open, attempting to open
[INFO] [1775073568.915062812] [control_serial_interface]: Attempting to open serial port for control board
[INFO] [1775073568.916710437] [control_serial_interface]: No serial port defined for control board, attempting to acquire port
[ERROR] [1775073569.920515191] [control_serial_interface]: Serial manager service not available
[ERROR] [1775073569.922750542] [control_serial_interface]: Serial port not found
[WARN] [1775073571.912018179] [control_serial_interface]: Control board serial port is not open, attempting to open
[INFO] [1775073571.912702954] [control_serial_interface]: Attempting to open serial port for control board
[INFO] [1775073571.913321367] [control_serial_interface]: No serial port defined for control board, attempting to acquire port
[ERROR] [1775073572.915649221] [control_serial_interface]: Serial manager service not available
[ERROR] [1775073572.916545652] [control_serial_interface]: Serial port not found
[WARN] [1775073574.913258871] [control_serial_interface]: Control board serial port is not open, attempting to open
[INFO] [1775073574.915134999] [control_serial_interface]: Attempting to open serial port for control board
[INFO] [1775073574.916819776] [control_serial_interface]: No serial port defined for control board, attempting to acquire port
[ERROR] [1775073575.920580397] [control_serial_interface]: Serial manager service not available
[ERROR] [1775073575.922476671] [control_serial_interface]: Serial port not found
[WARN] [1775073577.914384401] [control_serial_interface]: Control board serial port is not open, attempting to open
[INFO] [1775073577.917420091] [control_serial_interface]: Attempting to open serial port for control board
[INFO] [1775073577.919942559] [control_serial_interface]: No serial port defined for control board, attempting to acquire port
[ERROR] [1775073578.923526489] [control_serial_interface]: Serial manager service not available
[ERROR] [1775073578.925590485] [control_serial_interface]: Serial port not found
[WARN] [1775073580.913418645] [control_serial_interface]: Control board serial port is not open, attempting to open
[INFO] [1775073580.915176600] [control_serial_interface]: Attempting to open serial port for control board
[INFO] [1775073580.916763147] [control_serial_interface]: No serial port defined for control board, attempting to acquire port
[ERROR] [1775073581.919841360] [control_serial_interface]: Serial manager service not available
[ERROR] [1775073581.920630226] [control_serial_interface]: Serial port not found
[WARN] [1775073583.913270585] [control_serial_interface]: Control board serial port is not open, attempting to open
[INFO] [1775073583.915486861] [control_serial_interface]: Attempting to open serial port for control board
[INFO] [1775073583.917261955] [control_serial_interface]: No serial port defined for control board, attempting to acquire port
[ERROR] [1775073584.920718012] [control_serial_interface]: Serial manager service not available
[ERROR] [1775073584.922995755] [control_serial_interface]: Serial port not found
[WARN] [1775073586.913945655] [control_serial_interface]: Control board serial port is not open, attempting to open
[INFO] [1775073586.915733895] [control_serial_interface]: Attempting to open serial port for control board
[INFO] [1775073586.917362999] [control_serial_interface]: No serial port defined for control board, attempting to acquire port
[ERROR] [1775073587.921142022] [control_serial_interface]: Serial manager service not available
[ERROR] [1775073587.923088518] [control_serial_interface]: Serial port not found
[WARN] [1775073589.913272146] [control_serial_interface]: Control board serial port is not open, attempting to open
[INFO] [1775073589.915406778] [control_serial_interface]: Attempting to open serial port for control board
[INFO] [1775073589.917315153] [control_serial_interface]: No serial port defined for control board, attempting to acquire port
[ERROR] [1775073590.921122122] [control_serial_interface]: Serial manager service not available
[ERROR] [1775073590.923206968] [control_serial_interface]: Serial port not found
[WARN] [1775073592.912414212] [control_serial_interface]: Control board serial port is not open, attempting to open
[INFO] [1775073592.913568715] [control_serial_interface]: Attempting to open serial port for control board
[INFO] [1775073592.914705973] [control_serial_interface]: No serial port defined for control board, attempting to acquire port
[ERROR] [1775073593.918567019] [control_serial_interface]: Serial manager service not available
[ERROR] [1775073593.920748693] [control_serial_interface]: Serial port not found
[WARN] [1775073595.911935952] [control_serial_interface]: Control board serial port is not open, attempting to open
[INFO] [1775073595.912480032] [control_serial_interface]: Attempting to open serial port for control board
[INFO] [1775073595.912989529] [control_serial_interface]: No serial port defined for control board, attempting to acquire port
[ERROR] [1775073596.914628232] [control_serial_interface]: Serial manager service not available
[ERROR] [1775073596.915338464] [control_serial_interface]: Serial port not found
[WARN] [1775073598.913237674] [control_serial_interface]: Control board serial port is not open, attempting to open
[INFO] [1775073598.914982158] [control_serial_interface]: Attempting to open serial port for control board
[INFO] [1775073598.916569986] [control_serial_interface]: No serial port defined for control board, attempting to acquire port
[ERROR] [1775073599.920226759] [control_serial_interface]: Serial manager service not available
[ERROR] [1775073599.922086137] [control_serial_interface]: Serial port not found
[WARN] [1775073601.913278772] [control_serial_interface]: Control board serial port is not open, attempting to open
[INFO] [1775073601.915080317] [control_serial_interface]: Attempting to open serial port for control board
[INFO] [1775073601.917072120] [control_serial_interface]: No serial port defined for control board, attempting to acquire port
[ERROR] [1775073602.920326286] [control_serial_interface]: Serial manager service not available
[ERROR] [1775073602.921912071] [control_serial_interface]: Serial port not found
[WARN] [1775073604.911882351] [control_serial_interface]: Control board serial port is not open, attempting to open
[INFO] [1775073604.912453645] [control_serial_interface]: Attempting to open serial port for control board
[INFO] [1775073604.912908770] [control_serial_interface]: No serial port defined for control board, attempting to acquire port
[ERROR] [1775073605.916268864] [control_serial_interface]: Serial manager service not available
[ERROR] [1775073605.918225331] [control_serial_interface]: Serial port not found
[WARN] [1775073607.912118778] [control_serial_interface]: Control board serial port is not open, attempting to open
[INFO] [1775073607.913018171] [control_serial_interface]: Attempting to open serial port for control board
[INFO] [1775073607.913873109] [control_serial_interface]: No serial port defined for control board, attempting to acquire port
[ERROR] [1775073608.916313971] [control_serial_interface]: Serial manager service not available
[ERROR] [1775073608.916979505] [control_serial_interface]: Serial port not found
[WARN] [1775073610.913197122] [control_serial_interface]: Control board serial port is not open, attempting to open
[INFO] [1775073610.915159449] [control_serial_interface]: Attempting to open serial port for control board
[INFO] [1775073610.917033097] [control_serial_interface]: No serial port defined for control board, attempting to acquire port
[ERROR] [1775073611.920638829] [control_serial_interface]: Serial manager service not available
[ERROR] [1775073611.922456055] [control_serial_interface]: Serial port not found
[WARN] [1775073613.913094619] [control_serial_interface]: Control board serial port is not open, attempting to open
[INFO] [1775073613.914777735] [control_serial_interface]: Attempting to open serial port for control board
[INFO] [1775073613.916379038] [control_serial_interface]: No serial port defined for control board, attempting to acquire port
[ERROR] [1775073614.918830226] [control_serial_interface]: Serial manager service not available
[ERROR] [1775073614.919427200] [control_serial_interface]: Serial port not found
[WARN] [1775073616.914359400] [control_serial_interface]: Control board serial port is not open, attempting to open
[INFO] [1775073616.916175713] [control_serial_interface]: Attempting to open serial port for control board
[INFO] [1775073616.916948324] [control_serial_interface]: No serial port defined for control board, attempting to acquire port
[ERROR] [1775073617.920585592] [control_serial_interface]: Serial manager service not available
[ERROR] [1775073617.922478791] [control_serial_interface]: Serial port not found
[WARN] [1775073619.912586593] [control_serial_interface]: Control board serial port is not open, attempting to open
[INFO] [1775073619.913586547] [control_serial_interface]: Attempting to open serial port for control board
[INFO] [1775073619.914491485] [control_serial_interface]: No serial port defined for control board, attempting to acquire port
[ERROR] [1775073620.918128017] [control_serial_interface]: Serial manager service not available
[ERROR] [1775073620.920128430] [control_serial_interface]: Serial port not found
[WARN] [1775073622.912076243] [control_serial_interface]: Control board serial port is not open, attempting to open
[INFO] [1775073622.912770904] [control_serial_interface]: Attempting to open serial port for control board
[INFO] [1775073622.913501499] [control_serial_interface]: No serial port defined for control board, attempting to acquire port
[ERROR] [1775073623.916586641] [control_serial_interface]: Serial manager service not available
[ERROR] [1775073623.918433808] [control_serial_interface]: Serial port not found
[WARN] [1775073625.912427091] [control_serial_interface]: Control board serial port is not open, attempting to open
[INFO] [1775073625.913584994] [control_serial_interface]: Attempting to open serial port for control board
[INFO] [1775073625.914688068] [control_serial_interface]: No serial port defined for control board, attempting to acquire port
[ERROR] [1775073626.916927736] [control_serial_interface]: Serial manager service not available
[ERROR] [1775073626.917771023] [control_serial_interface]: Serial port not found
[WARN] [1775073628.913338338] [control_serial_interface]: Control board serial port is not open, attempting to open
[INFO] [1775073628.915461805] [control_serial_interface]: Attempting to open serial port for control board
[INFO] [1775073628.917540596] [control_serial_interface]: No serial port defined for control board, attempting to acquire port
[ERROR] [1775073629.921387386] [control_serial_interface]: Serial manager service not available
[ERROR] [1775073629.923450441] [control_serial_interface]: Serial port not found
[WARN] [1775073631.913276857] [control_serial_interface]: Control board serial port is not open, attempting to open
[INFO] [1775073631.914972688] [control_serial_interface]: Attempting to open serial port for control board
[INFO] [1775073631.916802645] [control_serial_interface]: No serial port defined for control board, attempting to acquire port
[ERROR] [1775073632.919431378] [control_serial_interface]: Serial manager service not available
[ERROR] [1775073632.920156591] [control_serial_interface]: Serial port not found
[WARN] [1775073634.913218590] [control_serial_interface]: Control board serial port is not open, attempting to open
[INFO] [1775073634.915064472] [control_serial_interface]: Attempting to open serial port for control board
[INFO] [1775073634.917068070] [control_serial_interface]: No serial port defined for control board, attempting to acquire port
[ERROR] [1775073635.920393346] [control_serial_interface]: Serial manager service not available
[ERROR] [1775073635.922146630] [control_serial_interface]: Serial port not found
[WARN] [1775073637.912464215] [control_serial_interface]: Control board serial port is not open, attempting to open
[INFO] [1775073637.913443058] [control_serial_interface]: Attempting to open serial port for control board
[INFO] [1775073637.914276908] [control_serial_interface]: No serial port defined for control board, attempting to acquire port
[ERROR] [1775073638.918573025] [control_serial_interface]: Serial manager service not available
[ERROR] [1775073638.920588974] [control_serial_interface]: Serial port not found
[WARN] [1775073640.913481675] [control_serial_interface]: Control board serial port is not open, attempting to open
[INFO] [1775073640.915306191] [control_serial_interface]: Attempting to open serial port for control board
[INFO] [1775073640.917963743] [control_serial_interface]: No serial port defined for control board, attempting to acquire port
[ERROR] [1775073641.921545784] [control_serial_interface]: Serial manager service not available
[ERROR] [1775073641.923521256] [control_serial_interface]: Serial port not found
[WARN] [1775073643.913272507] [control_serial_interface]: Control board serial port is not open, attempting to open
[INFO] [1775073643.914961934] [control_serial_interface]: Attempting to open serial port for control board
[INFO] [1775073643.916586573] [control_serial_interface]: No serial port defined for control board, attempting to acquire port
[ERROR] [1775073644.920415933] [control_serial_interface]: Serial manager service not available
[ERROR] [1775073644.922897673] [control_serial_interface]: Serial port not found
[WARN] [1775073646.913520571] [control_serial_interface]: Control board serial port is not open, attempting to open
[INFO] [1775073646.915346653] [control_serial_interface]: Attempting to open serial port for control board
[INFO] [1775073646.916898414] [control_serial_interface]: No serial port defined for control board, attempting to acquire port
[ERROR] [1775073647.920465365] [control_serial_interface]: Serial manager service not available
[ERROR] [1775073647.922450662] [control_serial_interface]: Serial port not found
[WARN] [1775073649.913238071] [control_serial_interface]: Control board serial port is not open, attempting to open
[INFO] [1775073649.914941673] [control_serial_interface]: Attempting to open serial port for control board
[INFO] [1775073649.916600434] [control_serial_interface]: No serial port defined for control board, attempting to acquire port
[ERROR] [1775073650.920649001] [control_serial_interface]: Serial manager service not available
[ERROR] [1775073650.922507934] [control_serial_interface]: Serial port not found
[WARN] [1775073652.912669784] [control_serial_interface]: Control board serial port is not open, attempting to open
[INFO] [1775073652.913743889] [control_serial_interface]: Attempting to open serial port for control board
[INFO] [1775073652.914749363] [control_serial_interface]: No serial port defined for control board, attempting to acquire port
[ERROR] [1775073653.917307960] [control_serial_interface]: Serial manager service not available
[ERROR] [1775073653.919052708] [control_serial_interface]: Serial port not found
[WARN] [1775073655.913308224] [control_serial_interface]: Control board serial port is not open, attempting to open
[INFO] [1775073655.915078228] [control_serial_interface]: Attempting to open serial port for control board
[INFO] [1775073655.916749596] [control_serial_interface]: No serial port defined for control board, attempting to acquire port
[ERROR] [1775073656.920429419] [control_serial_interface]: Serial manager service not available
[ERROR] [1775073656.922259340] [control_serial_interface]: Serial port not found
[WARN] [1775073658.913255477] [control_serial_interface]: Control board serial port is not open, attempting to open
[INFO] [1775073658.915181643] [control_serial_interface]: Attempting to open serial port for control board
[INFO] [1775073658.916817912] [control_serial_interface]: No serial port defined for control board, attempting to acquire port
[ERROR] [1775073659.920535243] [control_serial_interface]: Serial manager service not available
[ERROR] [1775073659.922341869] [control_serial_interface]: Serial port not found
[WARN] [1775073661.913423338] [control_serial_interface]: Control board serial port is not open, attempting to open
[INFO] [1775073661.915120035] [control_serial_interface]: Attempting to open serial port for control board
[INFO] [1775073661.916835058] [control_serial_interface]: No serial port defined for control board, attempting to acquire port
[ERROR] [1775073662.919255031] [control_serial_interface]: Serial manager service not available
[ERROR] [1775073662.919962227] [control_serial_interface]: Serial port not found
[WARN] [1775073664.913315119] [control_serial_interface]: Control board serial port is not open, attempting to open
[INFO] [1775073664.915990157] [control_serial_interface]: Attempting to open serial port for control board
[INFO] [1775073664.917712745] [control_serial_interface]: No serial port defined for control board, attempting to acquire port
[ERROR] [1775073665.920399750] [control_serial_interface]: Serial manager service not available
[ERROR] [1775073665.921012519] [control_serial_interface]: Serial port not found
[WARN] [1775073667.913181720] [control_serial_interface]: Control board serial port is not open, attempting to open
[INFO] [1775073667.915282591] [control_serial_interface]: Attempting to open serial port for control board
[INFO] [1775073667.916994884] [control_serial_interface]: No serial port defined for control board, attempting to acquire port
[ERROR] [1775073668.920825614] [control_serial_interface]: Serial manager service not available
[ERROR] [1775073668.922582468] [control_serial_interface]: Serial port not found
[WARN] [1775073670.913436694] [control_serial_interface]: Control board serial port is not open, attempting to open
[INFO] [1775073670.915145117] [control_serial_interface]: Attempting to open serial port for control board
[INFO] [1775073670.917062082] [control_serial_interface]: No serial port defined for control board, attempting to acquire port
[ERROR] [1775073671.919322378] [control_serial_interface]: Serial manager service not available
[ERROR] [1775073671.919967219] [control_serial_interface]: Serial port not found
[WARN] [1775073673.913068031] [control_serial_interface]: Control board serial port is not open, attempting to open
[INFO] [1775073673.914675010] [control_serial_interface]: Attempting to open serial port for control board
[INFO] [1775073673.916494676] [control_serial_interface]: No serial port defined for control board, attempting to acquire port
[ERROR] [1775073674.919079877] [control_serial_interface]: Serial manager service not available
[ERROR] [1775073674.919715773] [control_serial_interface]: Serial port not found
[WARN] [1775073676.913223837] [control_serial_interface]: Control board serial port is not open, attempting to open
[INFO] [1775073676.914932829] [control_serial_interface]: Attempting to open serial port for control board
[INFO] [1775073676.916600120] [control_serial_interface]: No serial port defined for control board, attempting to acquire port
[ERROR] [1775073677.920543779] [control_serial_interface]: Serial manager service not available
[ERROR] [1775073677.922412947] [control_serial_interface]: Serial port not found
[WARN] [1775073679.913068816] [control_serial_interface]: Control board serial port is not open, attempting to open
[INFO] [1775073679.914748537] [control_serial_interface]: Attempting to open serial port for control board
[INFO] [1775073679.916350506] [control_serial_interface]: No serial port defined for control board, attempting to acquire port
[ERROR] [1775073680.919599424] [control_serial_interface]: Serial manager service not available
[ERROR] [1775073680.921946350] [control_serial_interface]: Serial port not found
[WARN] [1775073682.912627822] [control_serial_interface]: Control board serial port is not open, attempting to open
[INFO] [1775073682.913788991] [control_serial_interface]: Attempting to open serial port for control board
[INFO] [1775073682.915123866] [control_serial_interface]: No serial port defined for control board, attempting to acquire port
[ERROR] [1775073683.918179291] [control_serial_interface]: Serial manager service not available
[ERROR] [1775073683.919078170] [control_serial_interface]: Serial port not found
[WARN] [1775073685.911866048] [control_serial_interface]: Control board serial port is not open, attempting to open
[INFO] [1775073685.912416546] [control_serial_interface]: Attempting to open serial port for control board
[INFO] [1775073685.913025740] [control_serial_interface]: No serial port defined for control board, attempting to acquire port
[ERROR] [1775073686.916739948] [control_serial_interface]: Serial manager service not available
[ERROR] [1775073686.918847790] [control_serial_interface]: Serial port not found
[WARN] [1775073688.913269357] [control_serial_interface]: Control board serial port is not open, attempting to open
[INFO] [1775073688.914894686] [control_serial_interface]: Attempting to open serial port for control board
[INFO] [1775073688.916426712] [control_serial_interface]: No serial port defined for control board, attempting to acquire port
[ERROR] [1775073689.920106876] [control_serial_interface]: Serial manager service not available
[ERROR] [1775073689.922013936] [control_serial_interface]: Serial port not found
[WARN] [1775073691.913158038] [control_serial_interface]: Control board serial port is not open, attempting to open
[INFO] [1775073691.914847409] [control_serial_interface]: Attempting to open serial port for control board
[INFO] [1775073691.916526341] [control_serial_interface]: No serial port defined for control board, attempting to acquire port
[ERROR] [1775073692.918789807] [control_serial_interface]: Serial manager service not available
[ERROR] [1775073692.919460054] [control_serial_interface]: Serial port not found
[WARN] [1775073694.913346995] [control_serial_interface]: Control board serial port is not open, attempting to open
[INFO] [1775073694.915337287] [control_serial_interface]: Attempting to open serial port for control board
[INFO] [1775073694.916959247] [control_serial_interface]: No serial port defined for control board, attempting to acquire port
[ERROR] [1775073695.920563243] [control_serial_interface]: Serial manager service not available
[ERROR] [1775073695.922420796] [control_serial_interface]: Serial port not found
[WARN] [1775073697.913496815] [control_serial_interface]: Control board serial port is not open, attempting to open
[INFO] [1775073697.915179367] [control_serial_interface]: Attempting to open serial port for control board
[INFO] [1775073697.917241712] [control_serial_interface]: No serial port defined for control board, attempting to acquire port
[ERROR] [1775073698.920939577] [control_serial_interface]: Serial manager service not available
[ERROR] [1775073698.922728782] [control_serial_interface]: Serial port not found
[WARN] [1775073700.913488555] [control_serial_interface]: Control board serial port is not open, attempting to open
[INFO] [1775073700.915414785] [control_serial_interface]: Attempting to open serial port for control board
[INFO] [1775073700.917079901] [control_serial_interface]: No serial port defined for control board, attempting to acquire port
[ERROR] [1775073701.920659457] [control_serial_interface]: Serial manager service not available
[ERROR] [1775073701.922572947] [control_serial_interface]: Serial port not found
[WARN] [1775073703.913268522] [control_serial_interface]: Control board serial port is not open, attempting to open
[INFO] [1775073703.915192048] [control_serial_interface]: Attempting to open serial port for control board
[INFO] [1775073703.916961272] [control_serial_interface]: No serial port defined for control board, attempting to acquire port
[ERROR] [1775073704.920600905] [control_serial_interface]: Serial manager service not available
[ERROR] [1775073704.922695671] [control_serial_interface]: Serial port not found
[WARN] [1775073706.913435363] [control_serial_interface]: Control board serial port is not open, attempting to open
[INFO] [1775073706.915100184] [control_serial_interface]: Attempting to open serial port for control board
[INFO] [1775073706.917113918] [control_serial_interface]: No serial port defined for control board, attempting to acquire port
[ERROR] [1775073707.920837268] [control_serial_interface]: Serial manager service not available
[ERROR] [1775073707.923046439] [control_serial_interface]: Serial port not found
[WARN] [1775073709.913162694] [control_serial_interface]: Control board serial port is not open, attempting to open
[INFO] [1775073709.914982605] [control_serial_interface]: Attempting to open serial port for control board
[INFO] [1775073709.916680822] [control_serial_interface]: No serial port defined for control board, attempting to acquire port
[ERROR] [1775073710.920524857] [control_serial_interface]: Serial manager service not available
[ERROR] [1775073710.922333683] [control_serial_interface]: Serial port not found
[WARN] [1775073712.912629418] [control_serial_interface]: Control board serial port is not open, attempting to open
[INFO] [1775073712.913908108] [control_serial_interface]: Attempting to open serial port for control board
[INFO] [1775073712.915272641] [control_serial_interface]: No serial port defined for control board, attempting to acquire port
[ERROR] [1775073713.919320187] [control_serial_interface]: Serial manager service not available
[ERROR] [1775073713.921199551] [control_serial_interface]: Serial port not found
[WARN] [1775073715.913276357] [control_serial_interface]: Control board serial port is not open, attempting to open
[INFO] [1775073715.915025286] [control_serial_interface]: Attempting to open serial port for control board
[INFO] [1775073715.916136699] [control_serial_interface]: No serial port defined for control board, attempting to acquire port
[ERROR] [1775073716.918282099] [control_serial_interface]: Serial manager service not available
[ERROR] [1775073716.918919318] [control_serial_interface]: Serial port not found
[WARN] [1775073718.911905607] [control_serial_interface]: Control board serial port is not open, attempting to open
[INFO] [1775073718.912464189] [control_serial_interface]: Attempting to open serial port for control board
[INFO] [1775073718.913041890] [control_serial_interface]: No serial port defined for control board, attempting to acquire port
[ERROR] [1775073719.916692282] [control_serial_interface]: Serial manager service not available
[ERROR] [1775073719.918931469] [control_serial_interface]: Serial port not found
[WARN] [1775073721.913296603] [control_serial_interface]: Control board serial port is not open, attempting to open
[INFO] [1775073721.915059917] [control_serial_interface]: Attempting to open serial port for control board
[INFO] [1775073721.917147848] [control_serial_interface]: No serial port defined for control board, attempting to acquire port
[ERROR] [1775073722.921066711] [control_serial_interface]: Serial manager service not available
[ERROR] [1775073722.923031613] [control_serial_interface]: Serial port not found
[WARN] [1775073724.911956598] [control_serial_interface]: Control board serial port is not open, attempting to open
[INFO] [1775073724.912492016] [control_serial_interface]: Attempting to open serial port for control board
[INFO] [1775073724.912984804] [control_serial_interface]: No serial port defined for control board, attempting to acquire port
[ERROR] [1775073725.916478264] [control_serial_interface]: Serial manager service not available
[ERROR] [1775073725.918401064] [control_serial_interface]: Serial port not found
[WARN] [1775073727.912008571] [control_serial_interface]: Control board serial port is not open, attempting to open
[INFO] [1775073727.912732192] [control_serial_interface]: Attempting to open serial port for control board
[INFO] [1775073727.913417135] [control_serial_interface]: No serial port defined for control board, attempting to acquire port
[ERROR] [1775073728.915984330] [control_serial_interface]: Serial manager service not available
[ERROR] [1775073728.916683732] [control_serial_interface]: Serial port not found
[WARN] [1775073730.913269418] [control_serial_interface]: Control board serial port is not open, attempting to open
[INFO] [1775073730.915042082] [control_serial_interface]: Attempting to open serial port for control board
[INFO] [1775073730.916759930] [control_serial_interface]: No serial port defined for control board, attempting to acquire port
[ERROR] [1775073731.920661472] [control_serial_interface]: Serial manager service not available
[ERROR] [1775073731.922671876] [control_serial_interface]: Serial port not found
[WARN] [1775073733.913480755] [control_serial_interface]: Control board serial port is not open, attempting to open
[INFO] [1775073733.915138681] [control_serial_interface]: Attempting to open serial port for control board
[INFO] [1775073733.917206524] [control_serial_interface]: No serial port defined for control board, attempting to acquire port
[ERROR] [1775073734.920955273] [control_serial_interface]: Serial manager service not available
[ERROR] [1775073734.923035684] [control_serial_interface]: Serial port not found
[WARN] [1775073736.913497541] [control_serial_interface]: Control board serial port is not open, attempting to open
[INFO] [1775073736.915303016] [control_serial_interface]: Attempting to open serial port for control board
[INFO] [1775073736.916971702] [control_serial_interface]: No serial port defined for control board, attempting to acquire port
[ERROR] [1775073737.921727397] [control_serial_interface]: Serial manager service not available
[ERROR] [1775073737.929473812] [control_serial_interface]: Serial port not found
[WARN] [1775073739.911834040] [control_serial_interface]: Control board serial port is not open, attempting to open
[INFO] [1775073739.912407713] [control_serial_interface]: Attempting to open serial port for control board
[INFO] [1775073739.913015666] [control_serial_interface]: No serial port defined for control board, attempting to acquire port
[ERROR] [1775073740.916847612] [control_serial_interface]: Serial manager service not available
[ERROR] [1775073740.918964560] [control_serial_interface]: Serial port not found
[WARN] [1775073742.912709718] [control_serial_interface]: Control board serial port is not open, attempting to open
[INFO] [1775073742.913966150] [control_serial_interface]: Attempting to open serial port for control board
[INFO] [1775073742.915278002] [control_serial_interface]: No serial port defined for control board, attempting to acquire port
[ERROR] [1775073743.918935822] [control_serial_interface]: Serial manager service not available
[ERROR] [1775073743.921090240] [control_serial_interface]: Serial port not found
[WARN] [1775073745.913313727] [control_serial_interface]: Control board serial port is not open, attempting to open
[INFO] [1775073745.915075301] [control_serial_interface]: Attempting to open serial port for control board
[INFO] [1775073745.916891837] [control_serial_interface]: No serial port defined for control board, attempting to acquire port
[ERROR] [1775073746.920474758] [control_serial_interface]: Serial manager service not available
[ERROR] [1775073746.922382123] [control_serial_interface]: Serial port not found
[WARN] [1775073748.913135150] [control_serial_interface]: Control board serial port is not open, attempting to open
[INFO] [1775073748.914916430] [control_serial_interface]: Attempting to open serial port for control board
[INFO] [1775073748.916832765] [control_serial_interface]: No serial port defined for control board, attempting to acquire port
[ERROR] [1775073749.920558411] [control_serial_interface]: Serial manager service not available
[ERROR] [1775073749.922901512] [control_serial_interface]: Serial port not found
[WARN] [1775073751.913194417] [control_serial_interface]: Control board serial port is not open, attempting to open
[INFO] [1775073751.914870644] [control_serial_interface]: Attempting to open serial port for control board
[INFO] [1775073751.916801859] [control_serial_interface]: No serial port defined for control board, attempting to acquire port
[ERROR] [1775073752.920210623] [control_serial_interface]: Serial manager service not available
[ERROR] [1775073752.922012464] [control_serial_interface]: Serial port not found
[WARN] [1775073754.913258285] [control_serial_interface]: Control board serial port is not open, attempting to open
[INFO] [1775073754.915078876] [control_serial_interface]: Attempting to open serial port for control board
[INFO] [1775073754.916748582] [control_serial_interface]: No serial port defined for control board, attempting to acquire port
[ERROR] [1775073755.920752143] [control_serial_interface]: Serial manager service not available
[ERROR] [1775073755.922627347] [control_serial_interface]: Serial port not found
[WARN] [1775073757.913298732] [control_serial_interface]: Control board serial port is not open, attempting to open
[INFO] [1775073757.915534573] [control_serial_interface]: Attempting to open serial port for control board
[INFO] [1775073757.917760424] [control_serial_interface]: No serial port defined for control board, attempting to acquire port
[ERROR] [1775073758.921922171] [control_serial_interface]: Serial manager service not available
[ERROR] [1775073758.923722292] [control_serial_interface]: Serial port not found
[WARN] [1775073760.913526085] [control_serial_interface]: Control board serial port is not open, attempting to open
[INFO] [1775073760.915447130] [control_serial_interface]: Attempting to open serial port for control board
[INFO] [1775073760.917150082] [control_serial_interface]: No serial port defined for control board, attempting to acquire port
[ERROR] [1775073761.920802516] [control_serial_interface]: Serial manager service not available
[ERROR] [1775073761.922998826] [control_serial_interface]: Serial port not found
[WARN] [1775073763.913279851] [control_serial_interface]: Control board serial port is not open, attempting to open
[INFO] [1775073763.915072802] [control_serial_interface]: Attempting to open serial port for control board
[INFO] [1775073763.916734417] [control_serial_interface]: No serial port defined for control board, attempting to acquire port
[ERROR] [1775073764.920545441] [control_serial_interface]: Serial manager service not available
[ERROR] [1775073764.922800604] [control_serial_interface]: Serial port not found
[WARN] [1775073766.911810454] [control_serial_interface]: Control board serial port is not open, attempting to open
[INFO] [1775073766.912394542] [control_serial_interface]: Attempting to open serial port for control board
[INFO] [1775073766.912893177] [control_serial_interface]: No serial port defined for control board, attempting to acquire port
[ERROR] [1775073767.914912589] [control_serial_interface]: Serial manager service not available
[ERROR] [1775073767.915562159] [control_serial_interface]: Serial port not found
[WARN] [1775073769.913140574] [control_serial_interface]: Control board serial port is not open, attempting to open
[INFO] [1775073769.915181049] [control_serial_interface]: Attempting to open serial port for control board
[INFO] [1775073769.916723225] [control_serial_interface]: No serial port defined for control board, attempting to acquire port
[ERROR] [1775073770.920554170] [control_serial_interface]: Serial manager service not available
[ERROR] [1775073770.922422358] [control_serial_interface]: Serial port not found
[WARN] [1775073772.913426354] [control_serial_interface]: Control board serial port is not open, attempting to open
[INFO] [1775073772.914977081] [control_serial_interface]: Attempting to open serial port for control board
[INFO] [1775073772.916340314] [control_serial_interface]: No serial port defined for control board, attempting to acquire port
[ERROR] [1775073773.920311961] [control_serial_interface]: Serial manager service not available
[ERROR] [1775073773.922399012] [control_serial_interface]: Serial port not found
[WARN] [1775073775.911720771] [control_serial_interface]: Control board serial port is not open, attempting to open
[INFO] [1775073775.912254178] [control_serial_interface]: Attempting to open serial port for control board
[INFO] [1775073775.912762997] [control_serial_interface]: No serial port defined for control board, attempting to acquire port
[ERROR] [1775073776.916113703] [control_serial_interface]: Serial manager service not available
[ERROR] [1775073776.917966036] [control_serial_interface]: Serial port not found
[WARN] [1775073778.913304126] [control_serial_interface]: Control board serial port is not open, attempting to open
[INFO] [1775073778.915182349] [control_serial_interface]: Attempting to open serial port for control board
[INFO] [1775073778.917100154] [control_serial_interface]: No serial port defined for control board, attempting to acquire port
[ERROR] [1775073779.919920165] [control_serial_interface]: Serial manager service not available
[ERROR] [1775073779.920547799] [control_serial_interface]: Serial port not found
[WARN] [1775073781.912410582] [control_serial_interface]: Control board serial port is not open, attempting to open
[INFO] [1775073781.913208216] [control_serial_interface]: Attempting to open serial port for control board
[INFO] [1775073781.913947778] [control_serial_interface]: No serial port defined for control board, attempting to acquire port
[ERROR] [1775073782.917339188] [control_serial_interface]: Serial manager service not available
[ERROR] [1775073782.919452255] [control_serial_interface]: Serial port not found
[WARN] [1775073784.913165371] [control_serial_interface]: Control board serial port is not open, attempting to open
[INFO] [1775073784.914829391] [control_serial_interface]: Attempting to open serial port for control board
[INFO] [1775073784.916619302] [control_serial_interface]: No serial port defined for control board, attempting to acquire port
[ERROR] [1775073785.920572301] [control_serial_interface]: Serial manager service not available
[ERROR] [1775073785.922494176] [control_serial_interface]: Serial port not found
[WARN] [1775073787.913203447] [control_serial_interface]: Control board serial port is not open, attempting to open
[INFO] [1775073787.914919130] [control_serial_interface]: Attempting to open serial port for control board
[INFO] [1775073787.916478172] [control_serial_interface]: No serial port defined for control board, attempting to acquire port
[ERROR] [1775073788.920302071] [control_serial_interface]: Serial manager service not available
[ERROR] [1775073788.922636831] [control_serial_interface]: Serial port not found
[WARN] [1775073790.913368618] [control_serial_interface]: Control board serial port is not open, attempting to open
[INFO] [1775073790.915101576] [control_serial_interface]: Attempting to open serial port for control board
[INFO] [1775073790.916699620] [control_serial_interface]: No serial port defined for control board, attempting to acquire port
[ERROR] [1775073791.920731032] [control_serial_interface]: Serial manager service not available
[ERROR] [1775073791.922671808] [control_serial_interface]: Serial port not found
[WARN] [1775073793.911868817] [control_serial_interface]: Control board serial port is not open, attempting to open
[INFO] [1775073793.912508127] [control_serial_interface]: Attempting to open serial port for control board
[INFO] [1775073793.912992939] [control_serial_interface]: No serial port defined for control board, attempting to acquire port
[ERROR] [1775073794.916422440] [control_serial_interface]: Serial manager service not available
[ERROR] [1775073794.918321159] [control_serial_interface]: Serial port not found
[WARN] [1775073796.913375317] [control_serial_interface]: Control board serial port is not open, attempting to open
[INFO] [1775073796.915630934] [control_serial_interface]: Attempting to open serial port for control board
[INFO] [1775073796.917668649] [control_serial_interface]: No serial port defined for control board, attempting to acquire port
[ERROR] [1775073797.920412339] [control_serial_interface]: Serial manager service not available
[ERROR] [1775073797.921250985] [control_serial_interface]: Serial port not found
[WARN] [1775073799.913228611] [control_serial_interface]: Control board serial port is not open, attempting to open
[INFO] [1775073799.914888537] [control_serial_interface]: Attempting to open serial port for control board
[INFO] [1775073799.916712458] [control_serial_interface]: No serial port defined for control board, attempting to acquire port
[ERROR] [1775073800.920687964] [control_serial_interface]: Serial manager service not available
[ERROR] [1775073800.922504735] [control_serial_interface]: Serial port not found
[WARN] [1775073802.914157699] [control_serial_interface]: Control board serial port is not open, attempting to open
[INFO] [1775073802.915827680] [control_serial_interface]: Attempting to open serial port for control board
[INFO] [1775073802.917405644] [control_serial_interface]: No serial port defined for control board, attempting to acquire port
[ERROR] [1775073803.921081013] [control_serial_interface]: Serial manager service not available
[ERROR] [1775073803.923138638] [control_serial_interface]: Serial port not found
[WARN] [1775073805.913367492] [control_serial_interface]: Control board serial port is not open, attempting to open
[INFO] [1775073805.915206934] [control_serial_interface]: Attempting to open serial port for control board
[INFO] [1775073805.916775826] [control_serial_interface]: No serial port defined for control board, attempting to acquire port
[ERROR] [1775073806.923217861] [control_serial_interface]: Serial manager service not available
[ERROR] [1775073806.925080079] [control_serial_interface]: Serial port not found
[WARN] [1775073808.913210306] [control_serial_interface]: Control board serial port is not open, attempting to open
[INFO] [1775073808.914951450] [control_serial_interface]: Attempting to open serial port for control board
[INFO] [1775073808.917004550] [control_serial_interface]: No serial port defined for control board, attempting to acquire port
[ERROR] [1775073809.921471223] [control_serial_interface]: Serial manager service not available
[ERROR] [1775073809.923314980] [control_serial_interface]: Serial port not found
[WARN] [1775073811.913444775] [control_serial_interface]: Control board serial port is not open, attempting to open
[INFO] [1775073811.915177598] [control_serial_interface]: Attempting to open serial port for control board
[INFO] [1775073811.916781141] [control_serial_interface]: No serial port defined for control board, attempting to acquire port
[ERROR] [1775073812.920385823] [control_serial_interface]: Serial manager service not available
[ERROR] [1775073812.922614614] [control_serial_interface]: Serial port not found
[WARN] [1775073814.913410833] [control_serial_interface]: Control board serial port is not open, attempting to open
[INFO] [1775073814.915182683] [control_serial_interface]: Attempting to open serial port for control board
[INFO] [1775073814.916810152] [control_serial_interface]: No serial port defined for control board, attempting to acquire port
[ERROR] [1775073815.920643172] [control_serial_interface]: Serial manager service not available
[ERROR] [1775073815.922395431] [control_serial_interface]: Serial port not found
[WARN] [1775073817.913244928] [control_serial_interface]: Control board serial port is not open, attempting to open
[INFO] [1775073817.915368960] [control_serial_interface]: Attempting to open serial port for control board
[INFO] [1775073817.917210802] [control_serial_interface]: No serial port defined for control board, attempting to acquire port
[ERROR] [1775073818.920926673] [control_serial_interface]: Serial manager service not available
[ERROR] [1775073818.922727499] [control_serial_interface]: Serial port not found
[WARN] [1775073820.913178960] [control_serial_interface]: Control board serial port is not open, attempting to open
[INFO] [1775073820.914921429] [control_serial_interface]: Attempting to open serial port for control board
[INFO] [1775073820.916768261] [control_serial_interface]: No serial port defined for control board, attempting to acquire port
[ERROR] [1775073821.920455046] [control_serial_interface]: Serial manager service not available
[ERROR] [1775073821.922309878] [control_serial_interface]: Serial port not found
[WARN] [1775073823.913281339] [control_serial_interface]: Control board serial port is not open, attempting to open
[INFO] [1775073823.915062784] [control_serial_interface]: Attempting to open serial port for control board
[INFO] [1775073823.916960618] [control_serial_interface]: No serial port defined for control board, attempting to acquire port
[ERROR] [1775073824.920382296] [control_serial_interface]: Serial manager service not available
[ERROR] [1775073824.922252570] [control_serial_interface]: Serial port not found
[WARN] [1775073826.911775569] [control_serial_interface]: Control board serial port is not open, attempting to open
[INFO] [1775073826.912327531] [control_serial_interface]: Attempting to open serial port for control board
[INFO] [1775073826.912983834] [control_serial_interface]: No serial port defined for control board, attempting to acquire port
[ERROR] [1775073827.915405291] [control_serial_interface]: Serial manager service not available
[ERROR] [1775073827.916056857] [control_serial_interface]: Serial port not found
[WARN] [1775073829.913461989] [control_serial_interface]: Control board serial port is not open, attempting to open
[INFO] [1775073829.915309631] [control_serial_interface]: Attempting to open serial port for control board
[INFO] [1775073829.916956726] [control_serial_interface]: No serial port defined for control board, attempting to acquire port
[ERROR] [1775073830.920573878] [control_serial_interface]: Serial manager service not available
[ERROR] [1775073830.922455317] [control_serial_interface]: Serial port not found
[WARN] [1775073832.912780474] [control_serial_interface]: Control board serial port is not open, attempting to open
[INFO] [1775073832.914313590] [control_serial_interface]: Attempting to open serial port for control board
[INFO] [1775073832.915751367] [control_serial_interface]: No serial port defined for control board, attempting to acquire port
[ERROR] [1775073833.919438666] [control_serial_interface]: Serial manager service not available
[ERROR] [1775073833.921436829] [control_serial_interface]: Serial port not found
[WARN] [1775073835.913299083] [control_serial_interface]: Control board serial port is not open, attempting to open
[INFO] [1775073835.915001960] [control_serial_interface]: Attempting to open serial port for control board
[INFO] [1775073835.916938800] [control_serial_interface]: No serial port defined for control board, attempting to acquire port
[ERROR] [1775073836.919410199] [control_serial_interface]: Serial manager service not available
[ERROR] [1775073836.920046994] [control_serial_interface]: Serial port not found
[WARN] [1775073838.914327865] [control_serial_interface]: Control board serial port is not open, attempting to open
[INFO] [1775073838.917106131] [control_serial_interface]: Attempting to open serial port for control board
[INFO] [1775073838.919469263] [control_serial_interface]: No serial port defined for control board, attempting to acquire port
[ERROR] [1775073839.923478844] [control_serial_interface]: Serial manager service not available
[ERROR] [1775073839.925777258] [control_serial_interface]: Serial port not found
[WARN] [1775073841.913315078] [control_serial_interface]: Control board serial port is not open, attempting to open
[INFO] [1775073841.915279845] [control_serial_interface]: Attempting to open serial port for control board
[INFO] [1775073841.916963661] [control_serial_interface]: No serial port defined for control board, attempting to acquire port
[ERROR] [1775073842.919628349] [control_serial_interface]: Serial manager service not available
[ERROR] [1775073842.920258865] [control_serial_interface]: Serial port not found
[WARN] [1775073844.913266702] [control_serial_interface]: Control board serial port is not open, attempting to open
[INFO] [1775073844.915044932] [control_serial_interface]: Attempting to open serial port for control board
[INFO] [1775073844.916814776] [control_serial_interface]: No serial port defined for control board, attempting to acquire port
[ERROR] [1775073845.920450594] [control_serial_interface]: Serial manager service not available
[ERROR] [1775073845.922663380] [control_serial_interface]: Serial port not found
[WARN] [1775073847.913401037] [control_serial_interface]: Control board serial port is not open, attempting to open
[INFO] [1775073847.915308861] [control_serial_interface]: Attempting to open serial port for control board
[INFO] [1775073847.916933446] [control_serial_interface]: No serial port defined for control board, attempting to acquire port
[ERROR] [1775073848.920668192] [control_serial_interface]: Serial manager service not available
[ERROR] [1775073848.922667170] [control_serial_interface]: Serial port not found
[WARN] [1775073850.913607289] [control_serial_interface]: Control board serial port is not open, attempting to open
[INFO] [1775073850.915995741] [control_serial_interface]: Attempting to open serial port for control board
[INFO] [1775073850.917617041] [control_serial_interface]: No serial port defined for control board, attempting to acquire port
[ERROR] [1775073851.919911604] [control_serial_interface]: Serial manager service not available
[ERROR] [1775073851.920534499] [control_serial_interface]: Serial port not found
[WARN] [1775073853.913322573] [control_serial_interface]: Control board serial port is not open, attempting to open
[INFO] [1775073853.915411074] [control_serial_interface]: Attempting to open serial port for control board
[INFO] [1775073853.917028018] [control_serial_interface]: No serial port defined for control board, attempting to acquire port
[ERROR] [1775073854.920631314] [control_serial_interface]: Serial manager service not available
[ERROR] [1775073854.922522128] [control_serial_interface]: Serial port not found
[WARN] [1775073856.913223504] [control_serial_interface]: Control board serial port is not open, attempting to open
[INFO] [1775073856.915255053] [control_serial_interface]: Attempting to open serial port for control board
[INFO] [1775073856.916913779] [control_serial_interface]: No serial port defined for control board, attempting to acquire port
[ERROR] [1775073857.920505470] [control_serial_interface]: Serial manager service not available
[ERROR] [1775073857.922642138] [control_serial_interface]: Serial port not found
[WARN] [1775073859.911728820] [control_serial_interface]: Control board serial port is not open, attempting to open
[INFO] [1775073859.912486532] [control_serial_interface]: Attempting to open serial port for control board
[INFO] [1775073859.913028832] [control_serial_interface]: No serial port defined for control board, attempting to acquire port
[ERROR] [1775073860.916898218] [control_serial_interface]: Serial manager service not available
[ERROR] [1775073860.918756876] [control_serial_interface]: Serial port not found
[WARN] [1775073862.913609803] [control_serial_interface]: Control board serial port is not open, attempting to open
[INFO] [1775073862.915548371] [control_serial_interface]: Attempting to open serial port for control board
[INFO] [1775073862.917229412] [control_serial_interface]: No serial port defined for control board, attempting to acquire port
[ERROR] [1775073863.920932660] [control_serial_interface]: Serial manager service not available
[ERROR] [1775073863.922751707] [control_serial_interface]: Serial port not found
[WARN] [1775073865.912833014] [control_serial_interface]: Control board serial port is not open, attempting to open
[INFO] [1775073865.914316192] [control_serial_interface]: Attempting to open serial port for control board
[INFO] [1775073865.915592202] [control_serial_interface]: No serial port defined for control board, attempting to acquire port
[ERROR] [1775073866.919401750] [control_serial_interface]: Serial manager service not available
[ERROR] [1775073866.921324365] [control_serial_interface]: Serial port not found
[WARN] [1775073868.913367080] [control_serial_interface]: Control board serial port is not open, attempting to open
[INFO] [1775073868.915075567] [control_serial_interface]: Attempting to open serial port for control board
[INFO] [1775073868.916949665] [control_serial_interface]: No serial port defined for control board, attempting to acquire port
[ERROR] [1775073869.920658745] [control_serial_interface]: Serial manager service not available
[ERROR] [1775073869.922517763] [control_serial_interface]: Serial port not found
[WARN] [1775073871.913177908] [control_serial_interface]: Control board serial port is not open, attempting to open
[INFO] [1775073871.914936697] [control_serial_interface]: Attempting to open serial port for control board
[INFO] [1775073871.916629899] [control_serial_interface]: No serial port defined for control board, attempting to acquire port
[ERROR] [1775073872.920571337] [control_serial_interface]: Serial manager service not available
[ERROR] [1775073872.922980710] [control_serial_interface]: Serial port not found
[WARN] [1775073874.913331703] [control_serial_interface]: Control board serial port is not open, attempting to open
[INFO] [1775073874.915073972] [control_serial_interface]: Attempting to open serial port for control board
[INFO] [1775073874.916772459] [control_serial_interface]: No serial port defined for control board, attempting to acquire port
[ERROR] [1775073875.919447753] [control_serial_interface]: Serial manager service not available
[ERROR] [1775073875.920077111] [control_serial_interface]: Serial port not found
[WARN] [1775073877.911775893] [control_serial_interface]: Control board serial port is not open, attempting to open
[INFO] [1775073877.912427549] [control_serial_interface]: Attempting to open serial port for control board
[INFO] [1775073877.912915717] [control_serial_interface]: No serial port defined for control board, attempting to acquire port
[ERROR] [1775073878.916427656] [control_serial_interface]: Serial manager service not available
[ERROR] [1775073878.918580465] [control_serial_interface]: Serial port not found
[WARN] [1775073880.913124375] [control_serial_interface]: Control board serial port is not open, attempting to open
[INFO] [1775073880.914892299] [control_serial_interface]: Attempting to open serial port for control board
[INFO] [1775073880.916500218] [control_serial_interface]: No serial port defined for control board, attempting to acquire port
[ERROR] [1775073881.919995520] [control_serial_interface]: Serial manager service not available
[ERROR] [1775073881.921770415] [control_serial_interface]: Serial port not found
[WARN] [1775073883.911730779] [control_serial_interface]: Control board serial port is not open, attempting to open
[INFO] [1775073883.912353378] [control_serial_interface]: Attempting to open serial port for control board
[INFO] [1775073883.912900354] [control_serial_interface]: No serial port defined for control board, attempting to acquire port
[ERROR] [1775073884.916596526] [control_serial_interface]: Serial manager service not available
[ERROR] [1775073884.918453799] [control_serial_interface]: Serial port not found
[WARN] [1775073886.913405630] [control_serial_interface]: Control board serial port is not open, attempting to open
[INFO] [1775073886.915195175] [control_serial_interface]: Attempting to open serial port for control board
[INFO] [1775073886.916844125] [control_serial_interface]: No serial port defined for control board, attempting to acquire port
[ERROR] [1775073887.920618488] [control_serial_interface]: Serial manager service not available
[ERROR] [1775073887.922729450] [control_serial_interface]: Serial port not found
[WARN] [1775073889.913588281] [control_serial_interface]: Control board serial port is not open, attempting to open
[INFO] [1775073889.915426688] [control_serial_interface]: Attempting to open serial port for control board
[INFO] [1775073889.917142646] [control_serial_interface]: No serial port defined for control board, attempting to acquire port
[ERROR] [1775073890.920942524] [control_serial_interface]: Serial manager service not available
[ERROR] [1775073890.922756256] [control_serial_interface]: Serial port not found
[WARN] [1775073892.912635173] [control_serial_interface]: Control board serial port is not open, attempting to open
[INFO] [1775073892.914341498] [control_serial_interface]: Attempting to open serial port for control board
[INFO] [1775073892.915538432] [control_serial_interface]: No serial port defined for control board, attempting to acquire port
[ERROR] [1775073893.917765226] [control_serial_interface]: Serial manager service not available
[ERROR] [1775073893.918429181] [control_serial_interface]: Serial port not found
[WARN] [1775073895.913435055] [control_serial_interface]: Control board serial port is not open, attempting to open
[INFO] [1775073895.915543792] [control_serial_interface]: Attempting to open serial port for control board
[INFO] [1775073895.917264385] [control_serial_interface]: No serial port defined for control board, attempting to acquire port
[ERROR] [1775073896.921401106] [control_serial_interface]: Serial manager service not available
[ERROR] [1775073896.923833625] [control_serial_interface]: Serial port not found
[WARN] [1775073898.913384944] [control_serial_interface]: Control board serial port is not open, attempting to open
[INFO] [1775073898.915236001] [control_serial_interface]: Attempting to open serial port for control board
[INFO] [1775073898.917629669] [control_serial_interface]: No serial port defined for control board, attempting to acquire port
[ERROR] [1775073899.920307043] [control_serial_interface]: Serial manager service not available
[ERROR] [1775073899.921084185] [control_serial_interface]: Serial port not found
[WARN] [1775073901.911888338] [control_serial_interface]: Control board serial port is not open, attempting to open
[INFO] [1775073901.912439469] [control_serial_interface]: Attempting to open serial port for control board
[INFO] [1775073901.912956353] [control_serial_interface]: No serial port defined for control board, attempting to acquire port
[ERROR] [1775073902.916512988] [control_serial_interface]: Serial manager service not available
[ERROR] [1775073902.918566438] [control_serial_interface]: Serial port not found
[WARN] [1775073904.913118954] [control_serial_interface]: Control board serial port is not open, attempting to open
[INFO] [1775073904.914739978] [control_serial_interface]: Attempting to open serial port for control board
[INFO] [1775073904.916682379] [control_serial_interface]: No serial port defined for control board, attempting to acquire port
[ERROR] [1775073905.919108760] [control_serial_interface]: Serial manager service not available
[ERROR] [1775073905.919875821] [control_serial_interface]: Serial port not found
[WARN] [1775073907.915785041] [control_serial_interface]: Control board serial port is not open, attempting to open
[INFO] [1775073907.917579212] [control_serial_interface]: Attempting to open serial port for control board
[INFO] [1775073907.919332841] [control_serial_interface]: No serial port defined for control board, attempting to acquire port
[ERROR] [1775073908.923043875] [control_serial_interface]: Serial manager service not available
[ERROR] [1775073908.924894568] [control_serial_interface]: Serial port not found
[WARN] [1775073910.913211162] [control_serial_interface]: Control board serial port is not open, attempting to open
[INFO] [1775073910.915049979] [control_serial_interface]: Attempting to open serial port for control board
[INFO] [1775073910.916947478] [control_serial_interface]: No serial port defined for control board, attempting to acquire port
[ERROR] [1775073911.920706705] [control_serial_interface]: Serial manager service not available
[ERROR] [1775073911.922807442] [control_serial_interface]: Serial port not found
[WARN] [1775073913.913403609] [control_serial_interface]: Control board serial port is not open, attempting to open
[INFO] [1775073913.915500100] [control_serial_interface]: Attempting to open serial port for control board
[INFO] [1775073913.917386044] [control_serial_interface]: No serial port defined for control board, attempting to acquire port
[ERROR] [1775073914.920971510] [control_serial_interface]: Serial manager service not available
[ERROR] [1775073914.922748984] [control_serial_interface]: Serial port not found
[WARN] [1775073916.913307580] [control_serial_interface]: Control board serial port is not open, attempting to open
[INFO] [1775073916.914982506] [control_serial_interface]: Attempting to open serial port for control board
[INFO] [1775073916.916663397] [control_serial_interface]: No serial port defined for control board, attempting to acquire port
[ERROR] [1775073917.920447240] [control_serial_interface]: Serial manager service not available
[ERROR] [1775073917.922262677] [control_serial_interface]: Serial port not found
[WARN] [1775073919.913482901] [control_serial_interface]: Control board serial port is not open, attempting to open
[INFO] [1775073919.915191699] [control_serial_interface]: Attempting to open serial port for control board
[INFO] [1775073919.917090653] [control_serial_interface]: No serial port defined for control board, attempting to acquire port
[ERROR] [1775073920.921022746] [control_serial_interface]: Serial manager service not available
[ERROR] [1775073920.922914320] [control_serial_interface]: Serial port not found
[WARN] [1775073922.913800314] [control_serial_interface]: Control board serial port is not open, attempting to open
[INFO] [1775073922.915718585] [control_serial_interface]: Attempting to open serial port for control board
[INFO] [1775073922.917441397] [control_serial_interface]: No serial port defined for control board, attempting to acquire port
[ERROR] [1775073923.921425661] [control_serial_interface]: Serial manager service not available
[ERROR] [1775073923.923277584] [control_serial_interface]: Serial port not found
[WARN] [1775073925.913787053] [control_serial_interface]: Control board serial port is not open, attempting to open
[INFO] [1775073925.915594773] [control_serial_interface]: Attempting to open serial port for control board
[INFO] [1775073925.917254469] [control_serial_interface]: No serial port defined for control board, attempting to acquire port
[ERROR] [1775073926.921020351] [control_serial_interface]: Serial manager service not available
[ERROR] [1775073926.922916751] [control_serial_interface]: Serial port not found
[WARN] [1775073928.913424559] [control_serial_interface]: Control board serial port is not open, attempting to open
[INFO] [1775073928.915221275] [control_serial_interface]: Attempting to open serial port for control board
[INFO] [1775073928.916847304] [control_serial_interface]: No serial port defined for control board, attempting to acquire port
[ERROR] [1775073929.920298865] [control_serial_interface]: Serial manager service not available
[ERROR] [1775073929.922206260] [control_serial_interface]: Serial port not found
[WARN] [1775073931.913399834] [control_serial_interface]: Control board serial port is not open, attempting to open
[INFO] [1775073931.915302593] [control_serial_interface]: Attempting to open serial port for control board
[INFO] [1775073931.917126395] [control_serial_interface]: No serial port defined for control board, attempting to acquire port
[ERROR] [1775073932.919700022] [control_serial_interface]: Serial manager service not available
[ERROR] [1775073932.920388343] [control_serial_interface]: Serial port not found
[WARN] [1775073934.913285729] [control_serial_interface]: Control board serial port is not open, attempting to open
[INFO] [1775073934.915312173] [control_serial_interface]: Attempting to open serial port for control board
[INFO] [1775073934.917171341] [control_serial_interface]: No serial port defined for control board, attempting to acquire port
[ERROR] [1775073935.921055822] [control_serial_interface]: Serial manager service not available
[ERROR] [1775073935.922945441] [control_serial_interface]: Serial port not found
[WARN] [1775073937.913359351] [control_serial_interface]: Control board serial port is not open, attempting to open
[INFO] [1775073937.915416906] [control_serial_interface]: Attempting to open serial port for control board
[INFO] [1775073937.917762122] [control_serial_interface]: No serial port defined for control board, attempting to acquire port
[ERROR] [1775073938.921490198] [control_serial_interface]: Serial manager service not available
[ERROR] [1775073938.923365196] [control_serial_interface]: Serial port not found
[WARN] [1775073940.912016331] [control_serial_interface]: Control board serial port is not open, attempting to open
[INFO] [1775073940.912570377] [control_serial_interface]: Attempting to open serial port for control board
[INFO] [1775073940.913108461] [control_serial_interface]: No serial port defined for control board, attempting to acquire port
[ERROR] [1775073941.916588504] [control_serial_interface]: Serial manager service not available
[ERROR] [1775073941.918554066] [control_serial_interface]: Serial port not found
[WARN] [1775073943.913114382] [control_serial_interface]: Control board serial port is not open, attempting to open
[INFO] [1775073943.914805479] [control_serial_interface]: Attempting to open serial port for control board
[INFO] [1775073943.917045726] [control_serial_interface]: No serial port defined for control board, attempting to acquire port
[ERROR] [1775073944.920976984] [control_serial_interface]: Serial manager service not available
[ERROR] [1775073944.922795390] [control_serial_interface]: Serial port not found
[WARN] [1775073946.911765278] [control_serial_interface]: Control board serial port is not open, attempting to open
[INFO] [1775073946.912330574] [control_serial_interface]: Attempting to open serial port for control board
[INFO] [1775073946.912791485] [control_serial_interface]: No serial port defined for control board, attempting to acquire port
[ERROR] [1775073947.916226741] [control_serial_interface]: Serial manager service not available
[ERROR] [1775073947.918127045] [control_serial_interface]: Serial port not found
[WARN] [1775073949.913295034] [control_serial_interface]: Control board serial port is not open, attempting to open
[INFO] [1775073949.915191023] [control_serial_interface]: Attempting to open serial port for control board
[INFO] [1775073949.916806857] [control_serial_interface]: No serial port defined for control board, attempting to acquire port
[ERROR] [1775073950.919630763] [control_serial_interface]: Serial manager service not available
[ERROR] [1775073950.920806182] [control_serial_interface]: Serial port not found
[WARN] [1775073952.913247036] [control_serial_interface]: Control board serial port is not open, attempting to open
[INFO] [1775073952.914623991] [control_serial_interface]: Attempting to open serial port for control board
[INFO] [1775073952.915989274] [control_serial_interface]: No serial port defined for control board, attempting to acquire port
[ERROR] [1775073953.918406926] [control_serial_interface]: Serial manager service not available
[ERROR] [1775073953.919083919] [control_serial_interface]: Serial port not found
[WARN] [1775073955.913204406] [control_serial_interface]: Control board serial port is not open, attempting to open
[INFO] [1775073955.914966915] [control_serial_interface]: Attempting to open serial port for control board
[INFO] [1775073955.916887665] [control_serial_interface]: No serial port defined for control board, attempting to acquire port
[ERROR] [1775073956.920599265] [control_serial_interface]: Serial manager service not available
[ERROR] [1775073956.922459618] [control_serial_interface]: Serial port not found
[WARN] [1775073958.913434404] [control_serial_interface]: Control board serial port is not open, attempting to open
[INFO] [1775073958.915421652] [control_serial_interface]: Attempting to open serial port for control board
[INFO] [1775073958.917357157] [control_serial_interface]: No serial port defined for control board, attempting to acquire port
[ERROR] [1775073959.921208518] [control_serial_interface]: Serial manager service not available
[ERROR] [1775073959.923230886] [control_serial_interface]: Serial port not found
[WARN] [1775073961.913276698] [control_serial_interface]: Control board serial port is not open, attempting to open
[INFO] [1775073961.915050053] [control_serial_interface]: Attempting to open serial port for control board
[INFO] [1775073961.917040066] [control_serial_interface]: No serial port defined for control board, attempting to acquire port
[ERROR] [1775073962.920839277] [control_serial_interface]: Serial manager service not available
[ERROR] [1775073962.922815555] [control_serial_interface]: Serial port not found
[WARN] [1775073964.913623758] [control_serial_interface]: Control board serial port is not open, attempting to open
[INFO] [1775073964.915367511] [control_serial_interface]: Attempting to open serial port for control board
[INFO] [1775073964.916986140] [control_serial_interface]: No serial port defined for control board, attempting to acquire port
[ERROR] [1775073965.920563961] [control_serial_interface]: Serial manager service not available
[ERROR] [1775073965.922427939] [control_serial_interface]: Serial port not found
[WARN] [1775073967.913510469] [control_serial_interface]: Control board serial port is not open, attempting to open
[INFO] [1775073967.916012490] [control_serial_interface]: Attempting to open serial port for control board
[INFO] [1775073967.917942550] [control_serial_interface]: No serial port defined for control board, attempting to acquire port
[ERROR] [1775073968.921656641] [control_serial_interface]: Serial manager service not available
[ERROR] [1775073968.923510163] [control_serial_interface]: Serial port not found
[WARN] [1775073970.913320732] [control_serial_interface]: Control board serial port is not open, attempting to open
[INFO] [1775073970.915712279] [control_serial_interface]: Attempting to open serial port for control board
[INFO] [1775073970.917417186] [control_serial_interface]: No serial port defined for control board, attempting to acquire port
[ERROR] [1775073971.920990401] [control_serial_interface]: Serial manager service not available
[ERROR] [1775073971.922839564] [control_serial_interface]: Serial port not found
[WARN] [1775073973.911908619] [control_serial_interface]: Control board serial port is not open, attempting to open
[INFO] [1775073973.912475592] [control_serial_interface]: Attempting to open serial port for control board
[INFO] [1775073973.913036816] [control_serial_interface]: No serial port defined for control board, attempting to acquire port
[ERROR] [1775073974.917306742] [control_serial_interface]: Serial manager service not available
[ERROR] [1775073974.919189951] [control_serial_interface]: Serial port not found
[WARN] [1775073976.913583301] [control_serial_interface]: Control board serial port is not open, attempting to open
[INFO] [1775073976.915315009] [control_serial_interface]: Attempting to open serial port for control board
[INFO] [1775073976.916962755] [control_serial_interface]: No serial port defined for control board, attempting to acquire port
[ERROR] [1775073977.920470247] [control_serial_interface]: Serial manager service not available
[ERROR] [1775073977.922349361] [control_serial_interface]: Serial port not found
[WARN] [1775073979.913399734] [control_serial_interface]: Control board serial port is not open, attempting to open
[INFO] [1775073979.915248397] [control_serial_interface]: Attempting to open serial port for control board
[INFO] [1775073979.917806090] [control_serial_interface]: No serial port defined for control board, attempting to acquire port
[ERROR] [1775073980.921513390] [control_serial_interface]: Serial manager service not available
[ERROR] [1775073980.923502353] [control_serial_interface]: Serial port not found
[WARN] [1775073982.912784373] [control_serial_interface]: Control board serial port is not open, attempting to open
[INFO] [1775073982.914233980] [control_serial_interface]: Attempting to open serial port for control board
[INFO] [1775073982.915575312] [control_serial_interface]: No serial port defined for control board, attempting to acquire port
[ERROR] [1775073983.919057006] [control_serial_interface]: Serial manager service not available
[ERROR] [1775073983.921326829] [control_serial_interface]: Serial port not found
[WARN] [1775073985.912426920] [control_serial_interface]: Control board serial port is not open, attempting to open
[INFO] [1775073985.913457348] [control_serial_interface]: Attempting to open serial port for control board
[INFO] [1775073985.914540483] [control_serial_interface]: No serial port defined for control board, attempting to acquire port
[ERROR] [1775073986.918172364] [control_serial_interface]: Serial manager service not available
[ERROR] [1775073986.920264200] [control_serial_interface]: Serial port not found
[WARN] [1775073988.912053276] [control_serial_interface]: Control board serial port is not open, attempting to open
[INFO] [1775073988.912780217] [control_serial_interface]: Attempting to open serial port for control board
[INFO] [1775073988.913868624] [control_serial_interface]: No serial port defined for control board, attempting to acquire port
[ERROR] [1775073989.916036453] [control_serial_interface]: Serial manager service not available
[ERROR] [1775073989.916794823] [control_serial_interface]: Serial port not found
[WARN] [1775073991.911756694] [control_serial_interface]: Control board serial port is not open, attempting to open
[INFO] [1775073991.912291860] [control_serial_interface]: Attempting to open serial port for control board
[INFO] [1775073991.912752112] [control_serial_interface]: No serial port defined for control board, attempting to acquire port
[ERROR] [1775073992.916069417] [control_serial_interface]: Serial manager service not available
[ERROR] [1775073992.917930734] [control_serial_interface]: Serial port not found
[WARN] [1775073994.913347557] [control_serial_interface]: Control board serial port is not open, attempting to open
[INFO] [1775073994.915060395] [control_serial_interface]: Attempting to open serial port for control board
[INFO] [1775073994.916664198] [control_serial_interface]: No serial port defined for control board, attempting to acquire port
[ERROR] [1775073995.919402928] [control_serial_interface]: Serial manager service not available
[ERROR] [1775073995.920028351] [control_serial_interface]: Serial port not found
[WARN] [1775073997.911749822] [control_serial_interface]: Control board serial port is not open, attempting to open
[INFO] [1775073997.912326396] [control_serial_interface]: Attempting to open serial port for control board
[INFO] [1775073997.912867841] [control_serial_interface]: No serial port defined for control board, attempting to acquire port
[ERROR] [1775073998.916114503] [control_serial_interface]: Serial manager service not available
[ERROR] [1775073998.918057854] [control_serial_interface]: Serial port not found
[WARN] [1775074000.913258149] [control_serial_interface]: Control board serial port is not open, attempting to open
[INFO] [1775074000.914924950] [control_serial_interface]: Attempting to open serial port for control board
[INFO] [1775074000.916488317] [control_serial_interface]: No serial port defined for control board, attempting to acquire port
[ERROR] [1775074001.920055447] [control_serial_interface]: Serial manager service not available
[ERROR] [1775074001.921941431] [control_serial_interface]: Serial port not found
[WARN] [1775074003.913385419] [control_serial_interface]: Control board serial port is not open, attempting to open
[INFO] [1775074003.915322575] [control_serial_interface]: Attempting to open serial port for control board
[INFO] [1775074003.917083039] [control_serial_interface]: No serial port defined for control board, attempting to acquire port
[ERROR] [1775074004.921147972] [control_serial_interface]: Serial manager service not available
[ERROR] [1775074004.923490528] [control_serial_interface]: Serial port not found
[WARN] [1775074006.912022624] [control_serial_interface]: Control board serial port is not open, attempting to open
[INFO] [1775074006.912664023] [control_serial_interface]: Attempting to open serial port for control board
[INFO] [1775074006.913292114] [control_serial_interface]: No serial port defined for control board, attempting to acquire port
[ERROR] [1775074007.916215989] [control_serial_interface]: Serial manager service not available
[ERROR] [1775074007.917695893] [control_serial_interface]: Serial port not found
[WARN] [1775074009.913290101] [control_serial_interface]: Control board serial port is not open, attempting to open
[INFO] [1775074009.915387628] [control_serial_interface]: Attempting to open serial port for control board
[INFO] [1775074009.917470309] [control_serial_interface]: No serial port defined for control board, attempting to acquire port
[ERROR] [1775074010.921269762] [control_serial_interface]: Serial manager service not available
[ERROR] [1775074010.923260340] [control_serial_interface]: Serial port not found
[WARN] [1775074012.912688717] [control_serial_interface]: Control board serial port is not open, attempting to open
[INFO] [1775074012.914280251] [control_serial_interface]: Attempting to open serial port for control board
[INFO] [1775074012.915637278] [control_serial_interface]: No serial port defined for control board, attempting to acquire port
[ERROR] [1775074013.919271829] [control_serial_interface]: Serial manager service not available
[ERROR] [1775074013.921122052] [control_serial_interface]: Serial port not found
[WARN] [1775074015.913214859] [control_serial_interface]: Control board serial port is not open, attempting to open
[INFO] [1775074015.914934541] [control_serial_interface]: Attempting to open serial port for control board
[INFO] [1775074015.916696071] [control_serial_interface]: No serial port defined for control board, attempting to acquire port
[ERROR] [1775074016.920475423] [control_serial_interface]: Serial manager service not available
[ERROR] [1775074016.922365692] [control_serial_interface]: Serial port not found
[WARN] [1775074018.913204498] [control_serial_interface]: Control board serial port is not open, attempting to open
[INFO] [1775074018.915137493] [control_serial_interface]: Attempting to open serial port for control board
[INFO] [1775074018.917072764] [control_serial_interface]: No serial port defined for control board, attempting to acquire port
[ERROR] [1775074019.921249762] [control_serial_interface]: Serial manager service not available
[ERROR] [1775074019.923302876] [control_serial_interface]: Serial port not found
[WARN] [1775074021.913373139] [control_serial_interface]: Control board serial port is not open, attempting to open
[INFO] [1775074021.915080812] [control_serial_interface]: Attempting to open serial port for control board
[INFO] [1775074021.916690410] [control_serial_interface]: No serial port defined for control board, attempting to acquire port
[ERROR] [1775074022.920702792] [control_serial_interface]: Serial manager service not available
[ERROR] [1775074022.923019286] [control_serial_interface]: Serial port not found
[WARN] [1775074024.913213658] [control_serial_interface]: Control board serial port is not open, attempting to open
[INFO] [1775074024.915062451] [control_serial_interface]: Attempting to open serial port for control board
[INFO] [1775074024.916716071] [control_serial_interface]: No serial port defined for control board, attempting to acquire port
[ERROR] [1775074025.920507150] [control_serial_interface]: Serial manager service not available
[ERROR] [1775074025.922600451] [control_serial_interface]: Serial port not found
[WARN] [1775074027.912341412] [control_serial_interface]: Control board serial port is not open, attempting to open
[INFO] [1775074027.913038751] [control_serial_interface]: Attempting to open serial port for control board
[INFO] [1775074027.913659061] [control_serial_interface]: No serial port defined for control board, attempting to acquire port
[ERROR] [1775074028.916982446] [control_serial_interface]: Serial manager service not available
[ERROR] [1775074028.919054382] [control_serial_interface]: Serial port not found
[WARN] [1775074030.913211819] [control_serial_interface]: Control board serial port is not open, attempting to open
[INFO] [1775074030.915246503] [control_serial_interface]: Attempting to open serial port for control board
[INFO] [1775074030.917217935] [control_serial_interface]: No serial port defined for control board, attempting to acquire port
[ERROR] [1775074031.921124452] [control_serial_interface]: Serial manager service not available
[ERROR] [1775074031.923212438] [control_serial_interface]: Serial port not found
[WARN] [1775074033.913284211] [control_serial_interface]: Control board serial port is not open, attempting to open
[INFO] [1775074033.915214052] [control_serial_interface]: Attempting to open serial port for control board
[INFO] [1775074033.916867727] [control_serial_interface]: No serial port defined for control board, attempting to acquire port
[ERROR] [1775074034.920523515] [control_serial_interface]: Serial manager service not available
[ERROR] [1775074034.922382648] [control_serial_interface]: Serial port not found
[WARN] [1775074036.913308602] [control_serial_interface]: Control board serial port is not open, attempting to open
[INFO] [1775074036.915054866] [control_serial_interface]: Attempting to open serial port for control board
[INFO] [1775074036.917223160] [control_serial_interface]: No serial port defined for control board, attempting to acquire port
[ERROR] [1775074037.921465659] [control_serial_interface]: Serial manager service not available
[ERROR] [1775074037.923403630] [control_serial_interface]: Serial port not found
[WARN] [1775074039.913485758] [control_serial_interface]: Control board serial port is not open, attempting to open
[INFO] [1775074039.915313660] [control_serial_interface]: Attempting to open serial port for control board
[INFO] [1775074039.916958955] [control_serial_interface]: No serial port defined for control board, attempting to acquire port
[ERROR] [1775074040.920770449] [control_serial_interface]: Serial manager service not available
[ERROR] [1775074040.922776822] [control_serial_interface]: Serial port not found
[WARN] [1775074042.912928681] [control_serial_interface]: Control board serial port is not open, attempting to open
[INFO] [1775074042.914591633] [control_serial_interface]: Attempting to open serial port for control board
[INFO] [1775074042.916123879] [control_serial_interface]: No serial port defined for control board, attempting to acquire port
[ERROR] [1775074043.919627472] [control_serial_interface]: Serial manager service not available
[ERROR] [1775074043.921487570] [control_serial_interface]: Serial port not found
[WARN] [1775074045.913046408] [control_serial_interface]: Control board serial port is not open, attempting to open
[INFO] [1775074045.914816540] [control_serial_interface]: Attempting to open serial port for control board
[INFO] [1775074045.916308475] [control_serial_interface]: No serial port defined for control board, attempting to acquire port
[ERROR] [1775074046.919671061] [control_serial_interface]: Serial manager service not available
[ERROR] [1775074046.921558885] [control_serial_interface]: Serial port not found
[WARN] [1775074048.913214546] [control_serial_interface]: Control board serial port is not open, attempting to open
[INFO] [1775074048.915215714] [control_serial_interface]: Attempting to open serial port for control board
[INFO] [1775074048.917016440] [control_serial_interface]: No serial port defined for control board, attempting to acquire port
[ERROR] [1775074049.920954123] [control_serial_interface]: Serial manager service not available
[ERROR] [1775074049.922830357] [control_serial_interface]: Serial port not found
[WARN] [1775074051.913398493] [control_serial_interface]: Control board serial port is not open, attempting to open
[INFO] [1775074051.915046973] [control_serial_interface]: Attempting to open serial port for control board
[INFO] [1775074051.916937107] [control_serial_interface]: No serial port defined for control board, attempting to acquire port
[ERROR] [1775074052.920347486] [control_serial_interface]: Serial manager service not available
[ERROR] [1775074052.922682371] [control_serial_interface]: Serial port not found
[WARN] [1775074054.913549183] [control_serial_interface]: Control board serial port is not open, attempting to open
[INFO] [1775074054.915241965] [control_serial_interface]: Attempting to open serial port for control board
[INFO] [1775074054.916835573] [control_serial_interface]: No serial port defined for control board, attempting to acquire port
[ERROR] [1775074055.920554089] [control_serial_interface]: Serial manager service not available
[ERROR] [1775074055.922488269] [control_serial_interface]: Serial port not found
[WARN] [1775074057.913253387] [control_serial_interface]: Control board serial port is not open, attempting to open
[INFO] [1775074057.915121325] [control_serial_interface]: Attempting to open serial port for control board
[INFO] [1775074057.917272164] [control_serial_interface]: No serial port defined for control board, attempting to acquire port
[ERROR] [1775074058.920006065] [control_serial_interface]: Serial manager service not available
[ERROR] [1775074058.920620378] [control_serial_interface]: Serial port not found
[WARN] [1775074060.913184880] [control_serial_interface]: Control board serial port is not open, attempting to open
[INFO] [1775074060.915325451] [control_serial_interface]: Attempting to open serial port for control board
[INFO] [1775074060.916057011] [control_serial_interface]: No serial port defined for control board, attempting to acquire port
[ERROR] [1775074061.919414347] [control_serial_interface]: Serial manager service not available
[ERROR] [1775074061.921757617] [control_serial_interface]: Serial port not found
[WARN] [1775074063.912924201] [control_serial_interface]: Control board serial port is not open, attempting to open
[INFO] [1775074063.914478630] [control_serial_interface]: Attempting to open serial port for control board
[INFO] [1775074063.916163092] [control_serial_interface]: No serial port defined for control board, attempting to acquire port
[ERROR] [1775074064.920058211] [control_serial_interface]: Serial manager service not available
[ERROR] [1775074064.922154647] [control_serial_interface]: Serial port not found
[WARN] [1775074066.913636573] [control_serial_interface]: Control board serial port is not open, attempting to open
[INFO] [1775074066.915370056] [control_serial_interface]: Attempting to open serial port for control board
[INFO] [1775074066.916938547] [control_serial_interface]: No serial port defined for control board, attempting to acquire port
[ERROR] [1775074067.919645663] [control_serial_interface]: Serial manager service not available
[ERROR] [1775074067.920523866] [control_serial_interface]: Serial port not found
[WARN] [1775074069.913487361] [control_serial_interface]: Control board serial port is not open, attempting to open
[INFO] [1775074069.915222604] [control_serial_interface]: Attempting to open serial port for control board
[INFO] [1775074069.917088147] [control_serial_interface]: No serial port defined for control board, attempting to acquire port
[ERROR] [1775074070.921327047] [control_serial_interface]: Serial manager service not available
[ERROR] [1775074070.923325785] [control_serial_interface]: Serial port not found
[WARN] [1775074072.912784191] [control_serial_interface]: Control board serial port is not open, attempting to open
[INFO] [1775074072.913663671] [control_serial_interface]: Attempting to open serial port for control board
[INFO] [1775074072.914395597] [control_serial_interface]: No serial port defined for control board, attempting to acquire port
[ERROR] [1775074073.918705251] [control_serial_interface]: Serial manager service not available
[ERROR] [1775074073.921490713] [control_serial_interface]: Serial port not found
[WARN] [1775074075.911753502] [control_serial_interface]: Control board serial port is not open, attempting to open
[INFO] [1775074075.912309792] [control_serial_interface]: Attempting to open serial port for control board
[INFO] [1775074075.912947970] [control_serial_interface]: No serial port defined for control board, attempting to acquire port
[ERROR] [1775074076.917074478] [control_serial_interface]: Serial manager service not available
[ERROR] [1775074076.919313824] [control_serial_interface]: Serial port not found
[WARN] [1775074078.913558544] [control_serial_interface]: Control board serial port is not open, attempting to open
[INFO] [1775074078.915718333] [control_serial_interface]: Attempting to open serial port for control board
[INFO] [1775074078.918062079] [control_serial_interface]: No serial port defined for control board, attempting to acquire port
[ERROR] [1775074079.922645531] [control_serial_interface]: Serial manager service not available
[ERROR] [1775074079.925413727] [control_serial_interface]: Serial port not found
[WARN] [1775074081.913429469] [control_serial_interface]: Control board serial port is not open, attempting to open
[INFO] [1775074081.915722873] [control_serial_interface]: Attempting to open serial port for control board
[INFO] [1775074081.918091890] [control_serial_interface]: No serial port defined for control board, attempting to acquire port
[ERROR] [1775074082.920639091] [control_serial_interface]: Serial manager service not available
[ERROR] [1775074082.921427206] [control_serial_interface]: Serial port not found
[WARN] [1775074084.913393145] [control_serial_interface]: Control board serial port is not open, attempting to open
[INFO] [1775074084.915090116] [control_serial_interface]: Attempting to open serial port for control board
[INFO] [1775074084.916927842] [control_serial_interface]: No serial port defined for control board, attempting to acquire port
[ERROR] [1775074085.920572550] [control_serial_interface]: Serial manager service not available
[ERROR] [1775074085.922515866] [control_serial_interface]: Serial port not found
[WARN] [1775074087.913354292] [control_serial_interface]: Control board serial port is not open, attempting to open
[INFO] [1775074087.915028498] [control_serial_interface]: Attempting to open serial port for control board
[INFO] [1775074087.916591690] [control_serial_interface]: No serial port defined for control board, attempting to acquire port
[ERROR] [1775074088.920371998] [control_serial_interface]: Serial manager service not available
[ERROR] [1775074088.922537782] [control_serial_interface]: Serial port not found
[WARN] [1775074090.913234538] [control_serial_interface]: Control board serial port is not open, attempting to open
[INFO] [1775074090.914918864] [control_serial_interface]: Attempting to open serial port for control board
[INFO] [1775074090.916811008] [control_serial_interface]: No serial port defined for control board, attempting to acquire port
[ERROR] [1775074091.921439717] [control_serial_interface]: Serial manager service not available
[ERROR] [1775074091.923631837] [control_serial_interface]: Serial port not found
[WARN] [1775074093.911975043] [control_serial_interface]: Control board serial port is not open, attempting to open
[INFO] [1775074093.912664342] [control_serial_interface]: Attempting to open serial port for control board
[INFO] [1775074093.913329573] [control_serial_interface]: No serial port defined for control board, attempting to acquire port
[ERROR] [1775074094.916901372] [control_serial_interface]: Serial manager service not available
[ERROR] [1775074094.918559376] [control_serial_interface]: Serial port not found
[WARN] [1775074096.912599475] [control_serial_interface]: Control board serial port is not open, attempting to open
[INFO] [1775074096.913583687] [control_serial_interface]: Attempting to open serial port for control board
[INFO] [1775074096.914596568] [control_serial_interface]: No serial port defined for control board, attempting to acquire port
[ERROR] [1775074097.918045123] [control_serial_interface]: Serial manager service not available
[ERROR] [1775074097.920829805] [control_serial_interface]: Serial port not found
[WARN] [1775074099.913419655] [control_serial_interface]: Control board serial port is not open, attempting to open
[INFO] [1775074099.915113331] [control_serial_interface]: Attempting to open serial port for control board
[INFO] [1775074099.918096075] [control_serial_interface]: No serial port defined for control board, attempting to acquire port
[ERROR] [1775074100.922670762] [control_serial_interface]: Serial manager service not available
[ERROR] [1775074100.926119873] [control_serial_interface]: Serial port not found
[WARN] [1775074102.914253709] [control_serial_interface]: Control board serial port is not open, attempting to open
[INFO] [1775074102.916096199] [control_serial_interface]: Attempting to open serial port for control board
[INFO] [1775074102.917408734] [control_serial_interface]: No serial port defined for control board, attempting to acquire port
[ERROR] [1775074103.921286736] [control_serial_interface]: Serial manager service not available
[ERROR] [1775074103.923191210] [control_serial_interface]: Serial port not found
[WARN] [1775074105.913256533] [control_serial_interface]: Control board serial port is not open, attempting to open
[INFO] [1775074105.914969785] [control_serial_interface]: Attempting to open serial port for control board
[INFO] [1775074105.916895410] [control_serial_interface]: No serial port defined for control board, attempting to acquire port
[ERROR] [1775074106.920650287] [control_serial_interface]: Serial manager service not available
[ERROR] [1775074106.922788365] [control_serial_interface]: Serial port not found
[WARN] [1775074108.913504537] [control_serial_interface]: Control board serial port is not open, attempting to open
[INFO] [1775074108.915379060] [control_serial_interface]: Attempting to open serial port for control board
[INFO] [1775074108.916989214] [control_serial_interface]: No serial port defined for control board, attempting to acquire port
[ERROR] [1775074109.919442402] [control_serial_interface]: Serial manager service not available
[ERROR] [1775074109.921234581] [control_serial_interface]: Serial port not found
[WARN] [1775074111.912001761] [control_serial_interface]: Control board serial port is not open, attempting to open
[INFO] [1775074111.912556098] [control_serial_interface]: Attempting to open serial port for control board
[INFO] [1775074111.913061822] [control_serial_interface]: No serial port defined for control board, attempting to acquire port
[ERROR] [1775074112.915437186] [control_serial_interface]: Serial manager service not available
[ERROR] [1775074112.916426363] [control_serial_interface]: Serial port not found
[WARN] [1775074114.912044416] [control_serial_interface]: Control board serial port is not open, attempting to open
[INFO] [1775074114.912749100] [control_serial_interface]: Attempting to open serial port for control board
[INFO] [1775074114.913389210] [control_serial_interface]: No serial port defined for control board, attempting to acquire port
[ERROR] [1775074115.917034036] [control_serial_interface]: Serial manager service not available
[ERROR] [1775074115.919585944] [control_serial_interface]: Serial port not found
[WARN] [1775074117.913218037] [control_serial_interface]: Control board serial port is not open, attempting to open
[INFO] [1775074117.914888673] [control_serial_interface]: Attempting to open serial port for control board
[INFO] [1775074117.916917427] [control_serial_interface]: No serial port defined for control board, attempting to acquire port
[ERROR] [1775074118.920639203] [control_serial_interface]: Serial manager service not available
[ERROR] [1775074118.922460764] [control_serial_interface]: Serial port not found
[WARN] [1775074120.913359812] [control_serial_interface]: Control board serial port is not open, attempting to open
[INFO] [1775074120.915145287] [control_serial_interface]: Attempting to open serial port for control board
[INFO] [1775074120.916960003] [control_serial_interface]: No serial port defined for control board, attempting to acquire port
[ERROR] [1775074121.921038287] [control_serial_interface]: Serial manager service not available
[ERROR] [1775074121.922823777] [control_serial_interface]: Serial port not found
[WARN] [1775074123.912011418] [control_serial_interface]: Control board serial port is not open, attempting to open
[INFO] [1775074123.912836444] [control_serial_interface]: Attempting to open serial port for control board
[INFO] [1775074123.913573635] [control_serial_interface]: No serial port defined for control board, attempting to acquire port
[ERROR] [1775074124.915699884] [control_serial_interface]: Serial manager service not available
[ERROR] [1775074124.916662066] [control_serial_interface]: Serial port not found
[WARN] [1775074126.913283940] [control_serial_interface]: Control board serial port is not open, attempting to open
[INFO] [1775074126.915003802] [control_serial_interface]: Attempting to open serial port for control board
[INFO] [1775074126.916636507] [control_serial_interface]: No serial port defined for control board, attempting to acquire port
[ERROR] [1775074127.920351072] [control_serial_interface]: Serial manager service not available
[ERROR] [1775074127.922968560] [control_serial_interface]: Serial port not found
[WARN] [1775074129.911761170] [control_serial_interface]: Control board serial port is not open, attempting to open
[INFO] [1775074129.912327637] [control_serial_interface]: Attempting to open serial port for control board
[INFO] [1775074129.912797133] [control_serial_interface]: No serial port defined for control board, attempting to acquire port
[ERROR] [1775074130.916691690] [control_serial_interface]: Serial manager service not available
[ERROR] [1775074130.918547243] [control_serial_interface]: Serial port not found
[WARN] [1775074132.912689018] [control_serial_interface]: Control board serial port is not open, attempting to open
[INFO] [1775074132.914130234] [control_serial_interface]: Attempting to open serial port for control board
[INFO] [1775074132.915561579] [control_serial_interface]: No serial port defined for control board, attempting to acquire port
[ERROR] [1775074133.919103418] [control_serial_interface]: Serial manager service not available
[ERROR] [1775074133.921025478] [control_serial_interface]: Serial port not found
[WARN] [1775074135.913224599] [control_serial_interface]: Control board serial port is not open, attempting to open
[INFO] [1775074135.914923831] [control_serial_interface]: Attempting to open serial port for control board
[INFO] [1775074135.916556200] [control_serial_interface]: No serial port defined for control board, attempting to acquire port
[ERROR] [1775074136.920134656] [control_serial_interface]: Serial manager service not available
[ERROR] [1775074136.921943012] [control_serial_interface]: Serial port not found
[WARN] [1775074138.913522580] [control_serial_interface]: Control board serial port is not open, attempting to open
[INFO] [1775074138.915256593] [control_serial_interface]: Attempting to open serial port for control board
[INFO] [1775074138.916939694] [control_serial_interface]: No serial port defined for control board, attempting to acquire port
[ERROR] [1775074139.920561417] [control_serial_interface]: Serial manager service not available
[ERROR] [1775074139.922461306] [control_serial_interface]: Serial port not found
[WARN] [1775074141.913214273] [control_serial_interface]: Control board serial port is not open, attempting to open
[INFO] [1775074141.915080002] [control_serial_interface]: Attempting to open serial port for control board
[INFO] [1775074141.916909888] [control_serial_interface]: No serial port defined for control board, attempting to acquire port
[ERROR] [1775074142.920501574] [control_serial_interface]: Serial manager service not available
[ERROR] [1775074142.922641957] [control_serial_interface]: Serial port not found
[WARN] [1775074144.912245516] [control_serial_interface]: Control board serial port is not open, attempting to open
[INFO] [1775074144.913564986] [control_serial_interface]: Attempting to open serial port for control board
[INFO] [1775074144.915790950] [control_serial_interface]: No serial port defined for control board, attempting to acquire port
[ERROR] [1775074145.919319103] [control_serial_interface]: Serial manager service not available
[ERROR] [1775074145.920830562] [control_serial_interface]: Serial port not found
[WARN] [1775074147.914588164] [control_serial_interface]: Control board serial port is not open, attempting to open
[INFO] [1775074147.917028408] [control_serial_interface]: Attempting to open serial port for control board
[INFO] [1775074147.918965483] [control_serial_interface]: No serial port defined for control board, attempting to acquire port
[ERROR] [1775074148.922322660] [control_serial_interface]: Serial manager service not available
[ERROR] [1775074148.924211290] [control_serial_interface]: Serial port not found
[WARN] [1775074150.912646108] [control_serial_interface]: Control board serial port is not open, attempting to open
[INFO] [1775074150.913619492] [control_serial_interface]: Attempting to open serial port for control board
[INFO] [1775074150.914174809] [control_serial_interface]: No serial port defined for control board, attempting to acquire port
[ERROR] [1775074151.917748884] [control_serial_interface]: Serial manager service not available
[ERROR] [1775074151.919827490] [control_serial_interface]: Serial port not found
[WARN] [1775074153.913305002] [control_serial_interface]: Control board serial port is not open, attempting to open
[INFO] [1775074153.915075897] [control_serial_interface]: Attempting to open serial port for control board
[INFO] [1775074153.917119491] [control_serial_interface]: No serial port defined for control board, attempting to acquire port
[ERROR] [1775074154.919516559] [control_serial_interface]: Serial manager service not available
[ERROR] [1775074154.920137716] [control_serial_interface]: Serial port not found
[WARN] [1775074156.913292761] [control_serial_interface]: Control board serial port is not open, attempting to open
[INFO] [1775074156.914981438] [control_serial_interface]: Attempting to open serial port for control board
[INFO] [1775074156.916833560] [control_serial_interface]: No serial port defined for control board, attempting to acquire port
[ERROR] [1775074157.920313814] [control_serial_interface]: Serial manager service not available
[ERROR] [1775074157.922527935] [control_serial_interface]: Serial port not found
[WARN] [1775074159.913253646] [control_serial_interface]: Control board serial port is not open, attempting to open
[INFO] [1775074159.915030376] [control_serial_interface]: Attempting to open serial port for control board
[INFO] [1775074159.916650725] [control_serial_interface]: No serial port defined for control board, attempting to acquire port
[ERROR] [1775074160.919210322] [control_serial_interface]: Serial manager service not available
[ERROR] [1775074160.920640895] [control_serial_interface]: Serial port not found
[WARN] [1775074162.914244940] [control_serial_interface]: Control board serial port is not open, attempting to open
[INFO] [1775074162.915006071] [control_serial_interface]: Attempting to open serial port for control board
[INFO] [1775074162.915662332] [control_serial_interface]: No serial port defined for control board, attempting to acquire port
[ERROR] [1775074163.917700406] [control_serial_interface]: Serial manager service not available
[ERROR] [1775074163.918701134] [control_serial_interface]: Serial port not found
[WARN] [1775074165.912458835] [control_serial_interface]: Control board serial port is not open, attempting to open
[INFO] [1775074165.913353778] [control_serial_interface]: Attempting to open serial port for control board
[INFO] [1775074165.914110394] [control_serial_interface]: No serial port defined for control board, attempting to acquire port
[ERROR] [1775074166.916819824] [control_serial_interface]: Serial manager service not available
[ERROR] [1775074166.919207076] [control_serial_interface]: Serial port not found
[WARN] [1775074168.913296968] [control_serial_interface]: Control board serial port is not open, attempting to open
[INFO] [1775074168.915224659] [control_serial_interface]: Attempting to open serial port for control board
[INFO] [1775074168.917249017] [control_serial_interface]: No serial port defined for control board, attempting to acquire port
[ERROR] [1775074169.921190361] [control_serial_interface]: Serial manager service not available
[ERROR] [1775074169.924126553] [control_serial_interface]: Serial port not found
[WARN] [1775074171.911932697] [control_serial_interface]: Control board serial port is not open, attempting to open
[INFO] [1775074171.912485259] [control_serial_interface]: Attempting to open serial port for control board
[INFO] [1775074171.913190984] [control_serial_interface]: No serial port defined for control board, attempting to acquire port
[ERROR] [1775074172.917209356] [control_serial_interface]: Serial manager service not available
[ERROR] [1775074172.919394576] [control_serial_interface]: Serial port not found
[WARN] [1775074174.912035150] [control_serial_interface]: Control board serial port is not open, attempting to open
[INFO] [1775074174.912841796] [control_serial_interface]: Attempting to open serial port for control board
[INFO] [1775074174.913400025] [control_serial_interface]: No serial port defined for control board, attempting to acquire port
[ERROR] [1775074175.915807732] [control_serial_interface]: Serial manager service not available
[ERROR] [1775074175.916690626] [control_serial_interface]: Serial port not found
[WARN] [1775074177.913097396] [control_serial_interface]: Control board serial port is not open, attempting to open
[INFO] [1775074177.915646369] [control_serial_interface]: Attempting to open serial port for control board
[INFO] [1775074177.917406309] [control_serial_interface]: No serial port defined for control board, attempting to acquire port
[ERROR] [1775074178.919522487] [control_serial_interface]: Serial manager service not available
[ERROR] [1775074178.920227076] [control_serial_interface]: Serial port not found
[WARN] [1775074180.912213586] [control_serial_interface]: Control board serial port is not open, attempting to open
[INFO] [1775074180.913127415] [control_serial_interface]: Attempting to open serial port for control board
[INFO] [1775074180.914167333] [control_serial_interface]: No serial port defined for control board, attempting to acquire port
[ERROR] [1775074181.918077533] [control_serial_interface]: Serial manager service not available
[ERROR] [1775074181.920003603] [control_serial_interface]: Serial port not found
[WARN] [1775074183.913206190] [control_serial_interface]: Control board serial port is not open, attempting to open
[INFO] [1775074183.915028237] [control_serial_interface]: Attempting to open serial port for control board
[INFO] [1775074183.917347606] [control_serial_interface]: No serial port defined for control board, attempting to acquire port
[ERROR] [1775074184.922024426] [control_serial_interface]: Serial manager service not available
[ERROR] [1775074184.924779212] [control_serial_interface]: Serial port not found
[WARN] [1775074186.913716953] [control_serial_interface]: Control board serial port is not open, attempting to open
[INFO] [1775074186.915633857] [control_serial_interface]: Attempting to open serial port for control board
[INFO] [1775074186.917716268] [control_serial_interface]: No serial port defined for control board, attempting to acquire port
[ERROR] [1775074187.920168814] [control_serial_interface]: Serial manager service not available
[ERROR] [1775074187.920906890] [control_serial_interface]: Serial port not found
[WARN] [1775074189.911987391] [control_serial_interface]: Control board serial port is not open, attempting to open
[INFO] [1775074189.912561239] [control_serial_interface]: Attempting to open serial port for control board
[INFO] [1775074189.913108872] [control_serial_interface]: No serial port defined for control board, attempting to acquire port
[ERROR] [1775074190.916619294] [control_serial_interface]: Serial manager service not available
[ERROR] [1775074190.918690114] [control_serial_interface]: Serial port not found
[WARN] [1775074192.912944184] [control_serial_interface]: Control board serial port is not open, attempting to open
[INFO] [1775074192.914154662] [control_serial_interface]: Attempting to open serial port for control board
[INFO] [1775074192.915242652] [control_serial_interface]: No serial port defined for control board, attempting to acquire port
[ERROR] [1775074193.918086211] [control_serial_interface]: Serial manager service not available
[ERROR] [1775074193.919448187] [control_serial_interface]: Serial port not found
[WARN] [1775074195.911733522] [control_serial_interface]: Control board serial port is not open, attempting to open
[INFO] [1775074195.912302334] [control_serial_interface]: Attempting to open serial port for control board
[INFO] [1775074195.912738287] [control_serial_interface]: No serial port defined for control board, attempting to acquire port
[ERROR] [1775074196.916421386] [control_serial_interface]: Serial manager service not available
[ERROR] [1775074196.920647700] [control_serial_interface]: Serial port not found
[WARN] [1775074198.913605633] [control_serial_interface]: Control board serial port is not open, attempting to open
[INFO] [1775074198.915314881] [control_serial_interface]: Attempting to open serial port for control board
[INFO] [1775074198.917179454] [control_serial_interface]: No serial port defined for control board, attempting to acquire port
[ERROR] [1775074199.922036271] [control_serial_interface]: Serial manager service not available
[ERROR] [1775074199.925017605] [control_serial_interface]: Serial port not found
[WARN] [1775074201.913103335] [control_serial_interface]: Control board serial port is not open, attempting to open
[INFO] [1775074201.915389209] [control_serial_interface]: Attempting to open serial port for control board
[INFO] [1775074201.917435983] [control_serial_interface]: No serial port defined for control board, attempting to acquire port
[ERROR] [1775074202.921349491] [control_serial_interface]: Serial manager service not available
[ERROR] [1775074202.923920755] [control_serial_interface]: Serial port not found
[WARN] [1775074204.914455605] [control_serial_interface]: Control board serial port is not open, attempting to open
[INFO] [1775074204.917298578] [control_serial_interface]: Attempting to open serial port for control board
[INFO] [1775074204.919615283] [control_serial_interface]: No serial port defined for control board, attempting to acquire port
[ERROR] [1775074205.923514460] [control_serial_interface]: Serial manager service not available
[ERROR] [1775074205.925518553] [control_serial_interface]: Serial port not found
[WARN] [1775074207.913772190] [control_serial_interface]: Control board serial port is not open, attempting to open
[INFO] [1775074207.915514448] [control_serial_interface]: Attempting to open serial port for control board
[INFO] [1775074207.917314869] [control_serial_interface]: No serial port defined for control board, attempting to acquire port
[ERROR] [1775074208.919991528] [control_serial_interface]: Serial manager service not available
[ERROR] [1775074208.920866480] [control_serial_interface]: Serial port not found
[WARN] [1775074210.913211792] [control_serial_interface]: Control board serial port is not open, attempting to open
[INFO] [1775074210.914036782] [control_serial_interface]: Attempting to open serial port for control board
[INFO] [1775074210.914703711] [control_serial_interface]: No serial port defined for control board, attempting to acquire port
[ERROR] [1775074211.916395291] [control_serial_interface]: Serial manager service not available
[ERROR] [1775074211.917064905] [control_serial_interface]: Serial port not found
[WARN] [1775074213.912251236] [control_serial_interface]: Control board serial port is not open, attempting to open
[INFO] [1775074213.913162624] [control_serial_interface]: Attempting to open serial port for control board
[INFO] [1775074213.915025268] [control_serial_interface]: No serial port defined for control board, attempting to acquire port
[ERROR] [1775074214.918015937] [control_serial_interface]: Serial manager service not available
[ERROR] [1775074214.919031048] [control_serial_interface]: Serial port not found
[WARN] [1775074216.912898168] [control_serial_interface]: Control board serial port is not open, attempting to open
[INFO] [1775074216.914616771] [control_serial_interface]: Attempting to open serial port for control board
[INFO] [1775074216.916288883] [control_serial_interface]: No serial port defined for control board, attempting to acquire port
[ERROR] [1775074217.918478371] [control_serial_interface]: Serial manager service not available
[ERROR] [1775074217.919125813] [control_serial_interface]: Serial port not found
[WARN] [1775074219.913237525] [control_serial_interface]: Control board serial port is not open, attempting to open
[INFO] [1775074219.915224778] [control_serial_interface]: Attempting to open serial port for control board
[INFO] [1775074219.916876048] [control_serial_interface]: No serial port defined for control board, attempting to acquire port
[ERROR] [1775074220.920397862] [control_serial_interface]: Serial manager service not available
[ERROR] [1775074220.922363973] [control_serial_interface]: Serial port not found
[WARN] [1775074222.912000805] [control_serial_interface]: Control board serial port is not open, attempting to open
[INFO] [1775074222.912565908] [control_serial_interface]: Attempting to open serial port for control board
[INFO] [1775074222.913013286] [control_serial_interface]: No serial port defined for control board, attempting to acquire port
[ERROR] [1775074223.915616270] [control_serial_interface]: Serial manager service not available
[ERROR] [1775074223.916578435] [control_serial_interface]: Serial port not found
[WARN] [1775074225.913267751] [control_serial_interface]: Control board serial port is not open, attempting to open
[INFO] [1775074225.915059827] [control_serial_interface]: Attempting to open serial port for control board
[INFO] [1775074225.916925535] [control_serial_interface]: No serial port defined for control board, attempting to acquire port
[ERROR] [1775074226.922738492] [control_serial_interface]: Serial manager service not available
[ERROR] [1775074226.929960580] [control_serial_interface]: Serial port not found
[WARN] [1775074228.913567247] [control_serial_interface]: Control board serial port is not open, attempting to open
[INFO] [1775074228.915100488] [control_serial_interface]: Attempting to open serial port for control board
[INFO] [1775074228.916607261] [control_serial_interface]: No serial port defined for control board, attempting to acquire port
[ERROR] [1775074229.919139019] [control_serial_interface]: Serial manager service not available
[ERROR] [1775074229.920303868] [control_serial_interface]: Serial port not found
[WARN] [1775074231.913588613] [control_serial_interface]: Control board serial port is not open, attempting to open
[INFO] [1775074231.915508158] [control_serial_interface]: Attempting to open serial port for control board
[INFO] [1775074231.917272652] [control_serial_interface]: No serial port defined for control board, attempting to acquire port
[ERROR] [1775074232.919733282] [control_serial_interface]: Serial manager service not available
[ERROR] [1775074232.920486621] [control_serial_interface]: Serial port not found
[WARN] [1775074234.913422917] [control_serial_interface]: Control board serial port is not open, attempting to open
[INFO] [1775074234.915154930] [control_serial_interface]: Attempting to open serial port for control board
[INFO] [1775074234.917087551] [control_serial_interface]: No serial port defined for control board, attempting to acquire port
[ERROR] [1775074235.919499108] [control_serial_interface]: Serial manager service not available
[ERROR] [1775074235.920347452] [control_serial_interface]: Serial port not found
[WARN] [1775074237.914020720] [control_serial_interface]: Control board serial port is not open, attempting to open
[INFO] [1775074237.915956341] [control_serial_interface]: Attempting to open serial port for control board
[INFO] [1775074237.917892702] [control_serial_interface]: No serial port defined for control board, attempting to acquire port
[ERROR] [1775074238.920284072] [control_serial_interface]: Serial manager service not available
[ERROR] [1775074238.920908998] [control_serial_interface]: Serial port not found
[WARN] [1775074240.913547258] [control_serial_interface]: Control board serial port is not open, attempting to open
[INFO] [1775074240.915255400] [control_serial_interface]: Attempting to open serial port for control board
[INFO] [1775074240.917379083] [control_serial_interface]: No serial port defined for control board, attempting to acquire port
[ERROR] [1775074241.921137310] [control_serial_interface]: Serial manager service not available
[ERROR] [1775074241.922999323] [control_serial_interface]: Serial port not found
[WARN] [1775074243.913183795] [control_serial_interface]: Control board serial port is not open, attempting to open
[INFO] [1775074243.914899727] [control_serial_interface]: Attempting to open serial port for control board
[INFO] [1775074243.916494571] [control_serial_interface]: No serial port defined for control board, attempting to acquire port
[ERROR] [1775074244.920072861] [control_serial_interface]: Serial manager service not available
[ERROR] [1775074244.921304376] [control_serial_interface]: Serial port not found
[WARN] [1775074246.911971801] [control_serial_interface]: Control board serial port is not open, attempting to open
[INFO] [1775074246.912699303] [control_serial_interface]: Attempting to open serial port for control board
[INFO] [1775074246.913509381] [control_serial_interface]: No serial port defined for control board, attempting to acquire port
[ERROR] [1775074247.916912631] [control_serial_interface]: Serial manager service not available
[ERROR] [1775074247.919175113] [control_serial_interface]: Serial port not found
[WARN] [1775074249.913275538] [control_serial_interface]: Control board serial port is not open, attempting to open
[INFO] [1775074249.915015667] [control_serial_interface]: Attempting to open serial port for control board
[INFO] [1775074249.916991044] [control_serial_interface]: No serial port defined for control board, attempting to acquire port
[ERROR] [1775074250.920535563] [control_serial_interface]: Serial manager service not available
[ERROR] [1775074250.922400776] [control_serial_interface]: Serial port not found
[WARN] [1775074252.913156854] [control_serial_interface]: Control board serial port is not open, attempting to open
[INFO] [1775074252.915020242] [control_serial_interface]: Attempting to open serial port for control board
[INFO] [1775074252.916708396] [control_serial_interface]: No serial port defined for control board, attempting to acquire port
[ERROR] [1775074253.920447463] [control_serial_interface]: Serial manager service not available
[ERROR] [1775074253.922919555] [control_serial_interface]: Serial port not found
[WARN] [1775074255.913146723] [control_serial_interface]: Control board serial port is not open, attempting to open
[INFO] [1775074255.915094719] [control_serial_interface]: Attempting to open serial port for control board
[INFO] [1775074255.916728269] [control_serial_interface]: No serial port defined for control board, attempting to acquire port
[ERROR] [1775074256.920492536] [control_serial_interface]: Serial manager service not available
[ERROR] [1775074256.922397491] [control_serial_interface]: Serial port not found
[WARN] [1775074258.913177405] [control_serial_interface]: Control board serial port is not open, attempting to open
[INFO] [1775074258.914939069] [control_serial_interface]: Attempting to open serial port for control board
[INFO] [1775074258.916678067] [control_serial_interface]: No serial port defined for control board, attempting to acquire port
[ERROR] [1775074259.919088322] [control_serial_interface]: Serial manager service not available
[ERROR] [1775074259.919963666] [control_serial_interface]: Serial port not found
[WARN] [1775074261.912394448] [control_serial_interface]: Control board serial port is not open, attempting to open
[INFO] [1775074261.913535806] [control_serial_interface]: Attempting to open serial port for control board
[INFO] [1775074261.914673981] [control_serial_interface]: No serial port defined for control board, attempting to acquire port
[ERROR] [1775074262.918286456] [control_serial_interface]: Serial manager service not available
[ERROR] [1775074262.920280109] [control_serial_interface]: Serial port not found
[WARN] [1775074264.914572901] [control_serial_interface]: Control board serial port is not open, attempting to open
[INFO] [1775074264.916951833] [control_serial_interface]: Attempting to open serial port for control board
[INFO] [1775074264.918580522] [control_serial_interface]: No serial port defined for control board, attempting to acquire port
[ERROR] [1775074265.922332000] [control_serial_interface]: Serial manager service not available
[ERROR] [1775074265.924158125] [control_serial_interface]: Serial port not found
[WARN] [1775074267.911948586] [control_serial_interface]: Control board serial port is not open, attempting to open
[INFO] [1775074267.912501513] [control_serial_interface]: Attempting to open serial port for control board
[INFO] [1775074267.913044120] [control_serial_interface]: No serial port defined for control board, attempting to acquire port
[ERROR] [1775074268.916479004] [control_serial_interface]: Serial manager service not available
[ERROR] [1775074268.918423995] [control_serial_interface]: Serial port not found
[WARN] [1775074270.913061514] [control_serial_interface]: Control board serial port is not open, attempting to open
[INFO] [1775074270.915355088] [control_serial_interface]: Attempting to open serial port for control board
[INFO] [1775074270.916921970] [control_serial_interface]: No serial port defined for control board, attempting to acquire port
[ERROR] [1775074271.919513210] [control_serial_interface]: Serial manager service not available
[ERROR] [1775074271.920263838] [control_serial_interface]: Serial port not found
[WARN] [1775074273.911806223] [control_serial_interface]: Control board serial port is not open, attempting to open
[INFO] [1775074273.912398812] [control_serial_interface]: Attempting to open serial port for control board
[INFO] [1775074273.912865943] [control_serial_interface]: No serial port defined for control board, attempting to acquire port
[ERROR] [1775074274.916144536] [control_serial_interface]: Serial manager service not available
[ERROR] [1775074274.918074667] [control_serial_interface]: Serial port not found
[WARN] [1775074276.913797781] [control_serial_interface]: Control board serial port is not open, attempting to open
[INFO] [1775074276.915552700] [control_serial_interface]: Attempting to open serial port for control board
[INFO] [1775074276.917321739] [control_serial_interface]: No serial port defined for control board, attempting to acquire port
[ERROR] [1775074277.921113053] [control_serial_interface]: Serial manager service not available
[ERROR] [1775074277.923023072] [control_serial_interface]: Serial port not found
[WARN] [1775074279.911882504] [control_serial_interface]: Control board serial port is not open, attempting to open
[INFO] [1775074279.912456396] [control_serial_interface]: Attempting to open serial port for control board
[INFO] [1775074279.912991573] [control_serial_interface]: No serial port defined for control board, attempting to acquire port
[ERROR] [1775074280.916123646] [control_serial_interface]: Serial manager service not available
[ERROR] [1775074280.918113693] [control_serial_interface]: Serial port not found
[WARN] [1775074282.913285327] [control_serial_interface]: Control board serial port is not open, attempting to open
[INFO] [1775074282.915455277] [control_serial_interface]: Attempting to open serial port for control board
[INFO] [1775074282.917721499] [control_serial_interface]: No serial port defined for control board, attempting to acquire port
[ERROR] [1775074283.921647343] [control_serial_interface]: Serial manager service not available
[ERROR] [1775074283.923752484] [control_serial_interface]: Serial port not found
[WARN] [1775074285.913403722] [control_serial_interface]: Control board serial port is not open, attempting to open
[INFO] [1775074285.915486416] [control_serial_interface]: Attempting to open serial port for control board
[INFO] [1775074285.916271717] [control_serial_interface]: No serial port defined for control board, attempting to acquire port
[ERROR] [1775074286.919629129] [control_serial_interface]: Serial manager service not available
[ERROR] [1775074286.921454611] [control_serial_interface]: Serial port not found
[WARN] [1775074288.913251812] [control_serial_interface]: Control board serial port is not open, attempting to open
[INFO] [1775074288.914991710] [control_serial_interface]: Attempting to open serial port for control board
[INFO] [1775074288.916614499] [control_serial_interface]: No serial port defined for control board, attempting to acquire port
[ERROR] [1775074289.918831485] [control_serial_interface]: Serial manager service not available
[ERROR] [1775074289.919457915] [control_serial_interface]: Serial port not found
[WARN] [1775074291.911831886] [control_serial_interface]: Control board serial port is not open, attempting to open
[INFO] [1775074291.912380116] [control_serial_interface]: Attempting to open serial port for control board
[INFO] [1775074291.916175017] [control_serial_interface]: No serial port defined for control board, attempting to acquire port
[ERROR] [1775074292.919769729] [control_serial_interface]: Serial manager service not available
[ERROR] [1775074292.921672123] [control_serial_interface]: Serial port not found
[WARN] [1775074294.913155803] [control_serial_interface]: Control board serial port is not open, attempting to open
[INFO] [1775074294.914893276] [control_serial_interface]: Attempting to open serial port for control board
[INFO] [1775074294.916575433] [control_serial_interface]: No serial port defined for control board, attempting to acquire port
[ERROR] [1775074295.919304553] [control_serial_interface]: Serial manager service not available
[ERROR] [1775074295.919926365] [control_serial_interface]: Serial port not found
[WARN] [1775074297.911904132] [control_serial_interface]: Control board serial port is not open, attempting to open
[INFO] [1775074297.912506015] [control_serial_interface]: Attempting to open serial port for control board
[INFO] [1775074297.912999829] [control_serial_interface]: No serial port defined for control board, attempting to acquire port
[ERROR] [1775074298.916600168] [control_serial_interface]: Serial manager service not available
[ERROR] [1775074298.918681364] [control_serial_interface]: Serial port not found
[WARN] [1775074300.912279471] [control_serial_interface]: Control board serial port is not open, attempting to open
[INFO] [1775074300.912965378] [control_serial_interface]: Attempting to open serial port for control board
[INFO] [1775074300.913952194] [control_serial_interface]: No serial port defined for control board, attempting to acquire port
[ERROR] [1775074301.917192741] [control_serial_interface]: Serial manager service not available
[ERROR] [1775074301.918050732] [control_serial_interface]: Serial port not found
[WARN] [1775074303.912222775] [control_serial_interface]: Control board serial port is not open, attempting to open
[INFO] [1775074303.912940707] [control_serial_interface]: Attempting to open serial port for control board
[INFO] [1775074303.913598966] [control_serial_interface]: No serial port defined for control board, attempting to acquire port
[ERROR] [1775074304.916931410] [control_serial_interface]: Serial manager service not available
[ERROR] [1775074304.918819309] [control_serial_interface]: Serial port not found
[WARN] [1775074306.913248961] [control_serial_interface]: Control board serial port is not open, attempting to open
[INFO] [1775074306.915199812] [control_serial_interface]: Attempting to open serial port for control board
[INFO] [1775074306.917085606] [control_serial_interface]: No serial port defined for control board, attempting to acquire port
[ERROR] [1775074307.920629285] [control_serial_interface]: Serial manager service not available
[ERROR] [1775074307.922498749] [control_serial_interface]: Serial port not found
[WARN] [1775074309.913391577] [control_serial_interface]: Control board serial port is not open, attempting to open
[INFO] [1775074309.915146076] [control_serial_interface]: Attempting to open serial port for control board
[INFO] [1775074309.916833872] [control_serial_interface]: No serial port defined for control board, attempting to acquire port
[ERROR] [1775074310.920559733] [control_serial_interface]: Serial manager service not available
[ERROR] [1775074310.922518605] [control_serial_interface]: Serial port not found
[WARN] [1775074312.913326104] [control_serial_interface]: Control board serial port is not open, attempting to open
[INFO] [1775074312.915351018] [control_serial_interface]: Attempting to open serial port for control board
[INFO] [1775074312.917082350] [control_serial_interface]: No serial port defined for control board, attempting to acquire port
[ERROR] [1775074313.923656146] [control_serial_interface]: Serial manager service not available
[ERROR] [1775074313.925771588] [control_serial_interface]: Serial port not found
[WARN] [1775074315.911889878] [control_serial_interface]: Control board serial port is not open, attempting to open
[INFO] [1775074315.912417467] [control_serial_interface]: Attempting to open serial port for control board
[INFO] [1775074315.912960946] [control_serial_interface]: No serial port defined for control board, attempting to acquire port
[ERROR] [1775074316.915877294] [control_serial_interface]: Serial manager service not available
[ERROR] [1775074316.917532570] [control_serial_interface]: Serial port not found
[WARN] [1775074318.913644586] [control_serial_interface]: Control board serial port is not open, attempting to open
[INFO] [1775074318.915632624] [control_serial_interface]: Attempting to open serial port for control board
[INFO] [1775074318.917609871] [control_serial_interface]: No serial port defined for control board, attempting to acquire port
[ERROR] [1775074319.921408174] [control_serial_interface]: Serial manager service not available
[ERROR] [1775074319.923261437] [control_serial_interface]: Serial port not found
[WARN] [1775074321.913166684] [control_serial_interface]: Control board serial port is not open, attempting to open
[INFO] [1775074321.915172732] [control_serial_interface]: Attempting to open serial port for control board
[INFO] [1775074321.917182675] [control_serial_interface]: No serial port defined for control board, attempting to acquire port
[ERROR] [1775074322.919507275] [control_serial_interface]: Serial manager service not available
[ERROR] [1775074322.920159991] [control_serial_interface]: Serial port not found
[WARN] [1775074324.911903151] [control_serial_interface]: Control board serial port is not open, attempting to open
[INFO] [1775074324.912511253] [control_serial_interface]: Attempting to open serial port for control board
[INFO] [1775074324.912962551] [control_serial_interface]: No serial port defined for control board, attempting to acquire port
[ERROR] [1775074325.916207100] [control_serial_interface]: Serial manager service not available
[ERROR] [1775074325.918004566] [control_serial_interface]: Serial port not found
[WARN] [1775074327.912898691] [control_serial_interface]: Control board serial port is not open, attempting to open
[INFO] [1775074327.914424910] [control_serial_interface]: Attempting to open serial port for control board
[INFO] [1775074327.915670582] [control_serial_interface]: No serial port defined for control board, attempting to acquire port
[ERROR] [1775074328.919035726] [control_serial_interface]: Serial manager service not available
[ERROR] [1775074328.921035184] [control_serial_interface]: Serial port not found
[WARN] [1775074330.913269436] [control_serial_interface]: Control board serial port is not open, attempting to open
[INFO] [1775074330.915034575] [control_serial_interface]: Attempting to open serial port for control board
[INFO] [1775074330.916757098] [control_serial_interface]: No serial port defined for control board, attempting to acquire port
[ERROR] [1775074331.920244870] [control_serial_interface]: Serial manager service not available
[ERROR] [1775074331.922301175] [control_serial_interface]: Serial port not found
[WARN] [1775074333.911909798] [control_serial_interface]: Control board serial port is not open, attempting to open
[INFO] [1775074333.912628248] [control_serial_interface]: Attempting to open serial port for control board
[INFO] [1775074333.913280312] [control_serial_interface]: No serial port defined for control board, attempting to acquire port
[ERROR] [1775074334.916598862] [control_serial_interface]: Serial manager service not available
[ERROR] [1775074334.918438174] [control_serial_interface]: Serial port not found
[WARN] [1775074336.913357909] [control_serial_interface]: Control board serial port is not open, attempting to open
[INFO] [1775074336.915064981] [control_serial_interface]: Attempting to open serial port for control board
[INFO] [1775074336.916980656] [control_serial_interface]: No serial port defined for control board, attempting to acquire port
[ERROR] [1775074337.920773284] [control_serial_interface]: Serial manager service not available
[ERROR] [1775074337.922611446] [control_serial_interface]: Serial port not found
[WARN] [1775074339.911976209] [control_serial_interface]: Control board serial port is not open, attempting to open
[INFO] [1775074339.912696527] [control_serial_interface]: Attempting to open serial port for control board
[INFO] [1775074339.913605818] [control_serial_interface]: No serial port defined for control board, attempting to acquire port
[ERROR] [1775074340.916721771] [control_serial_interface]: Serial manager service not available
[ERROR] [1775074340.918575459] [control_serial_interface]: Serial port not found
[WARN] [1775074342.913224219] [control_serial_interface]: Control board serial port is not open, attempting to open
[INFO] [1775074342.915540923] [control_serial_interface]: Attempting to open serial port for control board
[INFO] [1775074342.917578863] [control_serial_interface]: No serial port defined for control board, attempting to acquire port
[ERROR] [1775074343.920934063] [control_serial_interface]: Serial manager service not available
[ERROR] [1775074343.922130354] [control_serial_interface]: Serial port not found
[WARN] [1775074345.913513955] [control_serial_interface]: Control board serial port is not open, attempting to open
[INFO] [1775074345.915208646] [control_serial_interface]: Attempting to open serial port for control board
[INFO] [1775074345.916881722] [control_serial_interface]: No serial port defined for control board, attempting to acquire port
[ERROR] [1775074346.919433451] [control_serial_interface]: Serial manager service not available
[ERROR] [1775074346.920096806] [control_serial_interface]: Serial port not found
[WARN] [1775074348.911906989] [control_serial_interface]: Control board serial port is not open, attempting to open
[INFO] [1775074348.912461395] [control_serial_interface]: Attempting to open serial port for control board
[INFO] [1775074348.912951345] [control_serial_interface]: No serial port defined for control board, attempting to acquire port
[ERROR] [1775074349.916323682] [control_serial_interface]: Serial manager service not available
[ERROR] [1775074349.918349116] [control_serial_interface]: Serial port not found
[WARN] [1775074351.913206548] [control_serial_interface]: Control board serial port is not open, attempting to open
[INFO] [1775074351.915035589] [control_serial_interface]: Attempting to open serial port for control board
[INFO] [1775074351.916669929] [control_serial_interface]: No serial port defined for control board, attempting to acquire port
[ERROR] [1775074352.919273583] [control_serial_interface]: Serial manager service not available
[ERROR] [1775074352.919955838] [control_serial_interface]: Serial port not found
[WARN] [1775074354.911732697] [control_serial_interface]: Control board serial port is not open, attempting to open
[INFO] [1775074354.912353711] [control_serial_interface]: Attempting to open serial port for control board
[INFO] [1775074354.912873620] [control_serial_interface]: No serial port defined for control board, attempting to acquire port
[ERROR] [1775074355.917088799] [control_serial_interface]: Serial manager service not available
[ERROR] [1775074355.919147809] [control_serial_interface]: Serial port not found
[WARN] [1775074357.913344737] [control_serial_interface]: Control board serial port is not open, attempting to open
[INFO] [1775074357.915204720] [control_serial_interface]: Attempting to open serial port for control board
[INFO] [1775074357.916907807] [control_serial_interface]: No serial port defined for control board, attempting to acquire port
[ERROR] [1775074358.919356171] [control_serial_interface]: Serial manager service not available
[ERROR] [1775074358.919973764] [control_serial_interface]: Serial port not found
[WARN] [1775074360.911884489] [control_serial_interface]: Control board serial port is not open, attempting to open
[INFO] [1775074360.912439144] [control_serial_interface]: Attempting to open serial port for control board
[INFO] [1775074360.912942644] [control_serial_interface]: No serial port defined for control board, attempting to acquire port
[ERROR] [1775074361.916419009] [control_serial_interface]: Serial manager service not available
[ERROR] [1775074361.918361215] [control_serial_interface]: Serial port not found
[WARN] [1775074363.912767346] [control_serial_interface]: Control board serial port is not open, attempting to open
[INFO] [1775074363.914539911] [control_serial_interface]: Attempting to open serial port for control board
[INFO] [1775074363.915950670] [control_serial_interface]: No serial port defined for control board, attempting to acquire port
[ERROR] [1775074364.920474992] [control_serial_interface]: Serial manager service not available
[ERROR] [1775074364.923272379] [control_serial_interface]: Serial port not found
[WARN] [1775074366.912031430] [control_serial_interface]: Control board serial port is not open, attempting to open
[INFO] [1775074366.912634725] [control_serial_interface]: Attempting to open serial port for control board
[INFO] [1775074366.913212672] [control_serial_interface]: No serial port defined for control board, attempting to acquire port
[ERROR] [1775074367.916591360] [control_serial_interface]: Serial manager service not available
[ERROR] [1775074367.918645265] [control_serial_interface]: Serial port not found
[WARN] [1775074369.913376693] [control_serial_interface]: Control board serial port is not open, attempting to open
[INFO] [1775074369.915482510] [control_serial_interface]: Attempting to open serial port for control board
[INFO] [1775074369.917156406] [control_serial_interface]: No serial port defined for control board, attempting to acquire port
[ERROR] [1775074370.921001776] [control_serial_interface]: Serial manager service not available
[ERROR] [1775074370.922816417] [control_serial_interface]: Serial port not found
[WARN] [1775074372.914462098] [control_serial_interface]: Control board serial port is not open, attempting to open
[INFO] [1775074372.916966554] [control_serial_interface]: Attempting to open serial port for control board
[INFO] [1775074372.919355091] [control_serial_interface]: No serial port defined for control board, attempting to acquire port
[ERROR] [1775074373.922949287] [control_serial_interface]: Serial manager service not available
[ERROR] [1775074373.925104146] [control_serial_interface]: Serial port not found
[WARN] [1775074375.911789155] [control_serial_interface]: Control board serial port is not open, attempting to open
[INFO] [1775074375.912452996] [control_serial_interface]: Attempting to open serial port for control board
[INFO] [1775074375.912978126] [control_serial_interface]: No serial port defined for control board, attempting to acquire port
[ERROR] [1775074376.916422834] [control_serial_interface]: Serial manager service not available
[ERROR] [1775074376.918627620] [control_serial_interface]: Serial port not found
[WARN] [1775074378.913148314] [control_serial_interface]: Control board serial port is not open, attempting to open
[INFO] [1775074378.915077630] [control_serial_interface]: Attempting to open serial port for control board
[INFO] [1775074378.916969274] [control_serial_interface]: No serial port defined for control board, attempting to acquire port
[ERROR] [1775074379.920593575] [control_serial_interface]: Serial manager service not available
[ERROR] [1775074379.922452638] [control_serial_interface]: Serial port not found
[WARN] [1775074381.911756478] [control_serial_interface]: Control board serial port is not open, attempting to open
[INFO] [1775074381.912432695] [control_serial_interface]: Attempting to open serial port for control board
[INFO] [1775074381.912933573] [control_serial_interface]: No serial port defined for control board, attempting to acquire port
[ERROR] [1775074382.916181059] [control_serial_interface]: Serial manager service not available
[ERROR] [1775074382.918041252] [control_serial_interface]: Serial port not found
[WARN] [1775074384.913193150] [control_serial_interface]: Control board serial port is not open, attempting to open
[INFO] [1775074384.914978400] [control_serial_interface]: Attempting to open serial port for control board
[INFO] [1775074384.916658026] [control_serial_interface]: No serial port defined for control board, attempting to acquire port
[ERROR] [1775074385.920073746] [control_serial_interface]: Serial manager service not available
[ERROR] [1775074385.921888847] [control_serial_interface]: Serial port not found
[WARN] [1775074387.913351726] [control_serial_interface]: Control board serial port is not open, attempting to open
[INFO] [1775074387.915216839] [control_serial_interface]: Attempting to open serial port for control board
[INFO] [1775074387.917190341] [control_serial_interface]: No serial port defined for control board, attempting to acquire port
[ERROR] [1775074388.921009505] [control_serial_interface]: Serial manager service not available
[ERROR] [1775074388.922892869] [control_serial_interface]: Serial port not found
[WARN] [1775074390.913187070] [control_serial_interface]: Control board serial port is not open, attempting to open
[INFO] [1775074390.914899243] [control_serial_interface]: Attempting to open serial port for control board
[INFO] [1775074390.916440634] [control_serial_interface]: No serial port defined for control board, attempting to acquire port
[ERROR] [1775074391.920061671] [control_serial_interface]: Serial manager service not available
[ERROR] [1775074391.921939745] [control_serial_interface]: Serial port not found
[WARN] [1775074393.912354272] [control_serial_interface]: Control board serial port is not open, attempting to open
[INFO] [1775074393.913033077] [control_serial_interface]: Attempting to open serial port for control board
[INFO] [1775074393.913640210] [control_serial_interface]: No serial port defined for control board, attempting to acquire port
[ERROR] [1775074394.917002274] [control_serial_interface]: Serial manager service not available
[ERROR] [1775074394.919178844] [control_serial_interface]: Serial port not found
[WARN] [1775074396.911912352] [control_serial_interface]: Control board serial port is not open, attempting to open
[INFO] [1775074396.912591305] [control_serial_interface]: Attempting to open serial port for control board
[INFO] [1775074396.913188217] [control_serial_interface]: No serial port defined for control board, attempting to acquire port
[ERROR] [1775074397.916526237] [control_serial_interface]: Serial manager service not available
[ERROR] [1775074397.918754688] [control_serial_interface]: Serial port not found
[WARN] [1775074399.911920331] [control_serial_interface]: Control board serial port is not open, attempting to open
[INFO] [1775074399.912479995] [control_serial_interface]: Attempting to open serial port for control board
[INFO] [1775074399.912995909] [control_serial_interface]: No serial port defined for control board, attempting to acquire port
[ERROR] [1775074400.916331520] [control_serial_interface]: Serial manager service not available
[ERROR] [1775074400.918137871] [control_serial_interface]: Serial port not found
[WARN] [1775074402.914443341] [control_serial_interface]: Control board serial port is not open, attempting to open
[INFO] [1775074402.917000615] [control_serial_interface]: Attempting to open serial port for control board
[INFO] [1775074402.919411498] [control_serial_interface]: No serial port defined for control board, attempting to acquire port
[ERROR] [1775074403.921815767] [control_serial_interface]: Serial manager service not available
[ERROR] [1775074403.922480388] [control_serial_interface]: Serial port not found
[WARN] [1775074405.913156579] [control_serial_interface]: Control board serial port is not open, attempting to open
[INFO] [1775074405.914864942] [control_serial_interface]: Attempting to open serial port for control board
[INFO] [1775074405.916584484] [control_serial_interface]: No serial port defined for control board, attempting to acquire port
[ERROR] [1775074406.920509139] [control_serial_interface]: Serial manager service not available
[ERROR] [1775074406.922315215] [control_serial_interface]: Serial port not found
[WARN] [1775074408.912923708] [control_serial_interface]: Control board serial port is not open, attempting to open
[INFO] [1775074408.914300450] [control_serial_interface]: Attempting to open serial port for control board
[INFO] [1775074408.915595550] [control_serial_interface]: No serial port defined for control board, attempting to acquire port
[ERROR] [1775074409.919239028] [control_serial_interface]: Serial manager service not available
[ERROR] [1775074409.921440768] [control_serial_interface]: Serial port not found
[WARN] [1775074411.911791696] [control_serial_interface]: Control board serial port is not open, attempting to open
[INFO] [1775074411.912380021] [control_serial_interface]: Attempting to open serial port for control board
[INFO] [1775074411.912937290] [control_serial_interface]: No serial port defined for control board, attempting to acquire port
[ERROR] [1775074412.916434111] [control_serial_interface]: Serial manager service not available
[ERROR] [1775074412.918353136] [control_serial_interface]: Serial port not found
[WARN] [1775074414.913332582] [control_serial_interface]: Control board serial port is not open, attempting to open
[INFO] [1775074414.915079216] [control_serial_interface]: Attempting to open serial port for control board
[INFO] [1775074414.916899058] [control_serial_interface]: No serial port defined for control board, attempting to acquire port
[ERROR] [1775074415.919466118] [control_serial_interface]: Serial manager service not available
[ERROR] [1775074415.920130111] [control_serial_interface]: Serial port not found
[WARN] [1775074417.911901009] [control_serial_interface]: Control board serial port is not open, attempting to open
[INFO] [1775074417.912437391] [control_serial_interface]: Attempting to open serial port for control board
[INFO] [1775074417.912924153] [control_serial_interface]: No serial port defined for control board, attempting to acquire port
[ERROR] [1775074418.916419575] [control_serial_interface]: Serial manager service not available
[ERROR] [1775074418.918257257] [control_serial_interface]: Serial port not found
[WARN] [1775074420.913241619] [control_serial_interface]: Control board serial port is not open, attempting to open
[INFO] [1775074420.915173380] [control_serial_interface]: Attempting to open serial port for control board
[INFO] [1775074420.916984436] [control_serial_interface]: No serial port defined for control board, attempting to acquire port
[ERROR] [1775074421.920591508] [control_serial_interface]: Serial manager service not available
[ERROR] [1775074421.923152631] [control_serial_interface]: Serial port not found
[WARN] [1775074423.911769919] [control_serial_interface]: Control board serial port is not open, attempting to open
[INFO] [1775074423.912368249] [control_serial_interface]: Attempting to open serial port for control board
[INFO] [1775074423.912904572] [control_serial_interface]: No serial port defined for control board, attempting to acquire port
[ERROR] [1775074424.916718416] [control_serial_interface]: Serial manager service not available
[ERROR] [1775074424.918629471] [control_serial_interface]: Serial port not found
[WARN] [1775074426.913268716] [control_serial_interface]: Control board serial port is not open, attempting to open
[INFO] [1775074426.915214427] [control_serial_interface]: Attempting to open serial port for control board
[INFO] [1775074426.917146037] [control_serial_interface]: No serial port defined for control board, attempting to acquire port
[ERROR] [1775074427.920951406] [control_serial_interface]: Serial manager service not available
[ERROR] [1775074427.922904142] [control_serial_interface]: Serial port not found
[WARN] [1775074429.911885341] [control_serial_interface]: Control board serial port is not open, attempting to open
[INFO] [1775074429.912510459] [control_serial_interface]: Attempting to open serial port for control board
[INFO] [1775074429.913045468] [control_serial_interface]: No serial port defined for control board, attempting to acquire port
[ERROR] [1775074430.916462130] [control_serial_interface]: Serial manager service not available
[ERROR] [1775074430.918541141] [control_serial_interface]: Serial port not found
[WARN] [1775074432.913273665] [control_serial_interface]: Control board serial port is not open, attempting to open
[INFO] [1775074432.915189590] [control_serial_interface]: Attempting to open serial port for control board
[INFO] [1775074432.917009137] [control_serial_interface]: No serial port defined for control board, attempting to acquire port
[ERROR] [1775074433.920529307] [control_serial_interface]: Serial manager service not available
[ERROR] [1775074433.922773574] [control_serial_interface]: Serial port not found
[WARN] [1775074435.911899260] [control_serial_interface]: Control board serial port is not open, attempting to open
[INFO] [1775074435.912496272] [control_serial_interface]: Attempting to open serial port for control board
[INFO] [1775074435.913081731] [control_serial_interface]: No serial port defined for control board, attempting to acquire port
[ERROR] [1775074436.916695123] [control_serial_interface]: Serial manager service not available
[ERROR] [1775074436.918616624] [control_serial_interface]: Serial port not found
[WARN] [1775074438.913333957] [control_serial_interface]: Control board serial port is not open, attempting to open
[INFO] [1775074438.915060210] [control_serial_interface]: Attempting to open serial port for control board
[INFO] [1775074438.916718101] [control_serial_interface]: No serial port defined for control board, attempting to acquire port
[ERROR] [1775074439.920536567] [control_serial_interface]: Serial manager service not available
[ERROR] [1775074439.922702231] [control_serial_interface]: Serial port not found
[WARN] [1775074441.913261502] [control_serial_interface]: Control board serial port is not open, attempting to open
[INFO] [1775074441.915029591] [control_serial_interface]: Attempting to open serial port for control board
[INFO] [1775074441.916901495] [control_serial_interface]: No serial port defined for control board, attempting to acquire port
[ERROR] [1775074442.920387859] [control_serial_interface]: Serial manager service not available
[ERROR] [1775074442.922204395] [control_serial_interface]: Serial port not found
[WARN] [1775074444.913196167] [control_serial_interface]: Control board serial port is not open, attempting to open
[INFO] [1775074444.915100637] [control_serial_interface]: Attempting to open serial port for control board
[INFO] [1775074444.917307808] [control_serial_interface]: No serial port defined for control board, attempting to acquire port
[ERROR] [1775074445.921618511] [control_serial_interface]: Serial manager service not available
[ERROR] [1775074445.923517851] [control_serial_interface]: Serial port not found
[WARN] [1775074447.913243616] [control_serial_interface]: Control board serial port is not open, attempting to open
[INFO] [1775074447.914975075] [control_serial_interface]: Attempting to open serial port for control board
[INFO] [1775074447.916705228] [control_serial_interface]: No serial port defined for control board, attempting to acquire port
[ERROR] [1775074448.920455751] [control_serial_interface]: Serial manager service not available
[ERROR] [1775074448.922317930] [control_serial_interface]: Serial port not found
[WARN] [1775074450.913177296] [control_serial_interface]: Control board serial port is not open, attempting to open
[INFO] [1775074450.915101252] [control_serial_interface]: Attempting to open serial port for control board
[INFO] [1775074450.916723266] [control_serial_interface]: No serial port defined for control board, attempting to acquire port
[ERROR] [1775074451.919160228] [control_serial_interface]: Serial manager service not available
[ERROR] [1775074451.919754515] [control_serial_interface]: Serial port not found
[WARN] [1775074453.911963098] [control_serial_interface]: Control board serial port is not open, attempting to open
[INFO] [1775074453.912674857] [control_serial_interface]: Attempting to open serial port for control board
[INFO] [1775074453.913448321] [control_serial_interface]: No serial port defined for control board, attempting to acquire port
[ERROR] [1775074454.916413743] [control_serial_interface]: Serial manager service not available
[ERROR] [1775074454.918494880] [control_serial_interface]: Serial port not found
[WARN] [1775074456.911728945] [control_serial_interface]: Control board serial port is not open, attempting to open
[INFO] [1775074456.912285702] [control_serial_interface]: Attempting to open serial port for control board
[INFO] [1775074456.912933847] [control_serial_interface]: No serial port defined for control board, attempting to acquire port
[ERROR] [1775074457.916733928] [control_serial_interface]: Serial manager service not available
[ERROR] [1775074457.918553589] [control_serial_interface]: Serial port not found
[WARN] [1775074459.913270573] [control_serial_interface]: Control board serial port is not open, attempting to open
[INFO] [1775074459.915131301] [control_serial_interface]: Attempting to open serial port for control board
[INFO] [1775074459.917076592] [control_serial_interface]: No serial port defined for control board, attempting to acquire port
[ERROR] [1775074460.920568781] [control_serial_interface]: Serial manager service not available
[ERROR] [1775074460.922440274] [control_serial_interface]: Serial port not found
[WARN] [1775074462.912272256] [control_serial_interface]: Control board serial port is not open, attempting to open
[INFO] [1775074462.913232823] [control_serial_interface]: Attempting to open serial port for control board
[INFO] [1775074462.914121744] [control_serial_interface]: No serial port defined for control board, attempting to acquire port
[ERROR] [1775074463.917582574] [control_serial_interface]: Serial manager service not available
[ERROR] [1775074463.919550406] [control_serial_interface]: Serial port not found
[WARN] [1775074465.913922066] [control_serial_interface]: Control board serial port is not open, attempting to open
[INFO] [1775074465.915627724] [control_serial_interface]: Attempting to open serial port for control board
[INFO] [1775074465.917294885] [control_serial_interface]: No serial port defined for control board, attempting to acquire port
[ERROR] [1775074466.919902381] [control_serial_interface]: Serial manager service not available
[ERROR] [1775074466.920548396] [control_serial_interface]: Serial port not found
[WARN] [1775074468.913224048] [control_serial_interface]: Control board serial port is not open, attempting to open
[INFO] [1775074468.915339406] [control_serial_interface]: Attempting to open serial port for control board
[INFO] [1775074468.917050105] [control_serial_interface]: No serial port defined for control board, attempting to acquire port
[ERROR] [1775074469.919616319] [control_serial_interface]: Serial manager service not available
[ERROR] [1775074469.920375236] [control_serial_interface]: Serial port not found
[WARN] [1775074471.913193295] [control_serial_interface]: Control board serial port is not open, attempting to open
[INFO] [1775074471.914905423] [control_serial_interface]: Attempting to open serial port for control board
[INFO] [1775074471.916820623] [control_serial_interface]: No serial port defined for control board, attempting to acquire port
[ERROR] [1775074472.920502409] [control_serial_interface]: Serial manager service not available
[ERROR] [1775074472.922397568] [control_serial_interface]: Serial port not found
[WARN] [1775074474.911927200] [control_serial_interface]: Control board serial port is not open, attempting to open
[INFO] [1775074474.912481404] [control_serial_interface]: Attempting to open serial port for control board
[INFO] [1775074474.913173048] [control_serial_interface]: No serial port defined for control board, attempting to acquire port
[ERROR] [1775074475.916618224] [control_serial_interface]: Serial manager service not available
[ERROR] [1775074475.918599752] [control_serial_interface]: Serial port not found
[WARN] [1775074477.913173974] [control_serial_interface]: Control board serial port is not open, attempting to open
[INFO] [1775074477.914892272] [control_serial_interface]: Attempting to open serial port for control board
[INFO] [1775074477.916549498] [control_serial_interface]: No serial port defined for control board, attempting to acquire port
[ERROR] [1775074478.918931304] [control_serial_interface]: Serial manager service not available
[ERROR] [1775074478.919630157] [control_serial_interface]: Serial port not found
[WARN] [1775074480.913312652] [control_serial_interface]: Control board serial port is not open, attempting to open
[INFO] [1775074480.915745706] [control_serial_interface]: Attempting to open serial port for control board
[INFO] [1775074480.917546137] [control_serial_interface]: No serial port defined for control board, attempting to acquire port
[ERROR] [1775074481.921639753] [control_serial_interface]: Serial manager service not available
[ERROR] [1775074481.923804117] [control_serial_interface]: Serial port not found
[WARN] [1775074483.913525937] [control_serial_interface]: Control board serial port is not open, attempting to open
[INFO] [1775074483.915403221] [control_serial_interface]: Attempting to open serial port for control board
[INFO] [1775074483.917304201] [control_serial_interface]: No serial port defined for control board, attempting to acquire port
[ERROR] [1775074484.921089616] [control_serial_interface]: Serial manager service not available
[ERROR] [1775074484.923035867] [control_serial_interface]: Serial port not found
[WARN] [1775074486.911848881] [control_serial_interface]: Control board serial port is not open, attempting to open
[INFO] [1775074486.912387591] [control_serial_interface]: Attempting to open serial port for control board
[INFO] [1775074486.912906470] [control_serial_interface]: No serial port defined for control board, attempting to acquire port
[ERROR] [1775074487.915005825] [control_serial_interface]: Serial manager service not available
[ERROR] [1775074487.915598427] [control_serial_interface]: Serial port not found
[WARN] [1775074489.911947536] [control_serial_interface]: Control board serial port is not open, attempting to open
[INFO] [1775074489.912682498] [control_serial_interface]: Attempting to open serial port for control board
[INFO] [1775074489.913400238] [control_serial_interface]: No serial port defined for control board, attempting to acquire port
[ERROR] [1775074490.916563136] [control_serial_interface]: Serial manager service not available
[ERROR] [1775074490.917774584] [control_serial_interface]: Serial port not found
[WARN] [1775074492.913476028] [control_serial_interface]: Control board serial port is not open, attempting to open
[INFO] [1775074492.915526183] [control_serial_interface]: Attempting to open serial port for control board
[INFO] [1775074492.917459199] [control_serial_interface]: No serial port defined for control board, attempting to acquire port
[ERROR] [1775074493.921091348] [control_serial_interface]: Serial manager service not available
[ERROR] [1775074493.922907375] [control_serial_interface]: Serial port not found
[WARN] [1775074495.913338796] [control_serial_interface]: Control board serial port is not open, attempting to open
[INFO] [1775074495.915129606] [control_serial_interface]: Attempting to open serial port for control board
[INFO] [1775074495.916706154] [control_serial_interface]: No serial port defined for control board, attempting to acquire port
[ERROR] [1775074496.920456283] [control_serial_interface]: Serial manager service not available
[ERROR] [1775074496.922313216] [control_serial_interface]: Serial port not found
[WARN] [1775074498.913478554] [control_serial_interface]: Control board serial port is not open, attempting to open
[INFO] [1775074498.915218412] [control_serial_interface]: Attempting to open serial port for control board
[INFO] [1775074498.917144548] [control_serial_interface]: No serial port defined for control board, attempting to acquire port
[ERROR] [1775074499.920622061] [control_serial_interface]: Serial manager service not available
[ERROR] [1775074499.922541997] [control_serial_interface]: Serial port not found
[WARN] [1775074501.911752431] [control_serial_interface]: Control board serial port is not open, attempting to open
[INFO] [1775074501.912353652] [control_serial_interface]: Attempting to open serial port for control board
[INFO] [1775074501.912924761] [control_serial_interface]: No serial port defined for control board, attempting to acquire port
[ERROR] [1775074502.915204845] [control_serial_interface]: Serial manager service not available
[ERROR] [1775074502.916027334] [control_serial_interface]: Serial port not found
[WARN] [1775074504.913157802] [control_serial_interface]: Control board serial port is not open, attempting to open
[INFO] [1775074504.914955053] [control_serial_interface]: Attempting to open serial port for control board
[INFO] [1775074504.916623649] [control_serial_interface]: No serial port defined for control board, attempting to acquire port
[ERROR] [1775074505.920315175] [control_serial_interface]: Serial manager service not available
[ERROR] [1775074505.922241921] [control_serial_interface]: Serial port not found
[WARN] [1775074507.913487282] [control_serial_interface]: Control board serial port is not open, attempting to open
[INFO] [1775074507.915250646] [control_serial_interface]: Attempting to open serial port for control board
[INFO] [1775074507.916844925] [control_serial_interface]: No serial port defined for control board, attempting to acquire port
[ERROR] [1775074508.920650020] [control_serial_interface]: Serial manager service not available
[ERROR] [1775074508.922629068] [control_serial_interface]: Serial port not found
[WARN] [1775074510.912769094] [control_serial_interface]: Control board serial port is not open, attempting to open
[INFO] [1775074510.914137344] [control_serial_interface]: Attempting to open serial port for control board
[INFO] [1775074510.915365766] [control_serial_interface]: No serial port defined for control board, attempting to acquire port
[ERROR] [1775074511.919202815] [control_serial_interface]: Serial manager service not available
[ERROR] [1775074511.921081859] [control_serial_interface]: Serial port not found
[WARN] [1775074513.913029570] [control_serial_interface]: Control board serial port is not open, attempting to open
[INFO] [1775074513.915183209] [control_serial_interface]: Attempting to open serial port for control board
[INFO] [1775074513.916772591] [control_serial_interface]: No serial port defined for control board, attempting to acquire port
[ERROR] [1775074514.919512986] [control_serial_interface]: Serial manager service not available
[ERROR] [1775074514.920364689] [control_serial_interface]: Serial port not found
[WARN] [1775074516.913164453] [control_serial_interface]: Control board serial port is not open, attempting to open
[INFO] [1775074516.914840669] [control_serial_interface]: Attempting to open serial port for control board
[INFO] [1775074516.916479434] [control_serial_interface]: No serial port defined for control board, attempting to acquire port
[ERROR] [1775074517.920020264] [control_serial_interface]: Serial manager service not available
[ERROR] [1775074517.922026093] [control_serial_interface]: Serial port not found
[WARN] [1775074519.913293544] [control_serial_interface]: Control board serial port is not open, attempting to open
[INFO] [1775074519.915042268] [control_serial_interface]: Attempting to open serial port for control board
[INFO] [1775074519.916916192] [control_serial_interface]: No serial port defined for control board, attempting to acquire port
[ERROR] [1775074520.920454903] [control_serial_interface]: Serial manager service not available
[ERROR] [1775074520.922256864] [control_serial_interface]: Serial port not found
[WARN] [1775074522.911782913] [control_serial_interface]: Control board serial port is not open, attempting to open
[INFO] [1775074522.912363774] [control_serial_interface]: Attempting to open serial port for control board
[INFO] [1775074522.912834540] [control_serial_interface]: No serial port defined for control board, attempting to acquire port
[ERROR] [1775074523.916023698] [control_serial_interface]: Serial manager service not available
[ERROR] [1775074523.918059282] [control_serial_interface]: Serial port not found
[WARN] [1775074525.912018238] [control_serial_interface]: Control board serial port is not open, attempting to open
[INFO] [1775074525.912734762] [control_serial_interface]: Attempting to open serial port for control board
[INFO] [1775074525.913429075] [control_serial_interface]: No serial port defined for control board, attempting to acquire port
[ERROR] [1775074526.917133801] [control_serial_interface]: Serial manager service not available
[ERROR] [1775074526.918947473] [control_serial_interface]: Serial port not found
[WARN] [1775074528.912087507] [control_serial_interface]: Control board serial port is not open, attempting to open
[INFO] [1775074528.912776566] [control_serial_interface]: Attempting to open serial port for control board
[INFO] [1775074528.913435201] [control_serial_interface]: No serial port defined for control board, attempting to acquire port
[ERROR] [1775074529.915848603] [control_serial_interface]: Serial manager service not available
[ERROR] [1775074529.916495127] [control_serial_interface]: Serial port not found
[WARN] [1775074531.911774472] [control_serial_interface]: Control board serial port is not open, attempting to open
[INFO] [1775074531.912384981] [control_serial_interface]: Attempting to open serial port for control board
[INFO] [1775074531.912896145] [control_serial_interface]: No serial port defined for control board, attempting to acquire port
[ERROR] [1775074532.916560450] [control_serial_interface]: Serial manager service not available
[ERROR] [1775074532.918577624] [control_serial_interface]: Serial port not found
[WARN] [1775074534.913475959] [control_serial_interface]: Control board serial port is not open, attempting to open
[INFO] [1775074534.915311281] [control_serial_interface]: Attempting to open serial port for control board
[INFO] [1775074534.916942906] [control_serial_interface]: No serial port defined for control board, attempting to acquire port
[ERROR] [1775074535.919490985] [control_serial_interface]: Serial manager service not available
[ERROR] [1775074535.920120003] [control_serial_interface]: Serial port not found
[WARN] [1775074537.911777561] [control_serial_interface]: Control board serial port is not open, attempting to open
[INFO] [1775074537.912289219] [control_serial_interface]: Attempting to open serial port for control board
[INFO] [1775074537.912776740] [control_serial_interface]: No serial port defined for control board, attempting to acquire port
[ERROR] [1775074538.916074323] [control_serial_interface]: Serial manager service not available
[ERROR] [1775074538.917994393] [control_serial_interface]: Serial port not found
[WARN] [1775074540.913317203] [control_serial_interface]: Control board serial port is not open, attempting to open
[INFO] [1775074540.915038972] [control_serial_interface]: Attempting to open serial port for control board
[INFO] [1775074540.916674367] [control_serial_interface]: No serial port defined for control board, attempting to acquire port
[ERROR] [1775074541.920696085] [control_serial_interface]: Serial manager service not available
[ERROR] [1775074541.922753970] [control_serial_interface]: Serial port not found
[WARN] [1775074543.913371233] [control_serial_interface]: Control board serial port is not open, attempting to open
[INFO] [1775074543.915318914] [control_serial_interface]: Attempting to open serial port for control board
[INFO] [1775074543.916975525] [control_serial_interface]: No serial port defined for control board, attempting to acquire port
[ERROR] [1775074544.920644965] [control_serial_interface]: Serial manager service not available
[ERROR] [1775074544.922450166] [control_serial_interface]: Serial port not found
[WARN] [1775074546.913346104] [control_serial_interface]: Control board serial port is not open, attempting to open
[INFO] [1775074546.915062747] [control_serial_interface]: Attempting to open serial port for control board
[INFO] [1775074546.916673626] [control_serial_interface]: No serial port defined for control board, attempting to acquire port
[ERROR] [1775074547.920938168] [control_serial_interface]: Serial manager service not available
[ERROR] [1775074547.922881064] [control_serial_interface]: Serial port not found
[WARN] [1775074549.913430670] [control_serial_interface]: Control board serial port is not open, attempting to open
[INFO] [1775074549.915162523] [control_serial_interface]: Attempting to open serial port for control board
[INFO] [1775074549.917367074] [control_serial_interface]: No serial port defined for control board, attempting to acquire port
[ERROR] [1775074550.921157029] [control_serial_interface]: Serial manager service not available
[ERROR] [1775074550.923023372] [control_serial_interface]: Serial port not found
[WARN] [1775074552.912324352] [control_serial_interface]: Control board serial port is not open, attempting to open
[INFO] [1775074552.913111398] [control_serial_interface]: Attempting to open serial port for control board
[INFO] [1775074552.913831738] [control_serial_interface]: No serial port defined for control board, attempting to acquire port
[ERROR] [1775074553.918392190] [control_serial_interface]: Serial manager service not available
[ERROR] [1775074553.920362427] [control_serial_interface]: Serial port not found
[WARN] [1775074555.913573950] [control_serial_interface]: Control board serial port is not open, attempting to open
[INFO] [1775074555.915323139] [control_serial_interface]: Attempting to open serial port for control board
[INFO] [1775074555.917193808] [control_serial_interface]: No serial port defined for control board, attempting to acquire port
[ERROR] [1775074556.921064791] [control_serial_interface]: Serial manager service not available
[ERROR] [1775074556.922886827] [control_serial_interface]: Serial port not found
[WARN] [1775074558.913499475] [control_serial_interface]: Control board serial port is not open, attempting to open
[INFO] [1775074558.915584377] [control_serial_interface]: Attempting to open serial port for control board
[INFO] [1775074558.917468461] [control_serial_interface]: No serial port defined for control board, attempting to acquire port
[ERROR] [1775074559.921512775] [control_serial_interface]: Serial manager service not available
[ERROR] [1775074559.923679874] [control_serial_interface]: Serial port not found
[WARN] [1775074561.913528034] [control_serial_interface]: Control board serial port is not open, attempting to open
[INFO] [1775074561.915407913] [control_serial_interface]: Attempting to open serial port for control board
[INFO] [1775074561.916976850] [control_serial_interface]: No serial port defined for control board, attempting to acquire port
[ERROR] [1775074562.920620990] [control_serial_interface]: Serial manager service not available
[ERROR] [1775074562.922549255] [control_serial_interface]: Serial port not found
[WARN] [1775074564.913222875] [control_serial_interface]: Control board serial port is not open, attempting to open
[INFO] [1775074564.914981685] [control_serial_interface]: Attempting to open serial port for control board
[INFO] [1775074564.916895410] [control_serial_interface]: No serial port defined for control board, attempting to acquire port
[ERROR] [1775074565.920538009] [control_serial_interface]: Serial manager service not available
[ERROR] [1775074565.922534162] [control_serial_interface]: Serial port not found
[WARN] [1775074567.913228078] [control_serial_interface]: Control board serial port is not open, attempting to open
[INFO] [1775074567.915029679] [control_serial_interface]: Attempting to open serial port for control board
[INFO] [1775074567.916915858] [control_serial_interface]: No serial port defined for control board, attempting to acquire port
[ERROR] [1775074568.920639601] [control_serial_interface]: Serial manager service not available
[ERROR] [1775074568.922515994] [control_serial_interface]: Serial port not found
[WARN] [1775074570.913300848] [control_serial_interface]: Control board serial port is not open, attempting to open
[INFO] [1775074570.914980420] [control_serial_interface]: Attempting to open serial port for control board
[INFO] [1775074570.916764155] [control_serial_interface]: No serial port defined for control board, attempting to acquire port
[ERROR] [1775074571.920544590] [control_serial_interface]: Serial manager service not available
[ERROR] [1775074571.922408553] [control_serial_interface]: Serial port not found
[WARN] [1775074573.913344447] [control_serial_interface]: Control board serial port is not open, attempting to open
[INFO] [1775074573.915531807] [control_serial_interface]: Attempting to open serial port for control board
[INFO] [1775074573.917380115] [control_serial_interface]: No serial port defined for control board, attempting to acquire port
[ERROR] [1775074574.920142314] [control_serial_interface]: Serial manager service not available
[ERROR] [1775074574.921134218] [control_serial_interface]: Serial port not found
[WARN] [1775074576.911778630] [control_serial_interface]: Control board serial port is not open, attempting to open
[INFO] [1775074576.912315117] [control_serial_interface]: Attempting to open serial port for control board
[INFO] [1775074576.912866298] [control_serial_interface]: No serial port defined for control board, attempting to acquire port
[ERROR] [1775074577.916684683] [control_serial_interface]: Serial manager service not available
[ERROR] [1775074577.918613804] [control_serial_interface]: Serial port not found
[WARN] [1775074579.913190677] [control_serial_interface]: Control board serial port is not open, attempting to open
[INFO] [1775074579.915202470] [control_serial_interface]: Attempting to open serial port for control board
[INFO] [1775074579.916811089] [control_serial_interface]: No serial port defined for control board, attempting to acquire port
[ERROR] [1775074580.919069118] [control_serial_interface]: Serial manager service not available
[ERROR] [1775074580.919700879] [control_serial_interface]: Serial port not found
[WARN] [1775074582.915163637] [control_serial_interface]: Control board serial port is not open, attempting to open
[INFO] [1775074582.917693809] [control_serial_interface]: Attempting to open serial port for control board
[INFO] [1775074582.920129104] [control_serial_interface]: No serial port defined for control board, attempting to acquire port
[ERROR] [1775074583.924206474] [control_serial_interface]: Serial manager service not available
[ERROR] [1775074583.926263534] [control_serial_interface]: Serial port not found
[WARN] [1775074585.911764448] [control_serial_interface]: Control board serial port is not open, attempting to open
[INFO] [1775074585.912357569] [control_serial_interface]: Attempting to open serial port for control board
[INFO] [1775074585.912873425] [control_serial_interface]: No serial port defined for control board, attempting to acquire port
[ERROR] [1775074586.915112333] [control_serial_interface]: Serial manager service not available
[ERROR] [1775074586.915748802] [control_serial_interface]: Serial port not found
[WARN] [1775074588.913536912] [control_serial_interface]: Control board serial port is not open, attempting to open
[INFO] [1775074588.915349789] [control_serial_interface]: Attempting to open serial port for control board
[INFO] [1775074588.917149675] [control_serial_interface]: No serial port defined for control board, attempting to acquire port
[ERROR] [1775074589.921060609] [control_serial_interface]: Serial manager service not available
[ERROR] [1775074589.922930722] [control_serial_interface]: Serial port not found
[WARN] [1775074591.913502123] [control_serial_interface]: Control board serial port is not open, attempting to open
[INFO] [1775074591.915367557] [control_serial_interface]: Attempting to open serial port for control board
[INFO] [1775074591.917004347] [control_serial_interface]: No serial port defined for control board, attempting to acquire port
[ERROR] [1775074592.919872020] [control_serial_interface]: Serial manager service not available
[ERROR] [1775074592.920491022] [control_serial_interface]: Serial port not found
[WARN] [1775074594.911845612] [control_serial_interface]: Control board serial port is not open, attempting to open
[INFO] [1775074594.912396779] [control_serial_interface]: Attempting to open serial port for control board
[INFO] [1775074594.912821546] [control_serial_interface]: No serial port defined for control board, attempting to acquire port
[ERROR] [1775074595.916519303] [control_serial_interface]: Serial manager service not available
[ERROR] [1775074595.918449763] [control_serial_interface]: Serial port not found
[WARN] [1775074597.913267445] [control_serial_interface]: Control board serial port is not open, attempting to open
[INFO] [1775074597.915022309] [control_serial_interface]: Attempting to open serial port for control board
[INFO] [1775074597.916899043] [control_serial_interface]: No serial port defined for control board, attempting to acquire port
[ERROR] [1775074598.920444479] [control_serial_interface]: Serial manager service not available
[ERROR] [1775074598.922343119] [control_serial_interface]: Serial port not found
[WARN] [1775074600.913350535] [control_serial_interface]: Control board serial port is not open, attempting to open
[INFO] [1775074600.915055548] [control_serial_interface]: Attempting to open serial port for control board
[INFO] [1775074600.916618005] [control_serial_interface]: No serial port defined for control board, attempting to acquire port
[ERROR] [1775074601.918991175] [control_serial_interface]: Serial manager service not available
[ERROR] [1775074601.919764969] [control_serial_interface]: Serial port not found
[WARN] [1775074603.911955009] [control_serial_interface]: Control board serial port is not open, attempting to open
[INFO] [1775074603.912671672] [control_serial_interface]: Attempting to open serial port for control board
[INFO] [1775074603.913337187] [control_serial_interface]: No serial port defined for control board, attempting to acquire port
[ERROR] [1775074604.915773242] [control_serial_interface]: Serial manager service not available
[ERROR] [1775074604.916747081] [control_serial_interface]: Serial port not found
[WARN] [1775074606.913238016] [control_serial_interface]: Control board serial port is not open, attempting to open
[INFO] [1775074606.914928988] [control_serial_interface]: Attempting to open serial port for control board
[INFO] [1775074606.916563838] [control_serial_interface]: No serial port defined for control board, attempting to acquire port
[ERROR] [1775074607.920171966] [control_serial_interface]: Serial manager service not available
[ERROR] [1775074607.922038285] [control_serial_interface]: Serial port not found
[WARN] [1775074609.911777402] [control_serial_interface]: Control board serial port is not open, attempting to open
[INFO] [1775074609.912386020] [control_serial_interface]: Attempting to open serial port for control board
[INFO] [1775074609.912859712] [control_serial_interface]: No serial port defined for control board, attempting to acquire port
[ERROR] [1775074610.915153722] [control_serial_interface]: Serial manager service not available
[ERROR] [1775074610.915807572] [control_serial_interface]: Serial port not found
[WARN] [1775074612.913238001] [control_serial_interface]: Control board serial port is not open, attempting to open
[INFO] [1775074612.915071123] [control_serial_interface]: Attempting to open serial port for control board
[INFO] [1775074612.916987819] [control_serial_interface]: No serial port defined for control board, attempting to acquire port
[ERROR] [1775074613.920584391] [control_serial_interface]: Serial manager service not available
[ERROR] [1775074613.922488941] [control_serial_interface]: Serial port not found
[WARN] [1775074615.913241989] [control_serial_interface]: Control board serial port is not open, attempting to open
[INFO] [1775074615.914966787] [control_serial_interface]: Attempting to open serial port for control board
[INFO] [1775074615.916569781] [control_serial_interface]: No serial port defined for control board, attempting to acquire port
[ERROR] [1775074616.920094664] [control_serial_interface]: Serial manager service not available
[ERROR] [1775074616.921950915] [control_serial_interface]: Serial port not found
[WARN] [1775074618.912041548] [control_serial_interface]: Control board serial port is not open, attempting to open
[INFO] [1775074618.912737323] [control_serial_interface]: Attempting to open serial port for control board
[INFO] [1775074618.913570597] [control_serial_interface]: No serial port defined for control board, attempting to acquire port
[ERROR] [1775074619.916965664] [control_serial_interface]: Serial manager service not available
[ERROR] [1775074619.919317410] [control_serial_interface]: Serial port not found
[WARN] [1775074621.912001426] [control_serial_interface]: Control board serial port is not open, attempting to open
[INFO] [1775074621.912513117] [control_serial_interface]: Attempting to open serial port for control board
[INFO] [1775074621.913026169] [control_serial_interface]: No serial port defined for control board, attempting to acquire port
[ERROR] [1775074622.916412101] [control_serial_interface]: Serial manager service not available
[ERROR] [1775074622.918322076] [control_serial_interface]: Serial port not found
[WARN] [1775074624.913251487] [control_serial_interface]: Control board serial port is not open, attempting to open
[INFO] [1775074624.915195058] [control_serial_interface]: Attempting to open serial port for control board
[INFO] [1775074624.917008740] [control_serial_interface]: No serial port defined for control board, attempting to acquire port
[ERROR] [1775074625.920358658] [control_serial_interface]: Serial manager service not available
[ERROR] [1775074625.922248058] [control_serial_interface]: Serial port not found
[WARN] [1775074627.913099319] [control_serial_interface]: Control board serial port is not open, attempting to open
[INFO] [1775074627.915228117] [control_serial_interface]: Attempting to open serial port for control board
[INFO] [1775074627.916960020] [control_serial_interface]: No serial port defined for control board, attempting to acquire port
[ERROR] [1775074628.920684763] [control_serial_interface]: Serial manager service not available
[ERROR] [1775074628.922836647] [control_serial_interface]: Serial port not found
[WARN] [1775074630.913433384] [control_serial_interface]: Control board serial port is not open, attempting to open
[INFO] [1775074630.915160377] [control_serial_interface]: Attempting to open serial port for control board
[INFO] [1775074630.917400134] [control_serial_interface]: No serial port defined for control board, attempting to acquire port
[ERROR] [1775074631.921870449] [control_serial_interface]: Serial manager service not available
[ERROR] [1775074631.923793874] [control_serial_interface]: Serial port not found
[WARN] [1775074633.913368619] [control_serial_interface]: Control board serial port is not open, attempting to open
[INFO] [1775074633.915059021] [control_serial_interface]: Attempting to open serial port for control board
[INFO] [1775074633.917078930] [control_serial_interface]: No serial port defined for control board, attempting to acquire port
[ERROR] [1775074634.920999894] [control_serial_interface]: Serial manager service not available
[ERROR] [1775074634.922966116] [control_serial_interface]: Serial port not found
[WARN] [1775074636.911894058] [control_serial_interface]: Control board serial port is not open, attempting to open
[INFO] [1775074636.912466779] [control_serial_interface]: Attempting to open serial port for control board
[INFO] [1775074636.912974322] [control_serial_interface]: No serial port defined for control board, attempting to acquire port
[ERROR] [1775074637.914896081] [control_serial_interface]: Serial manager service not available
[ERROR] [1775074637.915542523] [control_serial_interface]: Serial port not found
[WARN] [1775074639.912410255] [control_serial_interface]: Control board serial port is not open, attempting to open
[INFO] [1775074639.913526286] [control_serial_interface]: Attempting to open serial port for control board
[INFO] [1775074639.914545910] [control_serial_interface]: No serial port defined for control board, attempting to acquire port
[ERROR] [1775074640.918581381] [control_serial_interface]: Serial manager service not available
[ERROR] [1775074640.920638666] [control_serial_interface]: Serial port not found
[WARN] [1775074642.913335820] [control_serial_interface]: Control board serial port is not open, attempting to open
[INFO] [1775074642.915399231] [control_serial_interface]: Attempting to open serial port for control board
[INFO] [1775074642.917293955] [control_serial_interface]: No serial port defined for control board, attempting to acquire port
[ERROR] [1775074643.920003422] [control_serial_interface]: Serial manager service not available
[ERROR] [1775074643.920629989] [control_serial_interface]: Serial port not found
[WARN] [1775074645.911741935] [control_serial_interface]: Control board serial port is not open, attempting to open
[INFO] [1775074645.912282528] [control_serial_interface]: Attempting to open serial port for control board
[INFO] [1775074645.912787577] [control_serial_interface]: No serial port defined for control board, attempting to acquire port
[ERROR] [1775074646.916249411] [control_serial_interface]: Serial manager service not available
[ERROR] [1775074646.918423095] [control_serial_interface]: Serial port not found
[WARN] [1775074648.913187545] [control_serial_interface]: Control board serial port is not open, attempting to open
[INFO] [1775074648.914938819] [control_serial_interface]: Attempting to open serial port for control board
[INFO] [1775074648.916514522] [control_serial_interface]: No serial port defined for control board, attempting to acquire port
[ERROR] [1775074649.919026017] [control_serial_interface]: Serial manager service not available
[ERROR] [1775074649.919646273] [control_serial_interface]: Serial port not found
[WARN] [1775074651.911974612] [control_serial_interface]: Control board serial port is not open, attempting to open
[INFO] [1775074651.912556332] [control_serial_interface]: Attempting to open serial port for control board
[INFO] [1775074651.913124173] [control_serial_interface]: No serial port defined for control board, attempting to acquire port
[ERROR] [1775074652.916798616] [control_serial_interface]: Serial manager service not available
[ERROR] [1775074652.919108881] [control_serial_interface]: Serial port not found
[WARN] [1775074654.913171585] [control_serial_interface]: Control board serial port is not open, attempting to open
[INFO] [1775074654.914866687] [control_serial_interface]: Attempting to open serial port for control board
[INFO] [1775074654.916561474] [control_serial_interface]: No serial port defined for control board, attempting to acquire port
[ERROR] [1775074655.920370964] [control_serial_interface]: Serial manager service not available
[ERROR] [1775074655.922273779] [control_serial_interface]: Serial port not found
[WARN] [1775074657.911941847] [control_serial_interface]: Control board serial port is not open, attempting to open
[INFO] [1775074657.912496616] [control_serial_interface]: Attempting to open serial port for control board
[INFO] [1775074657.912988515] [control_serial_interface]: No serial port defined for control board, attempting to acquire port
[ERROR] [1775074658.916410587] [control_serial_interface]: Serial manager service not available
[ERROR] [1775074658.918552515] [control_serial_interface]: Serial port not found
[WARN] [1775074660.913334826] [control_serial_interface]: Control board serial port is not open, attempting to open
[INFO] [1775074660.915131467] [control_serial_interface]: Attempting to open serial port for control board
[INFO] [1775074660.916716175] [control_serial_interface]: No serial port defined for control board, attempting to acquire port
[ERROR] [1775074661.920550961] [control_serial_interface]: Serial manager service not available
[ERROR] [1775074661.922437480] [control_serial_interface]: Serial port not found
[WARN] [1775074663.911780585] [control_serial_interface]: Control board serial port is not open, attempting to open
[INFO] [1775074663.912391774] [control_serial_interface]: Attempting to open serial port for control board
[INFO] [1775074663.912874754] [control_serial_interface]: No serial port defined for control board, attempting to acquire port
[ERROR] [1775074664.916271487] [control_serial_interface]: Serial manager service not available
[ERROR] [1775074664.918408205] [control_serial_interface]: Serial port not found
[WARN] [1775074666.912333182] [control_serial_interface]: Control board serial port is not open, attempting to open
[INFO] [1775074666.913036091] [control_serial_interface]: Attempting to open serial port for control board
[INFO] [1775074666.913906737] [control_serial_interface]: No serial port defined for control board, attempting to acquire port
[ERROR] [1775074667.916318028] [control_serial_interface]: Serial manager service not available
[ERROR] [1775074667.917328322] [control_serial_interface]: Serial port not found
[WARN] [1775074669.913044848] [control_serial_interface]: Control board serial port is not open, attempting to open
[INFO] [1775074669.914739750] [control_serial_interface]: Attempting to open serial port for control board
[INFO] [1775074669.916575172] [control_serial_interface]: No serial port defined for control board, attempting to acquire port
[ERROR] [1775074670.920137519] [control_serial_interface]: Serial manager service not available
[ERROR] [1775074670.922128367] [control_serial_interface]: Serial port not found
[WARN] [1775074672.913204031] [control_serial_interface]: Control board serial port is not open, attempting to open
[INFO] [1775074672.915136567] [control_serial_interface]: Attempting to open serial port for control board
[INFO] [1775074672.917099979] [control_serial_interface]: No serial port defined for control board, attempting to acquire port
[ERROR] [1775074673.920732148] [control_serial_interface]: Serial manager service not available
[ERROR] [1775074673.922674959] [control_serial_interface]: Serial port not found
[WARN] [1775074675.915481007] [control_serial_interface]: Control board serial port is not open, attempting to open
[INFO] [1775074675.917206566] [control_serial_interface]: Attempting to open serial port for control board
[INFO] [1775074675.919097020] [control_serial_interface]: No serial port defined for control board, attempting to acquire port
[ERROR] [1775074676.922646106] [control_serial_interface]: Serial manager service not available
[ERROR] [1775074676.924582547] [control_serial_interface]: Serial port not found
[WARN] [1775074678.911920949] [control_serial_interface]: Control board serial port is not open, attempting to open
[INFO] [1775074678.912670814] [control_serial_interface]: Attempting to open serial port for control board
[INFO] [1775074678.913358191] [control_serial_interface]: No serial port defined for control board, attempting to acquire port
[ERROR] [1775074679.917271556] [control_serial_interface]: Serial manager service not available
[ERROR] [1775074679.919069047] [control_serial_interface]: Serial port not found
[WARN] [1775074681.913222970] [control_serial_interface]: Control board serial port is not open, attempting to open
[INFO] [1775074681.914832229] [control_serial_interface]: Attempting to open serial port for control board
[INFO] [1775074681.916795401] [control_serial_interface]: No serial port defined for control board, attempting to acquire port
[ERROR] [1775074682.920312110] [control_serial_interface]: Serial manager service not available
[ERROR] [1775074682.922212685] [control_serial_interface]: Serial port not found
[WARN] [1775074684.911873176] [control_serial_interface]: Control board serial port is not open, attempting to open
[INFO] [1775074684.912433432] [control_serial_interface]: Attempting to open serial port for control board
[INFO] [1775074684.912983986] [control_serial_interface]: No serial port defined for control board, attempting to acquire port
[ERROR] [1775074685.916881603] [control_serial_interface]: Serial manager service not available
[ERROR] [1775074685.918875021] [control_serial_interface]: Serial port not found
[WARN] [1775074687.913268777] [control_serial_interface]: Control board serial port is not open, attempting to open
[INFO] [1775074687.915104849] [control_serial_interface]: Attempting to open serial port for control board
[INFO] [1775074687.917004904] [control_serial_interface]: No serial port defined for control board, attempting to acquire port
[ERROR] [1775074688.921080229] [control_serial_interface]: Serial manager service not available
[ERROR] [1775074688.922979509] [control_serial_interface]: Serial port not found
[WARN] [1775074690.911977459] [control_serial_interface]: Control board serial port is not open, attempting to open
[INFO] [1775074690.912607715] [control_serial_interface]: Attempting to open serial port for control board
[INFO] [1775074690.913224353] [control_serial_interface]: No serial port defined for control board, attempting to acquire port
[ERROR] [1775074691.916952670] [control_serial_interface]: Serial manager service not available
[ERROR] [1775074691.918758442] [control_serial_interface]: Serial port not found
[WARN] [1775074693.913384581] [control_serial_interface]: Control board serial port is not open, attempting to open
[INFO] [1775074693.915191958] [control_serial_interface]: Attempting to open serial port for control board
[INFO] [1775074693.917125293] [control_serial_interface]: No serial port defined for control board, attempting to acquire port
[ERROR] [1775074694.919831145] [control_serial_interface]: Serial manager service not available
[ERROR] [1775074694.920478786] [control_serial_interface]: Serial port not found
[WARN] [1775074696.913506278] [control_serial_interface]: Control board serial port is not open, attempting to open
[INFO] [1775074696.915295989] [control_serial_interface]: Attempting to open serial port for control board
[INFO] [1775074696.916918483] [control_serial_interface]: No serial port defined for control board, attempting to acquire port
[ERROR] [1775074697.920267482] [control_serial_interface]: Serial manager service not available
[ERROR] [1775074697.922066548] [control_serial_interface]: Serial port not found
[WARN] [1775074699.912342286] [control_serial_interface]: Control board serial port is not open, attempting to open
[INFO] [1775074699.913432125] [control_serial_interface]: Attempting to open serial port for control board
[INFO] [1775074699.914506391] [control_serial_interface]: No serial port defined for control board, attempting to acquire port
[ERROR] [1775074700.917282797] [control_serial_interface]: Serial manager service not available
[ERROR] [1775074700.917897643] [control_serial_interface]: Serial port not found
[WARN] [1775074702.911893824] [control_serial_interface]: Control board serial port is not open, attempting to open
[INFO] [1775074702.912474696] [control_serial_interface]: Attempting to open serial port for control board
[INFO] [1775074702.913002794] [control_serial_interface]: No serial port defined for control board, attempting to acquire port
[ERROR] [1775074703.916710832] [control_serial_interface]: Serial manager service not available
[ERROR] [1775074703.918984870] [control_serial_interface]: Serial port not found
[WARN] [1775074705.912271196] [control_serial_interface]: Control board serial port is not open, attempting to open
[INFO] [1775074705.913023858] [control_serial_interface]: Attempting to open serial port for control board
[INFO] [1775074705.913733661] [control_serial_interface]: No serial port defined for control board, attempting to acquire port
[ERROR] [1775074706.915831676] [control_serial_interface]: Serial manager service not available
[ERROR] [1775074706.916525428] [control_serial_interface]: Serial port not found
[WARN] [1775074708.911714560] [control_serial_interface]: Control board serial port is not open, attempting to open
[INFO] [1775074708.912294501] [control_serial_interface]: Attempting to open serial port for control board
[INFO] [1775074708.912761170] [control_serial_interface]: No serial port defined for control board, attempting to acquire port
[ERROR] [1775074709.916061068] [control_serial_interface]: Serial manager service not available
[ERROR] [1775074709.917971488] [control_serial_interface]: Serial port not found
[WARN] [1775074711.913515227] [control_serial_interface]: Control board serial port is not open, attempting to open
[INFO] [1775074711.915422097] [control_serial_interface]: Attempting to open serial port for control board
[INFO] [1775074711.917395404] [control_serial_interface]: No serial port defined for control board, attempting to acquire port
[ERROR] [1775074712.921891125] [control_serial_interface]: Serial manager service not available
[ERROR] [1775074712.924687502] [control_serial_interface]: Serial port not found
[WARN] [1775074714.913394840] [control_serial_interface]: Control board serial port is not open, attempting to open
[INFO] [1775074714.915040185] [control_serial_interface]: Attempting to open serial port for control board
[INFO] [1775074714.916556361] [control_serial_interface]: No serial port defined for control board, attempting to acquire port
[ERROR] [1775074715.920415303] [control_serial_interface]: Serial manager service not available
[ERROR] [1775074715.922265961] [control_serial_interface]: Serial port not found
[WARN] [1775074717.913236167] [control_serial_interface]: Control board serial port is not open, attempting to open
[INFO] [1775074717.914921588] [control_serial_interface]: Attempting to open serial port for control board
[INFO] [1775074717.916948133] [control_serial_interface]: No serial port defined for control board, attempting to acquire port
[ERROR] [1775074718.919524378] [control_serial_interface]: Serial manager service not available
[ERROR] [1775074718.921205653] [control_serial_interface]: Serial port not found
[WARN] [1775074720.913580006] [control_serial_interface]: Control board serial port is not open, attempting to open
[INFO] [1775074720.915533045] [control_serial_interface]: Attempting to open serial port for control board
[INFO] [1775074720.917053196] [control_serial_interface]: No serial port defined for control board, attempting to acquire port
[ERROR] [1775074721.919008849] [control_serial_interface]: Serial manager service not available
[ERROR] [1775074721.919638053] [control_serial_interface]: Serial port not found
[WARN] [1775074723.912289227] [control_serial_interface]: Control board serial port is not open, attempting to open
[INFO] [1775074723.913206589] [control_serial_interface]: Attempting to open serial port for control board
[INFO] [1775074723.913921502] [control_serial_interface]: No serial port defined for control board, attempting to acquire port
[ERROR] [1775074724.926355675] [control_serial_interface]: Serial manager service not available
[ERROR] [1775074724.927064408] [control_serial_interface]: Serial port not found
[WARN] [1775074726.913367284] [control_serial_interface]: Control board serial port is not open, attempting to open
[INFO] [1775074726.915331101] [control_serial_interface]: Attempting to open serial port for control board
[INFO] [1775074726.916957696] [control_serial_interface]: No serial port defined for control board, attempting to acquire port
[ERROR] [1775074727.920574369] [control_serial_interface]: Serial manager service not available
[ERROR] [1775074727.922430797] [control_serial_interface]: Serial port not found
[WARN] [1775074729.913548512] [control_serial_interface]: Control board serial port is not open, attempting to open
[INFO] [1775074729.915246574] [control_serial_interface]: Attempting to open serial port for control board
[INFO] [1775074729.916699560] [control_serial_interface]: No serial port defined for control board, attempting to acquire port
[ERROR] [1775074730.920935590] [control_serial_interface]: Serial manager service not available
[ERROR] [1775074730.923057638] [control_serial_interface]: Serial port not found
[WARN] [1775074732.914479525] [control_serial_interface]: Control board serial port is not open, attempting to open
[INFO] [1775074732.916983452] [control_serial_interface]: Attempting to open serial port for control board
[INFO] [1775074732.919378485] [control_serial_interface]: No serial port defined for control board, attempting to acquire port
[ERROR] [1775074733.923136623] [control_serial_interface]: Serial manager service not available
[ERROR] [1775074733.925002357] [control_serial_interface]: Serial port not found
[WARN] [1775074735.913142949] [control_serial_interface]: Control board serial port is not open, attempting to open
[INFO] [1775074735.914885308] [control_serial_interface]: Attempting to open serial port for control board
[INFO] [1775074735.916613196] [control_serial_interface]: No serial port defined for control board, attempting to acquire port
[ERROR] [1775074736.921118617] [control_serial_interface]: Serial manager service not available
[ERROR] [1775074736.923040387] [control_serial_interface]: Serial port not found
[WARN] [1775074738.912054286] [control_serial_interface]: Control board serial port is not open, attempting to open
[INFO] [1775074738.912629544] [control_serial_interface]: Attempting to open serial port for control board
[INFO] [1775074738.913157197] [control_serial_interface]: No serial port defined for control board, attempting to acquire port
[ERROR] [1775074739.916684927] [control_serial_interface]: Serial manager service not available
[ERROR] [1775074739.918715371] [control_serial_interface]: Serial port not found
[WARN] [1775074741.913216487] [control_serial_interface]: Control board serial port is not open, attempting to open
[INFO] [1775074741.914917499] [control_serial_interface]: Attempting to open serial port for control board
[INFO] [1775074741.916611991] [control_serial_interface]: No serial port defined for control board, attempting to acquire port
[ERROR] [1775074742.920288772] [control_serial_interface]: Serial manager service not available
[ERROR] [1775074742.923186343] [control_serial_interface]: Serial port not found
[WARN] [1775074744.913495059] [control_serial_interface]: Control board serial port is not open, attempting to open
[INFO] [1775074744.915267054] [control_serial_interface]: Attempting to open serial port for control board
[INFO] [1775074744.916890119] [control_serial_interface]: No serial port defined for control board, attempting to acquire port
[ERROR] [1775074745.919476538] [control_serial_interface]: Serial manager service not available
[ERROR] [1775074745.920222647] [control_serial_interface]: Serial port not found
[WARN] [1775074747.912333711] [control_serial_interface]: Control board serial port is not open, attempting to open
[INFO] [1775074747.913052827] [control_serial_interface]: Attempting to open serial port for control board
[INFO] [1775074747.913737310] [control_serial_interface]: No serial port defined for control board, attempting to acquire port
[ERROR] [1775074748.917230960] [control_serial_interface]: Serial manager service not available
[ERROR] [1775074748.919382254] [control_serial_interface]: Serial port not found
[WARN] [1775074750.912374786] [control_serial_interface]: Control board serial port is not open, attempting to open
[INFO] [1775074750.913243895] [control_serial_interface]: Attempting to open serial port for control board
[INFO] [1775074750.914062294] [control_serial_interface]: No serial port defined for control board, attempting to acquire port
[ERROR] [1775074751.916517240] [control_serial_interface]: Serial manager service not available
[ERROR] [1775074751.918104398] [control_serial_interface]: Serial port not found
[WARN] [1775074753.911886017] [control_serial_interface]: Control board serial port is not open, attempting to open
[INFO] [1775074753.912457578] [control_serial_interface]: Attempting to open serial port for control board
[INFO] [1775074753.912977757] [control_serial_interface]: No serial port defined for control board, attempting to acquire port
[ERROR] [1775074754.914958012] [control_serial_interface]: Serial manager service not available
[ERROR] [1775074754.915748882] [control_serial_interface]: Serial port not found
[WARN] [1775074756.912254336] [control_serial_interface]: Control board serial port is not open, attempting to open
[INFO] [1775074756.912934407] [control_serial_interface]: Attempting to open serial port for control board
[INFO] [1775074756.913688217] [control_serial_interface]: No serial port defined for control board, attempting to acquire port
[ERROR] [1775074757.916883928] [control_serial_interface]: Serial manager service not available
[ERROR] [1775074757.918330098] [control_serial_interface]: Serial port not found
[WARN] [1775074759.913145591] [control_serial_interface]: Control board serial port is not open, attempting to open
[INFO] [1775074759.914928728] [control_serial_interface]: Attempting to open serial port for control board
[INFO] [1775074759.916678731] [control_serial_interface]: No serial port defined for control board, attempting to acquire port
[ERROR] [1775074760.919439884] [control_serial_interface]: Serial manager service not available
[ERROR] [1775074760.921303288] [control_serial_interface]: Serial port not found
[WARN] [1775074762.912559056] [control_serial_interface]: Control board serial port is not open, attempting to open
[INFO] [1775074762.913408946] [control_serial_interface]: Attempting to open serial port for control board
[INFO] [1775074762.914238409] [control_serial_interface]: No serial port defined for control board, attempting to acquire port
[ERROR] [1775074763.917205962] [control_serial_interface]: Serial manager service not available
[ERROR] [1775074763.917912556] [control_serial_interface]: Serial port not found
[WARN] [1775074765.911818780] [control_serial_interface]: Control board serial port is not open, attempting to open
[INFO] [1775074765.912516432] [control_serial_interface]: Attempting to open serial port for control board
[INFO] [1775074765.913242166] [control_serial_interface]: No serial port defined for control board, attempting to acquire port
[ERROR] [1775074766.914882273] [control_serial_interface]: Serial manager service not available
[ERROR] [1775074766.915482472] [control_serial_interface]: Serial port not found
[WARN] [1775074768.911882428] [control_serial_interface]: Control board serial port is not open, attempting to open
[INFO] [1775074768.912754892] [control_serial_interface]: Attempting to open serial port for control board
[INFO] [1775074768.913498966] [control_serial_interface]: No serial port defined for control board, attempting to acquire port
[ERROR] [1775074769.915773965] [control_serial_interface]: Serial manager service not available
[ERROR] [1775074769.916416250] [control_serial_interface]: Serial port not found
[WARN] [1775074771.913517139] [control_serial_interface]: Control board serial port is not open, attempting to open
[INFO] [1775074771.915255308] [control_serial_interface]: Attempting to open serial port for control board
[INFO] [1775074771.917210704] [control_serial_interface]: No serial port defined for control board, attempting to acquire port
[ERROR] [1775074772.919563368] [control_serial_interface]: Serial manager service not available
[ERROR] [1775074772.920212873] [control_serial_interface]: Serial port not found
[WARN] [1775074774.911942714] [control_serial_interface]: Control board serial port is not open, attempting to open
[INFO] [1775074774.912612497] [control_serial_interface]: Attempting to open serial port for control board
[INFO] [1775074774.913458748] [control_serial_interface]: No serial port defined for control board, attempting to acquire port
[ERROR] [1775074775.915472537] [control_serial_interface]: Serial manager service not available
[ERROR] [1775074775.916115491] [control_serial_interface]: Serial port not found
[WARN] [1775074777.911911663] [control_serial_interface]: Control board serial port is not open, attempting to open
[INFO] [1775074777.912439699] [control_serial_interface]: Attempting to open serial port for control board
[INFO] [1775074777.912908219] [control_serial_interface]: No serial port defined for control board, attempting to acquire port
[ERROR] [1775074778.916049998] [control_serial_interface]: Serial manager service not available
[ERROR] [1775074778.918014740] [control_serial_interface]: Serial port not found
[WARN] [1775074780.912249415] [control_serial_interface]: Control board serial port is not open, attempting to open
[INFO] [1775074780.912821157] [control_serial_interface]: Attempting to open serial port for control board
[INFO] [1775074780.913362297] [control_serial_interface]: No serial port defined for control board, attempting to acquire port
[ERROR] [1775074781.917747312] [control_serial_interface]: Serial manager service not available
[ERROR] [1775074781.920308172] [control_serial_interface]: Serial port not found
[WARN] [1775074783.913545900] [control_serial_interface]: Control board serial port is not open, attempting to open
[INFO] [1775074783.915373887] [control_serial_interface]: Attempting to open serial port for control board
[INFO] [1775074783.917188858] [control_serial_interface]: No serial port defined for control board, attempting to acquire port
[ERROR] [1775074784.920880165] [control_serial_interface]: Serial manager service not available
[ERROR] [1775074784.922710202] [control_serial_interface]: Serial port not found
[WARN] [1775074786.911783180] [control_serial_interface]: Control board serial port is not open, attempting to open
[INFO] [1775074786.912374148] [control_serial_interface]: Attempting to open serial port for control board
[INFO] [1775074786.912887955] [control_serial_interface]: No serial port defined for control board, attempting to acquire port
[ERROR] [1775074787.916497787] [control_serial_interface]: Serial manager service not available
[ERROR] [1775074787.918721274] [control_serial_interface]: Serial port not found
[WARN] [1775074789.913285806] [control_serial_interface]: Control board serial port is not open, attempting to open
[INFO] [1775074789.914991854] [control_serial_interface]: Attempting to open serial port for control board
[INFO] [1775074789.916572111] [control_serial_interface]: No serial port defined for control board, attempting to acquire port
[ERROR] [1775074790.919724655] [control_serial_interface]: Serial manager service not available
[ERROR] [1775074790.921392409] [control_serial_interface]: Serial port not found
[WARN] [1775074792.914462897] [control_serial_interface]: Control board serial port is not open, attempting to open
[INFO] [1775074792.917056627] [control_serial_interface]: Attempting to open serial port for control board
[INFO] [1775074792.919478970] [control_serial_interface]: No serial port defined for control board, attempting to acquire port
[ERROR] [1775074793.922384147] [control_serial_interface]: Serial manager service not available
[ERROR] [1775074793.923176484] [control_serial_interface]: Serial port not found
[WARN] [1775074795.913403470] [control_serial_interface]: Control board serial port is not open, attempting to open
[INFO] [1775074795.915721830] [control_serial_interface]: Attempting to open serial port for control board
[INFO] [1775074795.918210581] [control_serial_interface]: No serial port defined for control board, attempting to acquire port
[ERROR] [1775074796.921037888] [control_serial_interface]: Serial manager service not available
[ERROR] [1775074796.922156621] [control_serial_interface]: Serial port not found
[WARN] [1775074798.911747588] [control_serial_interface]: Control board serial port is not open, attempting to open
[INFO] [1775074798.912631150] [control_serial_interface]: Attempting to open serial port for control board
[INFO] [1775074798.913450329] [control_serial_interface]: No serial port defined for control board, attempting to acquire port
[ERROR] [1775074799.915730957] [control_serial_interface]: Serial manager service not available
[ERROR] [1775074799.916585197] [control_serial_interface]: Serial port not found
[WARN] [1775074801.912702050] [control_serial_interface]: Control board serial port is not open, attempting to open
[INFO] [1775074801.913338237] [control_serial_interface]: Attempting to open serial port for control board
[INFO] [1775074801.914071276] [control_serial_interface]: No serial port defined for control board, attempting to acquire port
[ERROR] [1775074802.916351434] [control_serial_interface]: Serial manager service not available
[ERROR] [1775074802.917247543] [control_serial_interface]: Serial port not found
[WARN] [1775074804.913395246] [control_serial_interface]: Control board serial port is not open, attempting to open
[INFO] [1775074804.914539654] [control_serial_interface]: Attempting to open serial port for control board
[INFO] [1775074804.915654843] [control_serial_interface]: No serial port defined for control board, attempting to acquire port
[ERROR] [1775074805.919099632] [control_serial_interface]: Serial manager service not available
[ERROR] [1775074805.920921854] [control_serial_interface]: Serial port not found
[WARN] [1775074807.912958052] [control_serial_interface]: Control board serial port is not open, attempting to open
[INFO] [1775074807.914004799] [control_serial_interface]: Attempting to open serial port for control board
[INFO] [1775074807.914926574] [control_serial_interface]: No serial port defined for control board, attempting to acquire port
[ERROR] [1775074808.917504256] [control_serial_interface]: Serial manager service not available
[ERROR] [1775074808.919226756] [control_serial_interface]: Serial port not found
[WARN] [1775074810.913130403] [control_serial_interface]: Control board serial port is not open, attempting to open
[INFO] [1775074810.914842450] [control_serial_interface]: Attempting to open serial port for control board
[INFO] [1775074810.916449859] [control_serial_interface]: No serial port defined for control board, attempting to acquire port
[ERROR] [1775074811.918660975] [control_serial_interface]: Serial manager service not available
[ERROR] [1775074811.919503263] [control_serial_interface]: Serial port not found
[WARN] [1775074813.911941838] [control_serial_interface]: Control board serial port is not open, attempting to open
[INFO] [1775074813.912476525] [control_serial_interface]: Attempting to open serial port for control board
[INFO] [1775074813.912986822] [control_serial_interface]: No serial port defined for control board, attempting to acquire port
[ERROR] [1775074814.915786410] [control_serial_interface]: Serial manager service not available
[ERROR] [1775074814.916696718] [control_serial_interface]: Serial port not found
[WARN] [1775074816.914069432] [control_serial_interface]: Control board serial port is not open, attempting to open
[INFO] [1775074816.917114359] [control_serial_interface]: Attempting to open serial port for control board
[INFO] [1775074816.920795244] [control_serial_interface]: No serial port defined for control board, attempting to acquire port
[ERROR] [1775074817.923657262] [control_serial_interface]: Serial manager service not available
[ERROR] [1775074817.925325726] [control_serial_interface]: Serial port not found
[WARN] [1775074819.912001154] [control_serial_interface]: Control board serial port is not open, attempting to open
[INFO] [1775074819.912663694] [control_serial_interface]: Attempting to open serial port for control board
[INFO] [1775074819.913215970] [control_serial_interface]: No serial port defined for control board, attempting to acquire port
[ERROR] [1775074820.915329583] [control_serial_interface]: Serial manager service not available
[ERROR] [1775074820.916254124] [control_serial_interface]: Serial port not found
[WARN] [1775074822.912848610] [control_serial_interface]: Control board serial port is not open, attempting to open
[INFO] [1775074822.913677348] [control_serial_interface]: Attempting to open serial port for control board
[INFO] [1775074822.914591550] [control_serial_interface]: No serial port defined for control board, attempting to acquire port
[ERROR] [1775074823.917059485] [control_serial_interface]: Serial manager service not available
[ERROR] [1775074823.917898086] [control_serial_interface]: Serial port not found
[WARN] [1775074825.914004521] [control_serial_interface]: Control board serial port is not open, attempting to open
[INFO] [1775074825.915190189] [control_serial_interface]: Attempting to open serial port for control board
[INFO] [1775074825.916066780] [control_serial_interface]: No serial port defined for control board, attempting to acquire port
[ERROR] [1775074826.918142386] [control_serial_interface]: Serial manager service not available
[ERROR] [1775074826.918804657] [control_serial_interface]: Serial port not found
[WARN] [1775074828.914437911] [control_serial_interface]: Control board serial port is not open, attempting to open
[INFO] [1775074828.917377353] [control_serial_interface]: Attempting to open serial port for control board
[INFO] [1775074828.918931130] [control_serial_interface]: No serial port defined for control board, attempting to acquire port
[ERROR] [1775074829.921775846] [control_serial_interface]: Serial manager service not available
[ERROR] [1775074829.922628512] [control_serial_interface]: Serial port not found
[WARN] [1775074831.913481893] [control_serial_interface]: Control board serial port is not open, attempting to open
[INFO] [1775074831.915399309] [control_serial_interface]: Attempting to open serial port for control board
[INFO] [1775074831.917444569] [control_serial_interface]: No serial port defined for control board, attempting to acquire port
[ERROR] [1775074832.920294396] [control_serial_interface]: Serial manager service not available
[ERROR] [1775074832.921428510] [control_serial_interface]: Serial port not found
[WARN] [1775074834.911800728] [control_serial_interface]: Control board serial port is not open, attempting to open
[INFO] [1775074834.912554996] [control_serial_interface]: Attempting to open serial port for control board
[INFO] [1775074834.913244077] [control_serial_interface]: No serial port defined for control board, attempting to acquire port
[ERROR] [1775074835.915691718] [control_serial_interface]: Serial manager service not available
[ERROR] [1775074835.916526657] [control_serial_interface]: Serial port not found
[WARN] [1775074837.913229544] [control_serial_interface]: Control board serial port is not open, attempting to open
[INFO] [1775074837.914884450] [control_serial_interface]: Attempting to open serial port for control board
[INFO] [1775074837.916726837] [control_serial_interface]: No serial port defined for control board, attempting to acquire port
[ERROR] [1775074838.920127453] [control_serial_interface]: Serial manager service not available
[ERROR] [1775074838.921392184] [control_serial_interface]: Serial port not found
[WARN] [1775074840.912837212] [control_serial_interface]: Control board serial port is not open, attempting to open
[INFO] [1775074840.913393782] [control_serial_interface]: Attempting to open serial port for control board
[INFO] [1775074840.913927974] [control_serial_interface]: No serial port defined for control board, attempting to acquire port
[ERROR] [1775074841.921125217] [control_serial_interface]: Serial manager service not available
[ERROR] [1775074841.924231941] [control_serial_interface]: Serial port not found
[WARN] [1775074843.912468628] [control_serial_interface]: Control board serial port is not open, attempting to open
[INFO] [1775074843.913235724] [control_serial_interface]: Attempting to open serial port for control board
[INFO] [1775074843.913932842] [control_serial_interface]: No serial port defined for control board, attempting to acquire port
[ERROR] [1775074844.917513165] [control_serial_interface]: Serial manager service not available
[ERROR] [1775074844.919766301] [control_serial_interface]: Serial port not found
[WARN] [1775074846.911786987] [control_serial_interface]: Control board serial port is not open, attempting to open
[INFO] [1775074846.912387604] [control_serial_interface]: Attempting to open serial port for control board
[INFO] [1775074846.912922809] [control_serial_interface]: No serial port defined for control board, attempting to acquire port
[ERROR] [1775074847.916326341] [control_serial_interface]: Serial manager service not available
[ERROR] [1775074847.918579819] [control_serial_interface]: Serial port not found
[WARN] [1775074849.911756608] [control_serial_interface]: Control board serial port is not open, attempting to open
[INFO] [1775074849.912308991] [control_serial_interface]: Attempting to open serial port for control board
[INFO] [1775074849.912783870] [control_serial_interface]: No serial port defined for control board, attempting to acquire port
[ERROR] [1775074850.914941861] [control_serial_interface]: Serial manager service not available
[ERROR] [1775074850.915590224] [control_serial_interface]: Serial port not found
[WARN] [1775074852.913159214] [control_serial_interface]: Control board serial port is not open, attempting to open
[INFO] [1775074852.915008581] [control_serial_interface]: Attempting to open serial port for control board
[INFO] [1775074852.917381198] [control_serial_interface]: No serial port defined for control board, attempting to acquire port
[ERROR] [1775074853.919913292] [control_serial_interface]: Serial manager service not available
[ERROR] [1775074853.920526143] [control_serial_interface]: Serial port not found
[WARN] [1775074855.913363164] [control_serial_interface]: Control board serial port is not open, attempting to open
[INFO] [1775074855.915050776] [control_serial_interface]: Attempting to open serial port for control board
[INFO] [1775074855.916781774] [control_serial_interface]: No serial port defined for control board, attempting to acquire port
[ERROR] [1775074856.920608470] [control_serial_interface]: Serial manager service not available
[ERROR] [1775074856.922754454] [control_serial_interface]: Serial port not found
[WARN] [1775074858.911885910] [control_serial_interface]: Control board serial port is not open, attempting to open
[INFO] [1775074858.912406794] [control_serial_interface]: Attempting to open serial port for control board
[INFO] [1775074858.912875572] [control_serial_interface]: No serial port defined for control board, attempting to acquire port
[ERROR] [1775074859.915043169] [control_serial_interface]: Serial manager service not available
[ERROR] [1775074859.915658560] [control_serial_interface]: Serial port not found
[WARN] [1775074861.911925731] [control_serial_interface]: Control board serial port is not open, attempting to open
[INFO] [1775074861.912485895] [control_serial_interface]: Attempting to open serial port for control board
[INFO] [1775074861.913003981] [control_serial_interface]: No serial port defined for control board, attempting to acquire port
[ERROR] [1775074862.916594608] [control_serial_interface]: Serial manager service not available
[ERROR] [1775074862.918477567] [control_serial_interface]: Serial port not found
[WARN] [1775074864.913358361] [control_serial_interface]: Control board serial port is not open, attempting to open
[INFO] [1775074864.915636820] [control_serial_interface]: Attempting to open serial port for control board
[INFO] [1775074864.917336412] [control_serial_interface]: No serial port defined for control board, attempting to acquire port
[ERROR] [1775074865.919958483] [control_serial_interface]: Serial manager service not available
[ERROR] [1775074865.920614519] [control_serial_interface]: Serial port not found
[WARN] [1775074867.911843793] [control_serial_interface]: Control board serial port is not open, attempting to open
[INFO] [1775074867.912558208] [control_serial_interface]: Attempting to open serial port for control board
[INFO] [1775074867.913251383] [control_serial_interface]: No serial port defined for control board, attempting to acquire port
[ERROR] [1775074868.915520764] [control_serial_interface]: Serial manager service not available
[ERROR] [1775074868.916295234] [control_serial_interface]: Serial port not found
[WARN] [1775074870.913226047] [control_serial_interface]: Control board serial port is not open, attempting to open
[INFO] [1775074870.915104321] [control_serial_interface]: Attempting to open serial port for control board
[INFO] [1775074870.917041752] [control_serial_interface]: No serial port defined for control board, attempting to acquire port
[ERROR] [1775074871.920698816] [control_serial_interface]: Serial manager service not available
[ERROR] [1775074871.922615057] [control_serial_interface]: Serial port not found
[WARN] [1775074873.911766189] [control_serial_interface]: Control board serial port is not open, attempting to open
[INFO] [1775074873.912350508] [control_serial_interface]: Attempting to open serial port for control board
[INFO] [1775074873.912838656] [control_serial_interface]: No serial port defined for control board, attempting to acquire port
[ERROR] [1775074874.914916120] [control_serial_interface]: Serial manager service not available
[ERROR] [1775074874.915600544] [control_serial_interface]: Serial port not found
[WARN] [1775074876.913155964] [control_serial_interface]: Control board serial port is not open, attempting to open
[INFO] [1775074876.915121331] [control_serial_interface]: Attempting to open serial port for control board
[INFO] [1775074876.917021905] [control_serial_interface]: No serial port defined for control board, attempting to acquire port
[ERROR] [1775074877.919266550] [control_serial_interface]: Serial manager service not available
[ERROR] [1775074877.919921864] [control_serial_interface]: Serial port not found
[WARN] [1775074879.913263985] [control_serial_interface]: Control board serial port is not open, attempting to open
[INFO] [1775074879.915084697] [control_serial_interface]: Attempting to open serial port for control board
[INFO] [1775074879.917034009] [control_serial_interface]: No serial port defined for control board, attempting to acquire port
[ERROR] [1775074880.919504844] [control_serial_interface]: Serial manager service not available
[ERROR] [1775074880.920703583] [control_serial_interface]: Serial port not found
[WARN] [1775074882.913403478] [control_serial_interface]: Control board serial port is not open, attempting to open
[INFO] [1775074882.915302833] [control_serial_interface]: Attempting to open serial port for control board
[INFO] [1775074882.917052337] [control_serial_interface]: No serial port defined for control board, attempting to acquire port
[ERROR] [1775074883.920713732] [control_serial_interface]: Serial manager service not available
[ERROR] [1775074883.922524718] [control_serial_interface]: Serial port not found
[WARN] [1775074885.913269216] [control_serial_interface]: Control board serial port is not open, attempting to open
[INFO] [1775074885.914969238] [control_serial_interface]: Attempting to open serial port for control board
[INFO] [1775074885.916631289] [control_serial_interface]: No serial port defined for control board, attempting to acquire port
[ERROR] [1775074886.920155924] [control_serial_interface]: Serial manager service not available
[ERROR] [1775074886.922321323] [control_serial_interface]: Serial port not found
[WARN] [1775074888.913295194] [control_serial_interface]: Control board serial port is not open, attempting to open
[INFO] [1775074888.914989396] [control_serial_interface]: Attempting to open serial port for control board
[INFO] [1775074888.916697614] [control_serial_interface]: No serial port defined for control board, attempting to acquire port
[ERROR] [1775074889.920647405] [control_serial_interface]: Serial manager service not available
[ERROR] [1775074889.922322162] [control_serial_interface]: Serial port not found
[WARN] [1775074891.913119176] [control_serial_interface]: Control board serial port is not open, attempting to open
[INFO] [1775074891.915007570] [control_serial_interface]: Attempting to open serial port for control board
[INFO] [1775074891.916885199] [control_serial_interface]: No serial port defined for control board, attempting to acquire port
[ERROR] [1775074892.920483961] [control_serial_interface]: Serial manager service not available
[ERROR] [1775074892.922291648] [control_serial_interface]: Serial port not found
[WARN] [1775074894.913156029] [control_serial_interface]: Control board serial port is not open, attempting to open
[INFO] [1775074894.914870092] [control_serial_interface]: Attempting to open serial port for control board
[INFO] [1775074894.916740586] [control_serial_interface]: No serial port defined for control board, attempting to acquire port
[ERROR] [1775074895.920497489] [control_serial_interface]: Serial manager service not available
[ERROR] [1775074895.922358503] [control_serial_interface]: Serial port not found
[WARN] [1775074897.912959209] [control_serial_interface]: Control board serial port is not open, attempting to open
[INFO] [1775074897.914446291] [control_serial_interface]: Attempting to open serial port for control board
[INFO] [1775074897.915768012] [control_serial_interface]: No serial port defined for control board, attempting to acquire port
[ERROR] [1775074898.919510276] [control_serial_interface]: Serial manager service not available
[ERROR] [1775074898.921349493] [control_serial_interface]: Serial port not found
[WARN] [1775074900.913418414] [control_serial_interface]: Control board serial port is not open, attempting to open
[INFO] [1775074900.915471535] [control_serial_interface]: Attempting to open serial port for control board
[INFO] [1775074900.917192503] [control_serial_interface]: No serial port defined for control board, attempting to acquire port
[ERROR] [1775074901.919825423] [control_serial_interface]: Serial manager service not available
[ERROR] [1775074901.921619726] [control_serial_interface]: Serial port not found
[WARN] [1775074903.913129897] [control_serial_interface]: Control board serial port is not open, attempting to open
[INFO] [1775074903.915523529] [control_serial_interface]: Attempting to open serial port for control board
[INFO] [1775074903.917844989] [control_serial_interface]: No serial port defined for control board, attempting to acquire port
[ERROR] [1775074904.921627442] [control_serial_interface]: Serial manager service not available
[ERROR] [1775074904.923066662] [control_serial_interface]: Serial port not found
[WARN] [1775074906.913315976] [control_serial_interface]: Control board serial port is not open, attempting to open
[INFO] [1775074906.915571414] [control_serial_interface]: Attempting to open serial port for control board
[INFO] [1775074906.917755054] [control_serial_interface]: No serial port defined for control board, attempting to acquire port
[ERROR] [1775074907.921497237] [control_serial_interface]: Serial manager service not available
[ERROR] [1775074907.923578153] [control_serial_interface]: Serial port not found
[WARN] [1775074909.913215390] [control_serial_interface]: Control board serial port is not open, attempting to open
[INFO] [1775074909.914912542] [control_serial_interface]: Attempting to open serial port for control board
[INFO] [1775074909.916785781] [control_serial_interface]: No serial port defined for control board, attempting to acquire port
[ERROR] [1775074910.920696095] [control_serial_interface]: Serial manager service not available
[ERROR] [1775074910.922628761] [control_serial_interface]: Serial port not found
[WARN] [1775074912.913152810] [control_serial_interface]: Control board serial port is not open, attempting to open
[INFO] [1775074912.914920315] [control_serial_interface]: Attempting to open serial port for control board
[INFO] [1775074912.916992846] [control_serial_interface]: No serial port defined for control board, attempting to acquire port
[ERROR] [1775074913.920695408] [control_serial_interface]: Serial manager service not available
[ERROR] [1775074913.922896043] [control_serial_interface]: Serial port not found
[WARN] [1775074915.913409317] [control_serial_interface]: Control board serial port is not open, attempting to open
[INFO] [1775074915.915169642] [control_serial_interface]: Attempting to open serial port for control board
[INFO] [1775074915.916799817] [control_serial_interface]: No serial port defined for control board, attempting to acquire port
[ERROR] [1775074916.919105325] [control_serial_interface]: Serial manager service not available
[ERROR] [1775074916.919756189] [control_serial_interface]: Serial port not found
[WARN] [1775074918.913492288] [control_serial_interface]: Control board serial port is not open, attempting to open
[INFO] [1775074918.915223041] [control_serial_interface]: Attempting to open serial port for control board
[INFO] [1775074918.916963280] [control_serial_interface]: No serial port defined for control board, attempting to acquire port
[ERROR] [1775074919.920589149] [control_serial_interface]: Serial manager service not available
[ERROR] [1775074919.922482183] [control_serial_interface]: Serial port not found
[WARN] [1775074921.913207165] [control_serial_interface]: Control board serial port is not open, attempting to open
[INFO] [1775074921.914977900] [control_serial_interface]: Attempting to open serial port for control board
[INFO] [1775074921.916834593] [control_serial_interface]: No serial port defined for control board, attempting to acquire port
[ERROR] [1775074922.919384069] [control_serial_interface]: Serial manager service not available
[ERROR] [1775074922.920119421] [control_serial_interface]: Serial port not found
[WARN] [1775074924.911773999] [control_serial_interface]: Control board serial port is not open, attempting to open
[INFO] [1775074924.912335811] [control_serial_interface]: Attempting to open serial port for control board
[INFO] [1775074924.912801599] [control_serial_interface]: No serial port defined for control board, attempting to acquire port
[ERROR] [1775074925.916440997] [control_serial_interface]: Serial manager service not available
[ERROR] [1775074925.918543504] [control_serial_interface]: Serial port not found
[WARN] [1775074927.913365501] [control_serial_interface]: Control board serial port is not open, attempting to open
[INFO] [1775074927.915052013] [control_serial_interface]: Attempting to open serial port for control board
[INFO] [1775074927.916614570] [control_serial_interface]: No serial port defined for control board, attempting to acquire port
[ERROR] [1775074928.919742621] [control_serial_interface]: Serial manager service not available
[ERROR] [1775074928.920719059] [control_serial_interface]: Serial port not found
[WARN] [1775074930.913364249] [control_serial_interface]: Control board serial port is not open, attempting to open
[INFO] [1775074930.915121829] [control_serial_interface]: Attempting to open serial port for control board
[INFO] [1775074930.916775154] [control_serial_interface]: No serial port defined for control board, attempting to acquire port
[ERROR] [1775074931.920443568] [control_serial_interface]: Serial manager service not available
[ERROR] [1775074931.922438906] [control_serial_interface]: Serial port not found
[WARN] [1775074933.911924613] [control_serial_interface]: Control board serial port is not open, attempting to open
[INFO] [1775074933.912476936] [control_serial_interface]: Attempting to open serial port for control board
[INFO] [1775074933.912990012] [control_serial_interface]: No serial port defined for control board, attempting to acquire port
[ERROR] [1775074934.916484351] [control_serial_interface]: Serial manager service not available
[ERROR] [1775074934.918615719] [control_serial_interface]: Serial port not found
[WARN] [1775074936.913409825] [control_serial_interface]: Control board serial port is not open, attempting to open
[INFO] [1775074936.915343101] [control_serial_interface]: Attempting to open serial port for control board
[INFO] [1775074936.917267796] [control_serial_interface]: No serial port defined for control board, attempting to acquire port
[ERROR] [1775074937.920519046] [control_serial_interface]: Serial manager service not available
[ERROR] [1775074937.922436582] [control_serial_interface]: Serial port not found
[WARN] [1775074939.913296908] [control_serial_interface]: Control board serial port is not open, attempting to open
[INFO] [1775074939.915744338] [control_serial_interface]: Attempting to open serial port for control board
[INFO] [1775074939.917432685] [control_serial_interface]: No serial port defined for control board, attempting to acquire port
[ERROR] [1775074940.921045108] [control_serial_interface]: Serial manager service not available
[ERROR] [1775074940.922891226] [control_serial_interface]: Serial port not found
[WARN] [1775074942.914489590] [control_serial_interface]: Control board serial port is not open, attempting to open
[INFO] [1775074942.917106981] [control_serial_interface]: Attempting to open serial port for control board
[INFO] [1775074942.919525679] [control_serial_interface]: No serial port defined for control board, attempting to acquire port
[ERROR] [1775074943.922273671] [control_serial_interface]: Serial manager service not available
[ERROR] [1775074943.923111679] [control_serial_interface]: Serial port not found
[WARN] [1775074945.913268193] [control_serial_interface]: Control board serial port is not open, attempting to open
[INFO] [1775074945.915004986] [control_serial_interface]: Attempting to open serial port for control board
[INFO] [1775074945.916975963] [control_serial_interface]: No serial port defined for control board, attempting to acquire port
[ERROR] [1775074946.920690385] [control_serial_interface]: Serial manager service not available
[ERROR] [1775074946.922571349] [control_serial_interface]: Serial port not found
[WARN] [1775074948.912271477] [control_serial_interface]: Control board serial port is not open, attempting to open
[INFO] [1775074948.913036898] [control_serial_interface]: Attempting to open serial port for control board
[INFO] [1775074948.913750233] [control_serial_interface]: No serial port defined for control board, attempting to acquire port
[ERROR] [1775074949.917115142] [control_serial_interface]: Serial manager service not available
[ERROR] [1775074949.919493719] [control_serial_interface]: Serial port not found
[WARN] [1775074951.913311069] [control_serial_interface]: Control board serial port is not open, attempting to open
[INFO] [1775074951.914965425] [control_serial_interface]: Attempting to open serial port for control board
[INFO] [1775074951.916836268] [control_serial_interface]: No serial port defined for control board, attempting to acquire port
[ERROR] [1775074952.920905838] [control_serial_interface]: Serial manager service not available
[ERROR] [1775074952.922710004] [control_serial_interface]: Serial port not found
[WARN] [1775074954.913354513] [control_serial_interface]: Control board serial port is not open, attempting to open
[INFO] [1775074954.914988838] [control_serial_interface]: Attempting to open serial port for control board
[INFO] [1775074954.916579011] [control_serial_interface]: No serial port defined for control board, attempting to acquire port
[ERROR] [1775074955.920082411] [control_serial_interface]: Serial manager service not available
[ERROR] [1775074955.922122015] [control_serial_interface]: Serial port not found
[WARN] [1775074957.913228826] [control_serial_interface]: Control board serial port is not open, attempting to open
[INFO] [1775074957.915206034] [control_serial_interface]: Attempting to open serial port for control board
[INFO] [1775074957.916803462] [control_serial_interface]: No serial port defined for control board, attempting to acquire port
[ERROR] [1775074958.920351894] [control_serial_interface]: Serial manager service not available
[ERROR] [1775074958.921901260] [control_serial_interface]: Serial port not found
[WARN] [1775074960.913359562] [control_serial_interface]: Control board serial port is not open, attempting to open
[INFO] [1775074960.915032509] [control_serial_interface]: Attempting to open serial port for control board
[INFO] [1775074960.916981520] [control_serial_interface]: No serial port defined for control board, attempting to acquire port
[ERROR] [1775074961.920450563] [control_serial_interface]: Serial manager service not available
[ERROR] [1775074961.922587707] [control_serial_interface]: Serial port not found
[WARN] [1775074963.913532666] [control_serial_interface]: Control board serial port is not open, attempting to open
[INFO] [1775074963.915536200] [control_serial_interface]: Attempting to open serial port for control board
[INFO] [1775074963.917159379] [control_serial_interface]: No serial port defined for control board, attempting to acquire port
[ERROR] [1775074964.919770137] [control_serial_interface]: Serial manager service not available
[ERROR] [1775074964.920757254] [control_serial_interface]: Serial port not found
[WARN] [1775074966.913350412] [control_serial_interface]: Control board serial port is not open, attempting to open
[INFO] [1775074966.915427238] [control_serial_interface]: Attempting to open serial port for control board
[INFO] [1775074966.917093244] [control_serial_interface]: No serial port defined for control board, attempting to acquire port
[ERROR] [1775074967.920541162] [control_serial_interface]: Serial manager service not available
[ERROR] [1775074967.922396595] [control_serial_interface]: Serial port not found
[WARN] [1775074969.913556172] [control_serial_interface]: Control board serial port is not open, attempting to open
[INFO] [1775074969.915350788] [control_serial_interface]: Attempting to open serial port for control board
[INFO] [1775074969.917443000] [control_serial_interface]: No serial port defined for control board, attempting to acquire port
[ERROR] [1775074970.921318783] [control_serial_interface]: Serial manager service not available
[ERROR] [1775074970.923131009] [control_serial_interface]: Serial port not found
[WARN] [1775074972.914470633] [control_serial_interface]: Control board serial port is not open, attempting to open
[INFO] [1775074972.916952900] [control_serial_interface]: Attempting to open serial port for control board
[INFO] [1775074972.919349562] [control_serial_interface]: No serial port defined for control board, attempting to acquire port
[ERROR] [1775074973.923042053] [control_serial_interface]: Serial manager service not available
[ERROR] [1775074973.924992980] [control_serial_interface]: Serial port not found
[WARN] [1775074975.911895022] [control_serial_interface]: Control board serial port is not open, attempting to open
[INFO] [1775074975.912462762] [control_serial_interface]: Attempting to open serial port for control board
[INFO] [1775074975.913000823] [control_serial_interface]: No serial port defined for control board, attempting to acquire port
[ERROR] [1775074976.916701409] [control_serial_interface]: Serial manager service not available
[ERROR] [1775074976.918596183] [control_serial_interface]: Serial port not found
[WARN] [1775074978.913374644] [control_serial_interface]: Control board serial port is not open, attempting to open
[INFO] [1775074978.915086691] [control_serial_interface]: Attempting to open serial port for control board
[INFO] [1775074978.916828125] [control_serial_interface]: No serial port defined for control board, attempting to acquire port
[ERROR] [1775074979.919478658] [control_serial_interface]: Serial manager service not available
[ERROR] [1775074979.920122409] [control_serial_interface]: Serial port not found
[WARN] [1775074981.911735649] [control_serial_interface]: Control board serial port is not open, attempting to open
[INFO] [1775074981.912293700] [control_serial_interface]: Attempting to open serial port for control board
[INFO] [1775074981.912783826] [control_serial_interface]: No serial port defined for control board, attempting to acquire port
[ERROR] [1775074982.916521282] [control_serial_interface]: Serial manager service not available
[ERROR] [1775074982.918670886] [control_serial_interface]: Serial port not found
[WARN] [1775074984.911886619] [control_serial_interface]: Control board serial port is not open, attempting to open
[INFO] [1775074984.912425094] [control_serial_interface]: Attempting to open serial port for control board
[INFO] [1775074984.912957092] [control_serial_interface]: No serial port defined for control board, attempting to acquire port
[ERROR] [1775074985.915378005] [control_serial_interface]: Serial manager service not available
[ERROR] [1775074985.916013686] [control_serial_interface]: Serial port not found
[WARN] [1775074987.913333800] [control_serial_interface]: Control board serial port is not open, attempting to open
[INFO] [1775074987.915184423] [control_serial_interface]: Attempting to open serial port for control board
[INFO] [1775074987.917013685] [control_serial_interface]: No serial port defined for control board, attempting to acquire port
[ERROR] [1775074988.919574010] [control_serial_interface]: Serial manager service not available
[ERROR] [1775074988.920283981] [control_serial_interface]: Serial port not found
[WARN] [1775074990.913314522] [control_serial_interface]: Control board serial port is not open, attempting to open
[INFO] [1775074990.915298035] [control_serial_interface]: Attempting to open serial port for control board
[INFO] [1775074990.917199119] [control_serial_interface]: No serial port defined for control board, attempting to acquire port
[ERROR] [1775074991.920797337] [control_serial_interface]: Serial manager service not available
[ERROR] [1775074991.922754474] [control_serial_interface]: Serial port not found
[WARN] [1775074993.913410738] [control_serial_interface]: Control board serial port is not open, attempting to open
[INFO] [1775074993.915571227] [control_serial_interface]: Attempting to open serial port for control board
[INFO] [1775074993.917201712] [control_serial_interface]: No serial port defined for control board, attempting to acquire port
[ERROR] [1775074994.920632099] [control_serial_interface]: Serial manager service not available
[ERROR] [1775074994.922702870] [control_serial_interface]: Serial port not found
[WARN] [1775074996.914074240] [control_serial_interface]: Control board serial port is not open, attempting to open
[INFO] [1775074996.916216475] [control_serial_interface]: Attempting to open serial port for control board
[INFO] [1775074996.918251320] [control_serial_interface]: No serial port defined for control board, attempting to acquire port
[ERROR] [1775074997.920536398] [control_serial_interface]: Serial manager service not available
[ERROR] [1775074997.921188160] [control_serial_interface]: Serial port not found
[WARN] [1775074999.913211056] [control_serial_interface]: Control board serial port is not open, attempting to open
[INFO] [1775074999.914841541] [control_serial_interface]: Attempting to open serial port for control board
[INFO] [1775074999.916725905] [control_serial_interface]: No serial port defined for control board, attempting to acquire port
[ERROR] [1775075000.920544306] [control_serial_interface]: Serial manager service not available
[ERROR] [1775075000.922397614] [control_serial_interface]: Serial port not found
[WARN] [1775075002.912385376] [control_serial_interface]: Control board serial port is not open, attempting to open
[INFO] [1775075002.913976251] [control_serial_interface]: Attempting to open serial port for control board
[INFO] [1775075002.914721579] [control_serial_interface]: No serial port defined for control board, attempting to acquire port
[ERROR] [1775075003.917330823] [control_serial_interface]: Serial manager service not available
[ERROR] [1775075003.918230689] [control_serial_interface]: Serial port not found
[WARN] [1775075005.912220578] [control_serial_interface]: Control board serial port is not open, attempting to open
[INFO] [1775075005.913093570] [control_serial_interface]: Attempting to open serial port for control board
[INFO] [1775075005.913913806] [control_serial_interface]: No serial port defined for control board, attempting to acquire port
[ERROR] [1775075006.919470677] [control_serial_interface]: Serial manager service not available
[ERROR] [1775075006.921314114] [control_serial_interface]: Serial port not found
[WARN] [1775075008.913290997] [control_serial_interface]: Control board serial port is not open, attempting to open
[INFO] [1775075008.915140430] [control_serial_interface]: Attempting to open serial port for control board
[INFO] [1775075008.916796356] [control_serial_interface]: No serial port defined for control board, attempting to acquire port
[ERROR] [1775075009.919769685] [control_serial_interface]: Serial manager service not available
[ERROR] [1775075009.921146776] [control_serial_interface]: Serial port not found
[WARN] [1775075011.913333211] [control_serial_interface]: Control board serial port is not open, attempting to open
[INFO] [1775075011.915029853] [control_serial_interface]: Attempting to open serial port for control board
[INFO] [1775075011.916899342] [control_serial_interface]: No serial port defined for control board, attempting to acquire port
[ERROR] [1775075012.920704157] [control_serial_interface]: Serial manager service not available
[ERROR] [1775075012.922563395] [control_serial_interface]: Serial port not found
[WARN] [1775075014.911780478] [control_serial_interface]: Control board serial port is not open, attempting to open
[INFO] [1775075014.912391664] [control_serial_interface]: Attempting to open serial port for control board
[INFO] [1775075014.912867675] [control_serial_interface]: No serial port defined for control board, attempting to acquire port
[ERROR] [1775075015.916335271] [control_serial_interface]: Serial manager service not available
[ERROR] [1775075015.918838118] [control_serial_interface]: Serial port not found
[WARN] [1775075017.911876957] [control_serial_interface]: Control board serial port is not open, attempting to open
[INFO] [1775075017.912458033] [control_serial_interface]: Attempting to open serial port for control board
[INFO] [1775075017.913010643] [control_serial_interface]: No serial port defined for control board, attempting to acquire port
[ERROR] [1775075018.916515030] [control_serial_interface]: Serial manager service not available
[ERROR] [1775075018.918473817] [control_serial_interface]: Serial port not found
[WARN] [1775075020.913164224] [control_serial_interface]: Control board serial port is not open, attempting to open
[INFO] [1775075020.914844425] [control_serial_interface]: Attempting to open serial port for control board
[INFO] [1775075020.917040711] [control_serial_interface]: No serial port defined for control board, attempting to acquire port
[ERROR] [1775075021.921265372] [control_serial_interface]: Serial manager service not available
[ERROR] [1775075021.923230224] [control_serial_interface]: Serial port not found
[WARN] [1775075023.913008526] [control_serial_interface]: Control board serial port is not open, attempting to open
[INFO] [1775075023.914520345] [control_serial_interface]: Attempting to open serial port for control board
[INFO] [1775075023.915930077] [control_serial_interface]: No serial port defined for control board, attempting to acquire port
[ERROR] [1775075024.918329902] [control_serial_interface]: Serial manager service not available
[ERROR] [1775075024.918940875] [control_serial_interface]: Serial port not found
[WARN] [1775075026.911832780] [control_serial_interface]: Control board serial port is not open, attempting to open
[INFO] [1775075026.912400674] [control_serial_interface]: Attempting to open serial port for control board
[INFO] [1775075026.912891215] [control_serial_interface]: No serial port defined for control board, attempting to acquire port
[ERROR] [1775075027.914959522] [control_serial_interface]: Serial manager service not available
[ERROR] [1775075027.915584735] [control_serial_interface]: Serial port not found
[WARN] [1775075029.913479623] [control_serial_interface]: Control board serial port is not open, attempting to open
[INFO] [1775075029.915396524] [control_serial_interface]: Attempting to open serial port for control board
[INFO] [1775075029.917130807] [control_serial_interface]: No serial port defined for control board, attempting to acquire port
[ERROR] [1775075030.920707094] [control_serial_interface]: Serial manager service not available
[ERROR] [1775075030.922599834] [control_serial_interface]: Serial port not found
[WARN] [1775075032.911919977] [control_serial_interface]: Control board serial port is not open, attempting to open
[INFO] [1775075032.912542200] [control_serial_interface]: Attempting to open serial port for control board
[INFO] [1775075032.913080981] [control_serial_interface]: No serial port defined for control board, attempting to acquire port
[ERROR] [1775075033.916280189] [control_serial_interface]: Serial manager service not available
[ERROR] [1775075033.918148313] [control_serial_interface]: Serial port not found
[WARN] [1775075035.913555186] [control_serial_interface]: Control board serial port is not open, attempting to open
[INFO] [1775075035.915525508] [control_serial_interface]: Attempting to open serial port for control board
[INFO] [1775075035.917214115] [control_serial_interface]: No serial port defined for control board, attempting to acquire port
[ERROR] [1775075036.919973544] [control_serial_interface]: Serial manager service not available
[ERROR] [1775075036.920608944] [control_serial_interface]: Serial port not found
[WARN] [1775075038.912060707] [control_serial_interface]: Control board serial port is not open, attempting to open
[INFO] [1775075038.912625754] [control_serial_interface]: Attempting to open serial port for control board
[INFO] [1775075038.913111644] [control_serial_interface]: No serial port defined for control board, attempting to acquire port
[ERROR] [1775075039.916586551] [control_serial_interface]: Serial manager service not available
[ERROR] [1775075039.919127844] [control_serial_interface]: Serial port not found
[WARN] [1775075041.913711352] [control_serial_interface]: Control board serial port is not open, attempting to open
[INFO] [1775075041.915375898] [control_serial_interface]: Attempting to open serial port for control board
[INFO] [1775075041.917332065] [control_serial_interface]: No serial port defined for control board, attempting to acquire port
[ERROR] [1775075042.919756997] [control_serial_interface]: Serial manager service not available
[ERROR] [1775075042.920348921] [control_serial_interface]: Serial port not found
[WARN] [1775075044.912031886] [control_serial_interface]: Control board serial port is not open, attempting to open
[INFO] [1775075044.912602204] [control_serial_interface]: Attempting to open serial port for control board
[INFO] [1775075044.913145919] [control_serial_interface]: No serial port defined for control board, attempting to acquire port
[ERROR] [1775075045.916869316] [control_serial_interface]: Serial manager service not available
[ERROR] [1775075045.918783536] [control_serial_interface]: Serial port not found
[WARN] [1775075047.913246980] [control_serial_interface]: Control board serial port is not open, attempting to open
[INFO] [1775075047.915197932] [control_serial_interface]: Attempting to open serial port for control board
[INFO] [1775075047.917282498] [control_serial_interface]: No serial port defined for control board, attempting to acquire port
[ERROR] [1775075048.921173732] [control_serial_interface]: Serial manager service not available
[ERROR] [1775075048.923385148] [control_serial_interface]: Serial port not found
[WARN] [1775075050.913282264] [control_serial_interface]: Control board serial port is not open, attempting to open
[INFO] [1775075050.915302293] [control_serial_interface]: Attempting to open serial port for control board
[INFO] [1775075050.917755663] [control_serial_interface]: No serial port defined for control board, attempting to acquire port
[ERROR] [1775075051.921127893] [control_serial_interface]: Serial manager service not available
[ERROR] [1775075051.923005871] [control_serial_interface]: Serial port not found
[WARN] [1775075053.913243785] [control_serial_interface]: Control board serial port is not open, attempting to open
[INFO] [1775075053.915175761] [control_serial_interface]: Attempting to open serial port for control board
[INFO] [1775075053.917160149] [control_serial_interface]: No serial port defined for control board, attempting to acquire port
[ERROR] [1775075054.920838999] [control_serial_interface]: Serial manager service not available
[ERROR] [1775075054.922879839] [control_serial_interface]: Serial port not found
[WARN] [1775075056.912044765] [control_serial_interface]: Control board serial port is not open, attempting to open
[INFO] [1775075056.912586705] [control_serial_interface]: Attempting to open serial port for control board
[INFO] [1775075056.913080723] [control_serial_interface]: No serial port defined for control board, attempting to acquire port
[ERROR] [1775075057.915537429] [control_serial_interface]: Serial manager service not available
[ERROR] [1775075057.916316786] [control_serial_interface]: Serial port not found
[WARN] [1775075059.913314183] [control_serial_interface]: Control board serial port is not open, attempting to open
[INFO] [1775075059.914751691] [control_serial_interface]: Attempting to open serial port for control board
[INFO] [1775075059.916577033] [control_serial_interface]: No serial port defined for control board, attempting to acquire port
[ERROR] [1775075060.920213202] [control_serial_interface]: Serial manager service not available
[ERROR] [1775075060.922266942] [control_serial_interface]: Serial port not found
[WARN] [1775075062.911814386] [control_serial_interface]: Control board serial port is not open, attempting to open
[INFO] [1775075062.912424331] [control_serial_interface]: Attempting to open serial port for control board
[INFO] [1775075062.913081476] [control_serial_interface]: No serial port defined for control board, attempting to acquire port
[ERROR] [1775075063.916376584] [control_serial_interface]: Serial manager service not available
[ERROR] [1775075063.918450270] [control_serial_interface]: Serial port not found
[WARN] [1775075065.913390286] [control_serial_interface]: Control board serial port is not open, attempting to open
[INFO] [1775075065.915105679] [control_serial_interface]: Attempting to open serial port for control board
[INFO] [1775075065.916876294] [control_serial_interface]: No serial port defined for control board, attempting to acquire port
[ERROR] [1775075066.920478722] [control_serial_interface]: Serial manager service not available
[ERROR] [1775075066.922303249] [control_serial_interface]: Serial port not found
[WARN] [1775075068.912080040] [control_serial_interface]: Control board serial port is not open, attempting to open
[INFO] [1775075068.912782826] [control_serial_interface]: Attempting to open serial port for control board
[INFO] [1775075068.913424934] [control_serial_interface]: No serial port defined for control board, attempting to acquire port
[ERROR] [1775075069.916762037] [control_serial_interface]: Serial manager service not available
[ERROR] [1775075069.918633766] [control_serial_interface]: Serial port not found
[WARN] [1775075071.911905280] [control_serial_interface]: Control board serial port is not open, attempting to open
[INFO] [1775075071.912482687] [control_serial_interface]: Attempting to open serial port for control board
[INFO] [1775075071.912993521] [control_serial_interface]: No serial port defined for control board, attempting to acquire port
[ERROR] [1775075072.916617530] [control_serial_interface]: Serial manager service not available
[ERROR] [1775075072.918510284] [control_serial_interface]: Serial port not found
[WARN] [1775075074.911887954] [control_serial_interface]: Control board serial port is not open, attempting to open
[INFO] [1775075074.912450688] [control_serial_interface]: Attempting to open serial port for control board
[INFO] [1775075074.912948455] [control_serial_interface]: No serial port defined for control board, attempting to acquire port
[ERROR] [1775075075.916212148] [control_serial_interface]: Serial manager service not available
[ERROR] [1775075075.918209546] [control_serial_interface]: Serial port not found
[WARN] [1775075077.911911423] [control_serial_interface]: Control board serial port is not open, attempting to open
[INFO] [1775075077.912453204] [control_serial_interface]: Attempting to open serial port for control board
[INFO] [1775075077.912978781] [control_serial_interface]: No serial port defined for control board, attempting to acquire port
[ERROR] [1775075078.916529282] [control_serial_interface]: Serial manager service not available
[ERROR] [1775075078.918381590] [control_serial_interface]: Serial port not found
[WARN] [1775075080.913317981] [control_serial_interface]: Control board serial port is not open, attempting to open
[INFO] [1775075080.915050629] [control_serial_interface]: Attempting to open serial port for control board
[INFO] [1775075080.916953109] [control_serial_interface]: No serial port defined for control board, attempting to acquire port
[ERROR] [1775075081.920573233] [control_serial_interface]: Serial manager service not available
[ERROR] [1775075081.922386834] [control_serial_interface]: Serial port not found
[WARN] [1775075083.912807790] [control_serial_interface]: Control board serial port is not open, attempting to open
[INFO] [1775075083.914154119] [control_serial_interface]: Attempting to open serial port for control board
[INFO] [1775075083.915419849] [control_serial_interface]: No serial port defined for control board, attempting to acquire port
[ERROR] [1775075084.919038864] [control_serial_interface]: Serial manager service not available
[ERROR] [1775075084.920972665] [control_serial_interface]: Serial port not found
[WARN] [1775075086.912075839] [control_serial_interface]: Control board serial port is not open, attempting to open
[INFO] [1775075086.913180659] [control_serial_interface]: Attempting to open serial port for control board
[INFO] [1775075086.913938127] [control_serial_interface]: No serial port defined for control board, attempting to acquire port
[ERROR] [1775075087.916420369] [control_serial_interface]: Serial manager service not available
[ERROR] [1775075087.917057809] [control_serial_interface]: Serial port not found
[WARN] [1775075089.913378871] [control_serial_interface]: Control board serial port is not open, attempting to open
[INFO] [1775075089.915152806] [control_serial_interface]: Attempting to open serial port for control board
[INFO] [1775075089.917011129] [control_serial_interface]: No serial port defined for control board, attempting to acquire port
[ERROR] [1775075090.920744192] [control_serial_interface]: Serial manager service not available
[ERROR] [1775075090.922585364] [control_serial_interface]: Serial port not found
[WARN] [1775075092.913198887] [control_serial_interface]: Control board serial port is not open, attempting to open
[INFO] [1775075092.915140243] [control_serial_interface]: Attempting to open serial port for control board
[INFO] [1775075092.916901438] [control_serial_interface]: No serial port defined for control board, attempting to acquire port
[ERROR] [1775075093.920592699] [control_serial_interface]: Serial manager service not available
[ERROR] [1775075093.922718037] [control_serial_interface]: Serial port not found
[WARN] [1775075095.911747153] [control_serial_interface]: Control board serial port is not open, attempting to open
[INFO] [1775075095.912343641] [control_serial_interface]: Attempting to open serial port for control board
[INFO] [1775075095.912808893] [control_serial_interface]: No serial port defined for control board, attempting to acquire port
[ERROR] [1775075096.915889032] [control_serial_interface]: Serial manager service not available
[ERROR] [1775075096.917360706] [control_serial_interface]: Serial port not found
[WARN] [1775075098.913583762] [control_serial_interface]: Control board serial port is not open, attempting to open
[INFO] [1775075098.915299829] [control_serial_interface]: Attempting to open serial port for control board
[INFO] [1775075098.917247131] [control_serial_interface]: No serial port defined for control board, attempting to acquire port
[ERROR] [1775075099.919904921] [control_serial_interface]: Serial manager service not available
[ERROR] [1775075099.920529147] [control_serial_interface]: Serial port not found
[WARN] [1775075101.911882968] [control_serial_interface]: Control board serial port is not open, attempting to open
[INFO] [1775075101.912391903] [control_serial_interface]: Attempting to open serial port for control board
[INFO] [1775075101.912839653] [control_serial_interface]: No serial port defined for control board, attempting to acquire port
[ERROR] [1775075102.916758901] [control_serial_interface]: Serial manager service not available
[ERROR] [1775075102.918719808] [control_serial_interface]: Serial port not found
[WARN] [1775075104.911728150] [control_serial_interface]: Control board serial port is not open, attempting to open
[INFO] [1775075104.912297928] [control_serial_interface]: Attempting to open serial port for control board
[INFO] [1775075104.912773322] [control_serial_interface]: No serial port defined for control board, attempting to acquire port
[ERROR] [1775075105.916163852] [control_serial_interface]: Serial manager service not available
[ERROR] [1775075105.918020895] [control_serial_interface]: Serial port not found
[WARN] [1775075107.913305904] [control_serial_interface]: Control board serial port is not open, attempting to open
[INFO] [1775075107.915131596] [control_serial_interface]: Attempting to open serial port for control board
[INFO] [1775075107.916691028] [control_serial_interface]: No serial port defined for control board, attempting to acquire port
[ERROR] [1775075108.920381894] [control_serial_interface]: Serial manager service not available
[ERROR] [1775075108.922235687] [control_serial_interface]: Serial port not found
[WARN] [1775075110.913622213] [control_serial_interface]: Control board serial port is not open, attempting to open
[INFO] [1775075110.915344051] [control_serial_interface]: Attempting to open serial port for control board
[INFO] [1775075110.917068660] [control_serial_interface]: No serial port defined for control board, attempting to acquire port
[ERROR] [1775075111.920650042] [control_serial_interface]: Serial manager service not available
[ERROR] [1775075111.922453578] [control_serial_interface]: Serial port not found
[WARN] [1775075113.911729738] [control_serial_interface]: Control board serial port is not open, attempting to open
[INFO] [1775075113.912305664] [control_serial_interface]: Attempting to open serial port for control board
[INFO] [1775075113.912806956] [control_serial_interface]: No serial port defined for control board, attempting to acquire port
[ERROR] [1775075114.916188836] [control_serial_interface]: Serial manager service not available
[ERROR] [1775075114.918085130] [control_serial_interface]: Serial port not found
[WARN] [1775075116.913186052] [control_serial_interface]: Control board serial port is not open, attempting to open
[INFO] [1775075116.914905300] [control_serial_interface]: Attempting to open serial port for control board
[INFO] [1775075116.916704341] [control_serial_interface]: No serial port defined for control board, attempting to acquire port
[ERROR] [1775075117.919240194] [control_serial_interface]: Serial manager service not available
[ERROR] [1775075117.919879110] [control_serial_interface]: Serial port not found
[WARN] [1775075119.912008070] [control_serial_interface]: Control board serial port is not open, attempting to open
[INFO] [1775075119.912750114] [control_serial_interface]: Attempting to open serial port for control board
[INFO] [1775075119.913451120] [control_serial_interface]: No serial port defined for control board, attempting to acquire port
[ERROR] [1775075120.917348768] [control_serial_interface]: Serial manager service not available
[ERROR] [1775075120.919521838] [control_serial_interface]: Serial port not found
[WARN] [1775075122.911714885] [control_serial_interface]: Control board serial port is not open, attempting to open
[INFO] [1775075122.912225574] [control_serial_interface]: Attempting to open serial port for control board
[INFO] [1775075122.912687077] [control_serial_interface]: No serial port defined for control board, attempting to acquire port
[ERROR] [1775075123.915578936] [control_serial_interface]: Serial manager service not available
[ERROR] [1775075123.917505377] [control_serial_interface]: Serial port not found
[WARN] [1775075125.911909450] [control_serial_interface]: Control board serial port is not open, attempting to open
[INFO] [1775075125.912457389] [control_serial_interface]: Attempting to open serial port for control board
[INFO] [1775075125.912944838] [control_serial_interface]: No serial port defined for control board, attempting to acquire port
[ERROR] [1775075126.916091848] [control_serial_interface]: Serial manager service not available
[ERROR] [1775075126.918051649] [control_serial_interface]: Serial port not found
[WARN] [1775075128.911875053] [control_serial_interface]: Control board serial port is not open, attempting to open
[INFO] [1775075128.912434435] [control_serial_interface]: Attempting to open serial port for control board
[INFO] [1775075128.912935170] [control_serial_interface]: No serial port defined for control board, attempting to acquire port
[ERROR] [1775075129.916500270] [control_serial_interface]: Serial manager service not available
[ERROR] [1775075129.918804790] [control_serial_interface]: Serial port not found
[WARN] [1775075131.913504462] [control_serial_interface]: Control board serial port is not open, attempting to open
[INFO] [1775075131.915312248] [control_serial_interface]: Attempting to open serial port for control board
[INFO] [1775075131.916915607] [control_serial_interface]: No serial port defined for control board, attempting to acquire port
[ERROR] [1775075132.920624389] [control_serial_interface]: Serial manager service not available
[ERROR] [1775075132.922828580] [control_serial_interface]: Serial port not found
[WARN] [1775075134.912258314] [control_serial_interface]: Control board serial port is not open, attempting to open
[INFO] [1775075134.913026743] [control_serial_interface]: Attempting to open serial port for control board
[INFO] [1775075134.913759494] [control_serial_interface]: No serial port defined for control board, attempting to acquire port
[ERROR] [1775075135.916784996] [control_serial_interface]: Serial manager service not available
[ERROR] [1775075135.918058639] [control_serial_interface]: Serial port not found
[WARN] [1775075137.912742044] [control_serial_interface]: Control board serial port is not open, attempting to open
[INFO] [1775075137.914271600] [control_serial_interface]: Attempting to open serial port for control board
[INFO] [1775075137.915550635] [control_serial_interface]: No serial port defined for control board, attempting to acquire port
[ERROR] [1775075138.919179351] [control_serial_interface]: Serial manager service not available
[ERROR] [1775075138.921013078] [control_serial_interface]: Serial port not found
[WARN] [1775075140.911848531] [control_serial_interface]: Control board serial port is not open, attempting to open
[INFO] [1775075140.912433934] [control_serial_interface]: Attempting to open serial port for control board
[INFO] [1775075140.912895139] [control_serial_interface]: No serial port defined for control board, attempting to acquire port
[ERROR] [1775075141.915323779] [control_serial_interface]: Serial manager service not available
[ERROR] [1775075141.915945865] [control_serial_interface]: Serial port not found
[WARN] [1775075143.913297760] [control_serial_interface]: Control board serial port is not open, attempting to open
[INFO] [1775075143.915037399] [control_serial_interface]: Attempting to open serial port for control board
[INFO] [1775075143.916658308] [control_serial_interface]: No serial port defined for control board, attempting to acquire port
[ERROR] [1775075144.919372313] [control_serial_interface]: Serial manager service not available
[ERROR] [1775075144.920071917] [control_serial_interface]: Serial port not found
[WARN] [1775075146.912108283] [control_serial_interface]: Control board serial port is not open, attempting to open
[INFO] [1775075146.912805961] [control_serial_interface]: Attempting to open serial port for control board
[INFO] [1775075146.913574031] [control_serial_interface]: No serial port defined for control board, attempting to acquire port
[ERROR] [1775075147.915571190] [control_serial_interface]: Serial manager service not available
[ERROR] [1775075147.916302540] [control_serial_interface]: Serial port not found
[WARN] [1775075149.913179976] [control_serial_interface]: Control board serial port is not open, attempting to open
[INFO] [1775075149.915314069] [control_serial_interface]: Attempting to open serial port for control board
[INFO] [1775075149.917238999] [control_serial_interface]: No serial port defined for control board, attempting to acquire port
[ERROR] [1775075150.921048170] [control_serial_interface]: Serial manager service not available
[ERROR] [1775075150.922936519] [control_serial_interface]: Serial port not found
[WARN] [1775075152.912293944] [control_serial_interface]: Control board serial port is not open, attempting to open
[INFO] [1775075152.913059472] [control_serial_interface]: Attempting to open serial port for control board
[INFO] [1775075152.913834564] [control_serial_interface]: No serial port defined for control board, attempting to acquire port
[ERROR] [1775075153.917794327] [control_serial_interface]: Serial manager service not available
[ERROR] [1775075153.919771610] [control_serial_interface]: Serial port not found
[WARN] [1775075155.912107046] [control_serial_interface]: Control board serial port is not open, attempting to open
[INFO] [1775075155.912716228] [control_serial_interface]: Attempting to open serial port for control board
[INFO] [1775075155.913201098] [control_serial_interface]: No serial port defined for control board, attempting to acquire port
[ERROR] [1775075156.915242471] [control_serial_interface]: Serial manager service not available
[ERROR] [1775075156.915758208] [control_serial_interface]: Serial port not found
[WARN] [1775075158.912101314] [control_serial_interface]: Control board serial port is not open, attempting to open
[INFO] [1775075158.912727668] [control_serial_interface]: Attempting to open serial port for control board
[INFO] [1775075158.913198222] [control_serial_interface]: No serial port defined for control board, attempting to acquire port
[ERROR] [1775075159.915217661] [control_serial_interface]: Serial manager service not available
[ERROR] [1775075159.915892446] [control_serial_interface]: Serial port not found
[WARN] [1775075161.913309710] [control_serial_interface]: Control board serial port is not open, attempting to open
[INFO] [1775075161.915147687] [control_serial_interface]: Attempting to open serial port for control board
[INFO] [1775075161.916736030] [control_serial_interface]: No serial port defined for control board, attempting to acquire port
[ERROR] [1775075162.919771430] [control_serial_interface]: Serial manager service not available
[ERROR] [1775075162.920813416] [control_serial_interface]: Serial port not found
[WARN] [1775075164.911911048] [control_serial_interface]: Control board serial port is not open, attempting to open
[INFO] [1775075164.912484464] [control_serial_interface]: Attempting to open serial port for control board
[INFO] [1775075164.913083419] [control_serial_interface]: No serial port defined for control board, attempting to acquire port
[ERROR] [1775075165.915437101] [control_serial_interface]: Serial manager service not available
[ERROR] [1775075165.916147216] [control_serial_interface]: Serial port not found
[WARN] [1775075167.913181595] [control_serial_interface]: Control board serial port is not open, attempting to open
[INFO] [1775075167.914953670] [control_serial_interface]: Attempting to open serial port for control board
[INFO] [1775075167.917039307] [control_serial_interface]: No serial port defined for control board, attempting to acquire port
[ERROR] [1775075168.921254002] [control_serial_interface]: Serial manager service not available
[ERROR] [1775075168.923212354] [control_serial_interface]: Serial port not found
[WARN] [1775075170.913393196] [control_serial_interface]: Control board serial port is not open, attempting to open
[INFO] [1775075170.915209102] [control_serial_interface]: Attempting to open serial port for control board
[INFO] [1775075170.916792790] [control_serial_interface]: No serial port defined for control board, attempting to acquire port
[ERROR] [1775075171.920372687] [control_serial_interface]: Serial manager service not available
[ERROR] [1775075171.922248881] [control_serial_interface]: Serial port not found
[WARN] [1775075173.911906479] [control_serial_interface]: Control board serial port is not open, attempting to open
[INFO] [1775075173.912407268] [control_serial_interface]: Attempting to open serial port for control board
[INFO] [1775075173.912893194] [control_serial_interface]: No serial port defined for control board, attempting to acquire port
[ERROR] [1775075174.916536209] [control_serial_interface]: Serial manager service not available
[ERROR] [1775075174.918355026] [control_serial_interface]: Serial port not found
[WARN] [1775075176.913318618] [control_serial_interface]: Control board serial port is not open, attempting to open
[INFO] [1775075176.915050797] [control_serial_interface]: Attempting to open serial port for control board
[INFO] [1775075176.916737163] [control_serial_interface]: No serial port defined for control board, attempting to acquire port
[ERROR] [1775075177.920600631] [control_serial_interface]: Serial manager service not available
[ERROR] [1775075177.922449459] [control_serial_interface]: Serial port not found
[WARN] [1775075179.911818765] [control_serial_interface]: Control board serial port is not open, attempting to open
[INFO] [1775075179.912446102] [control_serial_interface]: Attempting to open serial port for control board
[INFO] [1775075179.912999001] [control_serial_interface]: No serial port defined for control board, attempting to acquire port
[ERROR] [1775075180.916154905] [control_serial_interface]: Serial manager service not available
[ERROR] [1775075180.918160783] [control_serial_interface]: Serial port not found
[WARN] [1775075182.914379156] [control_serial_interface]: Control board serial port is not open, attempting to open
[INFO] [1775075182.917018548] [control_serial_interface]: Attempting to open serial port for control board
[INFO] [1775075182.919457063] [control_serial_interface]: No serial port defined for control board, attempting to acquire port
[ERROR] [1775075183.922946586] [control_serial_interface]: Serial manager service not available
[ERROR] [1775075183.924912688] [control_serial_interface]: Serial port not found
[WARN] [1775075185.912209765] [control_serial_interface]: Control board serial port is not open, attempting to open
[INFO] [1775075185.912917050] [control_serial_interface]: Attempting to open serial port for control board
[INFO] [1775075185.913540528] [control_serial_interface]: No serial port defined for control board, attempting to acquire port
[ERROR] [1775075186.917155932] [control_serial_interface]: Serial manager service not available
[ERROR] [1775075186.919029880] [control_serial_interface]: Serial port not found
[WARN] [1775075188.911900219] [control_serial_interface]: Control board serial port is not open, attempting to open
[INFO] [1775075188.912472447] [control_serial_interface]: Attempting to open serial port for control board
[INFO] [1775075188.912958561] [control_serial_interface]: No serial port defined for control board, attempting to acquire port
[ERROR] [1775075189.915977676] [control_serial_interface]: Serial manager service not available
[ERROR] [1775075189.918215518] [control_serial_interface]: Serial port not found
[WARN] [1775075191.913268273] [control_serial_interface]: Control board serial port is not open, attempting to open
[INFO] [1775075191.915301018] [control_serial_interface]: Attempting to open serial port for control board
[INFO] [1775075191.917048362] [control_serial_interface]: No serial port defined for control board, attempting to acquire port
[ERROR] [1775075192.920685711] [control_serial_interface]: Serial manager service not available
[ERROR] [1775075192.922761447] [control_serial_interface]: Serial port not found
[WARN] [1775075194.913496989] [control_serial_interface]: Control board serial port is not open, attempting to open
[INFO] [1775075194.915276425] [control_serial_interface]: Attempting to open serial port for control board
[INFO] [1775075194.917216621] [control_serial_interface]: No serial port defined for control board, attempting to acquire port
[ERROR] [1775075195.919592425] [control_serial_interface]: Serial manager service not available
[ERROR] [1775075195.920284680] [control_serial_interface]: Serial port not found
[WARN] [1775075197.913287359] [control_serial_interface]: Control board serial port is not open, attempting to open
[INFO] [1775075197.915137042] [control_serial_interface]: Attempting to open serial port for control board
[INFO] [1775075197.916782702] [control_serial_interface]: No serial port defined for control board, attempting to acquire port
[ERROR] [1775075198.920667146] [control_serial_interface]: Serial manager service not available
[ERROR] [1775075198.922631813] [control_serial_interface]: Serial port not found
[WARN] [1775075200.911713856] [control_serial_interface]: Control board serial port is not open, attempting to open
[INFO] [1775075200.912247899] [control_serial_interface]: Attempting to open serial port for control board
[INFO] [1775075200.912698319] [control_serial_interface]: No serial port defined for control board, attempting to acquire port
[ERROR] [1775075201.915846402] [control_serial_interface]: Serial manager service not available
[ERROR] [1775075201.918012876] [control_serial_interface]: Serial port not found
[WARN] [1775075203.913296500] [control_serial_interface]: Control board serial port is not open, attempting to open
[INFO] [1775075203.915003317] [control_serial_interface]: Attempting to open serial port for control board
[INFO] [1775075203.916828834] [control_serial_interface]: No serial port defined for control board, attempting to acquire port
[ERROR] [1775075204.920623114] [control_serial_interface]: Serial manager service not available
[ERROR] [1775075204.922626343] [control_serial_interface]: Serial port not found
[WARN] [1775075206.913144022] [control_serial_interface]: Control board serial port is not open, attempting to open
[INFO] [1775075206.914815948] [control_serial_interface]: Attempting to open serial port for control board
[INFO] [1775075206.916458123] [control_serial_interface]: No serial port defined for control board, attempting to acquire port
[ERROR] [1775075207.919383923] [control_serial_interface]: Serial manager service not available
[ERROR] [1775075207.920456802] [control_serial_interface]: Serial port not found
[WARN] [1775075209.913459815] [control_serial_interface]: Control board serial port is not open, attempting to open
[INFO] [1775075209.915163923] [control_serial_interface]: Attempting to open serial port for control board
[INFO] [1775075209.916830269] [control_serial_interface]: No serial port defined for control board, attempting to acquire port
[ERROR] [1775075210.920835962] [control_serial_interface]: Serial manager service not available
[ERROR] [1775075210.922705355] [control_serial_interface]: Serial port not found
[WARN] [1775075212.912059402] [control_serial_interface]: Control board serial port is not open, attempting to open
[INFO] [1775075212.912847591] [control_serial_interface]: Attempting to open serial port for control board
[INFO] [1775075212.913622687] [control_serial_interface]: No serial port defined for control board, attempting to acquire port
[ERROR] [1775075213.915758608] [control_serial_interface]: Serial manager service not available
[ERROR] [1775075213.916455718] [control_serial_interface]: Serial port not found
[WARN] [1775075215.911721413] [control_serial_interface]: Control board serial port is not open, attempting to open
[INFO] [1775075215.912268635] [control_serial_interface]: Attempting to open serial port for control board
[INFO] [1775075215.912684396] [control_serial_interface]: No serial port defined for control board, attempting to acquire port
[ERROR] [1775075216.915746295] [control_serial_interface]: Serial manager service not available
[ERROR] [1775075216.917609788] [control_serial_interface]: Serial port not found
[WARN] [1775075218.911875004] [control_serial_interface]: Control board serial port is not open, attempting to open
[INFO] [1775075218.912469679] [control_serial_interface]: Attempting to open serial port for control board
[INFO] [1775075218.912998300] [control_serial_interface]: No serial port defined for control board, attempting to acquire port
[ERROR] [1775075219.914772814] [control_serial_interface]: Serial manager service not available
[ERROR] [1775075219.915489156] [control_serial_interface]: Serial port not found
[WARN] [1775075221.913158465] [control_serial_interface]: Control board serial port is not open, attempting to open
[INFO] [1775075221.914913639] [control_serial_interface]: Attempting to open serial port for control board
[INFO] [1775075221.916693309] [control_serial_interface]: No serial port defined for control board, attempting to acquire port
[ERROR] [1775075222.920127871] [control_serial_interface]: Serial manager service not available
[ERROR] [1775075222.922020235] [control_serial_interface]: Serial port not found
[WARN] [1775075224.913344599] [control_serial_interface]: Control board serial port is not open, attempting to open
[INFO] [1775075224.915030121] [control_serial_interface]: Attempting to open serial port for control board
[INFO] [1775075224.916728268] [control_serial_interface]: No serial port defined for control board, attempting to acquire port
[ERROR] [1775075225.919419330] [control_serial_interface]: Serial manager service not available
[ERROR] [1775075225.920487378] [control_serial_interface]: Serial port not found
[WARN] [1775075227.913300060] [control_serial_interface]: Control board serial port is not open, attempting to open
[INFO] [1775075227.915146953] [control_serial_interface]: Attempting to open serial port for control board
[INFO] [1775075227.916727091] [control_serial_interface]: No serial port defined for control board, attempting to acquire port
[ERROR] [1775075228.920489614] [control_serial_interface]: Serial manager service not available
[ERROR] [1775075228.922615932] [control_serial_interface]: Serial port not found
[WARN] [1775075230.913259876] [control_serial_interface]: Control board serial port is not open, attempting to open
[INFO] [1775075230.914916412] [control_serial_interface]: Attempting to open serial port for control board
[INFO] [1775075230.916800591] [control_serial_interface]: No serial port defined for control board, attempting to acquire port
[ERROR] [1775075231.920622917] [control_serial_interface]: Serial manager service not available
[ERROR] [1775075231.922769056] [control_serial_interface]: Serial port not found
[WARN] [1775075233.911818486] [control_serial_interface]: Control board serial port is not open, attempting to open
[INFO] [1775075233.912359855] [control_serial_interface]: Attempting to open serial port for control board
[INFO] [1775075233.912826093] [control_serial_interface]: No serial port defined for control board, attempting to acquire port
[ERROR] [1775075234.916218163] [control_serial_interface]: Serial manager service not available
[ERROR] [1775075234.918141409] [control_serial_interface]: Serial port not found
[WARN] [1775075236.913382121] [control_serial_interface]: Control board serial port is not open, attempting to open
[INFO] [1775075236.915037022] [control_serial_interface]: Attempting to open serial port for control board
[INFO] [1775075236.916656271] [control_serial_interface]: No serial port defined for control board, attempting to acquire port
[ERROR] [1775075237.920456886] [control_serial_interface]: Serial manager service not available
[ERROR] [1775075237.922397232] [control_serial_interface]: Serial port not found
[WARN] [1775075239.913300476] [control_serial_interface]: Control board serial port is not open, attempting to open
[INFO] [1775075239.915139613] [control_serial_interface]: Attempting to open serial port for control board
[INFO] [1775075239.916787263] [control_serial_interface]: No serial port defined for control board, attempting to acquire port
[ERROR] [1775075240.920483385] [control_serial_interface]: Serial manager service not available
[ERROR] [1775075240.922372074] [control_serial_interface]: Serial port not found
[WARN] [1775075242.914374263] [control_serial_interface]: Control board serial port is not open, attempting to open
[INFO] [1775075242.916910271] [control_serial_interface]: Attempting to open serial port for control board
[INFO] [1775075242.919311579] [control_serial_interface]: No serial port defined for control board, attempting to acquire port
[ERROR] [1775075243.921733653] [control_serial_interface]: Serial manager service not available
[ERROR] [1775075243.922614170] [control_serial_interface]: Serial port not found
[WARN] [1775075245.913195897] [control_serial_interface]: Control board serial port is not open, attempting to open
[INFO] [1775075245.914989038] [control_serial_interface]: Attempting to open serial port for control board
[INFO] [1775075245.916723531] [control_serial_interface]: No serial port defined for control board, attempting to acquire port
[ERROR] [1775075246.918905823] [control_serial_interface]: Serial manager service not available
[ERROR] [1775075246.919621355] [control_serial_interface]: Serial port not found
[WARN] [1775075248.913259197] [control_serial_interface]: Control board serial port is not open, attempting to open
[INFO] [1775075248.915044337] [control_serial_interface]: Attempting to open serial port for control board
[INFO] [1775075248.916910916] [control_serial_interface]: No serial port defined for control board, attempting to acquire port
[ERROR] [1775075249.920513554] [control_serial_interface]: Serial manager service not available
[ERROR] [1775075249.922586985] [control_serial_interface]: Serial port not found
[WARN] [1775075251.912742898] [control_serial_interface]: Control board serial port is not open, attempting to open
[INFO] [1775075251.914253650] [control_serial_interface]: Attempting to open serial port for control board
[INFO] [1775075251.915606919] [control_serial_interface]: No serial port defined for control board, attempting to acquire port
[ERROR] [1775075252.919010261] [control_serial_interface]: Serial manager service not available
[ERROR] [1775075252.921005894] [control_serial_interface]: Serial port not found
[WARN] [1775075254.913258822] [control_serial_interface]: Control board serial port is not open, attempting to open
[INFO] [1775075254.914997096] [control_serial_interface]: Attempting to open serial port for control board
[INFO] [1775075254.916784031] [control_serial_interface]: No serial port defined for control board, attempting to acquire port
[ERROR] [1775075255.918843658] [control_serial_interface]: Serial manager service not available
[ERROR] [1775075255.919482756] [control_serial_interface]: Serial port not found
[WARN] [1775075257.913262535] [control_serial_interface]: Control board serial port is not open, attempting to open
[INFO] [1775075257.915017134] [control_serial_interface]: Attempting to open serial port for control board
[INFO] [1775075257.916617833] [control_serial_interface]: No serial port defined for control board, attempting to acquire port
[ERROR] [1775075258.918827100] [control_serial_interface]: Serial manager service not available
[ERROR] [1775075258.919457749] [control_serial_interface]: Serial port not found
[WARN] [1775075260.913260367] [control_serial_interface]: Control board serial port is not open, attempting to open
[INFO] [1775075260.914945519] [control_serial_interface]: Attempting to open serial port for control board
[INFO] [1775075260.916795897] [control_serial_interface]: No serial port defined for control board, attempting to acquire port
[ERROR] [1775075261.920493773] [control_serial_interface]: Serial manager service not available
[ERROR] [1775075261.922420224] [control_serial_interface]: Serial port not found
[WARN] [1775075263.913445002] [control_serial_interface]: Control board serial port is not open, attempting to open
[INFO] [1775075263.915409714] [control_serial_interface]: Attempting to open serial port for control board
[INFO] [1775075263.917445168] [control_serial_interface]: No serial port defined for control board, attempting to acquire port
[ERROR] [1775075264.919968797] [control_serial_interface]: Serial manager service not available
[ERROR] [1775075264.920601279] [control_serial_interface]: Serial port not found
[WARN] [1775075266.911749609] [control_serial_interface]: Control board serial port is not open, attempting to open
[INFO] [1775075266.912322650] [control_serial_interface]: Attempting to open serial port for control board
[INFO] [1775075266.912870018] [control_serial_interface]: No serial port defined for control board, attempting to acquire port
[ERROR] [1775075267.916686214] [control_serial_interface]: Serial manager service not available
[ERROR] [1775075267.918533042] [control_serial_interface]: Serial port not found
[WARN] [1775075269.913447227] [control_serial_interface]: Control board serial port is not open, attempting to open
[INFO] [1775075269.915100927] [control_serial_interface]: Attempting to open serial port for control board
[INFO] [1775075269.916692471] [control_serial_interface]: No serial port defined for control board, attempting to acquire port
[ERROR] [1775075270.919481136] [control_serial_interface]: Serial manager service not available
[ERROR] [1775075270.920185788] [control_serial_interface]: Serial port not found
[WARN] [1775075272.911718230] [control_serial_interface]: Control board serial port is not open, attempting to open
[INFO] [1775075272.912229549] [control_serial_interface]: Attempting to open serial port for control board
[INFO] [1775075272.912821334] [control_serial_interface]: No serial port defined for control board, attempting to acquire port
[ERROR] [1775075273.916378063] [control_serial_interface]: Serial manager service not available
[ERROR] [1775075273.918498380] [control_serial_interface]: Serial port not found
[WARN] [1775075275.913287786] [control_serial_interface]: Control board serial port is not open, attempting to open
[INFO] [1775075275.914986729] [control_serial_interface]: Attempting to open serial port for control board
[INFO] [1775075275.916602348] [control_serial_interface]: No serial port defined for control board, attempting to acquire port
[ERROR] [1775075276.921387424] [control_serial_interface]: Serial manager service not available
[ERROR] [1775075276.924429150] [control_serial_interface]: Serial port not found
[WARN] [1775075278.913195810] [control_serial_interface]: Control board serial port is not open, attempting to open
[INFO] [1775075278.914881812] [control_serial_interface]: Attempting to open serial port for control board
[INFO] [1775075278.916754201] [control_serial_interface]: No serial port defined for control board, attempting to acquire port
[ERROR] [1775075279.920524670] [control_serial_interface]: Serial manager service not available
[ERROR] [1775075279.922399464] [control_serial_interface]: Serial port not found
[WARN] [1775075281.913973197] [control_serial_interface]: Control board serial port is not open, attempting to open
[INFO] [1775075281.915705500] [control_serial_interface]: Attempting to open serial port for control board
[INFO] [1775075281.917451914] [control_serial_interface]: No serial port defined for control board, attempting to acquire port
[ERROR] [1775075282.921255599] [control_serial_interface]: Serial manager service not available
[ERROR] [1775075282.923196676] [control_serial_interface]: Serial port not found
[WARN] [1775075284.913182040] [control_serial_interface]: Control board serial port is not open, attempting to open
[INFO] [1775075284.915049359] [control_serial_interface]: Attempting to open serial port for control board
[INFO] [1775075284.916627042] [control_serial_interface]: No serial port defined for control board, attempting to acquire port
[ERROR] [1775075285.919590863] [control_serial_interface]: Serial manager service not available
[ERROR] [1775075285.920932632] [control_serial_interface]: Serial port not found
[WARN] [1775075287.913235995] [control_serial_interface]: Control board serial port is not open, attempting to open
[INFO] [1775075287.915414465] [control_serial_interface]: Attempting to open serial port for control board
[INFO] [1775075287.917036404] [control_serial_interface]: No serial port defined for control board, attempting to acquire port
[ERROR] [1775075288.921064443] [control_serial_interface]: Serial manager service not available
[ERROR] [1775075288.922839753] [control_serial_interface]: Serial port not found
[WARN] [1775075290.913290939] [control_serial_interface]: Control board serial port is not open, attempting to open
[INFO] [1775075290.915077690] [control_serial_interface]: Attempting to open serial port for control board
[INFO] [1775075290.917202873] [control_serial_interface]: No serial port defined for control board, attempting to acquire port
[ERROR] [1775075291.920580357] [control_serial_interface]: Serial manager service not available
[ERROR] [1775075291.922461051] [control_serial_interface]: Serial port not found
[WARN] [1775075293.911955995] [control_serial_interface]: Control board serial port is not open, attempting to open
[INFO] [1775075293.912652488] [control_serial_interface]: Attempting to open serial port for control board
[INFO] [1775075293.913367706] [control_serial_interface]: No serial port defined for control board, attempting to acquire port
[ERROR] [1775075294.917542234] [control_serial_interface]: Serial manager service not available
[ERROR] [1775075294.919713918] [control_serial_interface]: Serial port not found
[WARN] [1775075296.912201342] [control_serial_interface]: Control board serial port is not open, attempting to open
[INFO] [1775075296.913733708] [control_serial_interface]: Attempting to open serial port for control board
[INFO] [1775075296.914905774] [control_serial_interface]: No serial port defined for control board, attempting to acquire port
[ERROR] [1775075297.918196965] [control_serial_interface]: Serial manager service not available
[ERROR] [1775075297.920394061] [control_serial_interface]: Serial port not found
[WARN] [1775075299.913245710] [control_serial_interface]: Control board serial port is not open, attempting to open
[INFO] [1775075299.915076167] [control_serial_interface]: Attempting to open serial port for control board
[INFO] [1775075299.916666191] [control_serial_interface]: No serial port defined for control board, attempting to acquire port
[ERROR] [1775075300.920529813] [control_serial_interface]: Serial manager service not available
[ERROR] [1775075300.922414767] [control_serial_interface]: Serial port not found
[WARN] [1775075302.913203596] [control_serial_interface]: Control board serial port is not open, attempting to open
[INFO] [1775075302.915348465] [control_serial_interface]: Attempting to open serial port for control board
[INFO] [1775075302.917234169] [control_serial_interface]: No serial port defined for control board, attempting to acquire port
[ERROR] [1775075303.919472760] [control_serial_interface]: Serial manager service not available
[ERROR] [1775075303.920122527] [control_serial_interface]: Serial port not found
[WARN] [1775075305.913220655] [control_serial_interface]: Control board serial port is not open, attempting to open
[INFO] [1775075305.914902236] [control_serial_interface]: Attempting to open serial port for control board
[INFO] [1775075305.916520036] [control_serial_interface]: No serial port defined for control board, attempting to acquire port
[ERROR] [1775075306.920315676] [control_serial_interface]: Serial manager service not available
[ERROR] [1775075306.922372781] [control_serial_interface]: Serial port not found
[WARN] [1775075308.913169906] [control_serial_interface]: Control board serial port is not open, attempting to open
[INFO] [1775075308.914831826] [control_serial_interface]: Attempting to open serial port for control board
[INFO] [1775075308.916884242] [control_serial_interface]: No serial port defined for control board, attempting to acquire port
[ERROR] [1775075309.921117443] [control_serial_interface]: Serial manager service not available
[ERROR] [1775075309.923028373] [control_serial_interface]: Serial port not found
[WARN] [1775075311.913726683] [control_serial_interface]: Control board serial port is not open, attempting to open
[INFO] [1775075311.915392634] [control_serial_interface]: Attempting to open serial port for control board
[INFO] [1775075311.917238982] [control_serial_interface]: No serial port defined for control board, attempting to acquire port
[ERROR] [1775075312.921576422] [control_serial_interface]: Serial manager service not available
[ERROR] [1775075312.923403504] [control_serial_interface]: Serial port not found
[WARN] [1775075314.913509353] [control_serial_interface]: Control board serial port is not open, attempting to open
[INFO] [1775075314.915305629] [control_serial_interface]: Attempting to open serial port for control board
[INFO] [1775075314.917069814] [control_serial_interface]: No serial port defined for control board, attempting to acquire port
[ERROR] [1775075315.919476524] [control_serial_interface]: Serial manager service not available
[ERROR] [1775075315.920106591] [control_serial_interface]: Serial port not found
[WARN] [1775075317.911755865] [control_serial_interface]: Control board serial port is not open, attempting to open
[INFO] [1775075317.912341899] [control_serial_interface]: Attempting to open serial port for control board
[INFO] [1775075317.912903158] [control_serial_interface]: No serial port defined for control board, attempting to acquire port
[ERROR] [1775075318.916342375] [control_serial_interface]: Serial manager service not available
[ERROR] [1775075318.918171097] [control_serial_interface]: Serial port not found
[WARN] [1775075320.913240063] [control_serial_interface]: Control board serial port is not open, attempting to open
[INFO] [1775075320.915048724] [control_serial_interface]: Attempting to open serial port for control board
[INFO] [1775075320.916644658] [control_serial_interface]: No serial port defined for control board, attempting to acquire port
[ERROR] [1775075321.919260880] [control_serial_interface]: Serial manager service not available
[ERROR] [1775075321.919898276] [control_serial_interface]: Serial port not found
[WARN] [1775075323.911794059] [control_serial_interface]: Control board serial port is not open, attempting to open
[INFO] [1775075323.912387883] [control_serial_interface]: Attempting to open serial port for control board
[INFO] [1775075323.912924479] [control_serial_interface]: No serial port defined for control board, attempting to acquire port
[ERROR] [1775075324.917022290] [control_serial_interface]: Serial manager service not available
[ERROR] [1775075324.918826486] [control_serial_interface]: Serial port not found
[WARN] [1775075326.913412810] [control_serial_interface]: Control board serial port is not open, attempting to open
[INFO] [1775075326.915269883] [control_serial_interface]: Attempting to open serial port for control board
[INFO] [1775075326.917160302] [control_serial_interface]: No serial port defined for control board, attempting to acquire port
[ERROR] [1775075327.919501557] [control_serial_interface]: Serial manager service not available
[ERROR] [1775075327.920186239] [control_serial_interface]: Serial port not found
[WARN] [1775075329.911834621] [control_serial_interface]: Control board serial port is not open, attempting to open
[INFO] [1775075329.912452233] [control_serial_interface]: Attempting to open serial port for control board
[INFO] [1775075329.912951849] [control_serial_interface]: No serial port defined for control board, attempting to acquire port
[ERROR] [1775075330.916640131] [control_serial_interface]: Serial manager service not available
[ERROR] [1775075330.918771095] [control_serial_interface]: Serial port not found
[WARN] [1775075332.913361728] [control_serial_interface]: Control board serial port is not open, attempting to open
[INFO] [1775075332.915428074] [control_serial_interface]: Attempting to open serial port for control board
[INFO] [1775075332.917088259] [control_serial_interface]: No serial port defined for control board, attempting to acquire port
[ERROR] [1775075333.919790569] [control_serial_interface]: Serial manager service not available
[ERROR] [1775075333.920495319] [control_serial_interface]: Serial port not found
[WARN] [1775075335.913314819] [control_serial_interface]: Control board serial port is not open, attempting to open
[INFO] [1775075335.915126025] [control_serial_interface]: Attempting to open serial port for control board
[INFO] [1775075335.917110953] [control_serial_interface]: No serial port defined for control board, attempting to acquire port
[ERROR] [1775075336.920761322] [control_serial_interface]: Serial manager service not available
[ERROR] [1775075336.922818508] [control_serial_interface]: Serial port not found
[WARN] [1775075338.913256619] [control_serial_interface]: Control board serial port is not open, attempting to open
[INFO] [1775075338.914945476] [control_serial_interface]: Attempting to open serial port for control board
[INFO] [1775075338.916752072] [control_serial_interface]: No serial port defined for control board, attempting to acquire port
[ERROR] [1775075339.920628595] [control_serial_interface]: Serial manager service not available
[ERROR] [1775075339.922623073] [control_serial_interface]: Serial port not found
[WARN] [1775075341.913164618] [control_serial_interface]: Control board serial port is not open, attempting to open
[INFO] [1775075341.914847345] [control_serial_interface]: Attempting to open serial port for control board
[INFO] [1775075341.916749820] [control_serial_interface]: No serial port defined for control board, attempting to acquire port
[ERROR] [1775075342.920582801] [control_serial_interface]: Serial manager service not available
[ERROR] [1775075342.922531378] [control_serial_interface]: Serial port not found
[WARN] [1775075344.913360003] [control_serial_interface]: Control board serial port is not open, attempting to open
[INFO] [1775075344.915145298] [control_serial_interface]: Attempting to open serial port for control board
[INFO] [1775075344.916709640] [control_serial_interface]: No serial port defined for control board, attempting to acquire port
[ERROR] [1775075345.920415426] [control_serial_interface]: Serial manager service not available
[ERROR] [1775075345.922428445] [control_serial_interface]: Serial port not found
[WARN] [1775075347.913409866] [control_serial_interface]: Control board serial port is not open, attempting to open
[INFO] [1775075347.915415134] [control_serial_interface]: Attempting to open serial port for control board
[INFO] [1775075347.917432368] [control_serial_interface]: No serial port defined for control board, attempting to acquire port
[ERROR] [1775075348.921139020] [control_serial_interface]: Serial manager service not available
[ERROR] [1775075348.922987883] [control_serial_interface]: Serial port not found
[WARN] [1775075350.913359467] [control_serial_interface]: Control board serial port is not open, attempting to open
[INFO] [1775075350.915064839] [control_serial_interface]: Attempting to open serial port for control board
[INFO] [1775075350.916681918] [control_serial_interface]: No serial port defined for control board, attempting to acquire port
[ERROR] [1775075351.920530680] [control_serial_interface]: Serial manager service not available
[ERROR] [1775075351.922422950] [control_serial_interface]: Serial port not found
[WARN] [1775075353.913265846] [control_serial_interface]: Control board serial port is not open, attempting to open
[INFO] [1775075353.914955078] [control_serial_interface]: Attempting to open serial port for control board
[INFO] [1775075353.916564317] [control_serial_interface]: No serial port defined for control board, attempting to acquire port
[ERROR] [1775075354.920115173] [control_serial_interface]: Serial manager service not available
[ERROR] [1775075354.921910894] [control_serial_interface]: Serial port not found
[WARN] [1775075356.913224062] [control_serial_interface]: Control board serial port is not open, attempting to open
[INFO] [1775075356.915008852] [control_serial_interface]: Attempting to open serial port for control board
[INFO] [1775075356.916922317] [control_serial_interface]: No serial port defined for control board, attempting to acquire port
[ERROR] [1775075357.920440377] [control_serial_interface]: Serial manager service not available
[ERROR] [1775075357.922364318] [control_serial_interface]: Serial port not found
[WARN] [1775075359.913207334] [control_serial_interface]: Control board serial port is not open, attempting to open
[INFO] [1775075359.914938642] [control_serial_interface]: Attempting to open serial port for control board
[INFO] [1775075359.916880288] [control_serial_interface]: No serial port defined for control board, attempting to acquire port
[ERROR] [1775075360.920399083] [control_serial_interface]: Serial manager service not available
[ERROR] [1775075360.922306728] [control_serial_interface]: Serial port not found
[WARN] [1775075362.913229037] [control_serial_interface]: Control board serial port is not open, attempting to open
[INFO] [1775075362.915307533] [control_serial_interface]: Attempting to open serial port for control board
[INFO] [1775075362.917172117] [control_serial_interface]: No serial port defined for control board, attempting to acquire port
[ERROR] [1775075363.920248462] [control_serial_interface]: Serial manager service not available
[ERROR] [1775075363.921764537] [control_serial_interface]: Serial port not found
[WARN] [1775075365.913644920] [control_serial_interface]: Control board serial port is not open, attempting to open
[INFO] [1775075365.915315111] [control_serial_interface]: Attempting to open serial port for control board
[INFO] [1775075365.917423588] [control_serial_interface]: No serial port defined for control board, attempting to acquire port
[ERROR] [1775075366.919583337] [control_serial_interface]: Serial manager service not available
[ERROR] [1775075366.920202480] [control_serial_interface]: Serial port not found
[WARN] [1775075368.911820442] [control_serial_interface]: Control board serial port is not open, attempting to open
[INFO] [1775075368.912380271] [control_serial_interface]: Attempting to open serial port for control board
[INFO] [1775075368.912834859] [control_serial_interface]: No serial port defined for control board, attempting to acquire port
[ERROR] [1775075369.915803286] [control_serial_interface]: Serial manager service not available
[ERROR] [1775075369.917205456] [control_serial_interface]: Serial port not found
[WARN] [1775075371.913332609] [control_serial_interface]: Control board serial port is not open, attempting to open
[INFO] [1775075371.915085479] [control_serial_interface]: Attempting to open serial port for control board
[INFO] [1775075371.917005524] [control_serial_interface]: No serial port defined for control board, attempting to acquire port
[ERROR] [1775075372.919195636] [control_serial_interface]: Serial manager service not available
[ERROR] [1775075372.919825801] [control_serial_interface]: Serial port not found
[WARN] [1775075374.911735255] [control_serial_interface]: Control board serial port is not open, attempting to open
[INFO] [1775075374.912293687] [control_serial_interface]: Attempting to open serial port for control board
[INFO] [1775075374.912761671] [control_serial_interface]: No serial port defined for control board, attempting to acquire port
[ERROR] [1775075375.914615030] [control_serial_interface]: Serial manager service not available
[ERROR] [1775075375.915500195] [control_serial_interface]: Serial port not found
[WARN] [1775075377.913239231] [control_serial_interface]: Control board serial port is not open, attempting to open
[INFO] [1775075377.915013386] [control_serial_interface]: Attempting to open serial port for control board
[INFO] [1775075377.916916951] [control_serial_interface]: No serial port defined for control board, attempting to acquire port
[ERROR] [1775075378.919449289] [control_serial_interface]: Serial manager service not available
[ERROR] [1775075378.920120174] [control_serial_interface]: Serial port not found
[WARN] [1775075380.911970081] [control_serial_interface]: Control board serial port is not open, attempting to open
[INFO] [1775075380.912488562] [control_serial_interface]: Attempting to open serial port for control board
[INFO] [1775075380.912988663] [control_serial_interface]: No serial port defined for control board, attempting to acquire port
[ERROR] [1775075381.916592447] [control_serial_interface]: Serial manager service not available
[ERROR] [1775075381.918766102] [control_serial_interface]: Serial port not found
[WARN] [1775075383.913171619] [control_serial_interface]: Control board serial port is not open, attempting to open
[INFO] [1775075383.914881126] [control_serial_interface]: Attempting to open serial port for control board
[INFO] [1775075383.916742970] [control_serial_interface]: No serial port defined for control board, attempting to acquire port
[ERROR] [1775075384.919448443] [control_serial_interface]: Serial manager service not available
[ERROR] [1775075384.920075104] [control_serial_interface]: Serial port not found
[WARN] [1775075386.911967784] [control_serial_interface]: Control board serial port is not open, attempting to open
[INFO] [1775075386.912520908] [control_serial_interface]: Attempting to open serial port for control board
[INFO] [1775075386.913003306] [control_serial_interface]: No serial port defined for control board, attempting to acquire port
[ERROR] [1775075387.915179584] [control_serial_interface]: Serial manager service not available
[ERROR] [1775075387.915914091] [control_serial_interface]: Serial port not found
[WARN] [1775075389.913280278] [control_serial_interface]: Control board serial port is not open, attempting to open
[INFO] [1775075389.915793945] [control_serial_interface]: Attempting to open serial port for control board
[INFO] [1775075389.917471426] [control_serial_interface]: No serial port defined for control board, attempting to acquire port
[ERROR] [1775075390.921404216] [control_serial_interface]: Serial manager service not available
[ERROR] [1775075390.923702831] [control_serial_interface]: Serial port not found
[WARN] [1775075392.913216758] [control_serial_interface]: Control board serial port is not open, attempting to open
[INFO] [1775075392.915385828] [control_serial_interface]: Attempting to open serial port for control board
[INFO] [1775075392.917231565] [control_serial_interface]: No serial port defined for control board, attempting to acquire port
[ERROR] [1775075393.920964873] [control_serial_interface]: Serial manager service not available
[ERROR] [1775075393.922894769] [control_serial_interface]: Serial port not found
[WARN] [1775075395.911798014] [control_serial_interface]: Control board serial port is not open, attempting to open
[INFO] [1775075395.912419158] [control_serial_interface]: Attempting to open serial port for control board
[INFO] [1775075395.913004468] [control_serial_interface]: No serial port defined for control board, attempting to acquire port
[ERROR] [1775075396.916564949] [control_serial_interface]: Serial manager service not available
[ERROR] [1775075396.918508120] [control_serial_interface]: Serial port not found
[WARN] [1775075398.913119565] [control_serial_interface]: Control board serial port is not open, attempting to open
[INFO] [1775075398.914792801] [control_serial_interface]: Attempting to open serial port for control board
[INFO] [1775075398.916388235] [control_serial_interface]: No serial port defined for control board, attempting to acquire port
[ERROR] [1775075399.920316639] [control_serial_interface]: Serial manager service not available
[ERROR] [1775075399.922154756] [control_serial_interface]: Serial port not found
[WARN] [1775075401.912367996] [control_serial_interface]: Control board serial port is not open, attempting to open
[INFO] [1775075401.913198094] [control_serial_interface]: Attempting to open serial port for control board
[INFO] [1775075401.913996501] [control_serial_interface]: No serial port defined for control board, attempting to acquire port
[ERROR] [1775075402.917752382] [control_serial_interface]: Serial manager service not available
[ERROR] [1775075402.919709714] [control_serial_interface]: Serial port not found
[WARN] [1775075404.913167795] [control_serial_interface]: Control board serial port is not open, attempting to open
[INFO] [1775075404.914950081] [control_serial_interface]: Attempting to open serial port for control board
[INFO] [1775075404.916920303] [control_serial_interface]: No serial port defined for control board, attempting to acquire port
[ERROR] [1775075405.920396856] [control_serial_interface]: Serial manager service not available
[ERROR] [1775075405.922448381] [control_serial_interface]: Serial port not found
[WARN] [1775075407.913278747] [control_serial_interface]: Control board serial port is not open, attempting to open
[INFO] [1775075407.914932583] [control_serial_interface]: Attempting to open serial port for control board
[INFO] [1775075407.916521251] [control_serial_interface]: No serial port defined for control board, attempting to acquire port
[ERROR] [1775075408.920450736] [control_serial_interface]: Serial manager service not available
[ERROR] [1775075408.922486161] [control_serial_interface]: Serial port not found
[WARN] [1775075410.913282820] [control_serial_interface]: Control board serial port is not open, attempting to open
[INFO] [1775075410.915001513] [control_serial_interface]: Attempting to open serial port for control board
[INFO] [1775075410.916897572] [control_serial_interface]: No serial port defined for control board, attempting to acquire port
[ERROR] [1775075411.919296988] [control_serial_interface]: Serial manager service not available
[ERROR] [1775075411.919958784] [control_serial_interface]: Serial port not found
[WARN] [1775075413.911755122] [control_serial_interface]: Control board serial port is not open, attempting to open
[INFO] [1775075413.912348852] [control_serial_interface]: Attempting to open serial port for control board
[INFO] [1775075413.912835265] [control_serial_interface]: No serial port defined for control board, attempting to acquire port
[ERROR] [1775075414.915107000] [control_serial_interface]: Serial manager service not available
[ERROR] [1775075414.915728591] [control_serial_interface]: Serial port not found
[WARN] [1775075416.913121579] [control_serial_interface]: Control board serial port is not open, attempting to open
[INFO] [1775075416.914889929] [control_serial_interface]: Attempting to open serial port for control board
[INFO] [1775075416.916799169] [control_serial_interface]: No serial port defined for control board, attempting to acquire port
[ERROR] [1775075417.920349775] [control_serial_interface]: Serial manager service not available
[ERROR] [1775075417.922227244] [control_serial_interface]: Serial port not found
[WARN] [1775075419.913472215] [control_serial_interface]: Control board serial port is not open, attempting to open
[INFO] [1775075419.915190548] [control_serial_interface]: Attempting to open serial port for control board
[INFO] [1775075419.916822598] [control_serial_interface]: No serial port defined for control board, attempting to acquire port
[ERROR] [1775075420.920462682] [control_serial_interface]: Serial manager service not available
[ERROR] [1775075420.922337861] [control_serial_interface]: Serial port not found
[WARN] [1775075422.914132857] [control_serial_interface]: Control board serial port is not open, attempting to open
[INFO] [1775075422.916628558] [control_serial_interface]: Attempting to open serial port for control board
[INFO] [1775075422.919063322] [control_serial_interface]: No serial port defined for control board, attempting to acquire port
[ERROR] [1775075423.922888768] [control_serial_interface]: Serial manager service not available
[ERROR] [1775075423.924784593] [control_serial_interface]: Serial port not found
[WARN] [1775075425.913273988] [control_serial_interface]: Control board serial port is not open, attempting to open
[INFO] [1775075425.915134741] [control_serial_interface]: Attempting to open serial port for control board
[INFO] [1775075425.917232783] [control_serial_interface]: No serial port defined for control board, attempting to acquire port
[ERROR] [1775075426.920566896] [control_serial_interface]: Serial manager service not available
[ERROR] [1775075426.922433419] [control_serial_interface]: Serial port not found
[WARN] [1775075428.913301777] [control_serial_interface]: Control board serial port is not open, attempting to open
[INFO] [1775075428.915021075] [control_serial_interface]: Attempting to open serial port for control board
[INFO] [1775075428.916770404] [control_serial_interface]: No serial port defined for control board, attempting to acquire port
[ERROR] [1775075429.920435774] [control_serial_interface]: Serial manager service not available
[ERROR] [1775075429.922324173] [control_serial_interface]: Serial port not found
[WARN] [1775075431.911883496] [control_serial_interface]: Control board serial port is not open, attempting to open
[INFO] [1775075431.912358085] [control_serial_interface]: Attempting to open serial port for control board
[INFO] [1775075431.912793300] [control_serial_interface]: No serial port defined for control board, attempting to acquire port
[ERROR] [1775075432.916179066] [control_serial_interface]: Serial manager service not available
[ERROR] [1775075432.918321619] [control_serial_interface]: Serial port not found
[WARN] [1775075434.911786602] [control_serial_interface]: Control board serial port is not open, attempting to open
[INFO] [1775075434.912370488] [control_serial_interface]: Attempting to open serial port for control board
[INFO] [1775075434.912848352] [control_serial_interface]: No serial port defined for control board, attempting to acquire port
[ERROR] [1775075435.914956227] [control_serial_interface]: Serial manager service not available
[ERROR] [1775075435.915611664] [control_serial_interface]: Serial port not found
[WARN] [1775075437.913419304] [control_serial_interface]: Control board serial port is not open, attempting to open
[INFO] [1775075437.915132592] [control_serial_interface]: Attempting to open serial port for control board
[INFO] [1775075437.916714260] [control_serial_interface]: No serial port defined for control board, attempting to acquire port
[ERROR] [1775075438.919244380] [control_serial_interface]: Serial manager service not available
[ERROR] [1775075438.921158819] [control_serial_interface]: Serial port not found
[WARN] [1775075440.913267911] [control_serial_interface]: Control board serial port is not open, attempting to open
[INFO] [1775075440.914969233] [control_serial_interface]: Attempting to open serial port for control board
[INFO] [1775075440.916641235] [control_serial_interface]: No serial port defined for control board, attempting to acquire port
[ERROR] [1775075441.919078250] [control_serial_interface]: Serial manager service not available
[ERROR] [1775075441.919700960] [control_serial_interface]: Serial port not found
[WARN] [1775075443.911736851] [control_serial_interface]: Control board serial port is not open, attempting to open
[INFO] [1775075443.914362011] [control_serial_interface]: Attempting to open serial port for control board
[INFO] [1775075443.914908274] [control_serial_interface]: No serial port defined for control board, attempting to acquire port
[ERROR] [1775075444.917323750] [control_serial_interface]: Serial manager service not available
[ERROR] [1775075444.917942633] [control_serial_interface]: Serial port not found
[WARN] [1775075446.913512925] [control_serial_interface]: Control board serial port is not open, attempting to open
[INFO] [1775075446.915160921] [control_serial_interface]: Attempting to open serial port for control board
[INFO] [1775075446.916705242] [control_serial_interface]: No serial port defined for control board, attempting to acquire port
[ERROR] [1775075447.919839613] [control_serial_interface]: Serial manager service not available
[ERROR] [1775075447.920911666] [control_serial_interface]: Serial port not found
[WARN] [1775075449.913225903] [control_serial_interface]: Control board serial port is not open, attempting to open
[INFO] [1775075449.914836802] [control_serial_interface]: Attempting to open serial port for control board
[INFO] [1775075449.916491377] [control_serial_interface]: No serial port defined for control board, attempting to acquire port
[ERROR] [1775075450.920185463] [control_serial_interface]: Serial manager service not available
[ERROR] [1775075450.922062487] [control_serial_interface]: Serial port not found
[WARN] [1775075452.913712823] [control_serial_interface]: Control board serial port is not open, attempting to open
[INFO] [1775075452.916253816] [control_serial_interface]: Attempting to open serial port for control board
[INFO] [1775075452.918671445] [control_serial_interface]: No serial port defined for control board, attempting to acquire port
[ERROR] [1775075453.922564438] [control_serial_interface]: Serial manager service not available
[ERROR] [1775075453.924430847] [control_serial_interface]: Serial port not found
[WARN] [1775075455.913180686] [control_serial_interface]: Control board serial port is not open, attempting to open
[INFO] [1775075455.914918850] [control_serial_interface]: Attempting to open serial port for control board
[INFO] [1775075455.916563950] [control_serial_interface]: No serial port defined for control board, attempting to acquire port
[ERROR] [1775075456.920007687] [control_serial_interface]: Serial manager service not available
[ERROR] [1775075456.921879316] [control_serial_interface]: Serial port not found
[WARN] [1775075458.913203495] [control_serial_interface]: Control board serial port is not open, attempting to open
[INFO] [1775075458.915298182] [control_serial_interface]: Attempting to open serial port for control board
[INFO] [1775075458.917114058] [control_serial_interface]: No serial port defined for control board, attempting to acquire port
[ERROR] [1775075459.921391471] [control_serial_interface]: Serial manager service not available
[ERROR] [1775075459.923257274] [control_serial_interface]: Serial port not found
[WARN] [1775075461.912001211] [control_serial_interface]: Control board serial port is not open, attempting to open
[INFO] [1775075461.912604298] [control_serial_interface]: Attempting to open serial port for control board
[INFO] [1775075461.913136735] [control_serial_interface]: No serial port defined for control board, attempting to acquire port
[ERROR] [1775075462.916439092] [control_serial_interface]: Serial manager service not available
[ERROR] [1775075462.918470806] [control_serial_interface]: Serial port not found
[WARN] [1775075464.913212510] [control_serial_interface]: Control board serial port is not open, attempting to open
[INFO] [1775075464.915049018] [control_serial_interface]: Attempting to open serial port for control board
[INFO] [1775075464.916711689] [control_serial_interface]: No serial port defined for control board, attempting to acquire port
[ERROR] [1775075465.919347966] [control_serial_interface]: Serial manager service not available
[ERROR] [1775075465.919998877] [control_serial_interface]: Serial port not found
[WARN] [1775075467.913203352] [control_serial_interface]: Control board serial port is not open, attempting to open
[INFO] [1775075467.914829372] [control_serial_interface]: Attempting to open serial port for control board
[INFO] [1775075467.916518779] [control_serial_interface]: No serial port defined for control board, attempting to acquire port
[ERROR] [1775075468.919444189] [control_serial_interface]: Serial manager service not available
[ERROR] [1775075468.920230610] [control_serial_interface]: Serial port not found
[WARN] [1775075470.913349270] [control_serial_interface]: Control board serial port is not open, attempting to open
[INFO] [1775075470.915123765] [control_serial_interface]: Attempting to open serial port for control board
[INFO] [1775075470.917058431] [control_serial_interface]: No serial port defined for control board, attempting to acquire port
[ERROR] [1775075471.920914387] [control_serial_interface]: Serial manager service not available
[ERROR] [1775075471.922725428] [control_serial_interface]: Serial port not found
[WARN] [1775075473.913231208] [control_serial_interface]: Control board serial port is not open, attempting to open
[INFO] [1775075473.914991878] [control_serial_interface]: Attempting to open serial port for control board
[INFO] [1775075473.916589396] [control_serial_interface]: No serial port defined for control board, attempting to acquire port
[ERROR] [1775075474.920055138] [control_serial_interface]: Serial manager service not available
[ERROR] [1775075474.922092043] [control_serial_interface]: Serial port not found
[WARN] [1775075476.913167903] [control_serial_interface]: Control board serial port is not open, attempting to open
[INFO] [1775075476.914885616] [control_serial_interface]: Attempting to open serial port for control board
[INFO] [1775075476.916461959] [control_serial_interface]: No serial port defined for control board, attempting to acquire port
[ERROR] [1775075477.920030084] [control_serial_interface]: Serial manager service not available
[ERROR] [1775075477.921824885] [control_serial_interface]: Serial port not found
[WARN] [1775075479.913214347] [control_serial_interface]: Control board serial port is not open, attempting to open
[INFO] [1775075479.915164419] [control_serial_interface]: Attempting to open serial port for control board
[INFO] [1775075479.917004886] [control_serial_interface]: No serial port defined for control board, attempting to acquire port
[ERROR] [1775075480.920704996] [control_serial_interface]: Serial manager service not available
[ERROR] [1775075480.922505748] [control_serial_interface]: Serial port not found
[WARN] [1775075482.913209734] [control_serial_interface]: Control board serial port is not open, attempting to open
[INFO] [1775075482.914936462] [control_serial_interface]: Attempting to open serial port for control board
[INFO] [1775075482.917249572] [control_serial_interface]: No serial port defined for control board, attempting to acquire port
[ERROR] [1775075483.920610498] [control_serial_interface]: Serial manager service not available
[ERROR] [1775075483.922420374] [control_serial_interface]: Serial port not found
[WARN] [1775075485.913194414] [control_serial_interface]: Control board serial port is not open, attempting to open
[INFO] [1775075485.914906297] [control_serial_interface]: Attempting to open serial port for control board
[INFO] [1775075485.916458139] [control_serial_interface]: No serial port defined for control board, attempting to acquire port
[ERROR] [1775075486.920469940] [control_serial_interface]: Serial manager service not available
[ERROR] [1775075486.923238657] [control_serial_interface]: Serial port not found
[WARN] [1775075488.913308010] [control_serial_interface]: Control board serial port is not open, attempting to open
[INFO] [1775075488.915142323] [control_serial_interface]: Attempting to open serial port for control board
[INFO] [1775075488.916909593] [control_serial_interface]: No serial port defined for control board, attempting to acquire port
[ERROR] [1775075489.920382900] [control_serial_interface]: Serial manager service not available
[ERROR] [1775075489.922253778] [control_serial_interface]: Serial port not found
[WARN] [1775075491.912216046] [control_serial_interface]: Control board serial port is not open, attempting to open
[INFO] [1775075491.912964945] [control_serial_interface]: Attempting to open serial port for control board
[INFO] [1775075491.913668080] [control_serial_interface]: No serial port defined for control board, attempting to acquire port
[ERROR] [1775075492.915531130] [control_serial_interface]: Serial manager service not available
[ERROR] [1775075492.916202249] [control_serial_interface]: Serial port not found
[WARN] [1775075494.913084537] [control_serial_interface]: Control board serial port is not open, attempting to open
[INFO] [1775075494.914896473] [control_serial_interface]: Attempting to open serial port for control board
[INFO] [1775075494.916887287] [control_serial_interface]: No serial port defined for control board, attempting to acquire port
[ERROR] [1775075495.920355628] [control_serial_interface]: Serial manager service not available
[ERROR] [1775075495.922445925] [control_serial_interface]: Serial port not found
[WARN] [1775075497.913269531] [control_serial_interface]: Control board serial port is not open, attempting to open
[INFO] [1775075497.915192527] [control_serial_interface]: Attempting to open serial port for control board
[INFO] [1775075497.917060560] [control_serial_interface]: No serial port defined for control board, attempting to acquire port
[ERROR] [1775075498.919527192] [control_serial_interface]: Serial manager service not available
[ERROR] [1775075498.920213699] [control_serial_interface]: Serial port not found
[WARN] [1775075500.913600671] [control_serial_interface]: Control board serial port is not open, attempting to open
[INFO] [1775075500.915310488] [control_serial_interface]: Attempting to open serial port for control board
[INFO] [1775075500.917231074] [control_serial_interface]: No serial port defined for control board, attempting to acquire port
[ERROR] [1775075501.920930619] [control_serial_interface]: Serial manager service not available
[ERROR] [1775075501.923043442] [control_serial_interface]: Serial port not found
[WARN] [1775075503.913236194] [control_serial_interface]: Control board serial port is not open, attempting to open
[INFO] [1775075503.915028570] [control_serial_interface]: Attempting to open serial port for control board
[INFO] [1775075503.916897329] [control_serial_interface]: No serial port defined for control board, attempting to acquire port
[ERROR] [1775075504.919963079] [control_serial_interface]: Serial manager service not available
[ERROR] [1775075504.921074442] [control_serial_interface]: Serial port not found
[WARN] [1775075506.913200986] [control_serial_interface]: Control board serial port is not open, attempting to open
[INFO] [1775075506.915217350] [control_serial_interface]: Attempting to open serial port for control board
[INFO] [1775075506.917171942] [control_serial_interface]: No serial port defined for control board, attempting to acquire port
[ERROR] [1775075507.921181003] [control_serial_interface]: Serial manager service not available
[ERROR] [1775075507.923033826] [control_serial_interface]: Serial port not found
[WARN] [1775075509.913795260] [control_serial_interface]: Control board serial port is not open, attempting to open
[INFO] [1775075509.915438096] [control_serial_interface]: Attempting to open serial port for control board
[INFO] [1775075509.917137008] [control_serial_interface]: No serial port defined for control board, attempting to acquire port
[ERROR] [1775075510.921074887] [control_serial_interface]: Serial manager service not available
[ERROR] [1775075510.923096431] [control_serial_interface]: Serial port not found
[WARN] [1775075512.913412454] [control_serial_interface]: Control board serial port is not open, attempting to open
[INFO] [1775075512.915260547] [control_serial_interface]: Attempting to open serial port for control board
[INFO] [1775075512.917608903] [control_serial_interface]: No serial port defined for control board, attempting to acquire port
[ERROR] [1775075513.921004157] [control_serial_interface]: Serial manager service not available
[ERROR] [1775075513.922983615] [control_serial_interface]: Serial port not found
[WARN] [1775075515.913321263] [control_serial_interface]: Control board serial port is not open, attempting to open
[INFO] [1775075515.915007115] [control_serial_interface]: Attempting to open serial port for control board
[INFO] [1775075515.916722713] [control_serial_interface]: No serial port defined for control board, attempting to acquire port
[ERROR] [1775075516.919326105] [control_serial_interface]: Serial manager service not available
[ERROR] [1775075516.919966019] [control_serial_interface]: Serial port not found
[WARN] [1775075518.913242302] [control_serial_interface]: Control board serial port is not open, attempting to open
[INFO] [1775075518.915363315] [control_serial_interface]: Attempting to open serial port for control board
[INFO] [1775075518.917235944] [control_serial_interface]: No serial port defined for control board, attempting to acquire port
[ERROR] [1775075519.919503535] [control_serial_interface]: Serial manager service not available
[ERROR] [1775075519.920126154] [control_serial_interface]: Serial port not found
[WARN] [1775075521.913346419] [control_serial_interface]: Control board serial port is not open, attempting to open
[INFO] [1775075521.915602146] [control_serial_interface]: Attempting to open serial port for control board
[INFO] [1775075521.917198330] [control_serial_interface]: No serial port defined for control board, attempting to acquire port
[ERROR] [1775075522.920640481] [control_serial_interface]: Serial manager service not available
[ERROR] [1775075522.922551356] [control_serial_interface]: Serial port not found
[WARN] [1775075524.913220401] [control_serial_interface]: Control board serial port is not open, attempting to open
[INFO] [1775075524.915001322] [control_serial_interface]: Attempting to open serial port for control board
[INFO] [1775075524.917249414] [control_serial_interface]: No serial port defined for control board, attempting to acquire port
[ERROR] [1775075525.920600332] [control_serial_interface]: Serial manager service not available
[ERROR] [1775075525.922592175] [control_serial_interface]: Serial port not found
[WARN] [1775075527.912013938] [control_serial_interface]: Control board serial port is not open, attempting to open
[INFO] [1775075527.912716564] [control_serial_interface]: Attempting to open serial port for control board
[INFO] [1775075527.913303027] [control_serial_interface]: No serial port defined for control board, attempting to acquire port
[ERROR] [1775075528.916771753] [control_serial_interface]: Serial manager service not available
[ERROR] [1775075528.919023771] [control_serial_interface]: Serial port not found
[WARN] [1775075530.911720199] [control_serial_interface]: Control board serial port is not open, attempting to open
[INFO] [1775075530.912265916] [control_serial_interface]: Attempting to open serial port for control board
[INFO] [1775075530.912730358] [control_serial_interface]: No serial port defined for control board, attempting to acquire port
[ERROR] [1775075531.916245142] [control_serial_interface]: Serial manager service not available
[ERROR] [1775075531.918937060] [control_serial_interface]: Serial port not found
[WARN] [1775075533.913241725] [control_serial_interface]: Control board serial port is not open, attempting to open
[INFO] [1775075533.915410992] [control_serial_interface]: Attempting to open serial port for control board
[INFO] [1775075533.916701492] [control_serial_interface]: No serial port defined for control board, attempting to acquire port
[ERROR] [1775075534.920671832] [control_serial_interface]: Serial manager service not available
[ERROR] [1775075534.923029989] [control_serial_interface]: Serial port not found
[WARN] [1775075536.913220372] [control_serial_interface]: Control board serial port is not open, attempting to open
[INFO] [1775075536.914969186] [control_serial_interface]: Attempting to open serial port for control board
[INFO] [1775075536.916824789] [control_serial_interface]: No serial port defined for control board, attempting to acquire port
[ERROR] [1775075537.919479399] [control_serial_interface]: Serial manager service not available
[ERROR] [1775075537.920143210] [control_serial_interface]: Serial port not found
[WARN] [1775075539.911928039] [control_serial_interface]: Control board serial port is not open, attempting to open
[INFO] [1775075539.912432421] [control_serial_interface]: Attempting to open serial port for control board
[INFO] [1775075539.912836212] [control_serial_interface]: No serial port defined for control board, attempting to acquire port
[ERROR] [1775075540.916136212] [control_serial_interface]: Serial manager service not available
[ERROR] [1775075540.917994941] [control_serial_interface]: Serial port not found
[WARN] [1775075542.913272315] [control_serial_interface]: Control board serial port is not open, attempting to open
[INFO] [1775075542.915118518] [control_serial_interface]: Attempting to open serial port for control board
[INFO] [1775075542.916979562] [control_serial_interface]: No serial port defined for control board, attempting to acquire port
[ERROR] [1775075543.920658986] [control_serial_interface]: Serial manager service not available
[ERROR] [1775075543.923240931] [control_serial_interface]: Serial port not found
[WARN] [1775075545.913193735] [control_serial_interface]: Control board serial port is not open, attempting to open
[INFO] [1775075545.914980731] [control_serial_interface]: Attempting to open serial port for control board
[INFO] [1775075545.916611596] [control_serial_interface]: No serial port defined for control board, attempting to acquire port
[ERROR] [1775075546.920009260] [control_serial_interface]: Serial manager service not available
[ERROR] [1775075546.921906289] [control_serial_interface]: Serial port not found
[WARN] [1775075548.911939241] [control_serial_interface]: Control board serial port is not open, attempting to open
[INFO] [1775075548.912680694] [control_serial_interface]: Attempting to open serial port for control board
[INFO] [1775075548.913389768] [control_serial_interface]: No serial port defined for control board, attempting to acquire port
[ERROR] [1775075549.915554658] [control_serial_interface]: Serial manager service not available
[ERROR] [1775075549.917326063] [control_serial_interface]: Serial port not found
[WARN] [1775075551.913263702] [control_serial_interface]: Control board serial port is not open, attempting to open
[INFO] [1775075551.915274296] [control_serial_interface]: Attempting to open serial port for control board
[INFO] [1775075551.917165056] [control_serial_interface]: No serial port defined for control board, attempting to acquire port
[ERROR] [1775075552.921016132] [control_serial_interface]: Serial manager service not available
[ERROR] [1775075552.922835899] [control_serial_interface]: Serial port not found
[WARN] [1775075554.913235834] [control_serial_interface]: Control board serial port is not open, attempting to open
[INFO] [1775075554.915111098] [control_serial_interface]: Attempting to open serial port for control board
[INFO] [1775075554.916820166] [control_serial_interface]: No serial port defined for control board, attempting to acquire port
[ERROR] [1775075555.919665325] [control_serial_interface]: Serial manager service not available
[ERROR] [1775075555.920884989] [control_serial_interface]: Serial port not found
[WARN] [1775075557.913557453] [control_serial_interface]: Control board serial port is not open, attempting to open
[INFO] [1775075557.915279227] [control_serial_interface]: Attempting to open serial port for control board
[INFO] [1775075557.916833049] [control_serial_interface]: No serial port defined for control board, attempting to acquire port
[ERROR] [1775075558.920576725] [control_serial_interface]: Serial manager service not available
[ERROR] [1775075558.922458435] [control_serial_interface]: Serial port not found
[WARN] [1775075560.913501594] [control_serial_interface]: Control board serial port is not open, attempting to open
[INFO] [1775075560.915218577] [control_serial_interface]: Attempting to open serial port for control board
[INFO] [1775075560.916803570] [control_serial_interface]: No serial port defined for control board, attempting to acquire port
[ERROR] [1775075561.919489011] [control_serial_interface]: Serial manager service not available
[ERROR] [1775075561.920115223] [control_serial_interface]: Serial port not found
[WARN] [1775075563.913193255] [control_serial_interface]: Control board serial port is not open, attempting to open
[INFO] [1775075563.915059263] [control_serial_interface]: Attempting to open serial port for control board
[INFO] [1775075563.916988679] [control_serial_interface]: No serial port defined for control board, attempting to acquire port
[ERROR] [1775075564.919302558] [control_serial_interface]: Serial manager service not available
[ERROR] [1775075564.920084750] [control_serial_interface]: Serial port not found
[WARN] [1775075566.913216292] [control_serial_interface]: Control board serial port is not open, attempting to open
[INFO] [1775075566.914981982] [control_serial_interface]: Attempting to open serial port for control board
[INFO] [1775075566.916699400] [control_serial_interface]: No serial port defined for control board, attempting to acquire port
[ERROR] [1775075567.920450312] [control_serial_interface]: Serial manager service not available
[ERROR] [1775075567.923504129] [control_serial_interface]: Serial port not found
[WARN] [1775075569.913173203] [control_serial_interface]: Control board serial port is not open, attempting to open
[INFO] [1775075569.915233524] [control_serial_interface]: Attempting to open serial port for control board
[INFO] [1775075569.917279769] [control_serial_interface]: No serial port defined for control board, attempting to acquire port
[ERROR] [1775075570.921370734] [control_serial_interface]: Serial manager service not available
[ERROR] [1775075570.923294394] [control_serial_interface]: Serial port not found
[WARN] [1775075572.913223187] [control_serial_interface]: Control board serial port is not open, attempting to open
[INFO] [1775075572.914986352] [control_serial_interface]: Attempting to open serial port for control board
[INFO] [1775075572.916781713] [control_serial_interface]: No serial port defined for control board, attempting to acquire port
[ERROR] [1775075573.920562336] [control_serial_interface]: Serial manager service not available
[ERROR] [1775075573.922373433] [control_serial_interface]: Serial port not found
[WARN] [1775075575.913158697] [control_serial_interface]: Control board serial port is not open, attempting to open
[INFO] [1775075575.914837849] [control_serial_interface]: Attempting to open serial port for control board
[INFO] [1775075575.917068091] [control_serial_interface]: No serial port defined for control board, attempting to acquire port
[ERROR] [1775075576.920531278] [control_serial_interface]: Serial manager service not available
[ERROR] [1775075576.922365540] [control_serial_interface]: Serial port not found
[WARN] [1775075578.913197761] [control_serial_interface]: Control board serial port is not open, attempting to open
[INFO] [1775075578.914923600] [control_serial_interface]: Attempting to open serial port for control board
[INFO] [1775075578.916538264] [control_serial_interface]: No serial port defined for control board, attempting to acquire port
[ERROR] [1775075579.920175237] [control_serial_interface]: Serial manager service not available
[ERROR] [1775075579.922194146] [control_serial_interface]: Serial port not found
[WARN] [1775075581.913275842] [control_serial_interface]: Control board serial port is not open, attempting to open
[INFO] [1775075581.915081108] [control_serial_interface]: Attempting to open serial port for control board
[INFO] [1775075581.916687067] [control_serial_interface]: No serial port defined for control board, attempting to acquire port
[ERROR] [1775075582.919710450] [control_serial_interface]: Serial manager service not available
[ERROR] [1775075582.920723210] [control_serial_interface]: Serial port not found
[WARN] [1775075584.913365263] [control_serial_interface]: Control board serial port is not open, attempting to open
[INFO] [1775075584.915061785] [control_serial_interface]: Attempting to open serial port for control board
[INFO] [1775075584.916693345] [control_serial_interface]: No serial port defined for control board, attempting to acquire port
[ERROR] [1775075585.919310285] [control_serial_interface]: Serial manager service not available
[ERROR] [1775075585.919946684] [control_serial_interface]: Serial port not found
[WARN] [1775075587.913256696] [control_serial_interface]: Control board serial port is not open, attempting to open
[INFO] [1775075587.914972534] [control_serial_interface]: Attempting to open serial port for control board
[INFO] [1775075587.916928486] [control_serial_interface]: No serial port defined for control board, attempting to acquire port
[ERROR] [1775075588.920638167] [control_serial_interface]: Serial manager service not available
[ERROR] [1775075588.922470319] [control_serial_interface]: Serial port not found
[WARN] [1775075590.913204487] [control_serial_interface]: Control board serial port is not open, attempting to open
[INFO] [1775075590.915190195] [control_serial_interface]: Attempting to open serial port for control board
[INFO] [1775075590.916796634] [control_serial_interface]: No serial port defined for control board, attempting to acquire port
[ERROR] [1775075591.920365109] [control_serial_interface]: Serial manager service not available
[ERROR] [1775075591.922303540] [control_serial_interface]: Serial port not found
[WARN] [1775075593.913287371] [control_serial_interface]: Control board serial port is not open, attempting to open
[INFO] [1775075593.914958202] [control_serial_interface]: Attempting to open serial port for control board
[INFO] [1775075593.916525100] [control_serial_interface]: No serial port defined for control board, attempting to acquire port
[ERROR] [1775075594.920230610] [control_serial_interface]: Serial manager service not available
[ERROR] [1775075594.922052432] [control_serial_interface]: Serial port not found
[WARN] [1775075596.914291773] [control_serial_interface]: Control board serial port is not open, attempting to open
[INFO] [1775075596.916525043] [control_serial_interface]: Attempting to open serial port for control board
[INFO] [1775075596.918630156] [control_serial_interface]: No serial port defined for control board, attempting to acquire port
[ERROR] [1775075597.922050914] [control_serial_interface]: Serial manager service not available
[ERROR] [1775075597.923987760] [control_serial_interface]: Serial port not found
[WARN] [1775075599.913210788] [control_serial_interface]: Control board serial port is not open, attempting to open
[INFO] [1775075599.915659003] [control_serial_interface]: Attempting to open serial port for control board
[INFO] [1775075599.917432258] [control_serial_interface]: No serial port defined for control board, attempting to acquire port
[ERROR] [1775075600.920980412] [control_serial_interface]: Serial manager service not available
[ERROR] [1775075600.922737857] [control_serial_interface]: Serial port not found
[WARN] [1775075602.913337205] [control_serial_interface]: Control board serial port is not open, attempting to open
[INFO] [1775075602.914981385] [control_serial_interface]: Attempting to open serial port for control board
[INFO] [1775075602.917211007] [control_serial_interface]: No serial port defined for control board, attempting to acquire port
[ERROR] [1775075603.921050237] [control_serial_interface]: Serial manager service not available
[ERROR] [1775075603.923123784] [control_serial_interface]: Serial port not found
[WARN] [1775075605.913108264] [control_serial_interface]: Control board serial port is not open, attempting to open
[INFO] [1775075605.914816982] [control_serial_interface]: Attempting to open serial port for control board
[INFO] [1775075605.916610803] [control_serial_interface]: No serial port defined for control board, attempting to acquire port
[ERROR] [1775075606.920385585] [control_serial_interface]: Serial manager service not available
[ERROR] [1775075606.922243159] [control_serial_interface]: Serial port not found
[WARN] [1775075608.913209200] [control_serial_interface]: Control board serial port is not open, attempting to open
[INFO] [1775075608.914933313] [control_serial_interface]: Attempting to open serial port for control board
[INFO] [1775075608.916782621] [control_serial_interface]: No serial port defined for control board, attempting to acquire port
[ERROR] [1775075609.919914169] [control_serial_interface]: Serial manager service not available
[ERROR] [1775075609.920552019] [control_serial_interface]: Serial port not found
[WARN] [1775075611.913636018] [control_serial_interface]: Control board serial port is not open, attempting to open
[INFO] [1775075611.915361392] [control_serial_interface]: Attempting to open serial port for control board
[INFO] [1775075611.917379491] [control_serial_interface]: No serial port defined for control board, attempting to acquire port
[ERROR] [1775075612.919583632] [control_serial_interface]: Serial manager service not available
[ERROR] [1775075612.920344765] [control_serial_interface]: Serial port not found
[WARN] [1775075614.911780246] [control_serial_interface]: Control board serial port is not open, attempting to open
[INFO] [1775075614.912382923] [control_serial_interface]: Attempting to open serial port for control board
[INFO] [1775075614.912839190] [control_serial_interface]: No serial port defined for control board, attempting to acquire port
[ERROR] [1775075615.915090731] [control_serial_interface]: Serial manager service not available
[ERROR] [1775075615.915993789] [control_serial_interface]: Serial port not found
[WARN] [1775075617.913272095] [control_serial_interface]: Control board serial port is not open, attempting to open
[INFO] [1775075617.914975067] [control_serial_interface]: Attempting to open serial port for control board
[INFO] [1775075617.916607327] [control_serial_interface]: No serial port defined for control board, attempting to acquire port
[ERROR] [1775075618.919014880] [control_serial_interface]: Serial manager service not available
[ERROR] [1775075618.919603667] [control_serial_interface]: Serial port not found
[WARN] [1775075620.912373484] [control_serial_interface]: Control board serial port is not open, attempting to open
[INFO] [1775075620.913127320] [control_serial_interface]: Attempting to open serial port for control board
[INFO] [1775075620.913848770] [control_serial_interface]: No serial port defined for control board, attempting to acquire port
[ERROR] [1775075621.918320931] [control_serial_interface]: Serial manager service not available
[ERROR] [1775075621.920837449] [control_serial_interface]: Serial port not found
[WARN] [1775075623.911761890] [control_serial_interface]: Control board serial port is not open, attempting to open
[INFO] [1775075623.912321165] [control_serial_interface]: Attempting to open serial port for control board
[INFO] [1775075623.912788999] [control_serial_interface]: No serial port defined for control board, attempting to acquire port
[ERROR] [1775075624.916120658] [control_serial_interface]: Serial manager service not available
[ERROR] [1775075624.918201820] [control_serial_interface]: Serial port not found
[WARN] [1775075626.913190993] [control_serial_interface]: Control board serial port is not open, attempting to open
[INFO] [1775075626.914810253] [control_serial_interface]: Attempting to open serial port for control board
[INFO] [1775075626.916702092] [control_serial_interface]: No serial port defined for control board, attempting to acquire port
[ERROR] [1775075627.920503542] [control_serial_interface]: Serial manager service not available
[ERROR] [1775075627.922408097] [control_serial_interface]: Serial port not found
[WARN] [1775075629.913644823] [control_serial_interface]: Control board serial port is not open, attempting to open
[INFO] [1775075629.915466720] [control_serial_interface]: Attempting to open serial port for control board
[INFO] [1775075629.917127706] [control_serial_interface]: No serial port defined for control board, attempting to acquire port
[ERROR] [1775075630.921043814] [control_serial_interface]: Serial manager service not available
[ERROR] [1775075630.922833600] [control_serial_interface]: Serial port not found
[WARN] [1775075632.913204109] [control_serial_interface]: Control board serial port is not open, attempting to open
[INFO] [1775075632.915059692] [control_serial_interface]: Attempting to open serial port for control board
[INFO] [1775075632.916752850] [control_serial_interface]: No serial port defined for control board, attempting to acquire port
[ERROR] [1775075633.920523887] [control_serial_interface]: Serial manager service not available
[ERROR] [1775075633.922534796] [control_serial_interface]: Serial port not found
[WARN] [1775075635.913361682] [control_serial_interface]: Control board serial port is not open, attempting to open
[INFO] [1775075635.915264077] [control_serial_interface]: Attempting to open serial port for control board
[INFO] [1775075635.917015747] [control_serial_interface]: No serial port defined for control board, attempting to acquire port
[ERROR] [1775075636.920501529] [control_serial_interface]: Serial manager service not available
[ERROR] [1775075636.922592201] [control_serial_interface]: Serial port not found
[WARN] [1775075638.913535506] [control_serial_interface]: Control board serial port is not open, attempting to open
[INFO] [1775075638.915165441] [control_serial_interface]: Attempting to open serial port for control board
[INFO] [1775075638.917049921] [control_serial_interface]: No serial port defined for control board, attempting to acquire port
[ERROR] [1775075639.919364853] [control_serial_interface]: Serial manager service not available
[ERROR] [1775075639.920114497] [control_serial_interface]: Serial port not found
[WARN] [1775075641.913162440] [control_serial_interface]: Control board serial port is not open, attempting to open
[INFO] [1775075641.914841427] [control_serial_interface]: Attempting to open serial port for control board
[INFO] [1775075641.916518428] [control_serial_interface]: No serial port defined for control board, attempting to acquire port
[ERROR] [1775075642.920295101] [control_serial_interface]: Serial manager service not available
[ERROR] [1775075642.922259408] [control_serial_interface]: Serial port not found
[WARN] [1775075644.913275471] [control_serial_interface]: Control board serial port is not open, attempting to open
[INFO] [1775075644.914961343] [control_serial_interface]: Attempting to open serial port for control board
[INFO] [1775075644.916575298] [control_serial_interface]: No serial port defined for control board, attempting to acquire port
[ERROR] [1775075645.920291573] [control_serial_interface]: Serial manager service not available
[ERROR] [1775075645.922281052] [control_serial_interface]: Serial port not found
[WARN] [1775075647.913436626] [control_serial_interface]: Control board serial port is not open, attempting to open
[INFO] [1775075647.915101077] [control_serial_interface]: Attempting to open serial port for control board
[INFO] [1775075647.916683275] [control_serial_interface]: No serial port defined for control board, attempting to acquire port
[ERROR] [1775075648.919689318] [control_serial_interface]: Serial manager service not available
[ERROR] [1775075648.920588971] [control_serial_interface]: Serial port not found
[WARN] [1775075650.913322114] [control_serial_interface]: Control board serial port is not open, attempting to open
[INFO] [1775075650.915018777] [control_serial_interface]: Attempting to open serial port for control board
[INFO] [1775075650.916882810] [control_serial_interface]: No serial port defined for control board, attempting to acquire port
[ERROR] [1775075651.920580055] [control_serial_interface]: Serial manager service not available
[ERROR] [1775075651.922694043] [control_serial_interface]: Serial port not found
[WARN] [1775075653.913315636] [control_serial_interface]: Control board serial port is not open, attempting to open
[INFO] [1775075653.915797197] [control_serial_interface]: Attempting to open serial port for control board
[INFO] [1775075653.918159134] [control_serial_interface]: No serial port defined for control board, attempting to acquire port
[ERROR] [1775075654.921502304] [control_serial_interface]: Serial manager service not available
[ERROR] [1775075654.922745366] [control_serial_interface]: Serial port not found
[WARN] [1775075656.913194934] [control_serial_interface]: Control board serial port is not open, attempting to open
[INFO] [1775075656.914938038] [control_serial_interface]: Attempting to open serial port for control board
[INFO] [1775075656.916596040] [control_serial_interface]: No serial port defined for control board, attempting to acquire port
[ERROR] [1775075657.919348405] [control_serial_interface]: Serial manager service not available
[ERROR] [1775075657.919975048] [control_serial_interface]: Serial port not found
[WARN] [1775075659.912058642] [control_serial_interface]: Control board serial port is not open, attempting to open
[INFO] [1775075659.912733642] [control_serial_interface]: Attempting to open serial port for control board
[INFO] [1775075659.913467060] [control_serial_interface]: No serial port defined for control board, attempting to acquire port
[ERROR] [1775075660.917128531] [control_serial_interface]: Serial manager service not available
[ERROR] [1775075660.918974524] [control_serial_interface]: Serial port not found
[WARN] [1775075662.913463354] [control_serial_interface]: Control board serial port is not open, attempting to open
[INFO] [1775075662.915422356] [control_serial_interface]: Attempting to open serial port for control board
[INFO] [1775075662.917311766] [control_serial_interface]: No serial port defined for control board, attempting to acquire port
[ERROR] [1775075663.920604861] [control_serial_interface]: Serial manager service not available
[ERROR] [1775075663.922432393] [control_serial_interface]: Serial port not found
[WARN] [1775075665.913406684] [control_serial_interface]: Control board serial port is not open, attempting to open
[INFO] [1775075665.915175969] [control_serial_interface]: Attempting to open serial port for control board
[INFO] [1775075665.916812855] [control_serial_interface]: No serial port defined for control board, attempting to acquire port
[ERROR] [1775075666.920591228] [control_serial_interface]: Serial manager service not available
[ERROR] [1775075666.922483937] [control_serial_interface]: Serial port not found
[WARN] [1775075668.913441163] [control_serial_interface]: Control board serial port is not open, attempting to open
[INFO] [1775075668.915440072] [control_serial_interface]: Attempting to open serial port for control board
[INFO] [1775075668.917167605] [control_serial_interface]: No serial port defined for control board, attempting to acquire port
[ERROR] [1775075669.921008226] [control_serial_interface]: Serial manager service not available
[ERROR] [1775075669.923198396] [control_serial_interface]: Serial port not found
[WARN] [1775075671.913254744] [control_serial_interface]: Control board serial port is not open, attempting to open
[INFO] [1775075671.914925005] [control_serial_interface]: Attempting to open serial port for control board
[INFO] [1775075671.916754177] [control_serial_interface]: No serial port defined for control board, attempting to acquire port
[ERROR] [1775075672.920647430] [control_serial_interface]: Serial manager service not available
[ERROR] [1775075672.922813679] [control_serial_interface]: Serial port not found
[WARN] [1775075674.913160508] [control_serial_interface]: Control board serial port is not open, attempting to open
[INFO] [1775075674.914820564] [control_serial_interface]: Attempting to open serial port for control board
[INFO] [1775075674.916577823] [control_serial_interface]: No serial port defined for control board, attempting to acquire port
[ERROR] [1775075675.919289013] [control_serial_interface]: Serial manager service not available
[ERROR] [1775075675.920162638] [control_serial_interface]: Serial port not found
[WARN] [1775075677.911878268] [control_serial_interface]: Control board serial port is not open, attempting to open
[INFO] [1775075677.912410263] [control_serial_interface]: Attempting to open serial port for control board
[INFO] [1775075677.912874406] [control_serial_interface]: No serial port defined for control board, attempting to acquire port
[ERROR] [1775075678.916427965] [control_serial_interface]: Serial manager service not available
[ERROR] [1775075678.918399982] [control_serial_interface]: Serial port not found
[WARN] [1775075680.913239861] [control_serial_interface]: Control board serial port is not open, attempting to open
[INFO] [1775075680.914938828] [control_serial_interface]: Attempting to open serial port for control board
[INFO] [1775075680.916799442] [control_serial_interface]: No serial port defined for control board, attempting to acquire port
[ERROR] [1775075681.920443330] [control_serial_interface]: Serial manager service not available
[ERROR] [1775075681.922354725] [control_serial_interface]: Serial port not found
[WARN] [1775075683.911817418] [control_serial_interface]: Control board serial port is not open, attempting to open
[INFO] [1775075683.912385355] [control_serial_interface]: Attempting to open serial port for control board
[INFO] [1775075683.912890615] [control_serial_interface]: No serial port defined for control board, attempting to acquire port
[ERROR] [1775075684.916463466] [control_serial_interface]: Serial manager service not available
[ERROR] [1775075684.918334509] [control_serial_interface]: Serial port not found
[WARN] [1775075686.913172023] [control_serial_interface]: Control board serial port is not open, attempting to open
[INFO] [1775075686.914875621] [control_serial_interface]: Attempting to open serial port for control board
[INFO] [1775075686.916784981] [control_serial_interface]: No serial port defined for control board, attempting to acquire port
[ERROR] [1775075687.920764646] [control_serial_interface]: Serial manager service not available
[ERROR] [1775075687.922653486] [control_serial_interface]: Serial port not found
[WARN] [1775075689.913231718] [control_serial_interface]: Control board serial port is not open, attempting to open
[INFO] [1775075689.915009388] [control_serial_interface]: Attempting to open serial port for control board
[INFO] [1775075689.916595506] [control_serial_interface]: No serial port defined for control board, attempting to acquire port
[ERROR] [1775075690.920392610] [control_serial_interface]: Serial manager service not available
[ERROR] [1775075690.922259188] [control_serial_interface]: Serial port not found
[WARN] [1775075692.913199084] [control_serial_interface]: Control board serial port is not open, attempting to open
[INFO] [1775075692.915307701] [control_serial_interface]: Attempting to open serial port for control board
[INFO] [1775075692.916980198] [control_serial_interface]: No serial port defined for control board, attempting to acquire port
[ERROR] [1775075693.920925152] [control_serial_interface]: Serial manager service not available
[ERROR] [1775075693.922978797] [control_serial_interface]: Serial port not found
[WARN] [1775075695.913367557] [control_serial_interface]: Control board serial port is not open, attempting to open
[INFO] [1775075695.914988242] [control_serial_interface]: Attempting to open serial port for control board
[INFO] [1775075695.917052303] [control_serial_interface]: No serial port defined for control board, attempting to acquire port
[ERROR] [1775075696.920489358] [control_serial_interface]: Serial manager service not available
[ERROR] [1775075696.922678109] [control_serial_interface]: Serial port not found
[WARN] [1775075698.913296892] [control_serial_interface]: Control board serial port is not open, attempting to open
[INFO] [1775075698.915026151] [control_serial_interface]: Attempting to open serial port for control board
[INFO] [1775075698.916966767] [control_serial_interface]: No serial port defined for control board, attempting to acquire port
[ERROR] [1775075699.920931557] [control_serial_interface]: Serial manager service not available
[ERROR] [1775075699.922996718] [control_serial_interface]: Serial port not found
[WARN] [1775075701.913298815] [control_serial_interface]: Control board serial port is not open, attempting to open
[INFO] [1775075701.915112902] [control_serial_interface]: Attempting to open serial port for control board
[INFO] [1775075701.916739071] [control_serial_interface]: No serial port defined for control board, attempting to acquire port
[ERROR] [1775075702.920452537] [control_serial_interface]: Serial manager service not available
[ERROR] [1775075702.922360037] [control_serial_interface]: Serial port not found
[WARN] [1775075704.911920396] [control_serial_interface]: Control board serial port is not open, attempting to open
[INFO] [1775075704.912530033] [control_serial_interface]: Attempting to open serial port for control board
[INFO] [1775075704.913098412] [control_serial_interface]: No serial port defined for control board, attempting to acquire port
[ERROR] [1775075705.916790269] [control_serial_interface]: Serial manager service not available
[ERROR] [1775075705.918700894] [control_serial_interface]: Serial port not found
[WARN] [1775075707.913228191] [control_serial_interface]: Control board serial port is not open, attempting to open
[INFO] [1775075707.914988921] [control_serial_interface]: Attempting to open serial port for control board
[INFO] [1775075707.916623516] [control_serial_interface]: No serial port defined for control board, attempting to acquire port
[ERROR] [1775075708.918832215] [control_serial_interface]: Serial manager service not available
[ERROR] [1775075708.919484405] [control_serial_interface]: Serial port not found
[WARN] [1775075710.914008703] [control_serial_interface]: Control board serial port is not open, attempting to open
[INFO] [1775075710.915893942] [control_serial_interface]: Attempting to open serial port for control board
[INFO] [1775075710.917479825] [control_serial_interface]: No serial port defined for control board, attempting to acquire port
[ERROR] [1775075711.920968697] [control_serial_interface]: Serial manager service not available
[ERROR] [1775075711.922842521] [control_serial_interface]: Serial port not found
[WARN] [1775075713.912016988] [control_serial_interface]: Control board serial port is not open, attempting to open
[INFO] [1775075713.913165116] [control_serial_interface]: Attempting to open serial port for control board
[INFO] [1775075713.914080494] [control_serial_interface]: No serial port defined for control board, attempting to acquire port
[ERROR] [1775075714.917313966] [control_serial_interface]: Serial manager service not available
[ERROR] [1775075714.919163239] [control_serial_interface]: Serial port not found
[WARN] [1775075716.913143336] [control_serial_interface]: Control board serial port is not open, attempting to open
[INFO] [1775075716.914809857] [control_serial_interface]: Attempting to open serial port for control board
[INFO] [1775075716.916553051] [control_serial_interface]: No serial port defined for control board, attempting to acquire port
[ERROR] [1775075717.919971151] [control_serial_interface]: Serial manager service not available
[ERROR] [1775075717.922030066] [control_serial_interface]: Serial port not found
[WARN] [1775075719.913233176] [control_serial_interface]: Control board serial port is not open, attempting to open
[INFO] [1775075719.914962415] [control_serial_interface]: Attempting to open serial port for control board
[INFO] [1775075719.916562099] [control_serial_interface]: No serial port defined for control board, attempting to acquire port
[ERROR] [1775075720.920422668] [control_serial_interface]: Serial manager service not available
[ERROR] [1775075720.922132095] [control_serial_interface]: Serial port not found
[WARN] [1775075722.911879811] [control_serial_interface]: Control board serial port is not open, attempting to open
[INFO] [1775075722.912474748] [control_serial_interface]: Attempting to open serial port for control board
[INFO] [1775075722.912965069] [control_serial_interface]: No serial port defined for control board, attempting to acquire port
[ERROR] [1775075723.915974529] [control_serial_interface]: Serial manager service not available
[ERROR] [1775075723.918308935] [control_serial_interface]: Serial port not found
[WARN] [1775075725.913315279] [control_serial_interface]: Control board serial port is not open, attempting to open
[INFO] [1775075725.915072349] [control_serial_interface]: Attempting to open serial port for control board
[INFO] [1775075725.916646962] [control_serial_interface]: No serial port defined for control board, attempting to acquire port
[ERROR] [1775075726.919324174] [control_serial_interface]: Serial manager service not available
[ERROR] [1775075726.919938234] [control_serial_interface]: Serial port not found
[WARN] [1775075728.912128161] [control_serial_interface]: Control board serial port is not open, attempting to open
[INFO] [1775075728.913031929] [control_serial_interface]: Attempting to open serial port for control board
[INFO] [1775075728.913869330] [control_serial_interface]: No serial port defined for control board, attempting to acquire port
[ERROR] [1775075729.917307343] [control_serial_interface]: Serial manager service not available
[ERROR] [1775075729.919172316] [control_serial_interface]: Serial port not found
[WARN] [1775075731.913360190] [control_serial_interface]: Control board serial port is not open, attempting to open
[INFO] [1775075731.915037797] [control_serial_interface]: Attempting to open serial port for control board
[INFO] [1775075731.916819797] [control_serial_interface]: No serial port defined for control board, attempting to acquire port
[ERROR] [1775075732.920719340] [control_serial_interface]: Serial manager service not available
[ERROR] [1775075732.922539072] [control_serial_interface]: Serial port not found
[WARN] [1775075734.912103361] [control_serial_interface]: Control board serial port is not open, attempting to open
[INFO] [1775075734.912727529] [control_serial_interface]: Attempting to open serial port for control board
[INFO] [1775075734.913314772] [control_serial_interface]: No serial port defined for control board, attempting to acquire port
[ERROR] [1775075735.915449662] [control_serial_interface]: Serial manager service not available
[ERROR] [1775075735.916066666] [control_serial_interface]: Serial port not found
[WARN] [1775075737.912508562] [control_serial_interface]: Control board serial port is not open, attempting to open
[INFO] [1775075737.917683786] [control_serial_interface]: Attempting to open serial port for control board
[INFO] [1775075737.919559208] [control_serial_interface]: No serial port defined for control board, attempting to acquire port
[ERROR] [1775075738.921573369] [control_serial_interface]: Serial manager service not available
[ERROR] [1775075738.922395930] [control_serial_interface]: Serial port not found
[WARN] [1775075740.913199037] [control_serial_interface]: Control board serial port is not open, attempting to open
[INFO] [1775075740.914795350] [control_serial_interface]: Attempting to open serial port for control board
[INFO] [1775075740.916574181] [control_serial_interface]: No serial port defined for control board, attempting to acquire port
[ERROR] [1775075741.920539485] [control_serial_interface]: Serial manager service not available
[ERROR] [1775075741.922531824] [control_serial_interface]: Serial port not found
[WARN] [1775075743.911720966] [control_serial_interface]: Control board serial port is not open, attempting to open
[INFO] [1775075743.912375124] [control_serial_interface]: Attempting to open serial port for control board
[INFO] [1775075743.912820914] [control_serial_interface]: No serial port defined for control board, attempting to acquire port
[ERROR] [1775075744.915598438] [control_serial_interface]: Serial manager service not available
[ERROR] [1775075744.917089721] [control_serial_interface]: Serial port not found
[WARN] [1775075746.912250537] [control_serial_interface]: Control board serial port is not open, attempting to open
[INFO] [1775075746.912798537] [control_serial_interface]: Attempting to open serial port for control board
[INFO] [1775075746.913298059] [control_serial_interface]: No serial port defined for control board, attempting to acquire port
[ERROR] [1775075747.916130225] [control_serial_interface]: Serial manager service not available
[ERROR] [1775075747.917443162] [control_serial_interface]: Serial port not found
[WARN] [1775075749.913255951] [control_serial_interface]: Control board serial port is not open, attempting to open
[INFO] [1775075749.915458897] [control_serial_interface]: Attempting to open serial port for control board
[INFO] [1775075749.917263748] [control_serial_interface]: No serial port defined for control board, attempting to acquire port
[ERROR] [1775075750.921407790] [control_serial_interface]: Serial manager service not available
[ERROR] [1775075750.923586000] [control_serial_interface]: Serial port not found
[WARN] [1775075752.912980974] [control_serial_interface]: Control board serial port is not open, attempting to open
[INFO] [1775075752.914318856] [control_serial_interface]: Attempting to open serial port for control board
[INFO] [1775075752.915479136] [control_serial_interface]: No serial port defined for control board, attempting to acquire port
[ERROR] [1775075753.919243993] [control_serial_interface]: Serial manager service not available
[ERROR] [1775075753.921387247] [control_serial_interface]: Serial port not found
[WARN] [1775075755.914261648] [control_serial_interface]: Control board serial port is not open, attempting to open
[INFO] [1775075755.917135244] [control_serial_interface]: Attempting to open serial port for control board
[INFO] [1775075755.918935710] [control_serial_interface]: No serial port defined for control board, attempting to acquire port
[ERROR] [1775075756.922664541] [control_serial_interface]: Serial manager service not available
[ERROR] [1775075756.924764168] [control_serial_interface]: Serial port not found
[WARN] [1775075758.911881343] [control_serial_interface]: Control board serial port is not open, attempting to open
[INFO] [1775075758.912430546] [control_serial_interface]: Attempting to open serial port for control board
[INFO] [1775075758.912889457] [control_serial_interface]: No serial port defined for control board, attempting to acquire port
[ERROR] [1775075759.915284083] [control_serial_interface]: Serial manager service not available
[ERROR] [1775075759.916039812] [control_serial_interface]: Serial port not found
[WARN] [1775075761.912600585] [control_serial_interface]: Control board serial port is not open, attempting to open
[INFO] [1775075761.913498998] [control_serial_interface]: Attempting to open serial port for control board
[INFO] [1775075761.914449992] [control_serial_interface]: No serial port defined for control board, attempting to acquire port
[ERROR] [1775075762.917683926] [control_serial_interface]: Serial manager service not available
[ERROR] [1775075762.919486557] [control_serial_interface]: Serial port not found
[WARN] [1775075764.913190289] [control_serial_interface]: Control board serial port is not open, attempting to open
[INFO] [1775075764.914880161] [control_serial_interface]: Attempting to open serial port for control board
[INFO] [1775075764.916755890] [control_serial_interface]: No serial port defined for control board, attempting to acquire port
[ERROR] [1775075765.918898431] [control_serial_interface]: Serial manager service not available
[ERROR] [1775075765.919590760] [control_serial_interface]: Serial port not found
[WARN] [1775075767.913371378] [control_serial_interface]: Control board serial port is not open, attempting to open
[INFO] [1775075767.915517722] [control_serial_interface]: Attempting to open serial port for control board
[INFO] [1775075767.917224840] [control_serial_interface]: No serial port defined for control board, attempting to acquire port
[ERROR] [1775075768.921050760] [control_serial_interface]: Serial manager service not available
[ERROR] [1775075768.922820015] [control_serial_interface]: Serial port not found
[WARN] [1775075770.911833817] [control_serial_interface]: Control board serial port is not open, attempting to open
[INFO] [1775075770.912629788] [control_serial_interface]: Attempting to open serial port for control board
[INFO] [1775075770.913341295] [control_serial_interface]: No serial port defined for control board, attempting to acquire port
[ERROR] [1775075771.915899885] [control_serial_interface]: Serial manager service not available
[ERROR] [1775075771.916821605] [control_serial_interface]: Serial port not found
[WARN] [1775075773.912524497] [control_serial_interface]: Control board serial port is not open, attempting to open
[INFO] [1775075773.913553084] [control_serial_interface]: Attempting to open serial port for control board
[INFO] [1775075773.914561638] [control_serial_interface]: No serial port defined for control board, attempting to acquire port
[ERROR] [1775075774.917545295] [control_serial_interface]: Serial manager service not available
[ERROR] [1775075774.918715292] [control_serial_interface]: Serial port not found
[WARN] [1775075776.911942110] [control_serial_interface]: Control board serial port is not open, attempting to open
[INFO] [1775075776.912626429] [control_serial_interface]: Attempting to open serial port for control board
[INFO] [1775075776.913277846] [control_serial_interface]: No serial port defined for control board, attempting to acquire port
[ERROR] [1775075777.916311998] [control_serial_interface]: Serial manager service not available
[ERROR] [1775075777.919225690] [control_serial_interface]: Serial port not found
[WARN] [1775075779.911744873] [control_serial_interface]: Control board serial port is not open, attempting to open
[INFO] [1775075779.912320604] [control_serial_interface]: Attempting to open serial port for control board
[INFO] [1775075779.912779858] [control_serial_interface]: No serial port defined for control board, attempting to acquire port
[ERROR] [1775075780.916004599] [control_serial_interface]: Serial manager service not available
[ERROR] [1775075780.917925740] [control_serial_interface]: Serial port not found
[WARN] [1775075782.912499482] [control_serial_interface]: Control board serial port is not open, attempting to open
[INFO] [1775075782.915803832] [control_serial_interface]: Attempting to open serial port for control board
[INFO] [1775075782.917216113] [control_serial_interface]: No serial port defined for control board, attempting to acquire port
[ERROR] [1775075783.919530156] [control_serial_interface]: Serial manager service not available
[ERROR] [1775075783.920328725] [control_serial_interface]: Serial port not found
[WARN] [1775075785.912910151] [control_serial_interface]: Control board serial port is not open, attempting to open
[INFO] [1775075785.914596017] [control_serial_interface]: Attempting to open serial port for control board
[INFO] [1775075785.917037783] [control_serial_interface]: No serial port defined for control board, attempting to acquire port
[ERROR] [1775075786.920263549] [control_serial_interface]: Serial manager service not available
[ERROR] [1775075786.922329217] [control_serial_interface]: Serial port not found
[WARN] [1775075788.911907652] [control_serial_interface]: Control board serial port is not open, attempting to open
[INFO] [1775075788.912680152] [control_serial_interface]: Attempting to open serial port for control board
[INFO] [1775075788.913321463] [control_serial_interface]: No serial port defined for control board, attempting to acquire port
[ERROR] [1775075789.915352819] [control_serial_interface]: Serial manager service not available
[ERROR] [1775075789.916118126] [control_serial_interface]: Serial port not found
[WARN] [1775075791.911982262] [control_serial_interface]: Control board serial port is not open, attempting to open
[INFO] [1775075791.912569657] [control_serial_interface]: Attempting to open serial port for control board
[INFO] [1775075791.913058690] [control_serial_interface]: No serial port defined for control board, attempting to acquire port
[ERROR] [1775075792.916824932] [control_serial_interface]: Serial manager service not available
[ERROR] [1775075792.918897449] [control_serial_interface]: Serial port not found
[WARN] [1775075794.911874077] [control_serial_interface]: Control board serial port is not open, attempting to open
[INFO] [1775075794.912445422] [control_serial_interface]: Attempting to open serial port for control board
[INFO] [1775075794.912955637] [control_serial_interface]: No serial port defined for control board, attempting to acquire port
[ERROR] [1775075795.915319251] [control_serial_interface]: Serial manager service not available
[ERROR] [1775075795.916274811] [control_serial_interface]: Serial port not found
[WARN] [1775075797.913169263] [control_serial_interface]: Control board serial port is not open, attempting to open
[INFO] [1775075797.914240753] [control_serial_interface]: Attempting to open serial port for control board
[INFO] [1775075797.915655553] [control_serial_interface]: No serial port defined for control board, attempting to acquire port
[ERROR] [1775075798.918678808] [control_serial_interface]: Serial manager service not available
[ERROR] [1775075798.919832553] [control_serial_interface]: Serial port not found
[WARN] [1775075800.912283389] [control_serial_interface]: Control board serial port is not open, attempting to open
[INFO] [1775075800.913023116] [control_serial_interface]: Attempting to open serial port for control board
[INFO] [1775075800.913596662] [control_serial_interface]: No serial port defined for control board, attempting to acquire port
[ERROR] [1775075801.917035618] [control_serial_interface]: Serial manager service not available
[ERROR] [1775075801.918982179] [control_serial_interface]: Serial port not found
[WARN] [1775075803.911907007] [control_serial_interface]: Control board serial port is not open, attempting to open
[INFO] [1775075803.912559326] [control_serial_interface]: Attempting to open serial port for control board
[INFO] [1775075803.913159500] [control_serial_interface]: No serial port defined for control board, attempting to acquire port
[ERROR] [1775075804.916756585] [control_serial_interface]: Serial manager service not available
[ERROR] [1775075804.919262012] [control_serial_interface]: Serial port not found
[WARN] [1775075806.912162176] [control_serial_interface]: Control board serial port is not open, attempting to open
[INFO] [1775075806.913120858] [control_serial_interface]: Attempting to open serial port for control board
[INFO] [1775075806.913999985] [control_serial_interface]: No serial port defined for control board, attempting to acquire port
[ERROR] [1775075807.917822016] [control_serial_interface]: Serial manager service not available
[ERROR] [1775075807.919667574] [control_serial_interface]: Serial port not found
[WARN] [1775075809.911893524] [control_serial_interface]: Control board serial port is not open, attempting to open
[INFO] [1775075809.912572551] [control_serial_interface]: Attempting to open serial port for control board
[INFO] [1775075809.913080277] [control_serial_interface]: No serial port defined for control board, attempting to acquire port
[ERROR] [1775075810.916253846] [control_serial_interface]: Serial manager service not available
[ERROR] [1775075810.918104699] [control_serial_interface]: Serial port not found
[WARN] [1775075812.912344807] [control_serial_interface]: Control board serial port is not open, attempting to open
[INFO] [1775075812.913353134] [control_serial_interface]: Attempting to open serial port for control board
[INFO] [1775075812.915429346] [control_serial_interface]: No serial port defined for control board, attempting to acquire port
[ERROR] [1775075813.917677963] [control_serial_interface]: Serial manager service not available
[ERROR] [1775075813.918437521] [control_serial_interface]: Serial port not found
[WARN] [1775075815.913557802] [control_serial_interface]: Control board serial port is not open, attempting to open
[INFO] [1775075815.915962055] [control_serial_interface]: Attempting to open serial port for control board
[INFO] [1775075815.917548134] [control_serial_interface]: No serial port defined for control board, attempting to acquire port
[ERROR] [1775075816.921818355] [control_serial_interface]: Serial manager service not available
[ERROR] [1775075816.924015903] [control_serial_interface]: Serial port not found
[WARN] [1775075818.913406699] [control_serial_interface]: Control board serial port is not open, attempting to open
[INFO] [1775075818.915260842] [control_serial_interface]: Attempting to open serial port for control board
[INFO] [1775075818.917944711] [control_serial_interface]: No serial port defined for control board, attempting to acquire port
[ERROR] [1775075819.921768665] [control_serial_interface]: Serial manager service not available
[ERROR] [1775075819.923623794] [control_serial_interface]: Serial port not found
[WARN] [1775075821.914037630] [control_serial_interface]: Control board serial port is not open, attempting to open
[INFO] [1775075821.916442673] [control_serial_interface]: Attempting to open serial port for control board
[INFO] [1775075821.918508359] [control_serial_interface]: No serial port defined for control board, attempting to acquire port
[ERROR] [1775075822.922087715] [control_serial_interface]: Serial manager service not available
[ERROR] [1775075822.924026181] [control_serial_interface]: Serial port not found
[WARN] [1775075824.913401937] [control_serial_interface]: Control board serial port is not open, attempting to open
[INFO] [1775075824.914710785] [control_serial_interface]: Attempting to open serial port for control board
[INFO] [1775075824.915745717] [control_serial_interface]: No serial port defined for control board, attempting to acquire port
[ERROR] [1775075825.918779294] [control_serial_interface]: Serial manager service not available
[ERROR] [1775075825.919791288] [control_serial_interface]: Serial port not found
[WARN] [1775075827.911902148] [control_serial_interface]: Control board serial port is not open, attempting to open
[INFO] [1775075827.912462908] [control_serial_interface]: Attempting to open serial port for control board
[INFO] [1775075827.913017853] [control_serial_interface]: No serial port defined for control board, attempting to acquire port
[ERROR] [1775075828.916582612] [control_serial_interface]: Serial manager service not available
[ERROR] [1775075828.919563677] [control_serial_interface]: Serial port not found
[WARN] [1775075830.911813950] [control_serial_interface]: Control board serial port is not open, attempting to open
[INFO] [1775075830.912358420] [control_serial_interface]: Attempting to open serial port for control board
[INFO] [1775075830.912833200] [control_serial_interface]: No serial port defined for control board, attempting to acquire port
[ERROR] [1775075831.914961048] [control_serial_interface]: Serial manager service not available
[ERROR] [1775075831.915758731] [control_serial_interface]: Serial port not found
[WARN] [1775075833.912154092] [control_serial_interface]: Control board serial port is not open, attempting to open
[INFO] [1775075833.912704385] [control_serial_interface]: Attempting to open serial port for control board
[INFO] [1775075833.913285538] [control_serial_interface]: No serial port defined for control board, attempting to acquire port
[ERROR] [1775075834.915421023] [control_serial_interface]: Serial manager service not available
[ERROR] [1775075834.916108835] [control_serial_interface]: Serial port not found
[WARN] [1775075836.913162795] [control_serial_interface]: Control board serial port is not open, attempting to open
[INFO] [1775075836.914970436] [control_serial_interface]: Attempting to open serial port for control board
[INFO] [1775075836.916592396] [control_serial_interface]: No serial port defined for control board, attempting to acquire port
[ERROR] [1775075837.920336922] [control_serial_interface]: Serial manager service not available
[ERROR] [1775075837.921890456] [control_serial_interface]: Serial port not found
[WARN] [1775075839.913358844] [control_serial_interface]: Control board serial port is not open, attempting to open
[INFO] [1775075839.915102598] [control_serial_interface]: Attempting to open serial port for control board
[INFO] [1775075839.917015149] [control_serial_interface]: No serial port defined for control board, attempting to acquire port
[ERROR] [1775075840.919436351] [control_serial_interface]: Serial manager service not available
[ERROR] [1775075840.920210105] [control_serial_interface]: Serial port not found
[WARN] [1775075842.911751523] [control_serial_interface]: Control board serial port is not open, attempting to open
[INFO] [1775075842.912317779] [control_serial_interface]: Attempting to open serial port for control board
[INFO] [1775075842.912726726] [control_serial_interface]: No serial port defined for control board, attempting to acquire port
[ERROR] [1775075843.914446659] [control_serial_interface]: Serial manager service not available
[ERROR] [1775075843.915151228] [control_serial_interface]: Serial port not found
[WARN] [1775075845.912421884] [control_serial_interface]: Control board serial port is not open, attempting to open
[INFO] [1775075845.913280641] [control_serial_interface]: Attempting to open serial port for control board
[INFO] [1775075845.914023652] [control_serial_interface]: No serial port defined for control board, attempting to acquire port
[ERROR] [1775075846.916974876] [control_serial_interface]: Serial manager service not available
[ERROR] [1775075846.917722837] [control_serial_interface]: Serial port not found
[WARN] [1775075848.913673669] [control_serial_interface]: Control board serial port is not open, attempting to open
[INFO] [1775075848.915787048] [control_serial_interface]: Attempting to open serial port for control board
[INFO] [1775075848.917424452] [control_serial_interface]: No serial port defined for control board, attempting to acquire port
[ERROR] [1775075849.921460328] [control_serial_interface]: Serial manager service not available
[ERROR] [1775075849.923565871] [control_serial_interface]: Serial port not found
[WARN] [1775075851.914717245] [control_serial_interface]: Control board serial port is not open, attempting to open
[INFO] [1775075851.916965640] [control_serial_interface]: Attempting to open serial port for control board
[INFO] [1775075851.918560654] [control_serial_interface]: No serial port defined for control board, attempting to acquire port
[ERROR] [1775075852.921690272] [control_serial_interface]: Serial manager service not available
[ERROR] [1775075852.923151723] [control_serial_interface]: Serial port not found
[WARN] [1775075854.913280768] [control_serial_interface]: Control board serial port is not open, attempting to open
[INFO] [1775075854.915039633] [control_serial_interface]: Attempting to open serial port for control board
[INFO] [1775075854.916876275] [control_serial_interface]: No serial port defined for control board, attempting to acquire port
[ERROR] [1775075855.919210262] [control_serial_interface]: Serial manager service not available
[ERROR] [1775075855.919881934] [control_serial_interface]: Serial port not found
[WARN] [1775075857.912547910] [control_serial_interface]: Control board serial port is not open, attempting to open
[INFO] [1775075857.914036505] [control_serial_interface]: Attempting to open serial port for control board
[INFO] [1775075857.914673271] [control_serial_interface]: No serial port defined for control board, attempting to acquire port
[ERROR] [1775075858.918121465] [control_serial_interface]: Serial manager service not available
[ERROR] [1775075858.919072565] [control_serial_interface]: Serial port not found
[WARN] [1775075860.912213678] [control_serial_interface]: Control board serial port is not open, attempting to open
[INFO] [1775075860.912759243] [control_serial_interface]: Attempting to open serial port for control board
[INFO] [1775075860.913400858] [control_serial_interface]: No serial port defined for control board, attempting to acquire port
[ERROR] [1775075861.915786870] [control_serial_interface]: Serial manager service not available
[ERROR] [1775075861.916711731] [control_serial_interface]: Serial port not found
[WARN] [1775075863.912444002] [control_serial_interface]: Control board serial port is not open, attempting to open
[INFO] [1775075863.913227435] [control_serial_interface]: Attempting to open serial port for control board
[INFO] [1775075863.914154604] [control_serial_interface]: No serial port defined for control board, attempting to acquire port
[ERROR] [1775075864.918068126] [control_serial_interface]: Serial manager service not available
[ERROR] [1775075864.920502935] [control_serial_interface]: Serial port not found
[WARN] [1775075866.913280633] [control_serial_interface]: Control board serial port is not open, attempting to open
[INFO] [1775075866.915478149] [control_serial_interface]: Attempting to open serial port for control board
[INFO] [1775075866.917785819] [control_serial_interface]: No serial port defined for control board, attempting to acquire port
[ERROR] [1775075867.921415241] [control_serial_interface]: Serial manager service not available
[ERROR] [1775075867.923255118] [control_serial_interface]: Serial port not found
[WARN] [1775075869.912443959] [control_serial_interface]: Control board serial port is not open, attempting to open
[INFO] [1775075869.915029135] [control_serial_interface]: Attempting to open serial port for control board
[INFO] [1775075869.915639889] [control_serial_interface]: No serial port defined for control board, attempting to acquire port
[ERROR] [1775075870.919672099] [control_serial_interface]: Serial manager service not available
[ERROR] [1775075870.922488487] [control_serial_interface]: Serial port not found
[WARN] [1775075872.913620465] [control_serial_interface]: Control board serial port is not open, attempting to open
[INFO] [1775075872.915998457] [control_serial_interface]: Attempting to open serial port for control board
[INFO] [1775075872.917660098] [control_serial_interface]: No serial port defined for control board, attempting to acquire port
[ERROR] [1775075873.921558581] [control_serial_interface]: Serial manager service not available
[ERROR] [1775075873.924247279] [control_serial_interface]: Serial port not found
[WARN] [1775075875.913045459] [control_serial_interface]: Control board serial port is not open, attempting to open
[INFO] [1775075875.914695094] [control_serial_interface]: Attempting to open serial port for control board
[INFO] [1775075875.916200869] [control_serial_interface]: No serial port defined for control board, attempting to acquire port
[ERROR] [1775075876.919177839] [control_serial_interface]: Serial manager service not available
[ERROR] [1775075876.921462110] [control_serial_interface]: Serial port not found
[WARN] [1775075878.913275393] [control_serial_interface]: Control board serial port is not open, attempting to open
[INFO] [1775075878.914010512] [control_serial_interface]: Attempting to open serial port for control board
[INFO] [1775075878.914555003] [control_serial_interface]: No serial port defined for control board, attempting to acquire port
[ERROR] [1775075879.916491607] [control_serial_interface]: Serial manager service not available
[ERROR] [1775075879.917638969] [control_serial_interface]: Serial port not found
[WARN] [1775075881.912161943] [control_serial_interface]: Control board serial port is not open, attempting to open
[INFO] [1775075881.913131791] [control_serial_interface]: Attempting to open serial port for control board
[INFO] [1775075881.913937413] [control_serial_interface]: No serial port defined for control board, attempting to acquire port
[ERROR] [1775075882.915981768] [control_serial_interface]: Serial manager service not available
[ERROR] [1775075882.916608881] [control_serial_interface]: Serial port not found
[WARN] [1775075884.912230665] [control_serial_interface]: Control board serial port is not open, attempting to open
[INFO] [1775075884.913062940] [control_serial_interface]: Attempting to open serial port for control board
[INFO] [1775075884.913765031] [control_serial_interface]: No serial port defined for control board, attempting to acquire port
[ERROR] [1775075885.916989357] [control_serial_interface]: Serial manager service not available
[ERROR] [1775075885.918797214] [control_serial_interface]: Serial port not found
[WARN] [1775075887.912553529] [control_serial_interface]: Control board serial port is not open, attempting to open
[INFO] [1775075887.913250673] [control_serial_interface]: Attempting to open serial port for control board
[INFO] [1775075887.914645769] [control_serial_interface]: No serial port defined for control board, attempting to acquire port
[ERROR] [1775075888.916947243] [control_serial_interface]: Serial manager service not available
[ERROR] [1775075888.917663689] [control_serial_interface]: Serial port not found
[WARN] [1775075890.911842709] [control_serial_interface]: Control board serial port is not open, attempting to open
[INFO] [1775075890.912363449] [control_serial_interface]: Attempting to open serial port for control board
[INFO] [1775075890.912881356] [control_serial_interface]: No serial port defined for control board, attempting to acquire port
[ERROR] [1775075891.915426254] [control_serial_interface]: Serial manager service not available
[ERROR] [1775075891.916564508] [control_serial_interface]: Serial port not found
[WARN] [1775075893.911960644] [control_serial_interface]: Control board serial port is not open, attempting to open
[INFO] [1775075893.912596141] [control_serial_interface]: Attempting to open serial port for control board
[INFO] [1775075893.913302355] [control_serial_interface]: No serial port defined for control board, attempting to acquire port
[ERROR] [1775075894.915594518] [control_serial_interface]: Serial manager service not available
[ERROR] [1775075894.916227870] [control_serial_interface]: Serial port not found
[WARN] [1775075896.912041481] [control_serial_interface]: Control board serial port is not open, attempting to open
[INFO] [1775075896.912686735] [control_serial_interface]: Attempting to open serial port for control board
[INFO] [1775075896.913214461] [control_serial_interface]: No serial port defined for control board, attempting to acquire port
[ERROR] [1775075897.915589445] [control_serial_interface]: Serial manager service not available
[ERROR] [1775075897.916488863] [control_serial_interface]: Serial port not found
[WARN] [1775075899.912409841] [control_serial_interface]: Control board serial port is not open, attempting to open
[INFO] [1775075899.913139136] [control_serial_interface]: Attempting to open serial port for control board
[INFO] [1775075899.913934564] [control_serial_interface]: No serial port defined for control board, attempting to acquire port
[ERROR] [1775075900.916247798] [control_serial_interface]: Serial manager service not available
[ERROR] [1775075900.917141625] [control_serial_interface]: Serial port not found
[WARN] [1775075902.912029680] [control_serial_interface]: Control board serial port is not open, attempting to open
[INFO] [1775075902.912780690] [control_serial_interface]: Attempting to open serial port for control board
[INFO] [1775075902.913347671] [control_serial_interface]: No serial port defined for control board, attempting to acquire port
[ERROR] [1775075903.915749392] [control_serial_interface]: Serial manager service not available
[ERROR] [1775075903.916678813] [control_serial_interface]: Serial port not found
[WARN] [1775075905.912730588] [control_serial_interface]: Control board serial port is not open, attempting to open
[INFO] [1775075905.913540288] [control_serial_interface]: Attempting to open serial port for control board
[INFO] [1775075905.914385029] [control_serial_interface]: No serial port defined for control board, attempting to acquire port
[ERROR] [1775075906.916498532] [control_serial_interface]: Serial manager service not available
[ERROR] [1775075906.917461606] [control_serial_interface]: Serial port not found
[WARN] [1775075908.912445349] [control_serial_interface]: Control board serial port is not open, attempting to open
[INFO] [1775075908.913068444] [control_serial_interface]: Attempting to open serial port for control board
[INFO] [1775075908.913625488] [control_serial_interface]: No serial port defined for control board, attempting to acquire port
[ERROR] [1775075909.916171482] [control_serial_interface]: Serial manager service not available
[ERROR] [1775075909.917157863] [control_serial_interface]: Serial port not found
[WARN] [1775075911.912826311] [control_serial_interface]: Control board serial port is not open, attempting to open
[INFO] [1775075911.913610775] [control_serial_interface]: Attempting to open serial port for control board
[INFO] [1775075911.914843788] [control_serial_interface]: No serial port defined for control board, attempting to acquire port
[ERROR] [1775075912.917955244] [control_serial_interface]: Serial manager service not available
[ERROR] [1775075912.920144007] [control_serial_interface]: Serial port not found
[WARN] [1775075914.911895308] [control_serial_interface]: Control board serial port is not open, attempting to open
[INFO] [1775075914.912554686] [control_serial_interface]: Attempting to open serial port for control board
[INFO] [1775075914.913196542] [control_serial_interface]: No serial port defined for control board, attempting to acquire port
[ERROR] [1775075915.916230364] [control_serial_interface]: Serial manager service not available
[ERROR] [1775075915.917112238] [control_serial_interface]: Serial port not found
[WARN] [1775075917.912227408] [control_serial_interface]: Control board serial port is not open, attempting to open
[INFO] [1775075917.913038480] [control_serial_interface]: Attempting to open serial port for control board
[INFO] [1775075917.913643563] [control_serial_interface]: No serial port defined for control board, attempting to acquire port
[ERROR] [1775075918.917434935] [control_serial_interface]: Serial manager service not available
[ERROR] [1775075918.919159287] [control_serial_interface]: Serial port not found
[WARN] [1775075920.911821502] [control_serial_interface]: Control board serial port is not open, attempting to open
[INFO] [1775075920.912461573] [control_serial_interface]: Attempting to open serial port for control board
[INFO] [1775075920.912966588] [control_serial_interface]: No serial port defined for control board, attempting to acquire port
[ERROR] [1775075921.917040453] [control_serial_interface]: Serial manager service not available
[ERROR] [1775075921.918834129] [control_serial_interface]: Serial port not found
[WARN] [1775075923.912163563] [control_serial_interface]: Control board serial port is not open, attempting to open
[INFO] [1775075923.913109390] [control_serial_interface]: Attempting to open serial port for control board
[INFO] [1775075923.913985903] [control_serial_interface]: No serial port defined for control board, attempting to acquire port
[ERROR] [1775075924.916212440] [control_serial_interface]: Serial manager service not available
[ERROR] [1775075924.917000223] [control_serial_interface]: Serial port not found
[WARN] [1775075926.913184539] [control_serial_interface]: Control board serial port is not open, attempting to open
[INFO] [1775075926.914241647] [control_serial_interface]: Attempting to open serial port for control board
[INFO] [1775075926.915221354] [control_serial_interface]: No serial port defined for control board, attempting to acquire port
[ERROR] [1775075927.917949450] [control_serial_interface]: Serial manager service not available
[ERROR] [1775075927.919015744] [control_serial_interface]: Serial port not found
[WARN] [1775075929.913243849] [control_serial_interface]: Control board serial port is not open, attempting to open
[INFO] [1775075929.915181115] [control_serial_interface]: Attempting to open serial port for control board
[INFO] [1775075929.918137980] [control_serial_interface]: No serial port defined for control board, attempting to acquire port
[ERROR] [1775075930.920519919] [control_serial_interface]: Serial manager service not available
[ERROR] [1775075930.921263478] [control_serial_interface]: Serial port not found
[WARN] [1775075932.912328514] [control_serial_interface]: Control board serial port is not open, attempting to open
[INFO] [1775075932.913133535] [control_serial_interface]: Attempting to open serial port for control board
[INFO] [1775075932.913810901] [control_serial_interface]: No serial port defined for control board, attempting to acquire port
[ERROR] [1775075933.917582661] [control_serial_interface]: Serial manager service not available
[ERROR] [1775075933.919519403] [control_serial_interface]: Serial port not found
[WARN] [1775075935.913234855] [control_serial_interface]: Control board serial port is not open, attempting to open
[INFO] [1775075935.914897111] [control_serial_interface]: Attempting to open serial port for control board
[INFO] [1775075935.916506835] [control_serial_interface]: No serial port defined for control board, attempting to acquire port
[ERROR] [1775075936.921340432] [control_serial_interface]: Serial manager service not available
[ERROR] [1775075936.926347196] [control_serial_interface]: Serial port not found
[WARN] [1775075938.911802598] [control_serial_interface]: Control board serial port is not open, attempting to open
[INFO] [1775075938.912374188] [control_serial_interface]: Attempting to open serial port for control board
[INFO] [1775075938.912843708] [control_serial_interface]: No serial port defined for control board, attempting to acquire port
[ERROR] [1775075939.916532793] [control_serial_interface]: Serial manager service not available
[ERROR] [1775075939.919275749] [control_serial_interface]: Serial port not found
[WARN] [1775075941.912050392] [control_serial_interface]: Control board serial port is not open, attempting to open
[INFO] [1775075941.912743826] [control_serial_interface]: Attempting to open serial port for control board
[INFO] [1775075941.913390875] [control_serial_interface]: No serial port defined for control board, attempting to acquire port
[ERROR] [1775075942.915944979] [control_serial_interface]: Serial manager service not available
[ERROR] [1775075942.917184195] [control_serial_interface]: Serial port not found
[WARN] [1775075944.913237173] [control_serial_interface]: Control board serial port is not open, attempting to open
[INFO] [1775075944.914986897] [control_serial_interface]: Attempting to open serial port for control board
[INFO] [1775075944.916898967] [control_serial_interface]: No serial port defined for control board, attempting to acquire port
[ERROR] [1775075945.920470583] [control_serial_interface]: Serial manager service not available
[ERROR] [1775075945.922449731] [control_serial_interface]: Serial port not found
[WARN] [1775075947.911818379] [control_serial_interface]: Control board serial port is not open, attempting to open
[INFO] [1775075947.912370963] [control_serial_interface]: Attempting to open serial port for control board
[INFO] [1775075947.912877122] [control_serial_interface]: No serial port defined for control board, attempting to acquire port
[ERROR] [1775075948.916457263] [control_serial_interface]: Serial manager service not available
[ERROR] [1775075948.919629869] [control_serial_interface]: Serial port not found
[WARN] [1775075950.913105657] [control_serial_interface]: Control board serial port is not open, attempting to open
[INFO] [1775075950.914913028] [control_serial_interface]: Attempting to open serial port for control board
[INFO] [1775075950.916468400] [control_serial_interface]: No serial port defined for control board, attempting to acquire port
[ERROR] [1775075951.918809702] [control_serial_interface]: Serial manager service not available
[ERROR] [1775075951.919551836] [control_serial_interface]: Serial port not found
[WARN] [1775075953.912083445] [control_serial_interface]: Control board serial port is not open, attempting to open
[INFO] [1775075953.912565072] [control_serial_interface]: Attempting to open serial port for control board
[INFO] [1775075953.913017444] [control_serial_interface]: No serial port defined for control board, attempting to acquire port
[ERROR] [1775075954.916230677] [control_serial_interface]: Serial manager service not available
[ERROR] [1775075954.918513266] [control_serial_interface]: Serial port not found
[WARN] [1775075956.913237785] [control_serial_interface]: Control board serial port is not open, attempting to open
[INFO] [1775075956.914894896] [control_serial_interface]: Attempting to open serial port for control board
[INFO] [1775075956.916736034] [control_serial_interface]: No serial port defined for control board, attempting to acquire port
[ERROR] [1775075957.919405639] [control_serial_interface]: Serial manager service not available
[ERROR] [1775075957.920162814] [control_serial_interface]: Serial port not found
[WARN] [1775075959.911754838] [control_serial_interface]: Control board serial port is not open, attempting to open
[INFO] [1775075959.912409024] [control_serial_interface]: Attempting to open serial port for control board
[INFO] [1775075959.912867458] [control_serial_interface]: No serial port defined for control board, attempting to acquire port
[ERROR] [1775075960.915356066] [control_serial_interface]: Serial manager service not available
[ERROR] [1775075960.916380442] [control_serial_interface]: Serial port not found
[WARN] [1775075962.913261391] [control_serial_interface]: Control board serial port is not open, attempting to open
[INFO] [1775075962.915229548] [control_serial_interface]: Attempting to open serial port for control board
[INFO] [1775075962.917111718] [control_serial_interface]: No serial port defined for control board, attempting to acquire port
[ERROR] [1775075963.922184884] [control_serial_interface]: Serial manager service not available
[ERROR] [1775075963.924402260] [control_serial_interface]: Serial port not found
[WARN] [1775075965.914370174] [control_serial_interface]: Control board serial port is not open, attempting to open
[INFO] [1775075965.916343832] [control_serial_interface]: Attempting to open serial port for control board
[INFO] [1775075965.918264222] [control_serial_interface]: No serial port defined for control board, attempting to acquire port
[ERROR] [1775075966.921578183] [control_serial_interface]: Serial manager service not available
[ERROR] [1775075966.923736388] [control_serial_interface]: Serial port not found
[WARN] [1775075968.914274048] [control_serial_interface]: Control board serial port is not open, attempting to open
[INFO] [1775075968.916791961] [control_serial_interface]: Attempting to open serial port for control board
[INFO] [1775075968.918289636] [control_serial_interface]: No serial port defined for control board, attempting to acquire port
[ERROR] [1775075969.921599691] [control_serial_interface]: Serial manager service not available
[ERROR] [1775075969.923813503] [control_serial_interface]: Serial port not found
[WARN] [1775075971.912412877] [control_serial_interface]: Control board serial port is not open, attempting to open
[INFO] [1775075971.913295002] [control_serial_interface]: Attempting to open serial port for control board
[INFO] [1775075971.914005038] [control_serial_interface]: No serial port defined for control board, attempting to acquire port
[ERROR] [1775075972.916739304] [control_serial_interface]: Serial manager service not available
[ERROR] [1775075972.918359637] [control_serial_interface]: Serial port not found
[WARN] [1775075974.914037789] [control_serial_interface]: Control board serial port is not open, attempting to open
[INFO] [1775075974.916460743] [control_serial_interface]: Attempting to open serial port for control board
[INFO] [1775075974.918977621] [control_serial_interface]: No serial port defined for control board, attempting to acquire port
[ERROR] [1775075975.921983667] [control_serial_interface]: Serial manager service not available
[ERROR] [1775075975.922932878] [control_serial_interface]: Serial port not found
[WARN] [1775075977.912217404] [control_serial_interface]: Control board serial port is not open, attempting to open
[INFO] [1775075977.913110337] [control_serial_interface]: Attempting to open serial port for control board
[INFO] [1775075977.913754278] [control_serial_interface]: No serial port defined for control board, attempting to acquire port
[ERROR] [1775075978.916362632] [control_serial_interface]: Serial manager service not available
[ERROR] [1775075978.917605795] [control_serial_interface]: Serial port not found
[WARN] [1775075980.912359515] [control_serial_interface]: Control board serial port is not open, attempting to open
[INFO] [1775075980.913198411] [control_serial_interface]: Attempting to open serial port for control board
[INFO] [1775075980.913952730] [control_serial_interface]: No serial port defined for control board, attempting to acquire port
[ERROR] [1775075981.916427827] [control_serial_interface]: Serial manager service not available
[ERROR] [1775075981.917447960] [control_serial_interface]: Serial port not found
[WARN] [1775075983.911983553] [control_serial_interface]: Control board serial port is not open, attempting to open
[INFO] [1775075983.912581806] [control_serial_interface]: Attempting to open serial port for control board
[INFO] [1775075983.913193923] [control_serial_interface]: No serial port defined for control board, attempting to acquire port
[ERROR] [1775075984.915239417] [control_serial_interface]: Serial manager service not available
[ERROR] [1775075984.915937949] [control_serial_interface]: Serial port not found
[WARN] [1775075986.912089156] [control_serial_interface]: Control board serial port is not open, attempting to open
[INFO] [1775075986.912736374] [control_serial_interface]: Attempting to open serial port for control board
[INFO] [1775075986.913354936] [control_serial_interface]: No serial port defined for control board, attempting to acquire port
[ERROR] [1775075987.916086866] [control_serial_interface]: Serial manager service not available
[ERROR] [1775075987.917211864] [control_serial_interface]: Serial port not found
[WARN] [1775075989.913221470] [control_serial_interface]: Control board serial port is not open, attempting to open
[INFO] [1775075989.915055293] [control_serial_interface]: Attempting to open serial port for control board
[INFO] [1775075989.915791703] [control_serial_interface]: No serial port defined for control board, attempting to acquire port
[ERROR] [1775075990.917991380] [control_serial_interface]: Serial manager service not available
[ERROR] [1775075990.919007803] [control_serial_interface]: Serial port not found
[WARN] [1775075992.912894689] [control_serial_interface]: Control board serial port is not open, attempting to open
[INFO] [1775075992.913636258] [control_serial_interface]: Attempting to open serial port for control board
[INFO] [1775075992.914456145] [control_serial_interface]: No serial port defined for control board, attempting to acquire port
[ERROR] [1775075993.916405147] [control_serial_interface]: Serial manager service not available
[ERROR] [1775075993.917119867] [control_serial_interface]: Serial port not found
[WARN] [1775075995.913321219] [control_serial_interface]: Control board serial port is not open, attempting to open
[INFO] [1775075995.915120165] [control_serial_interface]: Attempting to open serial port for control board
[INFO] [1775075995.917542289] [control_serial_interface]: No serial port defined for control board, attempting to acquire port
[ERROR] [1775075996.922086350] [control_serial_interface]: Serial manager service not available
[ERROR] [1775075996.924952250] [control_serial_interface]: Serial port not found
[WARN] [1775075998.913411689] [control_serial_interface]: Control board serial port is not open, attempting to open
[INFO] [1775075998.915169429] [control_serial_interface]: Attempting to open serial port for control board
[INFO] [1775075998.917023417] [control_serial_interface]: No serial port defined for control board, attempting to acquire port
[ERROR] [1775075999.920471793] [control_serial_interface]: Serial manager service not available
[ERROR] [1775075999.922706045] [control_serial_interface]: Serial port not found
[WARN] [1775076001.915319985] [control_serial_interface]: Control board serial port is not open, attempting to open
[INFO] [1775076001.917586105] [control_serial_interface]: Attempting to open serial port for control board
[INFO] [1775076001.919303718] [control_serial_interface]: No serial port defined for control board, attempting to acquire port
[ERROR] [1775076002.922580965] [control_serial_interface]: Serial manager service not available
[ERROR] [1775076002.924214157] [control_serial_interface]: Serial port not found
[WARN] [1775076004.913573195] [control_serial_interface]: Control board serial port is not open, attempting to open
[INFO] [1775076004.916995256] [control_serial_interface]: Attempting to open serial port for control board
[INFO] [1775076004.919079648] [control_serial_interface]: No serial port defined for control board, attempting to acquire port
[ERROR] [1775076005.922085424] [control_serial_interface]: Serial manager service not available
[ERROR] [1775076005.923220709] [control_serial_interface]: Serial port not found
[WARN] [1775076007.913243059] [control_serial_interface]: Control board serial port is not open, attempting to open
[INFO] [1775076007.914896205] [control_serial_interface]: Attempting to open serial port for control board
[INFO] [1775076007.916501584] [control_serial_interface]: No serial port defined for control board, attempting to acquire port
[ERROR] [1775076008.919079968] [control_serial_interface]: Serial manager service not available
[ERROR] [1775076008.920145534] [control_serial_interface]: Serial port not found
[WARN] [1775076010.913437804] [control_serial_interface]: Control board serial port is not open, attempting to open
[INFO] [1775076010.915200148] [control_serial_interface]: Attempting to open serial port for control board
[INFO] [1775076010.916764096] [control_serial_interface]: No serial port defined for control board, attempting to acquire port
[ERROR] [1775076011.920512643] [control_serial_interface]: Serial manager service not available
[ERROR] [1775076011.922302429] [control_serial_interface]: Serial port not found
[WARN] [1775076013.911767000] [control_serial_interface]: Control board serial port is not open, attempting to open
[INFO] [1775076013.912391170] [control_serial_interface]: Attempting to open serial port for control board
[INFO] [1775076013.912943490] [control_serial_interface]: No serial port defined for control board, attempting to acquire port
[ERROR] [1775076014.915284538] [control_serial_interface]: Serial manager service not available
[ERROR] [1775076014.916040183] [control_serial_interface]: Serial port not found
[WARN] [1775076016.911886058] [control_serial_interface]: Control board serial port is not open, attempting to open
[INFO] [1775076016.912442342] [control_serial_interface]: Attempting to open serial port for control board
[INFO] [1775076016.912951327] [control_serial_interface]: No serial port defined for control board, attempting to acquire port
[ERROR] [1775076017.915348961] [control_serial_interface]: Serial manager service not available
[ERROR] [1775076017.916025938] [control_serial_interface]: Serial port not found
[WARN] [1775076019.914705833] [control_serial_interface]: Control board serial port is not open, attempting to open
[INFO] [1775076019.917307378] [control_serial_interface]: Attempting to open serial port for control board
[INFO] [1775076019.918820010] [control_serial_interface]: No serial port defined for control board, attempting to acquire port
[ERROR] [1775076020.922398710] [control_serial_interface]: Serial manager service not available
[ERROR] [1775076020.924467921] [control_serial_interface]: Serial port not found
[WARN] [1775076022.911847525] [control_serial_interface]: Control board serial port is not open, attempting to open
[INFO] [1775076022.912410538] [control_serial_interface]: Attempting to open serial port for control board
[INFO] [1775076022.912897454] [control_serial_interface]: No serial port defined for control board, attempting to acquire port
[ERROR] [1775076023.916173233] [control_serial_interface]: Serial manager service not available
[ERROR] [1775076023.918100684] [control_serial_interface]: Serial port not found
[WARN] [1775076025.912958194] [control_serial_interface]: Control board serial port is not open, attempting to open
[INFO] [1775076025.914556889] [control_serial_interface]: Attempting to open serial port for control board
[INFO] [1775076025.916237799] [control_serial_interface]: No serial port defined for control board, attempting to acquire port
[ERROR] [1775076026.919702485] [control_serial_interface]: Serial manager service not available
[ERROR] [1775076026.921674558] [control_serial_interface]: Serial port not found
[WARN] [1775076028.913258517] [control_serial_interface]: Control board serial port is not open, attempting to open
[INFO] [1775076028.914954689] [control_serial_interface]: Attempting to open serial port for control board
[INFO] [1775076028.916536867] [control_serial_interface]: No serial port defined for control board, attempting to acquire port
[ERROR] [1775076029.920039495] [control_serial_interface]: Serial manager service not available
[ERROR] [1775076029.921822061] [control_serial_interface]: Serial port not found
[WARN] [1775076031.912259579] [control_serial_interface]: Control board serial port is not open, attempting to open
[INFO] [1775076031.912920940] [control_serial_interface]: Attempting to open serial port for control board
[INFO] [1775076031.913449791] [control_serial_interface]: No serial port defined for control board, attempting to acquire port
[ERROR] [1775076032.915581015] [control_serial_interface]: Serial manager service not available
[ERROR] [1775076032.916417387] [control_serial_interface]: Serial port not found
[WARN] [1775076034.911970144] [control_serial_interface]: Control board serial port is not open, attempting to open
[INFO] [1775076034.912575687] [control_serial_interface]: Attempting to open serial port for control board
[INFO] [1775076034.913086870] [control_serial_interface]: No serial port defined for control board, attempting to acquire port
[ERROR] [1775076035.916716657] [control_serial_interface]: Serial manager service not available
[ERROR] [1775076035.918617842] [control_serial_interface]: Serial port not found
[WARN] [1775076037.913262528] [control_serial_interface]: Control board serial port is not open, attempting to open
[INFO] [1775076037.915332254] [control_serial_interface]: Attempting to open serial port for control board
[INFO] [1775076037.917024907] [control_serial_interface]: No serial port defined for control board, attempting to acquire port
[ERROR] [1775076038.919832784] [control_serial_interface]: Serial manager service not available
[ERROR] [1775076038.920476119] [control_serial_interface]: Serial port not found
[WARN] [1775076040.913321278] [control_serial_interface]: Control board serial port is not open, attempting to open
[INFO] [1775076040.915087953] [control_serial_interface]: Attempting to open serial port for control board
[INFO] [1775076040.916978212] [control_serial_interface]: No serial port defined for control board, attempting to acquire port
[ERROR] [1775076041.920606865] [control_serial_interface]: Serial manager service not available
[ERROR] [1775076041.922973137] [control_serial_interface]: Serial port not found
[WARN] [1775076043.913426204] [control_serial_interface]: Control board serial port is not open, attempting to open
[INFO] [1775076043.915168208] [control_serial_interface]: Attempting to open serial port for control board
[INFO] [1775076043.916748071] [control_serial_interface]: No serial port defined for control board, attempting to acquire port
[ERROR] [1775076044.918974015] [control_serial_interface]: Serial manager service not available
[ERROR] [1775076044.919685020] [control_serial_interface]: Serial port not found
[WARN] [1775076046.912245993] [control_serial_interface]: Control board serial port is not open, attempting to open
[INFO] [1775076046.912928803] [control_serial_interface]: Attempting to open serial port for control board
[INFO] [1775076046.913593973] [control_serial_interface]: No serial port defined for control board, attempting to acquire port
[ERROR] [1775076047.916642549] [control_serial_interface]: Serial manager service not available
[ERROR] [1775076047.918635447] [control_serial_interface]: Serial port not found
[WARN] [1775076049.913282194] [control_serial_interface]: Control board serial port is not open, attempting to open
[INFO] [1775076049.915117786] [control_serial_interface]: Attempting to open serial port for control board
[INFO] [1775076049.917389405] [control_serial_interface]: No serial port defined for control board, attempting to acquire port
[ERROR] [1775076050.921261851] [control_serial_interface]: Serial manager service not available
[ERROR] [1775076050.923106369] [control_serial_interface]: Serial port not found
[WARN] [1775076052.911913810] [control_serial_interface]: Control board serial port is not open, attempting to open
[INFO] [1775076052.912471372] [control_serial_interface]: Attempting to open serial port for control board
[INFO] [1775076052.912912214] [control_serial_interface]: No serial port defined for control board, attempting to acquire port
[ERROR] [1775076053.916312242] [control_serial_interface]: Serial manager service not available
[ERROR] [1775076053.918290255] [control_serial_interface]: Serial port not found
[WARN] [1775076055.913204751] [control_serial_interface]: Control board serial port is not open, attempting to open
[INFO] [1775076055.914874467] [control_serial_interface]: Attempting to open serial port for control board
[INFO] [1775076055.916544334] [control_serial_interface]: No serial port defined for control board, attempting to acquire port
[ERROR] [1775076056.918904175] [control_serial_interface]: Serial manager service not available
[ERROR] [1775076056.919505433] [control_serial_interface]: Serial port not found
[WARN] [1775076058.913292752] [control_serial_interface]: Control board serial port is not open, attempting to open
[INFO] [1775076058.915087023] [control_serial_interface]: Attempting to open serial port for control board
[INFO] [1775076058.916990333] [control_serial_interface]: No serial port defined for control board, attempting to acquire port
[ERROR] [1775076059.919447917] [control_serial_interface]: Serial manager service not available
[ERROR] [1775076059.920061165] [control_serial_interface]: Serial port not found
[WARN] [1775076061.911919815] [control_serial_interface]: Control board serial port is not open, attempting to open
[INFO] [1775076061.912432328] [control_serial_interface]: Attempting to open serial port for control board
[INFO] [1775076061.912903225] [control_serial_interface]: No serial port defined for control board, attempting to acquire port
[ERROR] [1775076062.916239121] [control_serial_interface]: Serial manager service not available
[ERROR] [1775076062.918099159] [control_serial_interface]: Serial port not found
[WARN] [1775076064.913400820] [control_serial_interface]: Control board serial port is not open, attempting to open
[INFO] [1775076064.915103007] [control_serial_interface]: Attempting to open serial port for control board
[INFO] [1775076064.916702361] [control_serial_interface]: No serial port defined for control board, attempting to acquire port
[ERROR] [1775076065.920544466] [control_serial_interface]: Serial manager service not available
[ERROR] [1775076065.922150312] [control_serial_interface]: Serial port not found
[WARN] [1775076067.913620535] [control_serial_interface]: Control board serial port is not open, attempting to open
[INFO] [1775076067.915453348] [control_serial_interface]: Attempting to open serial port for control board
[INFO] [1775076067.917105888] [control_serial_interface]: No serial port defined for control board, attempting to acquire port
[ERROR] [1775076068.921004151] [control_serial_interface]: Serial manager service not available
[ERROR] [1775076068.922836898] [control_serial_interface]: Serial port not found
[WARN] [1775076070.911914616] [control_serial_interface]: Control board serial port is not open, attempting to open
[INFO] [1775076070.912489175] [control_serial_interface]: Attempting to open serial port for control board
[INFO] [1775076070.912954132] [control_serial_interface]: No serial port defined for control board, attempting to acquire port
[ERROR] [1775076071.915283763] [control_serial_interface]: Serial manager service not available
[ERROR] [1775076071.916199930] [control_serial_interface]: Serial port not found
[WARN] [1775076073.912060039] [control_serial_interface]: Control board serial port is not open, attempting to open
[INFO] [1775076073.912593956] [control_serial_interface]: Attempting to open serial port for control board
[INFO] [1775076073.913076001] [control_serial_interface]: No serial port defined for control board, attempting to acquire port
[ERROR] [1775076074.916793225] [control_serial_interface]: Serial manager service not available
[ERROR] [1775076074.918978621] [control_serial_interface]: Serial port not found
[WARN] [1775076076.911886352] [control_serial_interface]: Control board serial port is not open, attempting to open
[INFO] [1775076076.912453791] [control_serial_interface]: Attempting to open serial port for control board
[INFO] [1775076076.912965556] [control_serial_interface]: No serial port defined for control board, attempting to acquire port
[ERROR] [1775076077.916469841] [control_serial_interface]: Serial manager service not available
[ERROR] [1775076077.918627601] [control_serial_interface]: Serial port not found
[WARN] [1775076079.913353470] [control_serial_interface]: Control board serial port is not open, attempting to open
[INFO] [1775076079.915163001] [control_serial_interface]: Attempting to open serial port for control board
[INFO] [1775076079.916733044] [control_serial_interface]: No serial port defined for control board, attempting to acquire port
[ERROR] [1775076080.920711600] [control_serial_interface]: Serial manager service not available
[ERROR] [1775076080.922663486] [control_serial_interface]: Serial port not found
[WARN] [1775076082.913336412] [control_serial_interface]: Control board serial port is not open, attempting to open
[INFO] [1775076082.915089756] [control_serial_interface]: Attempting to open serial port for control board
[INFO] [1775076082.916968820] [control_serial_interface]: No serial port defined for control board, attempting to acquire port
[ERROR] [1775076083.921111782] [control_serial_interface]: Serial manager service not available
[ERROR] [1775076083.923064924] [control_serial_interface]: Serial port not found
[WARN] [1775076085.913518826] [control_serial_interface]: Control board serial port is not open, attempting to open
[INFO] [1775076085.915246659] [control_serial_interface]: Attempting to open serial port for control board
[INFO] [1775076085.917351287] [control_serial_interface]: No serial port defined for control board, attempting to acquire port
[ERROR] [1775076086.920827269] [control_serial_interface]: Serial manager service not available
[ERROR] [1775076086.922956547] [control_serial_interface]: Serial port not found
[WARN] [1775076088.913183250] [control_serial_interface]: Control board serial port is not open, attempting to open
[INFO] [1775076088.914915419] [control_serial_interface]: Attempting to open serial port for control board
[INFO] [1775076088.916833079] [control_serial_interface]: No serial port defined for control board, attempting to acquire port
[ERROR] [1775076089.919331643] [control_serial_interface]: Serial manager service not available
[ERROR] [1775076089.919968017] [control_serial_interface]: Serial port not found
[WARN] [1775076091.911728719] [control_serial_interface]: Control board serial port is not open, attempting to open
[INFO] [1775076091.912320003] [control_serial_interface]: Attempting to open serial port for control board
[INFO] [1775076091.912858836] [control_serial_interface]: No serial port defined for control board, attempting to acquire port
[ERROR] [1775076092.916398095] [control_serial_interface]: Serial manager service not available
[ERROR] [1775076092.918255068] [control_serial_interface]: Serial port not found
[WARN] [1775076094.913168534] [control_serial_interface]: Control board serial port is not open, attempting to open
[INFO] [1775076094.914823690] [control_serial_interface]: Attempting to open serial port for control board
[INFO] [1775076094.916523828] [control_serial_interface]: No serial port defined for control board, attempting to acquire port
[ERROR] [1775076095.919984609] [control_serial_interface]: Serial manager service not available
[ERROR] [1775076095.921787380] [control_serial_interface]: Serial port not found
[WARN] [1775076097.911923091] [control_serial_interface]: Control board serial port is not open, attempting to open
[INFO] [1775076097.912487135] [control_serial_interface]: Attempting to open serial port for control board
[INFO] [1775076097.912998462] [control_serial_interface]: No serial port defined for control board, attempting to acquire port
[ERROR] [1775076098.916311246] [control_serial_interface]: Serial manager service not available
[ERROR] [1775076098.918504987] [control_serial_interface]: Serial port not found
[WARN] [1775076100.912553609] [control_serial_interface]: Control board serial port is not open, attempting to open
[INFO] [1775076100.913338590] [control_serial_interface]: Attempting to open serial port for control board
[INFO] [1775076100.914085227] [control_serial_interface]: No serial port defined for control board, attempting to acquire port
[ERROR] [1775076101.916348887] [control_serial_interface]: Serial manager service not available
[ERROR] [1775076101.916969198] [control_serial_interface]: Serial port not found
[WARN] [1775076103.911841354] [control_serial_interface]: Control board serial port is not open, attempting to open
[INFO] [1775076103.912394983] [control_serial_interface]: Attempting to open serial port for control board
[INFO] [1775076103.912928073] [control_serial_interface]: No serial port defined for control board, attempting to acquire port
[ERROR] [1775076104.915279005] [control_serial_interface]: Serial manager service not available
[ERROR] [1775076104.915912030] [control_serial_interface]: Serial port not found
[WARN] [1775076106.912091853] [control_serial_interface]: Control board serial port is not open, attempting to open
[INFO] [1775076106.912799765] [control_serial_interface]: Attempting to open serial port for control board
[INFO] [1775076106.913452137] [control_serial_interface]: No serial port defined for control board, attempting to acquire port
[ERROR] [1775076107.917077684] [control_serial_interface]: Serial manager service not available
[ERROR] [1775076107.917998529] [control_serial_interface]: Serial port not found
[WARN] [1775076109.912089596] [control_serial_interface]: Control board serial port is not open, attempting to open
[INFO] [1775076109.912736900] [control_serial_interface]: Attempting to open serial port for control board
[INFO] [1775076109.913302589] [control_serial_interface]: No serial port defined for control board, attempting to acquire port
[ERROR] [1775076110.915231474] [control_serial_interface]: Serial manager service not available
[ERROR] [1775076110.915946917] [control_serial_interface]: Serial port not found
[WARN] [1775076112.911888114] [control_serial_interface]: Control board serial port is not open, attempting to open
[INFO] [1775076112.912686633] [control_serial_interface]: Attempting to open serial port for control board
[INFO] [1775076112.913231712] [control_serial_interface]: No serial port defined for control board, attempting to acquire port
[ERROR] [1775076113.916538242] [control_serial_interface]: Serial manager service not available
[ERROR] [1775076113.918574161] [control_serial_interface]: Serial port not found
[WARN] [1775076115.913547964] [control_serial_interface]: Control board serial port is not open, attempting to open
[INFO] [1775076115.915487410] [control_serial_interface]: Attempting to open serial port for control board
[INFO] [1775076115.917134496] [control_serial_interface]: No serial port defined for control board, attempting to acquire port
[ERROR] [1775076116.920486229] [control_serial_interface]: Serial manager service not available
[ERROR] [1775076116.922212821] [control_serial_interface]: Serial port not found
[WARN] [1775076118.913323980] [control_serial_interface]: Control board serial port is not open, attempting to open
[INFO] [1775076118.915103141] [control_serial_interface]: Attempting to open serial port for control board
[INFO] [1775076118.917049432] [control_serial_interface]: No serial port defined for control board, attempting to acquire port
[ERROR] [1775076119.921153057] [control_serial_interface]: Serial manager service not available
[ERROR] [1775076119.923066117] [control_serial_interface]: Serial port not found
[WARN] [1775076121.912090844] [control_serial_interface]: Control board serial port is not open, attempting to open
[INFO] [1775076121.912717800] [control_serial_interface]: Attempting to open serial port for control board
[INFO] [1775076121.913299859] [control_serial_interface]: No serial port defined for control board, attempting to acquire port
[ERROR] [1775076122.916622208] [control_serial_interface]: Serial manager service not available
[ERROR] [1775076122.918645367] [control_serial_interface]: Serial port not found
[WARN] [1775076124.913605710] [control_serial_interface]: Control board serial port is not open, attempting to open
[INFO] [1775076124.915397711] [control_serial_interface]: Attempting to open serial port for control board
[INFO] [1775076124.916993805] [control_serial_interface]: No serial port defined for control board, attempting to acquire port
[ERROR] [1775076125.920331917] [control_serial_interface]: Serial manager service not available
[ERROR] [1775076125.922260971] [control_serial_interface]: Serial port not found
[WARN] [1775076127.913285886] [control_serial_interface]: Control board serial port is not open, attempting to open
[INFO] [1775076127.915132129] [control_serial_interface]: Attempting to open serial port for control board
[INFO] [1775076127.916791865] [control_serial_interface]: No serial port defined for control board, attempting to acquire port
[ERROR] [1775076128.919482973] [control_serial_interface]: Serial manager service not available
[ERROR] [1775076128.920113473] [control_serial_interface]: Serial port not found
[WARN] [1775076130.913252692] [control_serial_interface]: Control board serial port is not open, attempting to open
[INFO] [1775076130.915251696] [control_serial_interface]: Attempting to open serial port for control board
[INFO] [1775076130.917125170] [control_serial_interface]: No serial port defined for control board, attempting to acquire port
[ERROR] [1775076131.920834575] [control_serial_interface]: Serial manager service not available
[ERROR] [1775076131.922711279] [control_serial_interface]: Serial port not found
[WARN] [1775076133.913269280] [control_serial_interface]: Control board serial port is not open, attempting to open
[INFO] [1775076133.915011229] [control_serial_interface]: Attempting to open serial port for control board
[INFO] [1775076133.916569111] [control_serial_interface]: No serial port defined for control board, attempting to acquire port
[ERROR] [1775076134.919989391] [control_serial_interface]: Serial manager service not available
[ERROR] [1775076134.922105784] [control_serial_interface]: Serial port not found
[WARN] [1775076136.912076632] [control_serial_interface]: Control board serial port is not open, attempting to open
[INFO] [1775076136.912728809] [control_serial_interface]: Attempting to open serial port for control board
[INFO] [1775076136.913218842] [control_serial_interface]: No serial port defined for control board, attempting to acquire port
[ERROR] [1775076137.916768205] [control_serial_interface]: Serial manager service not available
[ERROR] [1775076137.918729533] [control_serial_interface]: Serial port not found
[WARN] [1775076139.913826520] [control_serial_interface]: Control board serial port is not open, attempting to open
[INFO] [1775076139.915669923] [control_serial_interface]: Attempting to open serial port for control board
[INFO] [1775076139.917313304] [control_serial_interface]: No serial port defined for control board, attempting to acquire port
[ERROR] [1775076140.919758021] [control_serial_interface]: Serial manager service not available
[ERROR] [1775076140.920584438] [control_serial_interface]: Serial port not found
[WARN] [1775076142.913762370] [control_serial_interface]: Control board serial port is not open, attempting to open
[INFO] [1775076142.916111571] [control_serial_interface]: Attempting to open serial port for control board
[INFO] [1775076142.918316132] [control_serial_interface]: No serial port defined for control board, attempting to acquire port
[ERROR] [1775076143.922182806] [control_serial_interface]: Serial manager service not available
[ERROR] [1775076143.924053300] [control_serial_interface]: Serial port not found
[WARN] [1775076145.913269556] [control_serial_interface]: Control board serial port is not open, attempting to open
[INFO] [1775076145.914928112] [control_serial_interface]: Attempting to open serial port for control board
[INFO] [1775076145.916522131] [control_serial_interface]: No serial port defined for control board, attempting to acquire port
[ERROR] [1775076146.920487776] [control_serial_interface]: Serial manager service not available
[ERROR] [1775076146.922411981] [control_serial_interface]: Serial port not found
[WARN] [1775076148.911900163] [control_serial_interface]: Control board serial port is not open, attempting to open
[INFO] [1775076148.912380963] [control_serial_interface]: Attempting to open serial port for control board
[INFO] [1775076148.912813403] [control_serial_interface]: No serial port defined for control board, attempting to acquire port
[ERROR] [1775076149.916342861] [control_serial_interface]: Serial manager service not available
[ERROR] [1775076149.918346644] [control_serial_interface]: Serial port not found
[WARN] [1775076151.913341084] [control_serial_interface]: Control board serial port is not open, attempting to open
[INFO] [1775076151.915034691] [control_serial_interface]: Attempting to open serial port for control board
[INFO] [1775076151.916617489] [control_serial_interface]: No serial port defined for control board, attempting to acquire port
[ERROR] [1775076152.919014833] [control_serial_interface]: Serial manager service not available
[ERROR] [1775076152.919653577] [control_serial_interface]: Serial port not found
[WARN] [1775076154.912109394] [control_serial_interface]: Control board serial port is not open, attempting to open
[INFO] [1775076154.912725572] [control_serial_interface]: Attempting to open serial port for control board
[INFO] [1775076154.913216650] [control_serial_interface]: No serial port defined for control board, attempting to acquire port
[ERROR] [1775076155.915272848] [control_serial_interface]: Serial manager service not available
[ERROR] [1775076155.915975707] [control_serial_interface]: Serial port not found
[WARN] [1775076157.912009924] [control_serial_interface]: Control board serial port is not open, attempting to open
[INFO] [1775076157.912751783] [control_serial_interface]: Attempting to open serial port for control board
[INFO] [1775076157.913453395] [control_serial_interface]: No serial port defined for control board, attempting to acquire port
[ERROR] [1775076158.915968202] [control_serial_interface]: Serial manager service not available
[ERROR] [1775076158.916583198] [control_serial_interface]: Serial port not found
[WARN] [1775076160.912070607] [control_serial_interface]: Control board serial port is not open, attempting to open
[INFO] [1775076160.912638531] [control_serial_interface]: Attempting to open serial port for control board
[INFO] [1775076160.913171872] [control_serial_interface]: No serial port defined for control board, attempting to acquire port
[ERROR] [1775076161.916622581] [control_serial_interface]: Serial manager service not available
[ERROR] [1775076161.918486789] [control_serial_interface]: Serial port not found
[WARN] [1775076163.913267681] [control_serial_interface]: Control board serial port is not open, attempting to open
[INFO] [1775076163.914951622] [control_serial_interface]: Attempting to open serial port for control board
[INFO] [1775076163.916697622] [control_serial_interface]: No serial port defined for control board, attempting to acquire port
[ERROR] [1775076164.920541057] [control_serial_interface]: Serial manager service not available
[ERROR] [1775076164.922902124] [control_serial_interface]: Serial port not found
[WARN] [1775076166.913261698] [control_serial_interface]: Control board serial port is not open, attempting to open
[INFO] [1775076166.915092350] [control_serial_interface]: Attempting to open serial port for control board
[INFO] [1775076166.916720670] [control_serial_interface]: No serial port defined for control board, attempting to acquire port
[ERROR] [1775076167.920338337] [control_serial_interface]: Serial manager service not available
[ERROR] [1775076167.922146559] [control_serial_interface]: Serial port not found
[WARN] [1775076169.913320903] [control_serial_interface]: Control board serial port is not open, attempting to open
[INFO] [1775076169.915116719] [control_serial_interface]: Attempting to open serial port for control board
[INFO] [1775076169.917118722] [control_serial_interface]: No serial port defined for control board, attempting to acquire port
[ERROR] [1775076170.920644776] [control_serial_interface]: Serial manager service not available
[ERROR] [1775076170.922826272] [control_serial_interface]: Serial port not found
[WARN] [1775076172.913366451] [control_serial_interface]: Control board serial port is not open, attempting to open
[INFO] [1775076172.915082029] [control_serial_interface]: Attempting to open serial port for control board
[INFO] [1775076172.916997750] [control_serial_interface]: No serial port defined for control board, attempting to acquire port
[ERROR] [1775076173.920595486] [control_serial_interface]: Serial manager service not available
[ERROR] [1775076173.922555788] [control_serial_interface]: Serial port not found
[WARN] [1775076175.913141000] [control_serial_interface]: Control board serial port is not open, attempting to open
[INFO] [1775076175.915084681] [control_serial_interface]: Attempting to open serial port for control board
[INFO] [1775076175.917096500] [control_serial_interface]: No serial port defined for control board, attempting to acquire port
[ERROR] [1775076176.919646867] [control_serial_interface]: Serial manager service not available
[ERROR] [1775076176.920347281] [control_serial_interface]: Serial port not found
[WARN] [1775076178.913212025] [control_serial_interface]: Control board serial port is not open, attempting to open
[INFO] [1775076178.914927548] [control_serial_interface]: Attempting to open serial port for control board
[INFO] [1775076178.916505101] [control_serial_interface]: No serial port defined for control board, attempting to acquire port
[ERROR] [1775076179.919689532] [control_serial_interface]: Serial manager service not available
[ERROR] [1775076179.921796915] [control_serial_interface]: Serial port not found
[WARN] [1775076181.912278393] [control_serial_interface]: Control board serial port is not open, attempting to open
[INFO] [1775076181.913116389] [control_serial_interface]: Attempting to open serial port for control board
[INFO] [1775076181.913960483] [control_serial_interface]: No serial port defined for control board, attempting to acquire port
[ERROR] [1775076182.917426237] [control_serial_interface]: Serial manager service not available
[ERROR] [1775076182.919315931] [control_serial_interface]: Serial port not found
[WARN] [1775076184.913286188] [control_serial_interface]: Control board serial port is not open, attempting to open
[INFO] [1775076184.914956224] [control_serial_interface]: Attempting to open serial port for control board
[INFO] [1775076184.916540702] [control_serial_interface]: No serial port defined for control board, attempting to acquire port
[ERROR] [1775076185.920048410] [control_serial_interface]: Serial manager service not available
[ERROR] [1775076185.921937210] [control_serial_interface]: Serial port not found
[WARN] [1775076187.913475537] [control_serial_interface]: Control board serial port is not open, attempting to open
[INFO] [1775076187.915147934] [control_serial_interface]: Attempting to open serial port for control board
[INFO] [1775076187.916993522] [control_serial_interface]: No serial port defined for control board, attempting to acquire port
[ERROR] [1775076188.921645442] [control_serial_interface]: Serial manager service not available
[ERROR] [1775076188.923465394] [control_serial_interface]: Serial port not found
[WARN] [1775076190.913169338] [control_serial_interface]: Control board serial port is not open, attempting to open
[INFO] [1775076190.915112265] [control_serial_interface]: Attempting to open serial port for control board
[INFO] [1775076190.916729624] [control_serial_interface]: No serial port defined for control board, attempting to acquire port
[ERROR] [1775076191.920328286] [control_serial_interface]: Serial manager service not available
[ERROR] [1775076191.922546107] [control_serial_interface]: Serial port not found
[WARN] [1775076193.911751827] [control_serial_interface]: Control board serial port is not open, attempting to open
[INFO] [1775076193.912363411] [control_serial_interface]: Attempting to open serial port for control board
[INFO] [1775076193.912876104] [control_serial_interface]: No serial port defined for control board, attempting to acquire port
[ERROR] [1775076194.916400194] [control_serial_interface]: Serial manager service not available
[ERROR] [1775076194.918195280] [control_serial_interface]: Serial port not found
[WARN] [1775076196.914148248] [control_serial_interface]: Control board serial port is not open, attempting to open
[INFO] [1775076196.916350481] [control_serial_interface]: Attempting to open serial port for control board
[INFO] [1775076196.918489625] [control_serial_interface]: No serial port defined for control board, attempting to acquire port
[ERROR] [1775076197.921542990] [control_serial_interface]: Serial manager service not available
[ERROR] [1775076197.923704800] [control_serial_interface]: Serial port not found
[WARN] [1775076199.913395193] [control_serial_interface]: Control board serial port is not open, attempting to open
[INFO] [1775076199.915133377] [control_serial_interface]: Attempting to open serial port for control board
[INFO] [1775076199.916880741] [control_serial_interface]: No serial port defined for control board, attempting to acquire port
[ERROR] [1775076200.920475442] [control_serial_interface]: Serial manager service not available
[ERROR] [1775076200.922316750] [control_serial_interface]: Serial port not found
[WARN] [1775076202.913220259] [control_serial_interface]: Control board serial port is not open, attempting to open
[INFO] [1775076202.915237423] [control_serial_interface]: Attempting to open serial port for control board
[INFO] [1775076202.917076946] [control_serial_interface]: No serial port defined for control board, attempting to acquire port
[ERROR] [1775076203.920500051] [control_serial_interface]: Serial manager service not available
[ERROR] [1775076203.922391310] [control_serial_interface]: Serial port not found
[WARN] [1775076205.913196981] [control_serial_interface]: Control board serial port is not open, attempting to open
[INFO] [1775076205.915384026] [control_serial_interface]: Attempting to open serial port for control board
[INFO] [1775076205.917052772] [control_serial_interface]: No serial port defined for control board, attempting to acquire port
[ERROR] [1775076206.921378861] [control_serial_interface]: Serial manager service not available
[ERROR] [1775076206.923266835] [control_serial_interface]: Serial port not found
[WARN] [1775076208.913281131] [control_serial_interface]: Control board serial port is not open, attempting to open
[INFO] [1775076208.915309176] [control_serial_interface]: Attempting to open serial port for control board
[INFO] [1775076208.917376377] [control_serial_interface]: No serial port defined for control board, attempting to acquire port
[ERROR] [1775076209.919898781] [control_serial_interface]: Serial manager service not available
[ERROR] [1775076209.920658729] [control_serial_interface]: Serial port not found
[WARN] [1775076211.912462970] [control_serial_interface]: Control board serial port is not open, attempting to open
[INFO] [1775076211.913076552] [control_serial_interface]: Attempting to open serial port for control board
[INFO] [1775076211.913687975] [control_serial_interface]: No serial port defined for control board, attempting to acquire port
[ERROR] [1775076212.915805536] [control_serial_interface]: Serial manager service not available
[ERROR] [1775076212.916639384] [control_serial_interface]: Serial port not found
[WARN] [1775076214.912182469] [control_serial_interface]: Control board serial port is not open, attempting to open
[INFO] [1775076214.912899422] [control_serial_interface]: Attempting to open serial port for control board
[INFO] [1775076214.913536725] [control_serial_interface]: No serial port defined for control board, attempting to acquire port
[ERROR] [1775076215.915832481] [control_serial_interface]: Serial manager service not available
[ERROR] [1775076215.916527100] [control_serial_interface]: Serial port not found
[WARN] [1775076217.912448423] [control_serial_interface]: Control board serial port is not open, attempting to open
[INFO] [1775076217.913213584] [control_serial_interface]: Attempting to open serial port for control board
[INFO] [1775076217.913934556] [control_serial_interface]: No serial port defined for control board, attempting to acquire port
[ERROR] [1775076218.916183413] [control_serial_interface]: Serial manager service not available
[ERROR] [1775076218.917073435] [control_serial_interface]: Serial port not found
[WARN] [1775076220.915248311] [control_serial_interface]: Control board serial port is not open, attempting to open
[INFO] [1775076220.918352798] [control_serial_interface]: Attempting to open serial port for control board
[INFO] [1775076220.920786502] [control_serial_interface]: No serial port defined for control board, attempting to acquire port
[ERROR] [1775076221.923943593] [control_serial_interface]: Serial manager service not available
[ERROR] [1775076221.928251545] [control_serial_interface]: Serial port not found
[WARN] [1775076223.912506353] [control_serial_interface]: Control board serial port is not open, attempting to open
[INFO] [1775076223.913387074] [control_serial_interface]: Attempting to open serial port for control board
[INFO] [1775076223.914216635] [control_serial_interface]: No serial port defined for control board, attempting to acquire port
[ERROR] [1775076224.917112308] [control_serial_interface]: Serial manager service not available
[ERROR] [1775076224.919328202] [control_serial_interface]: Serial port not found
[WARN] [1775076226.913467726] [control_serial_interface]: Control board serial port is not open, attempting to open
[INFO] [1775076226.915243001] [control_serial_interface]: Attempting to open serial port for control board
[INFO] [1775076226.916806309] [control_serial_interface]: No serial port defined for control board, attempting to acquire port
[ERROR] [1775076227.919988308] [control_serial_interface]: Serial manager service not available
[ERROR] [1775076227.920566335] [control_serial_interface]: Serial port not found
[WARN] [1775076229.913240150] [control_serial_interface]: Control board serial port is not open, attempting to open
[INFO] [1775076229.915611272] [control_serial_interface]: Attempting to open serial port for control board
[INFO] [1775076229.917677988] [control_serial_interface]: No serial port defined for control board, attempting to acquire port
[ERROR] [1775076230.921639018] [control_serial_interface]: Serial manager service not available
[ERROR] [1775076230.923541698] [control_serial_interface]: Serial port not found
[WARN] [1775076232.911782077] [control_serial_interface]: Control board serial port is not open, attempting to open
[INFO] [1775076232.912326263] [control_serial_interface]: Attempting to open serial port for control board
[INFO] [1775076232.912819847] [control_serial_interface]: No serial port defined for control board, attempting to acquire port
[ERROR] [1775076233.915117133] [control_serial_interface]: Serial manager service not available
[ERROR] [1775076233.915920923] [control_serial_interface]: Serial port not found
[WARN] [1775076235.911874176] [control_serial_interface]: Control board serial port is not open, attempting to open
[INFO] [1775076235.912490901] [control_serial_interface]: Attempting to open serial port for control board
[INFO] [1775076235.913226446] [control_serial_interface]: No serial port defined for control board, attempting to acquire port
[ERROR] [1775076236.915534252] [control_serial_interface]: Serial manager service not available
[ERROR] [1775076236.916387051] [control_serial_interface]: Serial port not found
[WARN] [1775076238.913061411] [control_serial_interface]: Control board serial port is not open, attempting to open
[INFO] [1775076238.914089646] [control_serial_interface]: Attempting to open serial port for control board
[INFO] [1775076238.915187945] [control_serial_interface]: No serial port defined for control board, attempting to acquire port
[ERROR] [1775076239.917644881] [control_serial_interface]: Serial manager service not available
[ERROR] [1775076239.918693121] [control_serial_interface]: Serial port not found
[WARN] [1775076241.911785905] [control_serial_interface]: Control board serial port is not open, attempting to open
[INFO] [1775076241.912349875] [control_serial_interface]: Attempting to open serial port for control board
[INFO] [1775076241.913070028] [control_serial_interface]: No serial port defined for control board, attempting to acquire port
[ERROR] [1775076242.916307524] [control_serial_interface]: Serial manager service not available
[ERROR] [1775076242.918080292] [control_serial_interface]: Serial port not found
[WARN] [1775076244.912022497] [control_serial_interface]: Control board serial port is not open, attempting to open
[INFO] [1775076244.912547794] [control_serial_interface]: Attempting to open serial port for control board
[INFO] [1775076244.913051694] [control_serial_interface]: No serial port defined for control board, attempting to acquire port
[ERROR] [1775076245.917090588] [control_serial_interface]: Serial manager service not available
[ERROR] [1775076245.919940833] [control_serial_interface]: Serial port not found
[WARN] [1775076247.913140906] [control_serial_interface]: Control board serial port is not open, attempting to open
[INFO] [1775076247.915096253] [control_serial_interface]: Attempting to open serial port for control board
[INFO] [1775076247.917117912] [control_serial_interface]: No serial port defined for control board, attempting to acquire port
[ERROR] [1775076248.921587041] [control_serial_interface]: Serial manager service not available
[ERROR] [1775076248.923936027] [control_serial_interface]: Serial port not found
[WARN] [1775076250.914504979] [control_serial_interface]: Control board serial port is not open, attempting to open
[INFO] [1775076250.917177977] [control_serial_interface]: Attempting to open serial port for control board
[INFO] [1775076250.922091573] [control_serial_interface]: No serial port defined for control board, attempting to acquire port
[ERROR] [1775076251.924840247] [control_serial_interface]: Serial manager service not available
[ERROR] [1775076251.926408167] [control_serial_interface]: Serial port not found
[WARN] [1775076253.911985197] [control_serial_interface]: Control board serial port is not open, attempting to open
[INFO] [1775076253.912566176] [control_serial_interface]: Attempting to open serial port for control board
[INFO] [1775076253.913070533] [control_serial_interface]: No serial port defined for control board, attempting to acquire port
[ERROR] [1775076254.915505427] [control_serial_interface]: Serial manager service not available
[ERROR] [1775076254.916334032] [control_serial_interface]: Serial port not found
[WARN] [1775076256.913322824] [control_serial_interface]: Control board serial port is not open, attempting to open
[INFO] [1775076256.915133065] [control_serial_interface]: Attempting to open serial port for control board
[INFO] [1775076256.916934412] [control_serial_interface]: No serial port defined for control board, attempting to acquire port
[ERROR] [1775076257.919646337] [control_serial_interface]: Serial manager service not available
[ERROR] [1775076257.921975917] [control_serial_interface]: Serial port not found
[WARN] [1775076259.913581231] [control_serial_interface]: Control board serial port is not open, attempting to open
[INFO] [1775076259.915228261] [control_serial_interface]: Attempting to open serial port for control board
[INFO] [1775076259.917061589] [control_serial_interface]: No serial port defined for control board, attempting to acquire port
[ERROR] [1775076260.920602888] [control_serial_interface]: Serial manager service not available
[ERROR] [1775076260.922599666] [control_serial_interface]: Serial port not found
[WARN] [1775076262.913484130] [control_serial_interface]: Control board serial port is not open, attempting to open
[INFO] [1775076262.915424066] [control_serial_interface]: Attempting to open serial port for control board
[INFO] [1775076262.917162385] [control_serial_interface]: No serial port defined for control board, attempting to acquire port
[ERROR] [1775076263.919916390] [control_serial_interface]: Serial manager service not available
[ERROR] [1775076263.920802163] [control_serial_interface]: Serial port not found
[WARN] [1775076265.913015532] [control_serial_interface]: Control board serial port is not open, attempting to open
[INFO] [1775076265.914308630] [control_serial_interface]: Attempting to open serial port for control board
[INFO] [1775076265.916115054] [control_serial_interface]: No serial port defined for control board, attempting to acquire port
[ERROR] [1775076266.918261159] [control_serial_interface]: Serial manager service not available
[ERROR] [1775076266.919011846] [control_serial_interface]: Serial port not found
[WARN] [1775076268.913038263] [control_serial_interface]: Control board serial port is not open, attempting to open
[INFO] [1775076268.913602674] [control_serial_interface]: Attempting to open serial port for control board
[INFO] [1775076268.914112139] [control_serial_interface]: No serial port defined for control board, attempting to acquire port
[ERROR] [1775076269.917504881] [control_serial_interface]: Serial manager service not available
[ERROR] [1775076269.919739769] [control_serial_interface]: Serial port not found
[WARN] [1775076271.914057148] [control_serial_interface]: Control board serial port is not open, attempting to open
[INFO] [1775076271.916537839] [control_serial_interface]: Attempting to open serial port for control board
[INFO] [1775076271.918240667] [control_serial_interface]: No serial port defined for control board, attempting to acquire port
[ERROR] [1775076272.921604864] [control_serial_interface]: Serial manager service not available
[ERROR] [1775076272.923796950] [control_serial_interface]: Serial port not found
[WARN] [1775076274.913369651] [control_serial_interface]: Control board serial port is not open, attempting to open
[INFO] [1775076274.915035671] [control_serial_interface]: Attempting to open serial port for control board
[INFO] [1775076274.916566188] [control_serial_interface]: No serial port defined for control board, attempting to acquire port
[ERROR] [1775076275.919712060] [control_serial_interface]: Serial manager service not available
[ERROR] [1775076275.921701423] [control_serial_interface]: Serial port not found
[WARN] [1775076277.912052818] [control_serial_interface]: Control board serial port is not open, attempting to open
[INFO] [1775076277.912573038] [control_serial_interface]: Attempting to open serial port for control board
[INFO] [1775076277.913059576] [control_serial_interface]: No serial port defined for control board, attempting to acquire port
[ERROR] [1775076278.916408857] [control_serial_interface]: Serial manager service not available
[ERROR] [1775076278.917993127] [control_serial_interface]: Serial port not found
[WARN] [1775076280.913375319] [control_serial_interface]: Control board serial port is not open, attempting to open
[INFO] [1775076280.915125243] [control_serial_interface]: Attempting to open serial port for control board
[INFO] [1775076280.916892108] [control_serial_interface]: No serial port defined for control board, attempting to acquire port
[ERROR] [1775076281.919669823] [control_serial_interface]: Serial manager service not available
[ERROR] [1775076281.920692487] [control_serial_interface]: Serial port not found
[WARN] [1775076283.911752271] [control_serial_interface]: Control board serial port is not open, attempting to open
[INFO] [1775076283.912199152] [control_serial_interface]: Attempting to open serial port for control board
[INFO] [1775076283.912879871] [control_serial_interface]: No serial port defined for control board, attempting to acquire port
[ERROR] [1775076284.914937825] [control_serial_interface]: Serial manager service not available
[ERROR] [1775076284.915969660] [control_serial_interface]: Serial port not found
[WARN] [1775076286.913267145] [control_serial_interface]: Control board serial port is not open, attempting to open
[INFO] [1775076286.915006919] [control_serial_interface]: Attempting to open serial port for control board
[INFO] [1775076286.916777819] [control_serial_interface]: No serial port defined for control board, attempting to acquire port
[ERROR] [1775076287.919466031] [control_serial_interface]: Serial manager service not available
[ERROR] [1775076287.920112439] [control_serial_interface]: Serial port not found
[WARN] [1775076289.913998120] [control_serial_interface]: Control board serial port is not open, attempting to open
[INFO] [1775076289.915952741] [control_serial_interface]: Attempting to open serial port for control board
[INFO] [1775076289.917575856] [control_serial_interface]: No serial port defined for control board, attempting to acquire port
[ERROR] [1775076290.920514295] [control_serial_interface]: Serial manager service not available
[ERROR] [1775076290.925347247] [control_serial_interface]: Serial port not found
[WARN] [1775076292.911750712] [control_serial_interface]: Control board serial port is not open, attempting to open
[INFO] [1775076292.912300073] [control_serial_interface]: Attempting to open serial port for control board
[INFO] [1775076292.912758526] [control_serial_interface]: No serial port defined for control board, attempting to acquire port
[ERROR] [1775076293.914604005] [control_serial_interface]: Serial manager service not available
[ERROR] [1775076293.915355891] [control_serial_interface]: Serial port not found
[WARN] [1775076295.913250337] [control_serial_interface]: Control board serial port is not open, attempting to open
[INFO] [1775076295.915401106] [control_serial_interface]: Attempting to open serial port for control board
[INFO] [1775076295.917280850] [control_serial_interface]: No serial port defined for control board, attempting to acquire port
[ERROR] [1775076296.920024482] [control_serial_interface]: Serial manager service not available
[ERROR] [1775076296.921336467] [control_serial_interface]: Serial port not found
[WARN] [1775076298.913388449] [control_serial_interface]: Control board serial port is not open, attempting to open
[INFO] [1775076298.915206161] [control_serial_interface]: Attempting to open serial port for control board
[INFO] [1775076298.917578058] [control_serial_interface]: No serial port defined for control board, attempting to acquire port
[ERROR] [1775076299.921275078] [control_serial_interface]: Serial manager service not available
[ERROR] [1775076299.923441468] [control_serial_interface]: Serial port not found
[WARN] [1775076301.913478925] [control_serial_interface]: Control board serial port is not open, attempting to open
[INFO] [1775076301.915669926] [control_serial_interface]: Attempting to open serial port for control board
[INFO] [1775076301.917538274] [control_serial_interface]: No serial port defined for control board, attempting to acquire port
[ERROR] [1775076302.921547389] [control_serial_interface]: Serial manager service not available
[ERROR] [1775076302.923182403] [control_serial_interface]: Serial port not found
[WARN] [1775076304.912747515] [control_serial_interface]: Control board serial port is not open, attempting to open
[INFO] [1775076304.913871561] [control_serial_interface]: Attempting to open serial port for control board
[INFO] [1775076304.914594335] [control_serial_interface]: No serial port defined for control board, attempting to acquire port
[ERROR] [1775076305.916500945] [control_serial_interface]: Serial manager service not available
[ERROR] [1775076305.917227371] [control_serial_interface]: Serial port not found
[WARN] [1775076307.911945896] [control_serial_interface]: Control board serial port is not open, attempting to open
[INFO] [1775076307.912611821] [control_serial_interface]: Attempting to open serial port for control board
[INFO] [1775076307.913157490] [control_serial_interface]: No serial port defined for control board, attempting to acquire port
[ERROR] [1775076308.916577364] [control_serial_interface]: Serial manager service not available
[ERROR] [1775076308.918546026] [control_serial_interface]: Serial port not found
[WARN] [1775076310.911918079] [control_serial_interface]: Control board serial port is not open, attempting to open
[INFO] [1775076310.912560678] [control_serial_interface]: Attempting to open serial port for control board
[INFO] [1775076310.913319773] [control_serial_interface]: No serial port defined for control board, attempting to acquire port
[ERROR] [1775076311.917541458] [control_serial_interface]: Serial manager service not available
[ERROR] [1775076311.919457958] [control_serial_interface]: Serial port not found
[WARN] [1775076313.913663287] [control_serial_interface]: Control board serial port is not open, attempting to open
[INFO] [1775076313.915420757] [control_serial_interface]: Attempting to open serial port for control board
[INFO] [1775076313.917059007] [control_serial_interface]: No serial port defined for control board, attempting to acquire port
[ERROR] [1775076314.919626216] [control_serial_interface]: Serial manager service not available
[ERROR] [1775076314.921161367] [control_serial_interface]: Serial port not found
[WARN] [1775076316.912357082] [control_serial_interface]: Control board serial port is not open, attempting to open
[INFO] [1775076316.913629643] [control_serial_interface]: Attempting to open serial port for control board
[INFO] [1775076316.914788466] [control_serial_interface]: No serial port defined for control board, attempting to acquire port
[ERROR] [1775076317.918608356] [control_serial_interface]: Serial manager service not available
[ERROR] [1775076317.920776220] [control_serial_interface]: Serial port not found
[WARN] [1775076319.911914329] [control_serial_interface]: Control board serial port is not open, attempting to open
[INFO] [1775076319.912488165] [control_serial_interface]: Attempting to open serial port for control board
[INFO] [1775076319.912979264] [control_serial_interface]: No serial port defined for control board, attempting to acquire port
[ERROR] [1775076320.916834508] [control_serial_interface]: Serial manager service not available
[ERROR] [1775076320.918879938] [control_serial_interface]: Serial port not found
[WARN] [1775076322.913216408] [control_serial_interface]: Control board serial port is not open, attempting to open
[INFO] [1775076322.915421424] [control_serial_interface]: Attempting to open serial port for control board
[INFO] [1775076322.917810342] [control_serial_interface]: No serial port defined for control board, attempting to acquire port
[ERROR] [1775076323.922723007] [control_serial_interface]: Serial manager service not available
[ERROR] [1775076323.924955544] [control_serial_interface]: Serial port not found
[WARN] [1775076325.913205750] [control_serial_interface]: Control board serial port is not open, attempting to open
[INFO] [1775076325.914962260] [control_serial_interface]: Attempting to open serial port for control board
[INFO] [1775076325.916881930] [control_serial_interface]: No serial port defined for control board, attempting to acquire port
[ERROR] [1775076326.920168795] [control_serial_interface]: Serial manager service not available
[ERROR] [1775076326.921382780] [control_serial_interface]: Serial port not found
[WARN] [1775076328.912178326] [control_serial_interface]: Control board serial port is not open, attempting to open
[INFO] [1775076328.912742270] [control_serial_interface]: Attempting to open serial port for control board
[INFO] [1775076328.913335200] [control_serial_interface]: No serial port defined for control board, attempting to acquire port
[ERROR] [1775076329.915417064] [control_serial_interface]: Serial manager service not available
[ERROR] [1775076329.916068791] [control_serial_interface]: Serial port not found
[WARN] [1775076331.912106608] [control_serial_interface]: Control board serial port is not open, attempting to open
[INFO] [1775076331.912761976] [control_serial_interface]: Attempting to open serial port for control board
[INFO] [1775076331.913370705] [control_serial_interface]: No serial port defined for control board, attempting to acquire port
[ERROR] [1775076332.915472612] [control_serial_interface]: Serial manager service not available
[ERROR] [1775076332.916181940] [control_serial_interface]: Serial port not found
[WARN] [1775076334.911732380] [control_serial_interface]: Control board serial port is not open, attempting to open
[INFO] [1775076334.912351330] [control_serial_interface]: Attempting to open serial port for control board
[INFO] [1775076334.912882949] [control_serial_interface]: No serial port defined for control board, attempting to acquire port
[ERROR] [1775076335.916357907] [control_serial_interface]: Serial manager service not available
[ERROR] [1775076335.918361056] [control_serial_interface]: Serial port not found
[WARN] [1775076337.913747304] [control_serial_interface]: Control board serial port is not open, attempting to open
[INFO] [1775076337.915804690] [control_serial_interface]: Attempting to open serial port for control board
[INFO] [1775076337.917993170] [control_serial_interface]: No serial port defined for control board, attempting to acquire port
[ERROR] [1775076338.920555447] [control_serial_interface]: Serial manager service not available
[ERROR] [1775076338.921436071] [control_serial_interface]: Serial port not found
[WARN] [1775076340.913503473] [control_serial_interface]: Control board serial port is not open, attempting to open
[INFO] [1775076340.915770046] [control_serial_interface]: Attempting to open serial port for control board
[INFO] [1775076340.917770840] [control_serial_interface]: No serial port defined for control board, attempting to acquire port
[ERROR] [1775076341.921501441] [control_serial_interface]: Serial manager service not available
[ERROR] [1775076341.923725473] [control_serial_interface]: Serial port not found
[WARN] [1775076343.913317778] [control_serial_interface]: Control board serial port is not open, attempting to open
[INFO] [1775076343.915446362] [control_serial_interface]: Attempting to open serial port for control board
[INFO] [1775076343.917533018] [control_serial_interface]: No serial port defined for control board, attempting to acquire port
[ERROR] [1775076344.921417760] [control_serial_interface]: Serial manager service not available
[ERROR] [1775076344.923610586] [control_serial_interface]: Serial port not found
[WARN] [1775076346.913419017] [control_serial_interface]: Control board serial port is not open, attempting to open
[INFO] [1775076346.914616004] [control_serial_interface]: Attempting to open serial port for control board
[INFO] [1775076346.915641851] [control_serial_interface]: No serial port defined for control board, attempting to acquire port
[ERROR] [1775076347.918722219] [control_serial_interface]: Serial manager service not available
[ERROR] [1775076347.920593427] [control_serial_interface]: Serial port not found
[WARN] [1775076349.913466779] [control_serial_interface]: Control board serial port is not open, attempting to open
[INFO] [1775076349.915212163] [control_serial_interface]: Attempting to open serial port for control board
[INFO] [1775076349.917058641] [control_serial_interface]: No serial port defined for control board, attempting to acquire port
[ERROR] [1775076350.920849489] [control_serial_interface]: Serial manager service not available
[ERROR] [1775076350.922764880] [control_serial_interface]: Serial port not found
[WARN] [1775076352.913500177] [control_serial_interface]: Control board serial port is not open, attempting to open
[INFO] [1775076352.915636321] [control_serial_interface]: Attempting to open serial port for control board
[INFO] [1775076352.917790145] [control_serial_interface]: No serial port defined for control board, attempting to acquire port
[ERROR] [1775076353.921340804] [control_serial_interface]: Serial manager service not available
[ERROR] [1775076353.923389315] [control_serial_interface]: Serial port not found
[WARN] [1775076355.913219314] [control_serial_interface]: Control board serial port is not open, attempting to open
[INFO] [1775076355.914917457] [control_serial_interface]: Attempting to open serial port for control board
[INFO] [1775076355.916670531] [control_serial_interface]: No serial port defined for control board, attempting to acquire port
[ERROR] [1775076356.919513346] [control_serial_interface]: Serial manager service not available
[ERROR] [1775076356.920222544] [control_serial_interface]: Serial port not found
[WARN] [1775076358.913226872] [control_serial_interface]: Control board serial port is not open, attempting to open
[INFO] [1775076358.915630291] [control_serial_interface]: Attempting to open serial port for control board
[INFO] [1775076358.918772521] [control_serial_interface]: No serial port defined for control board, attempting to acquire port
[ERROR] [1775076359.921231455] [control_serial_interface]: Serial manager service not available
[ERROR] [1775076359.922050201] [control_serial_interface]: Serial port not found
[WARN] [1775076361.912204941] [control_serial_interface]: Control board serial port is not open, attempting to open
[INFO] [1775076361.912845045] [control_serial_interface]: Attempting to open serial port for control board
[INFO] [1775076361.913463706] [control_serial_interface]: No serial port defined for control board, attempting to acquire port
[ERROR] [1775076362.915522567] [control_serial_interface]: Serial manager service not available
[ERROR] [1775076362.916266136] [control_serial_interface]: Serial port not found
[WARN] [1775076364.911917753] [control_serial_interface]: Control board serial port is not open, attempting to open
[INFO] [1775076364.912454566] [control_serial_interface]: Attempting to open serial port for control board
[INFO] [1775076364.912930269] [control_serial_interface]: No serial port defined for control board, attempting to acquire port
[ERROR] [1775076365.916389507] [control_serial_interface]: Serial manager service not available
[ERROR] [1775076365.918294292] [control_serial_interface]: Serial port not found
[WARN] [1775076367.913287291] [control_serial_interface]: Control board serial port is not open, attempting to open
[INFO] [1775076367.915076307] [control_serial_interface]: Attempting to open serial port for control board
[INFO] [1775076367.916803991] [control_serial_interface]: No serial port defined for control board, attempting to acquire port
[ERROR] [1775076368.920583914] [control_serial_interface]: Serial manager service not available
[ERROR] [1775076368.923161468] [control_serial_interface]: Serial port not found
[WARN] [1775076370.913676733] [control_serial_interface]: Control board serial port is not open, attempting to open
[INFO] [1775076370.915433997] [control_serial_interface]: Attempting to open serial port for control board
[INFO] [1775076370.917203763] [control_serial_interface]: No serial port defined for control board, attempting to acquire port
[ERROR] [1775076371.920060022] [control_serial_interface]: Serial manager service not available
[ERROR] [1775076371.921189031] [control_serial_interface]: Serial port not found
[WARN] [1775076373.912395141] [control_serial_interface]: Control board serial port is not open, attempting to open
[INFO] [1775076373.913101219] [control_serial_interface]: Attempting to open serial port for control board
[INFO] [1775076373.913646385] [control_serial_interface]: No serial port defined for control board, attempting to acquire port
[ERROR] [1775076374.917255201] [control_serial_interface]: Serial manager service not available
[ERROR] [1775076374.919229243] [control_serial_interface]: Serial port not found
[WARN] [1775076376.913463920] [control_serial_interface]: Control board serial port is not open, attempting to open
[INFO] [1775076376.915248805] [control_serial_interface]: Attempting to open serial port for control board
[INFO] [1775076376.917028441] [control_serial_interface]: No serial port defined for control board, attempting to acquire port
[ERROR] [1775076377.920644073] [control_serial_interface]: Serial manager service not available
[ERROR] [1775076377.923052864] [control_serial_interface]: Serial port not found
[WARN] [1775076379.911893299] [control_serial_interface]: Control board serial port is not open, attempting to open
[INFO] [1775076379.912454640] [control_serial_interface]: Attempting to open serial port for control board
[INFO] [1775076379.912991422] [control_serial_interface]: No serial port defined for control board, attempting to acquire port
[ERROR] [1775076380.916885807] [control_serial_interface]: Serial manager service not available
[ERROR] [1775076380.919176511] [control_serial_interface]: Serial port not found
[WARN] [1775076382.913698223] [control_serial_interface]: Control board serial port is not open, attempting to open
[INFO] [1775076382.915520930] [control_serial_interface]: Attempting to open serial port for control board
[INFO] [1775076382.917163551] [control_serial_interface]: No serial port defined for control board, attempting to acquire port
[ERROR] [1775076383.920724981] [control_serial_interface]: Serial manager service not available
[ERROR] [1775076383.923321171] [control_serial_interface]: Serial port not found
[WARN] [1775076385.913449931] [control_serial_interface]: Control board serial port is not open, attempting to open
[INFO] [1775076385.915261953] [control_serial_interface]: Attempting to open serial port for control board
[INFO] [1775076385.916898108] [control_serial_interface]: No serial port defined for control board, attempting to acquire port
[ERROR] [1775076386.920280407] [control_serial_interface]: Serial manager service not available
[ERROR] [1775076386.922351988] [control_serial_interface]: Serial port not found
[WARN] [1775076388.913237836] [control_serial_interface]: Control board serial port is not open, attempting to open
[INFO] [1775076388.915096484] [control_serial_interface]: Attempting to open serial port for control board
[INFO] [1775076388.916706798] [control_serial_interface]: No serial port defined for control board, attempting to acquire port
[ERROR] [1775076389.919594439] [control_serial_interface]: Serial manager service not available
[ERROR] [1775076389.920690124] [control_serial_interface]: Serial port not found
[WARN] [1775076391.911870666] [control_serial_interface]: Control board serial port is not open, attempting to open
[INFO] [1775076391.912386371] [control_serial_interface]: Attempting to open serial port for control board
[INFO] [1775076391.913139341] [control_serial_interface]: No serial port defined for control board, attempting to acquire port
[ERROR] [1775076392.916685315] [control_serial_interface]: Serial manager service not available
[ERROR] [1775076392.918676884] [control_serial_interface]: Serial port not found
[WARN] [1775076394.913666018] [control_serial_interface]: Control board serial port is not open, attempting to open
[INFO] [1775076394.915323199] [control_serial_interface]: Attempting to open serial port for control board
[INFO] [1775076394.917204348] [control_serial_interface]: No serial port defined for control board, attempting to acquire port
[ERROR] [1775076395.920076309] [control_serial_interface]: Serial manager service not available
[ERROR] [1775076395.921200709] [control_serial_interface]: Serial port not found
[WARN] [1775076397.911797222] [control_serial_interface]: Control board serial port is not open, attempting to open
[INFO] [1775076397.912369765] [control_serial_interface]: Attempting to open serial port for control board
[INFO] [1775076397.912918133] [control_serial_interface]: No serial port defined for control board, attempting to acquire port
[ERROR] [1775076398.914839716] [control_serial_interface]: Serial manager service not available
[ERROR] [1775076398.915535443] [control_serial_interface]: Serial port not found
[WARN] [1775076400.912024114] [control_serial_interface]: Control board serial port is not open, attempting to open
[INFO] [1775076400.912674741] [control_serial_interface]: Attempting to open serial port for control board
[INFO] [1775076400.913346953] [control_serial_interface]: No serial port defined for control board, attempting to acquire port
[ERROR] [1775076401.916618760] [control_serial_interface]: Serial manager service not available
[ERROR] [1775076401.918453633] [control_serial_interface]: Serial port not found
[WARN] [1775076403.913190608] [control_serial_interface]: Control board serial port is not open, attempting to open
[INFO] [1775076403.914828268] [control_serial_interface]: Attempting to open serial port for control board
[INFO] [1775076403.916478879] [control_serial_interface]: No serial port defined for control board, attempting to acquire port
[ERROR] [1775076404.919985167] [control_serial_interface]: Serial manager service not available
[ERROR] [1775076404.921691624] [control_serial_interface]: Serial port not found
[WARN] [1775076406.913433154] [control_serial_interface]: Control board serial port is not open, attempting to open
[INFO] [1775076406.915496455] [control_serial_interface]: Attempting to open serial port for control board
[INFO] [1775076406.917353133] [control_serial_interface]: No serial port defined for control board, attempting to acquire port
[ERROR] [1775076407.921067739] [control_serial_interface]: Serial manager service not available
[ERROR] [1775076407.923438356] [control_serial_interface]: Serial port not found
[WARN] [1775076409.911760483] [control_serial_interface]: Control board serial port is not open, attempting to open
[INFO] [1775076409.912309114] [control_serial_interface]: Attempting to open serial port for control board
[INFO] [1775076409.912743843] [control_serial_interface]: No serial port defined for control board, attempting to acquire port
[ERROR] [1775076410.915618336] [control_serial_interface]: Serial manager service not available
[ERROR] [1775076410.917455643] [control_serial_interface]: Serial port not found
[WARN] [1775076412.912182265] [control_serial_interface]: Control board serial port is not open, attempting to open
[INFO] [1775076412.914688570] [control_serial_interface]: Attempting to open serial port for control board
[INFO] [1775076412.915660778] [control_serial_interface]: No serial port defined for control board, attempting to acquire port
[ERROR] [1775076413.919123522] [control_serial_interface]: Serial manager service not available
[ERROR] [1775076413.921005586] [control_serial_interface]: Serial port not found
[WARN] [1775076415.913284585] [control_serial_interface]: Control board serial port is not open, attempting to open
[INFO] [1775076415.915490022] [control_serial_interface]: Attempting to open serial port for control board
[INFO] [1775076415.917293223] [control_serial_interface]: No serial port defined for control board, attempting to acquire port
[ERROR] [1775076416.920161323] [control_serial_interface]: Serial manager service not available
[ERROR] [1775076416.921808515] [control_serial_interface]: Serial port not found
[WARN] [1775076418.911730921] [control_serial_interface]: Control board serial port is not open, attempting to open
[INFO] [1775076418.912374024] [control_serial_interface]: Attempting to open serial port for control board
[INFO] [1775076418.912894448] [control_serial_interface]: No serial port defined for control board, attempting to acquire port
[ERROR] [1775076419.915793709] [control_serial_interface]: Serial manager service not available
[ERROR] [1775076419.917958394] [control_serial_interface]: Serial port not found
[WARN] [1775076421.913251089] [control_serial_interface]: Control board serial port is not open, attempting to open
[INFO] [1775076421.915045795] [control_serial_interface]: Attempting to open serial port for control board
[INFO] [1775076421.916613293] [control_serial_interface]: No serial port defined for control board, attempting to acquire port
[ERROR] [1775076422.919178891] [control_serial_interface]: Serial manager service not available
[ERROR] [1775076422.919963180] [control_serial_interface]: Serial port not found
[WARN] [1775076424.913300118] [control_serial_interface]: Control board serial port is not open, attempting to open
[INFO] [1775076424.915411426] [control_serial_interface]: Attempting to open serial port for control board
[INFO] [1775076424.917096923] [control_serial_interface]: No serial port defined for control board, attempting to acquire port
[ERROR] [1775076425.920612321] [control_serial_interface]: Serial manager service not available
[ERROR] [1775076425.922744204] [control_serial_interface]: Serial port not found
[WARN] [1775076427.911890102] [control_serial_interface]: Control board serial port is not open, attempting to open
[INFO] [1775076427.912447143] [control_serial_interface]: Attempting to open serial port for control board
[INFO] [1775076427.912949678] [control_serial_interface]: No serial port defined for control board, attempting to acquire port
[ERROR] [1775076428.915290718] [control_serial_interface]: Serial manager service not available
[ERROR] [1775076428.915944909] [control_serial_interface]: Serial port not found
[WARN] [1775076430.913375691] [control_serial_interface]: Control board serial port is not open, attempting to open
[INFO] [1775076430.915170557] [control_serial_interface]: Attempting to open serial port for control board
[INFO] [1775076430.916749755] [control_serial_interface]: No serial port defined for control board, attempting to acquire port
[ERROR] [1775076431.920253778] [control_serial_interface]: Serial manager service not available
[ERROR] [1775076431.922407677] [control_serial_interface]: Serial port not found
[WARN] [1775076433.912417435] [control_serial_interface]: Control board serial port is not open, attempting to open
[INFO] [1775076433.913056549] [control_serial_interface]: Attempting to open serial port for control board
[INFO] [1775076433.913529156] [control_serial_interface]: No serial port defined for control board, attempting to acquire port
[ERROR] [1775076434.915694706] [control_serial_interface]: Serial manager service not available
[ERROR] [1775076434.916523377] [control_serial_interface]: Serial port not found
[WARN] [1775076436.911749614] [control_serial_interface]: Control board serial port is not open, attempting to open
[INFO] [1775076436.912362422] [control_serial_interface]: Attempting to open serial port for control board
[INFO] [1775076436.912878201] [control_serial_interface]: No serial port defined for control board, attempting to acquire port
[ERROR] [1775076437.916340954] [control_serial_interface]: Serial manager service not available
[ERROR] [1775076437.918210927] [control_serial_interface]: Serial port not found
[WARN] [1775076439.913167020] [control_serial_interface]: Control board serial port is not open, attempting to open
[INFO] [1775076439.914849287] [control_serial_interface]: Attempting to open serial port for control board
[INFO] [1775076439.916478647] [control_serial_interface]: No serial port defined for control board, attempting to acquire port
[ERROR] [1775076440.919737561] [control_serial_interface]: Serial manager service not available
[ERROR] [1775076440.921586699] [control_serial_interface]: Serial port not found
[WARN] [1775076442.911762016] [control_serial_interface]: Control board serial port is not open, attempting to open
[INFO] [1775076442.912355641] [control_serial_interface]: Attempting to open serial port for control board
[INFO] [1775076442.912809498] [control_serial_interface]: No serial port defined for control board, attempting to acquire port
[ERROR] [1775076443.915970980] [control_serial_interface]: Serial manager service not available
[ERROR] [1775076443.917788432] [control_serial_interface]: Serial port not found
[WARN] [1775076445.913228337] [control_serial_interface]: Control board serial port is not open, attempting to open
[INFO] [1775076445.915223315] [control_serial_interface]: Attempting to open serial port for control board
[INFO] [1775076445.916795758] [control_serial_interface]: No serial port defined for control board, attempting to acquire port
[ERROR] [1775076446.919670722] [control_serial_interface]: Serial manager service not available
[ERROR] [1775076446.920698917] [control_serial_interface]: Serial port not found
[WARN] [1775076448.911895926] [control_serial_interface]: Control board serial port is not open, attempting to open
[INFO] [1775076448.912421771] [control_serial_interface]: Attempting to open serial port for control board
[INFO] [1775076448.912911285] [control_serial_interface]: No serial port defined for control board, attempting to acquire port
[ERROR] [1775076449.915014787] [control_serial_interface]: Serial manager service not available
[ERROR] [1775076449.915779219] [control_serial_interface]: Serial port not found
[WARN] [1775076451.913263242] [control_serial_interface]: Control board serial port is not open, attempting to open
[INFO] [1775076451.915046348] [control_serial_interface]: Attempting to open serial port for control board
[INFO] [1775076451.916946047] [control_serial_interface]: No serial port defined for control board, attempting to acquire port
[ERROR] [1775076452.920433628] [control_serial_interface]: Serial manager service not available
[ERROR] [1775076452.922010041] [control_serial_interface]: Serial port not found
[WARN] [1775076454.913415205] [control_serial_interface]: Control board serial port is not open, attempting to open
[INFO] [1775076454.915136828] [control_serial_interface]: Attempting to open serial port for control board
[INFO] [1775076454.916998332] [control_serial_interface]: No serial port defined for control board, attempting to acquire port
[ERROR] [1775076455.920438072] [control_serial_interface]: Serial manager service not available
[ERROR] [1775076455.922776143] [control_serial_interface]: Serial port not found
[WARN] [1775076457.911894737] [control_serial_interface]: Control board serial port is not open, attempting to open
[INFO] [1775076457.912552128] [control_serial_interface]: Attempting to open serial port for control board
[INFO] [1775076457.913104416] [control_serial_interface]: No serial port defined for control board, attempting to acquire port
[ERROR] [1775076458.915342294] [control_serial_interface]: Serial manager service not available
[ERROR] [1775076458.916071389] [control_serial_interface]: Serial port not found
[WARN] [1775076460.913162361] [control_serial_interface]: Control board serial port is not open, attempting to open
[INFO] [1775076460.914823587] [control_serial_interface]: Attempting to open serial port for control board
[INFO] [1775076460.916802225] [control_serial_interface]: No serial port defined for control board, attempting to acquire port
[ERROR] [1775076461.920499690] [control_serial_interface]: Serial manager service not available
[ERROR] [1775076461.923228290] [control_serial_interface]: Serial port not found
[WARN] [1775076463.911767844] [control_serial_interface]: Control board serial port is not open, attempting to open
[INFO] [1775076463.912298143] [control_serial_interface]: Attempting to open serial port for control board
[INFO] [1775076463.912770348] [control_serial_interface]: No serial port defined for control board, attempting to acquire port
[ERROR] [1775076464.916359365] [control_serial_interface]: Serial manager service not available
[ERROR] [1775076464.918390255] [control_serial_interface]: Serial port not found
[WARN] [1775076466.912179178] [control_serial_interface]: Control board serial port is not open, attempting to open
[INFO] [1775076466.912877198] [control_serial_interface]: Attempting to open serial port for control board
[INFO] [1775076466.913482901] [control_serial_interface]: No serial port defined for control board, attempting to acquire port
[ERROR] [1775076467.917248720] [control_serial_interface]: Serial manager service not available
[ERROR] [1775076467.919308006] [control_serial_interface]: Serial port not found
[WARN] [1775076469.913224055] [control_serial_interface]: Control board serial port is not open, attempting to open
[INFO] [1775076469.914951874] [control_serial_interface]: Attempting to open serial port for control board
[INFO] [1775076469.916815487] [control_serial_interface]: No serial port defined for control board, attempting to acquire port
[ERROR] [1775076470.920516768] [control_serial_interface]: Serial manager service not available
[ERROR] [1775076470.922824253] [control_serial_interface]: Serial port not found
[WARN] [1775076472.913232293] [control_serial_interface]: Control board serial port is not open, attempting to open
[INFO] [1775076472.914873489] [control_serial_interface]: Attempting to open serial port for control board
[INFO] [1775076472.916449776] [control_serial_interface]: No serial port defined for control board, attempting to acquire port
[ERROR] [1775076473.920071778] [control_serial_interface]: Serial manager service not available
[ERROR] [1775076473.922135944] [control_serial_interface]: Serial port not found
[WARN] [1775076475.912607694] [control_serial_interface]: Control board serial port is not open, attempting to open
[INFO] [1775076475.913487438] [control_serial_interface]: Attempting to open serial port for control board
[INFO] [1775076475.914393573] [control_serial_interface]: No serial port defined for control board, attempting to acquire port
[ERROR] [1775076476.917611179] [control_serial_interface]: Serial manager service not available
[ERROR] [1775076476.919429606] [control_serial_interface]: Serial port not found
[WARN] [1775076478.913239712] [control_serial_interface]: Control board serial port is not open, attempting to open
[INFO] [1775076478.915107386] [control_serial_interface]: Attempting to open serial port for control board
[INFO] [1775076478.916721275] [control_serial_interface]: No serial port defined for control board, attempting to acquire port
[ERROR] [1775076479.920285420] [control_serial_interface]: Serial manager service not available
[ERROR] [1775076479.922570384] [control_serial_interface]: Serial port not found
[WARN] [1775076481.913141116] [control_serial_interface]: Control board serial port is not open, attempting to open
[INFO] [1775076481.914879790] [control_serial_interface]: Attempting to open serial port for control board
[INFO] [1775076481.916478654] [control_serial_interface]: No serial port defined for control board, attempting to acquire port
[ERROR] [1775076482.919984232] [control_serial_interface]: Serial manager service not available
[ERROR] [1775076482.921830080] [control_serial_interface]: Serial port not found
[WARN] [1775076484.911940156] [control_serial_interface]: Control board serial port is not open, attempting to open
[INFO] [1775076484.912506913] [control_serial_interface]: Attempting to open serial port for control board
[INFO] [1775076484.912988261] [control_serial_interface]: No serial port defined for control board, attempting to acquire port
[ERROR] [1775076485.914956081] [control_serial_interface]: Serial manager service not available
[ERROR] [1775076485.915666909] [control_serial_interface]: Serial port not found
[WARN] [1775076487.912869541] [control_serial_interface]: Control board serial port is not open, attempting to open
[INFO] [1775076487.914204625] [control_serial_interface]: Attempting to open serial port for control board
[INFO] [1775076487.915482677] [control_serial_interface]: No serial port defined for control board, attempting to acquire port
[ERROR] [1775076488.917649416] [control_serial_interface]: Serial manager service not available
[ERROR] [1775076488.918449446] [control_serial_interface]: Serial port not found
[WARN] [1775076490.913145468] [control_serial_interface]: Control board serial port is not open, attempting to open
[INFO] [1775076490.914925989] [control_serial_interface]: Attempting to open serial port for control board
[INFO] [1775076490.916594175] [control_serial_interface]: No serial port defined for control board, attempting to acquire port
[ERROR] [1775076491.920429980] [control_serial_interface]: Serial manager service not available
[ERROR] [1775076491.922416443] [control_serial_interface]: Serial port not found
[WARN] [1775076493.911786676] [control_serial_interface]: Control board serial port is not open, attempting to open
[INFO] [1775076493.912373769] [control_serial_interface]: Attempting to open serial port for control board
[INFO] [1775076493.912848132] [control_serial_interface]: No serial port defined for control board, attempting to acquire port
[ERROR] [1775076494.916794949] [control_serial_interface]: Serial manager service not available
[ERROR] [1775076494.918605571] [control_serial_interface]: Serial port not found
[WARN] [1775076496.912508556] [control_serial_interface]: Control board serial port is not open, attempting to open
[INFO] [1775076496.913464095] [control_serial_interface]: Attempting to open serial port for control board
[INFO] [1775076496.914607889] [control_serial_interface]: No serial port defined for control board, attempting to acquire port
[ERROR] [1775076497.917837815] [control_serial_interface]: Serial manager service not available
[ERROR] [1775076497.919523691] [control_serial_interface]: Serial port not found
[WARN] [1775076499.913314567] [control_serial_interface]: Control board serial port is not open, attempting to open
[INFO] [1775076499.914999953] [control_serial_interface]: Attempting to open serial port for control board
[INFO] [1775076499.916942640] [control_serial_interface]: No serial port defined for control board, attempting to acquire port
[ERROR] [1775076500.920513005] [control_serial_interface]: Serial manager service not available
[ERROR] [1775076500.922711511] [control_serial_interface]: Serial port not found
[WARN] [1775076502.913100429] [control_serial_interface]: Control board serial port is not open, attempting to open
[INFO] [1775076502.914755980] [control_serial_interface]: Attempting to open serial port for control board
[INFO] [1775076502.916648964] [control_serial_interface]: No serial port defined for control board, attempting to acquire port
[ERROR] [1775076503.919063005] [control_serial_interface]: Serial manager service not available
[ERROR] [1775076503.919681930] [control_serial_interface]: Serial port not found
[WARN] [1775076505.911723209] [control_serial_interface]: Control board serial port is not open, attempting to open
[INFO] [1775076505.912283475] [control_serial_interface]: Attempting to open serial port for control board
[INFO] [1775076505.912747615] [control_serial_interface]: No serial port defined for control board, attempting to acquire port
[ERROR] [1775076506.916059753] [control_serial_interface]: Serial manager service not available
[ERROR] [1775076506.918154904] [control_serial_interface]: Serial port not found
[WARN] [1775076508.911990529] [control_serial_interface]: Control board serial port is not open, attempting to open
[INFO] [1775076508.912692971] [control_serial_interface]: Attempting to open serial port for control board
[INFO] [1775076508.913607198] [control_serial_interface]: No serial port defined for control board, attempting to acquire port
[ERROR] [1775076509.915657584] [control_serial_interface]: Serial manager service not available
[ERROR] [1775076509.916322853] [control_serial_interface]: Serial port not found
[WARN] [1775076511.912073593] [control_serial_interface]: Control board serial port is not open, attempting to open
[INFO] [1775076511.912654307] [control_serial_interface]: Attempting to open serial port for control board
[INFO] [1775076511.913121564] [control_serial_interface]: No serial port defined for control board, attempting to acquire port
[ERROR] [1775076512.916840095] [control_serial_interface]: Serial manager service not available
[ERROR] [1775076512.918735973] [control_serial_interface]: Serial port not found
[WARN] [1775076514.913175655] [control_serial_interface]: Control board serial port is not open, attempting to open
[INFO] [1775076514.914905423] [control_serial_interface]: Attempting to open serial port for control board
[INFO] [1775076514.916503271] [control_serial_interface]: No serial port defined for control board, attempting to acquire port
[ERROR] [1775076515.920153919] [control_serial_interface]: Serial manager service not available
[ERROR] [1775076515.922071849] [control_serial_interface]: Serial port not found
[WARN] [1775076517.913119683] [control_serial_interface]: Control board serial port is not open, attempting to open
[INFO] [1775076517.914753682] [control_serial_interface]: Attempting to open serial port for control board
[INFO] [1775076517.916622104] [control_serial_interface]: No serial port defined for control board, attempting to acquire port
[ERROR] [1775076518.920126753] [control_serial_interface]: Serial manager service not available
[ERROR] [1775076518.922354073] [control_serial_interface]: Serial port not found
[WARN] [1775076520.913539442] [control_serial_interface]: Control board serial port is not open, attempting to open
[INFO] [1775076520.915278040] [control_serial_interface]: Attempting to open serial port for control board
[INFO] [1775076520.917015843] [control_serial_interface]: No serial port defined for control board, attempting to acquire port
[ERROR] [1775076521.920912001] [control_serial_interface]: Serial manager service not available
[ERROR] [1775076521.923582527] [control_serial_interface]: Serial port not found
[WARN] [1775076523.913566648] [control_serial_interface]: Control board serial port is not open, attempting to open
[INFO] [1775076523.915342812] [control_serial_interface]: Attempting to open serial port for control board
[INFO] [1775076523.916958146] [control_serial_interface]: No serial port defined for control board, attempting to acquire port
[ERROR] [1775076524.920682147] [control_serial_interface]: Serial manager service not available
[ERROR] [1775076524.923252020] [control_serial_interface]: Serial port not found
[WARN] [1775076526.913437748] [control_serial_interface]: Control board serial port is not open, attempting to open
[INFO] [1775076526.915520363] [control_serial_interface]: Attempting to open serial port for control board
[INFO] [1775076526.917457163] [control_serial_interface]: No serial port defined for control board, attempting to acquire port
[ERROR] [1775076527.920973802] [control_serial_interface]: Serial manager service not available
[ERROR] [1775076527.923166031] [control_serial_interface]: Serial port not found
[WARN] [1775076529.911725042] [control_serial_interface]: Control board serial port is not open, attempting to open
[INFO] [1775076529.912316592] [control_serial_interface]: Attempting to open serial port for control board
[INFO] [1775076529.912823380] [control_serial_interface]: No serial port defined for control board, attempting to acquire port
[ERROR] [1775076530.914920139] [control_serial_interface]: Serial manager service not available
[ERROR] [1775076530.915589778] [control_serial_interface]: Serial port not found
[WARN] [1775076532.911777730] [control_serial_interface]: Control board serial port is not open, attempting to open
[INFO] [1775076532.912421307] [control_serial_interface]: Attempting to open serial port for control board
[INFO] [1775076532.912897838] [control_serial_interface]: No serial port defined for control board, attempting to acquire port
[ERROR] [1775076533.916263659] [control_serial_interface]: Serial manager service not available
[ERROR] [1775076533.918392541] [control_serial_interface]: Serial port not found
[WARN] [1775076535.913291620] [control_serial_interface]: Control board serial port is not open, attempting to open
[INFO] [1775076535.915060078] [control_serial_interface]: Attempting to open serial port for control board
[INFO] [1775076535.916404896] [control_serial_interface]: No serial port defined for control board, attempting to acquire port
[ERROR] [1775076536.918469315] [control_serial_interface]: Serial manager service not available
[ERROR] [1775076536.919157857] [control_serial_interface]: Serial port not found
[WARN] [1775076538.913216356] [control_serial_interface]: Control board serial port is not open, attempting to open
[INFO] [1775076538.914867381] [control_serial_interface]: Attempting to open serial port for control board
[INFO] [1775076538.916481419] [control_serial_interface]: No serial port defined for control board, attempting to acquire port
[ERROR] [1775076539.919953992] [control_serial_interface]: Serial manager service not available
[ERROR] [1775076539.921844150] [control_serial_interface]: Serial port not found
[WARN] [1775076541.911724672] [control_serial_interface]: Control board serial port is not open, attempting to open
[INFO] [1775076541.912297615] [control_serial_interface]: Attempting to open serial port for control board
[INFO] [1775076541.912755767] [control_serial_interface]: No serial port defined for control board, attempting to acquire port
[ERROR] [1775076542.915009120] [control_serial_interface]: Serial manager service not available
[ERROR] [1775076542.915866140] [control_serial_interface]: Serial port not found
[WARN] [1775076544.913454694] [control_serial_interface]: Control board serial port is not open, attempting to open
[INFO] [1775076544.915199922] [control_serial_interface]: Attempting to open serial port for control board
[INFO] [1775076544.916773244] [control_serial_interface]: No serial port defined for control board, attempting to acquire port
[ERROR] [1775076545.920679482] [control_serial_interface]: Serial manager service not available
[ERROR] [1775076545.923216979] [control_serial_interface]: Serial port not found
[WARN] [1775076547.913271912] [control_serial_interface]: Control board serial port is not open, attempting to open
[INFO] [1775076547.915140124] [control_serial_interface]: Attempting to open serial port for control board
[INFO] [1775076547.916759868] [control_serial_interface]: No serial port defined for control board, attempting to acquire port
[ERROR] [1775076548.920605154] [control_serial_interface]: Serial manager service not available
[ERROR] [1775076548.922663408] [control_serial_interface]: Serial port not found
[WARN] [1775076550.913336759] [control_serial_interface]: Control board serial port is not open, attempting to open
[INFO] [1775076550.915057396] [control_serial_interface]: Attempting to open serial port for control board
[INFO] [1775076550.916687615] [control_serial_interface]: No serial port defined for control board, attempting to acquire port
[ERROR] [1775076551.920419451] [control_serial_interface]: Serial manager service not available
[ERROR] [1775076551.922377972] [control_serial_interface]: Serial port not found
[WARN] [1775076553.913205263] [control_serial_interface]: Control board serial port is not open, attempting to open
[INFO] [1775076553.915336895] [control_serial_interface]: Attempting to open serial port for control board
[INFO] [1775076553.916960979] [control_serial_interface]: No serial port defined for control board, attempting to acquire port
[ERROR] [1775076554.919330548] [control_serial_interface]: Serial manager service not available
[ERROR] [1775076554.920057559] [control_serial_interface]: Serial port not found
[WARN] [1775076556.911959257] [control_serial_interface]: Control board serial port is not open, attempting to open
[INFO] [1775076556.912520767] [control_serial_interface]: Attempting to open serial port for control board
[INFO] [1775076556.913021809] [control_serial_interface]: No serial port defined for control board, attempting to acquire port
[ERROR] [1775076557.916393578] [control_serial_interface]: Serial manager service not available
[ERROR] [1775076557.918503709] [control_serial_interface]: Serial port not found
[WARN] [1775076559.911936985] [control_serial_interface]: Control board serial port is not open, attempting to open
[INFO] [1775076559.912572391] [control_serial_interface]: Attempting to open serial port for control board
[INFO] [1775076559.913226703] [control_serial_interface]: No serial port defined for control board, attempting to acquire port
[ERROR] [1775076560.915364930] [control_serial_interface]: Serial manager service not available
[ERROR] [1775076560.916004937] [control_serial_interface]: Serial port not found
[WARN] [1775076562.911742704] [control_serial_interface]: Control board serial port is not open, attempting to open
[INFO] [1775076562.912311392] [control_serial_interface]: Attempting to open serial port for control board
[INFO] [1775076562.912789757] [control_serial_interface]: No serial port defined for control board, attempting to acquire port
[ERROR] [1775076563.916260877] [control_serial_interface]: Serial manager service not available
[ERROR] [1775076563.918468712] [control_serial_interface]: Serial port not found
[WARN] [1775076565.913251496] [control_serial_interface]: Control board serial port is not open, attempting to open
[INFO] [1775076565.914937732] [control_serial_interface]: Attempting to open serial port for control board
[INFO] [1775076565.916825650] [control_serial_interface]: No serial port defined for control board, attempting to acquire port
[ERROR] [1775076566.919576819] [control_serial_interface]: Serial manager service not available
[ERROR] [1775076566.920488844] [control_serial_interface]: Serial port not found
[WARN] [1775076568.913104935] [control_serial_interface]: Control board serial port is not open, attempting to open
[INFO] [1775076568.914795956] [control_serial_interface]: Attempting to open serial port for control board
[INFO] [1775076568.916411050] [control_serial_interface]: No serial port defined for control board, attempting to acquire port
[ERROR] [1775076569.919632593] [control_serial_interface]: Serial manager service not available
[ERROR] [1775076569.921353290] [control_serial_interface]: Serial port not found
[WARN] [1775076571.913118940] [control_serial_interface]: Control board serial port is not open, attempting to open
[INFO] [1775076571.914811427] [control_serial_interface]: Attempting to open serial port for control board
[INFO] [1775076571.916698895] [control_serial_interface]: No serial port defined for control board, attempting to acquire port
[ERROR] [1775076572.920730742] [control_serial_interface]: Serial manager service not available
[ERROR] [1775076572.922705544] [control_serial_interface]: Serial port not found
[WARN] [1775076574.913714236] [control_serial_interface]: Control board serial port is not open, attempting to open
[INFO] [1775076574.915388322] [control_serial_interface]: Attempting to open serial port for control board
[INFO] [1775076574.917040937] [control_serial_interface]: No serial port defined for control board, attempting to acquire port
[ERROR] [1775076575.920474122] [control_serial_interface]: Serial manager service not available
[ERROR] [1775076575.922909305] [control_serial_interface]: Serial port not found
[WARN] [1775076577.913171686] [control_serial_interface]: Control board serial port is not open, attempting to open
[INFO] [1775076577.914923789] [control_serial_interface]: Attempting to open serial port for control board
[INFO] [1775076577.916770906] [control_serial_interface]: No serial port defined for control board, attempting to acquire port
[ERROR] [1775076578.919330672] [control_serial_interface]: Serial manager service not available
[ERROR] [1775076578.919973277] [control_serial_interface]: Serial port not found
[WARN] [1775076580.911903806] [control_serial_interface]: Control board serial port is not open, attempting to open
[INFO] [1775076580.912492373] [control_serial_interface]: Attempting to open serial port for control board
[INFO] [1775076580.913038130] [control_serial_interface]: No serial port defined for control board, attempting to acquire port
[ERROR] [1775076581.915366190] [control_serial_interface]: Serial manager service not available
[ERROR] [1775076581.916031670] [control_serial_interface]: Serial port not found
[WARN] [1775076583.913369857] [control_serial_interface]: Control board serial port is not open, attempting to open
[INFO] [1775076583.915072614] [control_serial_interface]: Attempting to open serial port for control board
[INFO] [1775076583.916665411] [control_serial_interface]: No serial port defined for control board, attempting to acquire port
[ERROR] [1775076584.920485473] [control_serial_interface]: Serial manager service not available
[ERROR] [1775076584.922735660] [control_serial_interface]: Serial port not found
[WARN] [1775076586.913301350] [control_serial_interface]: Control board serial port is not open, attempting to open
[INFO] [1775076586.914999377] [control_serial_interface]: Attempting to open serial port for control board
[INFO] [1775076586.916541678] [control_serial_interface]: No serial port defined for control board, attempting to acquire port
[ERROR] [1775076587.932584530] [control_serial_interface]: Serial manager service not available
[ERROR] [1775076587.933829536] [control_serial_interface]: Serial port not found
[WARN] [1775076589.913220047] [control_serial_interface]: Control board serial port is not open, attempting to open
[INFO] [1775076589.914929114] [control_serial_interface]: Attempting to open serial port for control board
[INFO] [1775076589.916530572] [control_serial_interface]: No serial port defined for control board, attempting to acquire port
[ERROR] [1775076590.919547075] [control_serial_interface]: Serial manager service not available
[ERROR] [1775076590.920336700] [control_serial_interface]: Serial port not found
[WARN] [1775076592.913250070] [control_serial_interface]: Control board serial port is not open, attempting to open
[INFO] [1775076592.915186870] [control_serial_interface]: Attempting to open serial port for control board
[INFO] [1775076592.917013786] [control_serial_interface]: No serial port defined for control board, attempting to acquire port
[ERROR] [1775076593.920905585] [control_serial_interface]: Serial manager service not available
[ERROR] [1775076593.922725296] [control_serial_interface]: Serial port not found
[WARN] [1775076595.915394542] [control_serial_interface]: Control board serial port is not open, attempting to open
[INFO] [1775076595.917076753] [control_serial_interface]: Attempting to open serial port for control board
[INFO] [1775076595.918630700] [control_serial_interface]: No serial port defined for control board, attempting to acquire port
[ERROR] [1775076596.922554270] [control_serial_interface]: Serial manager service not available
[ERROR] [1775076596.924372316] [control_serial_interface]: Serial port not found
[WARN] [1775076598.913264801] [control_serial_interface]: Control board serial port is not open, attempting to open
[INFO] [1775076598.915215941] [control_serial_interface]: Attempting to open serial port for control board
[INFO] [1775076598.917113980] [control_serial_interface]: No serial port defined for control board, attempting to acquire port
[ERROR] [1775076599.921112657] [control_serial_interface]: Serial manager service not available
[ERROR] [1775076599.922914137] [control_serial_interface]: Serial port not found
[WARN] [1775076601.913255848] [control_serial_interface]: Control board serial port is not open, attempting to open
[INFO] [1775076601.914910838] [control_serial_interface]: Attempting to open serial port for control board
[INFO] [1775076601.916571728] [control_serial_interface]: No serial port defined for control board, attempting to acquire port
[ERROR] [1775076602.920531345] [control_serial_interface]: Serial manager service not available
[ERROR] [1775076602.922349871] [control_serial_interface]: Serial port not found
[WARN] [1775076604.913257492] [control_serial_interface]: Control board serial port is not open, attempting to open
[INFO] [1775076604.914901842] [control_serial_interface]: Attempting to open serial port for control board
[INFO] [1775076604.916757319] [control_serial_interface]: No serial port defined for control board, attempting to acquire port
[ERROR] [1775076605.920544425] [control_serial_interface]: Serial manager service not available
[ERROR] [1775076605.922368631] [control_serial_interface]: Serial port not found
[WARN] [1775076607.913278117] [control_serial_interface]: Control board serial port is not open, attempting to open
[INFO] [1775076607.914993389] [control_serial_interface]: Attempting to open serial port for control board
[INFO] [1775076607.916803445] [control_serial_interface]: No serial port defined for control board, attempting to acquire port
[ERROR] [1775076608.920716411] [control_serial_interface]: Serial manager service not available
[ERROR] [1775076608.922506946] [control_serial_interface]: Serial port not found
[WARN] [1775076610.913236903] [control_serial_interface]: Control board serial port is not open, attempting to open
[INFO] [1775076610.914980946] [control_serial_interface]: Attempting to open serial port for control board
[INFO] [1775076610.916557604] [control_serial_interface]: No serial port defined for control board, attempting to acquire port
[ERROR] [1775076611.920357709] [control_serial_interface]: Serial manager service not available
[ERROR] [1775076611.922189325] [control_serial_interface]: Serial port not found
[WARN] [1775076613.911802629] [control_serial_interface]: Control board serial port is not open, attempting to open
[INFO] [1775076613.913546254] [control_serial_interface]: Attempting to open serial port for control board
[INFO] [1775076613.915147002] [control_serial_interface]: No serial port defined for control board, attempting to acquire port
[ERROR] [1775081745.138811082] [control_serial_interface]: Serial manager service not available
[ERROR] [1775081745.139690006] [control_serial_interface]: Serial port not found
[WARN] [1775081745.143889638] [control_serial_interface]: Control board serial port is not open, attempting to open
[INFO] [1775081745.145598914] [control_serial_interface]: Attempting to open serial port for control board
[INFO] [1775081745.154267097] [control_serial_interface]: No serial port defined for control board, attempting to acquire port
[ERROR] [1775081746.167952816] [control_serial_interface]: Serial manager service not available
[ERROR] [1775081746.168845223] [control_serial_interface]: Serial port not found
[WARN] [1775081746.914498277] [control_serial_interface]: Control board serial port is not open, attempting to open
[INFO] [1775081746.916504993] [control_serial_interface]: Attempting to open serial port for control board
[INFO] [1775081746.919434428] [control_serial_interface]: No serial port defined for control board, attempting to acquire port
[ERROR] [1775081747.921791025] [control_serial_interface]: Serial manager service not available
[ERROR] [1775081747.925545214] [control_serial_interface]: Serial port not found
[WARN] [1775081749.912209815] [control_serial_interface]: Control board serial port is not open, attempting to open
[INFO] [1775081749.913050824] [control_serial_interface]: Attempting to open serial port for control board
[INFO] [1775081749.913882283] [control_serial_interface]: No serial port defined for control board, attempting to acquire port
[ERROR] [1775081750.918674926] [control_serial_interface]: Serial manager service not available
[ERROR] [1775081750.919580377] [control_serial_interface]: Serial port not found
[WARN] [1775081752.912108193] [control_serial_interface]: Control board serial port is not open, attempting to open
[INFO] [1775081752.913016774] [control_serial_interface]: Attempting to open serial port for control board
[INFO] [1775081752.914051887] [control_serial_interface]: No serial port defined for control board, attempting to acquire port
[ERROR] [1775081753.916084085] [control_serial_interface]: Serial manager service not available
[ERROR] [1775081753.916735921] [control_serial_interface]: Serial port not found
[WARN] [1775081755.912852259] [control_serial_interface]: Control board serial port is not open, attempting to open
[INFO] [1775081755.913645111] [control_serial_interface]: Attempting to open serial port for control board
[INFO] [1775081755.914637805] [control_serial_interface]: No serial port defined for control board, attempting to acquire port
[ERROR] [1775081756.918592284] [control_serial_interface]: Serial manager service not available
[ERROR] [1775081756.919837440] [control_serial_interface]: Serial port not found
[WARN] [1775081758.913870663] [control_serial_interface]: Control board serial port is not open, attempting to open
[INFO] [1775081758.915687274] [control_serial_interface]: Attempting to open serial port for control board
[INFO] [1775081758.917837657] [control_serial_interface]: No serial port defined for control board, attempting to acquire port
[ERROR] [1775081759.921008731] [control_serial_interface]: Serial manager service not available
[ERROR] [1775081759.921803573] [control_serial_interface]: Serial port not found
[WARN] [1775081761.914884487] [control_serial_interface]: Control board serial port is not open, attempting to open
[INFO] [1775081761.916016579] [control_serial_interface]: Attempting to open serial port for control board
[INFO] [1775081761.918408807] [control_serial_interface]: No serial port defined for control board, attempting to acquire port
[ERROR] [1775081762.924798442] [control_serial_interface]: Serial manager service not available
[ERROR] [1775081762.929159744] [control_serial_interface]: Serial port not found
[WARN] [1775081764.913573587] [control_serial_interface]: Control board serial port is not open, attempting to open
[INFO] [1775081764.914481419] [control_serial_interface]: Attempting to open serial port for control board
[INFO] [1775081764.915375641] [control_serial_interface]: No serial port defined for control board, attempting to acquire port
[ERROR] [1775081765.919862349] [control_serial_interface]: Serial manager service not available
[ERROR] [1775081765.922814884] [control_serial_interface]: Serial port not found
[WARN] [1775081767.912061441] [control_serial_interface]: Control board serial port is not open, attempting to open
[INFO] [1775081767.912680571] [control_serial_interface]: Attempting to open serial port for control board
[INFO] [1775081767.913253289] [control_serial_interface]: No serial port defined for control board, attempting to acquire port
[ERROR] [1775081768.915462377] [control_serial_interface]: Serial manager service not available
[ERROR] [1775081768.916166081] [control_serial_interface]: Serial port not found
[WARN] [1775081770.912020941] [control_serial_interface]: Control board serial port is not open, attempting to open
[INFO] [1775081770.912898436] [control_serial_interface]: Attempting to open serial port for control board
[INFO] [1775081770.913849934] [control_serial_interface]: No serial port defined for control board, attempting to acquire port
[ERROR] [1775081771.916435947] [control_serial_interface]: Serial manager service not available
[ERROR] [1775081771.919651892] [control_serial_interface]: Serial port not found
[WARN] [1775081773.912843814] [control_serial_interface]: Control board serial port is not open, attempting to open
[INFO] [1775081773.914302178] [control_serial_interface]: Attempting to open serial port for control board
[INFO] [1775081773.915687483] [control_serial_interface]: No serial port defined for control board, attempting to acquire port
[ERROR] [1775081774.918916509] [control_serial_interface]: Serial manager service not available
[ERROR] [1775081774.920714786] [control_serial_interface]: Serial port not found
[WARN] [1775081776.911806042] [control_serial_interface]: Control board serial port is not open, attempting to open
[INFO] [1775081776.912377054] [control_serial_interface]: Attempting to open serial port for control board
[INFO] [1775081776.912876032] [control_serial_interface]: No serial port defined for control board, attempting to acquire port
[ERROR] [1775081777.916056995] [control_serial_interface]: Serial manager service not available
[ERROR] [1775081777.918209845] [control_serial_interface]: Serial port not found
[WARN] [1775081779.911810277] [control_serial_interface]: Control board serial port is not open, attempting to open
[INFO] [1775081779.912400074] [control_serial_interface]: Attempting to open serial port for control board
[INFO] [1775081779.913128044] [control_serial_interface]: No serial port defined for control board, attempting to acquire port
[ERROR] [1775081780.915973602] [control_serial_interface]: Serial manager service not available
[ERROR] [1775081780.916777085] [control_serial_interface]: Serial port not found
[WARN] [1775081782.912604190] [control_serial_interface]: Control board serial port is not open, attempting to open
[INFO] [1775081782.914011349] [control_serial_interface]: Attempting to open serial port for control board
[INFO] [1775081782.914958867] [control_serial_interface]: No serial port defined for control board, attempting to acquire port
[ERROR] [1775081783.917438589] [control_serial_interface]: Serial manager service not available
[ERROR] [1775081783.918067234] [control_serial_interface]: Serial port not found
[WARN] [1775081785.911807866] [control_serial_interface]: Control board serial port is not open, attempting to open
[INFO] [1775081785.912377433] [control_serial_interface]: Attempting to open serial port for control board
[INFO] [1775081785.912858450] [control_serial_interface]: No serial port defined for control board, attempting to acquire port
[ERROR] [1775081786.916148972] [control_serial_interface]: Serial manager service not available
[ERROR] [1775081786.918264731] [control_serial_interface]: Serial port not found
[WARN] [1775081788.913245713] [control_serial_interface]: Control board serial port is not open, attempting to open
[INFO] [1775081788.914862309] [control_serial_interface]: Attempting to open serial port for control board
[INFO] [1775081788.916671025] [control_serial_interface]: No serial port defined for control board, attempting to acquire port
[ERROR] [1775081789.919107734] [control_serial_interface]: Serial manager service not available
[ERROR] [1775081789.919867484] [control_serial_interface]: Serial port not found
[WARN] [1775081791.913871436] [control_serial_interface]: Control board serial port is not open, attempting to open
[INFO] [1775081791.915789813] [control_serial_interface]: Attempting to open serial port for control board
[INFO] [1775081791.917802776] [control_serial_interface]: No serial port defined for control board, attempting to acquire port
[ERROR] [1775081792.921609294] [control_serial_interface]: Serial manager service not available
[ERROR] [1775081792.923574248] [control_serial_interface]: Serial port not found
[WARN] [1775081794.912108194] [control_serial_interface]: Control board serial port is not open, attempting to open
[INFO] [1775081794.912648606] [control_serial_interface]: Attempting to open serial port for control board
[INFO] [1775081794.913159624] [control_serial_interface]: No serial port defined for control board, attempting to acquire port
[ERROR] [1775081795.916367823] [control_serial_interface]: Serial manager service not available
[ERROR] [1775081795.918196716] [control_serial_interface]: Serial port not found
[WARN] [1775081797.911825005] [control_serial_interface]: Control board serial port is not open, attempting to open
[INFO] [1775081797.912433468] [control_serial_interface]: Attempting to open serial port for control board
[INFO] [1775081797.912948823] [control_serial_interface]: No serial port defined for control board, attempting to acquire port
[ERROR] [1775081798.916362551] [control_serial_interface]: Serial manager service not available
[ERROR] [1775081798.918559182] [control_serial_interface]: Serial port not found
[WARN] [1775081800.911768463] [control_serial_interface]: Control board serial port is not open, attempting to open
[INFO] [1775081800.912345166] [control_serial_interface]: Attempting to open serial port for control board
[INFO] [1775081800.912847546] [control_serial_interface]: No serial port defined for control board, attempting to acquire port
[ERROR] [1775081801.915223177] [control_serial_interface]: Serial manager service not available
[ERROR] [1775081801.915947436] [control_serial_interface]: Serial port not found
[WARN] [1775081803.913671038] [control_serial_interface]: Control board serial port is not open, attempting to open
[INFO] [1775081803.915877469] [control_serial_interface]: Attempting to open serial port for control board
[INFO] [1775081803.917816656] [control_serial_interface]: No serial port defined for control board, attempting to acquire port
[ERROR] [1775081804.920798059] [control_serial_interface]: Serial manager service not available
[ERROR] [1775081804.921542979] [control_serial_interface]: Serial port not found
[WARN] [1775081806.912216068] [control_serial_interface]: Control board serial port is not open, attempting to open
[INFO] [1775081806.912986697] [control_serial_interface]: Attempting to open serial port for control board
[INFO] [1775081806.913720908] [control_serial_interface]: No serial port defined for control board, attempting to acquire port
[ERROR] [1775081807.915809834] [control_serial_interface]: Serial manager service not available
[ERROR] [1775081807.916432393] [control_serial_interface]: Serial port not found
[WARN] [1775081809.911806380] [control_serial_interface]: Control board serial port is not open, attempting to open
[INFO] [1775081809.912371638] [control_serial_interface]: Attempting to open serial port for control board
[INFO] [1775081809.912878573] [control_serial_interface]: No serial port defined for control board, attempting to acquire port
[ERROR] [1775081810.915782644] [control_serial_interface]: Serial manager service not available
[ERROR] [1775081810.916542144] [control_serial_interface]: Serial port not found
[WARN] [1775081812.912013445] [control_serial_interface]: Control board serial port is not open, attempting to open
[INFO] [1775081812.912673715] [control_serial_interface]: Attempting to open serial port for control board
[INFO] [1775081812.913188676] [control_serial_interface]: No serial port defined for control board, attempting to acquire port
[ERROR] [1775081813.915098845] [control_serial_interface]: Serial manager service not available
[ERROR] [1775081813.915717608] [control_serial_interface]: Serial port not found
[WARN] [1775081815.911771244] [control_serial_interface]: Control board serial port is not open, attempting to open
[INFO] [1775081815.912279584] [control_serial_interface]: Attempting to open serial port for control board
[INFO] [1775081815.912702176] [control_serial_interface]: No serial port defined for control board, attempting to acquire port
[ERROR] [1775081816.914852967] [control_serial_interface]: Serial manager service not available
[ERROR] [1775081816.915585587] [control_serial_interface]: Serial port not found
[WARN] [1775081818.912369471] [control_serial_interface]: Control board serial port is not open, attempting to open
[INFO] [1775081818.913427271] [control_serial_interface]: Attempting to open serial port for control board
[INFO] [1775081818.914413288] [control_serial_interface]: No serial port defined for control board, attempting to acquire port
[ERROR] [1775081819.917426883] [control_serial_interface]: Serial manager service not available
[ERROR] [1775081819.918219442] [control_serial_interface]: Serial port not found
[WARN] [1775081821.912371601] [control_serial_interface]: Control board serial port is not open, attempting to open
[INFO] [1775081821.913206173] [control_serial_interface]: Attempting to open serial port for control board
[INFO] [1775081821.914827883] [control_serial_interface]: No serial port defined for control board, attempting to acquire port
[ERROR] [1775081822.919012493] [control_serial_interface]: Serial manager service not available
[ERROR] [1775081822.923586762] [control_serial_interface]: Serial port not found
[WARN] [1775081824.912883550] [control_serial_interface]: Control board serial port is not open, attempting to open
[INFO] [1775081824.914446355] [control_serial_interface]: Attempting to open serial port for control board
[INFO] [1775081824.915712617] [control_serial_interface]: No serial port defined for control board, attempting to acquire port
[ERROR] [1775081825.917939679] [control_serial_interface]: Serial manager service not available
[ERROR] [1775081825.918848768] [control_serial_interface]: Serial port not found
[WARN] [1775081827.912054022] [control_serial_interface]: Control board serial port is not open, attempting to open
[INFO] [1775081827.912791427] [control_serial_interface]: Attempting to open serial port for control board
[INFO] [1775081827.913985886] [control_serial_interface]: No serial port defined for control board, attempting to acquire port
[ERROR] [1775081828.916745688] [control_serial_interface]: Serial manager service not available
[ERROR] [1775081828.919918608] [control_serial_interface]: Serial port not found
[WARN] [1775081830.912010569] [control_serial_interface]: Control board serial port is not open, attempting to open
[INFO] [1775081830.912644648] [control_serial_interface]: Attempting to open serial port for control board
[INFO] [1775081830.913205001] [control_serial_interface]: No serial port defined for control board, attempting to acquire port
[ERROR] [1775081831.915624351] [control_serial_interface]: Serial manager service not available
[ERROR] [1775081831.916744389] [control_serial_interface]: Serial port not found
[WARN] [1775081833.911969595] [control_serial_interface]: Control board serial port is not open, attempting to open
[INFO] [1775081833.912627495] [control_serial_interface]: Attempting to open serial port for control board
[INFO] [1775081833.913287962] [control_serial_interface]: No serial port defined for control board, attempting to acquire port
[ERROR] [1775081834.915371382] [control_serial_interface]: Serial manager service not available
[ERROR] [1775081834.915986631] [control_serial_interface]: Serial port not found
[WARN] [1775081836.912244085] [control_serial_interface]: Control board serial port is not open, attempting to open
[INFO] [1775081836.913172590] [control_serial_interface]: Attempting to open serial port for control board
[INFO] [1775081836.913998895] [control_serial_interface]: No serial port defined for control board, attempting to acquire port
[ERROR] [1775081837.917164552] [control_serial_interface]: Serial manager service not available
[ERROR] [1775081837.919733016] [control_serial_interface]: Serial port not found
[WARN] [1775081839.912724185] [control_serial_interface]: Control board serial port is not open, attempting to open
[INFO] [1775081839.914753822] [control_serial_interface]: Attempting to open serial port for control board
[INFO] [1775081839.915372657] [control_serial_interface]: No serial port defined for control board, attempting to acquire port
[ERROR] [1775081840.921554477] [control_serial_interface]: Serial manager service not available
[ERROR] [1775081840.923555682] [control_serial_interface]: Serial port not found
[WARN] [1775081842.913313948] [control_serial_interface]: Control board serial port is not open, attempting to open
[INFO] [1775081842.915027413] [control_serial_interface]: Attempting to open serial port for control board
[INFO] [1775081842.917976934] [control_serial_interface]: No serial port defined for control board, attempting to acquire port
[ERROR] [1775081843.922180767] [control_serial_interface]: Serial manager service not available
[ERROR] [1775081843.924384953] [control_serial_interface]: Serial port not found
[WARN] [1775081845.912152320] [control_serial_interface]: Control board serial port is not open, attempting to open
[INFO] [1775081845.913336343] [control_serial_interface]: Attempting to open serial port for control board
[INFO] [1775081845.914186766] [control_serial_interface]: No serial port defined for control board, attempting to acquire port
[ERROR] [1775081846.918632519] [control_serial_interface]: Serial manager service not available
[ERROR] [1775081846.922614893] [control_serial_interface]: Serial port not found
[WARN] [1775081848.913842370] [control_serial_interface]: Control board serial port is not open, attempting to open
[INFO] [1775081848.915138222] [control_serial_interface]: Attempting to open serial port for control board
[INFO] [1775081848.916747744] [control_serial_interface]: No serial port defined for control board, attempting to acquire port
[ERROR] [1775081849.923335853] [control_serial_interface]: Serial manager service not available
[ERROR] [1775081849.926602093] [control_serial_interface]: Serial port not found
[WARN] [1775081851.913342139] [control_serial_interface]: Control board serial port is not open, attempting to open
[INFO] [1775081851.914990952] [control_serial_interface]: Attempting to open serial port for control board
[INFO] [1775081851.916639610] [control_serial_interface]: No serial port defined for control board, attempting to acquire port
[ERROR] [1775081852.921342379] [control_serial_interface]: Serial manager service not available
[ERROR] [1775081852.924570198] [control_serial_interface]: Serial port not found
[WARN] [1775081854.912162532] [control_serial_interface]: Control board serial port is not open, attempting to open
[INFO] [1775081854.912939712] [control_serial_interface]: Attempting to open serial port for control board
[INFO] [1775081854.913706523] [control_serial_interface]: No serial port defined for control board, attempting to acquire port
[ERROR] [1775081855.916682181] [control_serial_interface]: Serial manager service not available
[ERROR] [1775081855.918424602] [control_serial_interface]: Serial port not found
[WARN] [1775081857.912179365] [control_serial_interface]: Control board serial port is not open, attempting to open
[INFO] [1775081857.913292056] [control_serial_interface]: Attempting to open serial port for control board
[INFO] [1775081857.914310096] [control_serial_interface]: No serial port defined for control board, attempting to acquire port
[ERROR] [1775081858.917161373] [control_serial_interface]: Serial manager service not available
[ERROR] [1775081858.918166449] [control_serial_interface]: Serial port not found
[WARN] [1775081860.911703847] [control_serial_interface]: Control board serial port is not open, attempting to open
[INFO] [1775081860.912267492] [control_serial_interface]: Attempting to open serial port for control board
[INFO] [1775081860.912910889] [control_serial_interface]: No serial port defined for control board, attempting to acquire port
[ERROR] [1775081861.915826618] [control_serial_interface]: Serial manager service not available
[ERROR] [1775081861.917206531] [control_serial_interface]: Serial port not found
[WARN] [1775081863.912938913] [control_serial_interface]: Control board serial port is not open, attempting to open
[INFO] [1775081863.913737714] [control_serial_interface]: Attempting to open serial port for control board
[INFO] [1775081863.914519876] [control_serial_interface]: No serial port defined for control board, attempting to acquire port
[ERROR] [1775081864.916689920] [control_serial_interface]: Serial manager service not available
[ERROR] [1775081864.917514434] [control_serial_interface]: Serial port not found
[WARN] [1775081866.911855537] [control_serial_interface]: Control board serial port is not open, attempting to open
[INFO] [1775081866.912504546] [control_serial_interface]: Attempting to open serial port for control board
[INFO] [1775081866.913262820] [control_serial_interface]: No serial port defined for control board, attempting to acquire port
[ERROR] [1775081867.915836349] [control_serial_interface]: Serial manager service not available
[ERROR] [1775081867.916615832] [control_serial_interface]: Serial port not found
[WARN] [1775081869.913059065] [control_serial_interface]: Control board serial port is not open, attempting to open
[INFO] [1775081869.914836645] [control_serial_interface]: Attempting to open serial port for control board
[INFO] [1775081869.916590787] [control_serial_interface]: No serial port defined for control board, attempting to acquire port
[ERROR] [1775081870.920204751] [control_serial_interface]: Serial manager service not available
[ERROR] [1775081870.921996213] [control_serial_interface]: Serial port not found
[WARN] [1775081872.911819004] [control_serial_interface]: Control board serial port is not open, attempting to open
[INFO] [1775081872.912418437] [control_serial_interface]: Attempting to open serial port for control board
[INFO] [1775081872.912993513] [control_serial_interface]: No serial port defined for control board, attempting to acquire port
[ERROR] [1775081873.915544472] [control_serial_interface]: Serial manager service not available
[ERROR] [1775081873.916607442] [control_serial_interface]: Serial port not found
[WARN] [1775081875.911782466] [control_serial_interface]: Control board serial port is not open, attempting to open
[INFO] [1775081875.912417417] [control_serial_interface]: Attempting to open serial port for control board
[INFO] [1775081875.912858101] [control_serial_interface]: No serial port defined for control board, attempting to acquire port
[ERROR] [1775081876.914700541] [control_serial_interface]: Serial manager service not available
[ERROR] [1775081876.915632495] [control_serial_interface]: Serial port not found
[WARN] [1775081878.911771319] [control_serial_interface]: Control board serial port is not open, attempting to open
[INFO] [1775081878.912309019] [control_serial_interface]: Attempting to open serial port for control board
[INFO] [1775081878.912757696] [control_serial_interface]: No serial port defined for control board, attempting to acquire port
[ERROR] [1775081879.914609592] [control_serial_interface]: Serial manager service not available
[ERROR] [1775081879.915215052] [control_serial_interface]: Serial port not found
[WARN] [1775081881.912239021] [control_serial_interface]: Control board serial port is not open, attempting to open
[INFO] [1775081881.913310258] [control_serial_interface]: Attempting to open serial port for control board
[INFO] [1775081881.914297433] [control_serial_interface]: No serial port defined for control board, attempting to acquire port
[ERROR] [1775081882.916597496] [control_serial_interface]: Serial manager service not available
[ERROR] [1775081882.917386902] [control_serial_interface]: Serial port not found
[WARN] [1775081884.912416436] [control_serial_interface]: Control board serial port is not open, attempting to open
[INFO] [1775081884.913464409] [control_serial_interface]: Attempting to open serial port for control board
[INFO] [1775081884.914415759] [control_serial_interface]: No serial port defined for control board, attempting to acquire port
[ERROR] [1775081885.916853192] [control_serial_interface]: Serial manager service not available
[ERROR] [1775081885.917844092] [control_serial_interface]: Serial port not found
[WARN] [1775081887.912789826] [control_serial_interface]: Control board serial port is not open, attempting to open
[INFO] [1775081887.913771577] [control_serial_interface]: Attempting to open serial port for control board
[INFO] [1775081887.914694780] [control_serial_interface]: No serial port defined for control board, attempting to acquire port
[ERROR] [1775081888.916868854] [control_serial_interface]: Serial manager service not available
[ERROR] [1775081888.917546595] [control_serial_interface]: Serial port not found
[WARN] [1775081890.911832051] [control_serial_interface]: Control board serial port is not open, attempting to open
[INFO] [1775081890.912403056] [control_serial_interface]: Attempting to open serial port for control board
[INFO] [1775081890.913021937] [control_serial_interface]: No serial port defined for control board, attempting to acquire port
[ERROR] [1775081891.915830199] [control_serial_interface]: Serial manager service not available
[ERROR] [1775081891.917066834] [control_serial_interface]: Serial port not found
[WARN] [1775081893.912816506] [control_serial_interface]: Control board serial port is not open, attempting to open
[INFO] [1775081893.914026475] [control_serial_interface]: Attempting to open serial port for control board
[INFO] [1775081893.915968590] [control_serial_interface]: No serial port defined for control board, attempting to acquire port
[ERROR] [1775081894.917844358] [control_serial_interface]: Serial manager service not available
[ERROR] [1775081894.918447034] [control_serial_interface]: Serial port not found
[WARN] [1775081896.913690038] [control_serial_interface]: Control board serial port is not open, attempting to open
[INFO] [1775081896.915297585] [control_serial_interface]: Attempting to open serial port for control board
[INFO] [1775081896.917184200] [control_serial_interface]: No serial port defined for control board, attempting to acquire port
[ERROR] [1775081897.919591468] [control_serial_interface]: Serial manager service not available
[ERROR] [1775081897.920326795] [control_serial_interface]: Serial port not found
[WARN] [1775081899.912141560] [control_serial_interface]: Control board serial port is not open, attempting to open
[INFO] [1775081899.912979865] [control_serial_interface]: Attempting to open serial port for control board
[INFO] [1775081899.913605979] [control_serial_interface]: No serial port defined for control board, attempting to acquire port
[ERROR] [1775081900.915885034] [control_serial_interface]: Serial manager service not available
[ERROR] [1775081900.916755276] [control_serial_interface]: Serial port not found
[WARN] [1775081902.912345255] [control_serial_interface]: Control board serial port is not open, attempting to open
[INFO] [1775081902.913410503] [control_serial_interface]: Attempting to open serial port for control board
[INFO] [1775081902.914353999] [control_serial_interface]: No serial port defined for control board, attempting to acquire port
[ERROR] [1775081903.916993869] [control_serial_interface]: Serial manager service not available
[ERROR] [1775081903.918221973] [control_serial_interface]: Serial port not found
[WARN] [1775081905.911769795] [control_serial_interface]: Control board serial port is not open, attempting to open
[INFO] [1775081905.912306453] [control_serial_interface]: Attempting to open serial port for control board
[INFO] [1775081905.912828286] [control_serial_interface]: No serial port defined for control board, attempting to acquire port
[ERROR] [1775081906.915081373] [control_serial_interface]: Serial manager service not available
[ERROR] [1775081906.916281838] [control_serial_interface]: Serial port not found
[WARN] [1775081908.914705272] [control_serial_interface]: Control board serial port is not open, attempting to open
[INFO] [1775081908.917252434] [control_serial_interface]: Attempting to open serial port for control board
[INFO] [1775081908.919602249] [control_serial_interface]: No serial port defined for control board, attempting to acquire port
[ERROR] [1775081909.922330682] [control_serial_interface]: Serial manager service not available
[ERROR] [1775081909.923442996] [control_serial_interface]: Serial port not found
[WARN] [1775081911.912022287] [control_serial_interface]: Control board serial port is not open, attempting to open
[INFO] [1775081911.912804720] [control_serial_interface]: Attempting to open serial port for control board
[INFO] [1775081911.913518158] [control_serial_interface]: No serial port defined for control board, attempting to acquire port
[ERROR] [1775081912.915506408] [control_serial_interface]: Serial manager service not available
[ERROR] [1775081912.916227712] [control_serial_interface]: Serial port not found
[WARN] [1775081914.912696591] [control_serial_interface]: Control board serial port is not open, attempting to open
[INFO] [1775081914.913548662] [control_serial_interface]: Attempting to open serial port for control board
[INFO] [1775081914.914368012] [control_serial_interface]: No serial port defined for control board, attempting to acquire port
[ERROR] [1775081915.916339056] [control_serial_interface]: Serial manager service not available
[ERROR] [1775081915.916940585] [control_serial_interface]: Serial port not found
[WARN] [1775081917.912660211] [control_serial_interface]: Control board serial port is not open, attempting to open
[INFO] [1775081917.913446336] [control_serial_interface]: Attempting to open serial port for control board
[INFO] [1775081917.914163500] [control_serial_interface]: No serial port defined for control board, attempting to acquire port
[ERROR] [1775081918.916297883] [control_serial_interface]: Serial manager service not available
[ERROR] [1775081918.917140703] [control_serial_interface]: Serial port not found
[WARN] [1775081920.912470324] [control_serial_interface]: Control board serial port is not open, attempting to open
[INFO] [1775081920.913484604] [control_serial_interface]: Attempting to open serial port for control board
[INFO] [1775081920.914041797] [control_serial_interface]: No serial port defined for control board, attempting to acquire port
[ERROR] [1775081921.916301051] [control_serial_interface]: Serial manager service not available
[ERROR] [1775081921.917150996] [control_serial_interface]: Serial port not found
[WARN] [1775081923.912211658] [control_serial_interface]: Control board serial port is not open, attempting to open
[INFO] [1775081923.913362571] [control_serial_interface]: Attempting to open serial port for control board
[INFO] [1775081923.915372332] [control_serial_interface]: No serial port defined for control board, attempting to acquire port
[ERROR] [1775081924.917546717] [control_serial_interface]: Serial manager service not available
[ERROR] [1775081924.919269883] [control_serial_interface]: Serial port not found
[WARN] [1775081926.912347161] [control_serial_interface]: Control board serial port is not open, attempting to open
[INFO] [1775081926.913219551] [control_serial_interface]: Attempting to open serial port for control board
[INFO] [1775081926.914024752] [control_serial_interface]: No serial port defined for control board, attempting to acquire port
[ERROR] [1775081927.917212365] [control_serial_interface]: Serial manager service not available
[ERROR] [1775081927.918484048] [control_serial_interface]: Serial port not found
[WARN] [1775081929.912221999] [control_serial_interface]: Control board serial port is not open, attempting to open
[INFO] [1775081929.912994868] [control_serial_interface]: Attempting to open serial port for control board
[INFO] [1775081929.913863838] [control_serial_interface]: No serial port defined for control board, attempting to acquire port
[ERROR] [1775081930.915864492] [control_serial_interface]: Serial manager service not available
[ERROR] [1775081930.916612548] [control_serial_interface]: Serial port not found
[WARN] [1775081932.912460104] [control_serial_interface]: Control board serial port is not open, attempting to open
[INFO] [1775081932.913475433] [control_serial_interface]: Attempting to open serial port for control board
[INFO] [1775081932.914346175] [control_serial_interface]: No serial port defined for control board, attempting to acquire port
[ERROR] [1775081933.916938937] [control_serial_interface]: Serial manager service not available
[ERROR] [1775081933.918255771] [control_serial_interface]: Serial port not found
[WARN] [1775081935.912284705] [control_serial_interface]: Control board serial port is not open, attempting to open
[INFO] [1775081935.913424266] [control_serial_interface]: Attempting to open serial port for control board
[INFO] [1775081935.914713110] [control_serial_interface]: No serial port defined for control board, attempting to acquire port
[ERROR] [1775081936.916696089] [control_serial_interface]: Serial manager service not available
[ERROR] [1775081936.917351675] [control_serial_interface]: Serial port not found
[WARN] [1775081938.912989135] [control_serial_interface]: Control board serial port is not open, attempting to open
[INFO] [1775081938.914567024] [control_serial_interface]: Attempting to open serial port for control board
[INFO] [1775081938.916213979] [control_serial_interface]: No serial port defined for control board, attempting to acquire port
[ERROR] [1775081939.918748296] [control_serial_interface]: Serial manager service not available
[ERROR] [1775081939.919609552] [control_serial_interface]: Serial port not found
[WARN] [1775081941.911875227] [control_serial_interface]: Control board serial port is not open, attempting to open
[INFO] [1775081941.912461342] [control_serial_interface]: Attempting to open serial port for control board
[INFO] [1775081941.913104638] [control_serial_interface]: No serial port defined for control board, attempting to acquire port
[ERROR] [1775081942.916204331] [control_serial_interface]: Serial manager service not available
[ERROR] [1775081942.917362033] [control_serial_interface]: Serial port not found
[WARN] [1775081944.912175441] [control_serial_interface]: Control board serial port is not open, attempting to open
[INFO] [1775081944.912930944] [control_serial_interface]: Attempting to open serial port for control board
[INFO] [1775081944.913510171] [control_serial_interface]: No serial port defined for control board, attempting to acquire port
[ERROR] [1775081945.915745026] [control_serial_interface]: Serial manager service not available
[ERROR] [1775081945.916772428] [control_serial_interface]: Serial port not found
[WARN] [1775081947.911921676] [control_serial_interface]: Control board serial port is not open, attempting to open
[INFO] [1775081947.912634126] [control_serial_interface]: Attempting to open serial port for control board
[INFO] [1775081947.913300327] [control_serial_interface]: No serial port defined for control board, attempting to acquire port
[ERROR] [1775081948.915382182] [control_serial_interface]: Serial manager service not available
[ERROR] [1775081948.915991281] [control_serial_interface]: Serial port not found
[WARN] [1775081950.912435856] [control_serial_interface]: Control board serial port is not open, attempting to open
[INFO] [1775081950.913145229] [control_serial_interface]: Attempting to open serial port for control board
[INFO] [1775081950.913731186] [control_serial_interface]: No serial port defined for control board, attempting to acquire port
[ERROR] [1775081951.915842403] [control_serial_interface]: Serial manager service not available
[ERROR] [1775081951.916628688] [control_serial_interface]: Serial port not found
[WARN] [1775081953.912549916] [control_serial_interface]: Control board serial port is not open, attempting to open
[INFO] [1775081953.913959923] [control_serial_interface]: Attempting to open serial port for control board
[INFO] [1775081953.914809603] [control_serial_interface]: No serial port defined for control board, attempting to acquire port
[ERROR] [1775081954.916771457] [control_serial_interface]: Serial manager service not available
[ERROR] [1775081954.917475111] [control_serial_interface]: Serial port not found
[WARN] [1775081956.911948064] [control_serial_interface]: Control board serial port is not open, attempting to open
[INFO] [1775081956.912762996] [control_serial_interface]: Attempting to open serial port for control board
[INFO] [1775081956.913583092] [control_serial_interface]: No serial port defined for control board, attempting to acquire port
[ERROR] [1775081957.916198807] [control_serial_interface]: Serial manager service not available
[ERROR] [1775081957.917846422] [control_serial_interface]: Serial port not found
[WARN] [1775081959.911788214] [control_serial_interface]: Control board serial port is not open, attempting to open
[INFO] [1775081959.912407364] [control_serial_interface]: Attempting to open serial port for control board
[INFO] [1775081959.912978217] [control_serial_interface]: No serial port defined for control board, attempting to acquire port
[ERROR] [1775081960.915672677] [control_serial_interface]: Serial manager service not available
[ERROR] [1775081960.916913296] [control_serial_interface]: Serial port not found
[WARN] [1775081962.912582570] [control_serial_interface]: Control board serial port is not open, attempting to open
[INFO] [1775081962.914238497] [control_serial_interface]: Attempting to open serial port for control board
[INFO] [1775081962.915392288] [control_serial_interface]: No serial port defined for control board, attempting to acquire port
[ERROR] [1775081963.918585330] [control_serial_interface]: Serial manager service not available
[ERROR] [1775081963.920363709] [control_serial_interface]: Serial port not found
[WARN] [1775081965.913261490] [control_serial_interface]: Control board serial port is not open, attempting to open
[INFO] [1775081965.914821921] [control_serial_interface]: Attempting to open serial port for control board
[INFO] [1775081965.916335815] [control_serial_interface]: No serial port defined for control board, attempting to acquire port
[ERROR] [1775081966.919000494] [control_serial_interface]: Serial manager service not available
[ERROR] [1775081966.920416720] [control_serial_interface]: Serial port not found
[WARN] [1775081968.913463788] [control_serial_interface]: Control board serial port is not open, attempting to open
[INFO] [1775081968.915131531] [control_serial_interface]: Attempting to open serial port for control board
[INFO] [1775081968.916709413] [control_serial_interface]: No serial port defined for control board, attempting to acquire port
[ERROR] [1775081969.920116194] [control_serial_interface]: Serial manager service not available
[ERROR] [1775081969.922024279] [control_serial_interface]: Serial port not found
[WARN] [1775081971.912897646] [control_serial_interface]: Control board serial port is not open, attempting to open
[INFO] [1775081971.916210277] [control_serial_interface]: Attempting to open serial port for control board
[INFO] [1775081971.917386546] [control_serial_interface]: No serial port defined for control board, attempting to acquire port
[ERROR] [1775081972.919975778] [control_serial_interface]: Serial manager service not available
[ERROR] [1775081972.921240906] [control_serial_interface]: Serial port not found
[WARN] [1775081974.912105012] [control_serial_interface]: Control board serial port is not open, attempting to open
[INFO] [1775081974.912814676] [control_serial_interface]: Attempting to open serial port for control board
[INFO] [1775081974.913600722] [control_serial_interface]: No serial port defined for control board, attempting to acquire port
[ERROR] [1775081975.916149162] [control_serial_interface]: Serial manager service not available
[ERROR] [1775081975.917053254] [control_serial_interface]: Serial port not found
[WARN] [1775081977.913540347] [control_serial_interface]: Control board serial port is not open, attempting to open
[INFO] [1775081977.915057658] [control_serial_interface]: Attempting to open serial port for control board
[INFO] [1775081977.916586382] [control_serial_interface]: No serial port defined for control board, attempting to acquire port
[ERROR] [1775081978.920038849] [control_serial_interface]: Serial manager service not available
[ERROR] [1775081978.921985874] [control_serial_interface]: Serial port not found
[WARN] [1775081980.912649795] [control_serial_interface]: Control board serial port is not open, attempting to open
[INFO] [1775081980.913979325] [control_serial_interface]: Attempting to open serial port for control board
[INFO] [1775081980.914776295] [control_serial_interface]: No serial port defined for control board, attempting to acquire port
[ERROR] [1775081981.916973961] [control_serial_interface]: Serial manager service not available
[ERROR] [1775081981.917872447] [control_serial_interface]: Serial port not found
[WARN] [1775081983.912922139] [control_serial_interface]: Control board serial port is not open, attempting to open
[INFO] [1775081983.914246434] [control_serial_interface]: Attempting to open serial port for control board
[INFO] [1775081983.915082617] [control_serial_interface]: No serial port defined for control board, attempting to acquire port
[ERROR] [1775081984.917350001] [control_serial_interface]: Serial manager service not available
[ERROR] [1775081984.918682284] [control_serial_interface]: Serial port not found
[WARN] [1775081986.912559530] [control_serial_interface]: Control board serial port is not open, attempting to open
[INFO] [1775081986.914402842] [control_serial_interface]: Attempting to open serial port for control board
[INFO] [1775081986.915609072] [control_serial_interface]: No serial port defined for control board, attempting to acquire port
[ERROR] [1775081987.918252575] [control_serial_interface]: Serial manager service not available
[ERROR] [1775081987.920028722] [control_serial_interface]: Serial port not found
[WARN] [1775081989.912019518] [control_serial_interface]: Control board serial port is not open, attempting to open
[INFO] [1775081989.912753771] [control_serial_interface]: Attempting to open serial port for control board
[INFO] [1775081989.913547148] [control_serial_interface]: No serial port defined for control board, attempting to acquire port
[ERROR] [1775081990.916201999] [control_serial_interface]: Serial manager service not available
[ERROR] [1775081990.916938635] [control_serial_interface]: Serial port not found
[WARN] [1775081992.913118744] [control_serial_interface]: Control board serial port is not open, attempting to open
[INFO] [1775081992.914611870] [control_serial_interface]: Attempting to open serial port for control board
[INFO] [1775081992.915979536] [control_serial_interface]: No serial port defined for control board, attempting to acquire port
[ERROR] [1775081993.919066984] [control_serial_interface]: Serial manager service not available
[ERROR] [1775081993.920196541] [control_serial_interface]: Serial port not found
[WARN] [1775081995.912477733] [control_serial_interface]: Control board serial port is not open, attempting to open
[INFO] [1775081995.913705692] [control_serial_interface]: Attempting to open serial port for control board
[INFO] [1775081995.914835592] [control_serial_interface]: No serial port defined for control board, attempting to acquire port
[ERROR] [1775081996.917806225] [control_serial_interface]: Serial manager service not available
[ERROR] [1775081996.919415298] [control_serial_interface]: Serial port not found
[WARN] [1775081998.913430808] [control_serial_interface]: Control board serial port is not open, attempting to open
[INFO] [1775081998.914451226] [control_serial_interface]: Attempting to open serial port for control board
[INFO] [1775081998.917678557] [control_serial_interface]: No serial port defined for control board, attempting to acquire port
[ERROR] [1775081999.920261036] [control_serial_interface]: Serial manager service not available
[ERROR] [1775081999.920953874] [control_serial_interface]: Serial port not found
[WARN] [1775082001.911848505] [control_serial_interface]: Control board serial port is not open, attempting to open
[INFO] [1775082001.912503379] [control_serial_interface]: Attempting to open serial port for control board
[INFO] [1775082001.913145912] [control_serial_interface]: No serial port defined for control board, attempting to acquire port
[ERROR] [1775082002.915272602] [control_serial_interface]: Serial manager service not available
[ERROR] [1775082002.916052482] [control_serial_interface]: Serial port not found
[WARN] [1775082004.911856143] [control_serial_interface]: Control board serial port is not open, attempting to open
[INFO] [1775082004.912461228] [control_serial_interface]: Attempting to open serial port for control board
[INFO] [1775082004.912915631] [control_serial_interface]: No serial port defined for control board, attempting to acquire port
[ERROR] [1775082005.915843738] [control_serial_interface]: Serial manager service not available
[ERROR] [1775082005.917946572] [control_serial_interface]: Serial port not found
[WARN] [1775082007.913794683] [control_serial_interface]: Control board serial port is not open, attempting to open
[INFO] [1775082007.915781293] [control_serial_interface]: Attempting to open serial port for control board
[INFO] [1775082007.917714106] [control_serial_interface]: No serial port defined for control board, attempting to acquire port
[ERROR] [1775082008.920742785] [control_serial_interface]: Serial manager service not available
[ERROR] [1775082008.921416663] [control_serial_interface]: Serial port not found
[WARN] [1775082010.913179689] [control_serial_interface]: Control board serial port is not open, attempting to open
[INFO] [1775082010.914768544] [control_serial_interface]: Attempting to open serial port for control board
[INFO] [1775082010.916512099] [control_serial_interface]: No serial port defined for control board, attempting to acquire port
[ERROR] [1775082011.919557577] [control_serial_interface]: Serial manager service not available
[ERROR] [1775082011.920504885] [control_serial_interface]: Serial port not found
[WARN] [1775082013.912161772] [control_serial_interface]: Control board serial port is not open, attempting to open
[INFO] [1775082013.912926831] [control_serial_interface]: Attempting to open serial port for control board
[INFO] [1775082013.913682862] [control_serial_interface]: No serial port defined for control board, attempting to acquire port
[ERROR] [1775082014.915654268] [control_serial_interface]: Serial manager service not available
[ERROR] [1775082014.916382485] [control_serial_interface]: Serial port not found
[WARN] [1775082016.912042504] [control_serial_interface]: Control board serial port is not open, attempting to open
[INFO] [1775082016.912744369] [control_serial_interface]: Attempting to open serial port for control board
[INFO] [1775082016.913433613] [control_serial_interface]: No serial port defined for control board, attempting to acquire port
[ERROR] [1775082017.915461307] [control_serial_interface]: Serial manager service not available
[ERROR] [1775082017.916159633] [control_serial_interface]: Serial port not found
[WARN] [1775082019.912106275] [control_serial_interface]: Control board serial port is not open, attempting to open
[INFO] [1775082019.912862598] [control_serial_interface]: Attempting to open serial port for control board
[INFO] [1775082019.913527780] [control_serial_interface]: No serial port defined for control board, attempting to acquire port
[ERROR] [1775082020.918090051] [control_serial_interface]: Serial manager service not available
[ERROR] [1775082020.918707788] [control_serial_interface]: Serial port not found
[WARN] [1775082022.912094918] [control_serial_interface]: Control board serial port is not open, attempting to open
[INFO] [1775082022.912845321] [control_serial_interface]: Attempting to open serial port for control board
[INFO] [1775082022.913554014] [control_serial_interface]: No serial port defined for control board, attempting to acquire port
[ERROR] [1775082023.915569974] [control_serial_interface]: Serial manager service not available
[ERROR] [1775082023.916258823] [control_serial_interface]: Serial port not found
[WARN] [1775082025.912240158] [control_serial_interface]: Control board serial port is not open, attempting to open
[INFO] [1775082025.912948133] [control_serial_interface]: Attempting to open serial port for control board
[INFO] [1775082025.913618000] [control_serial_interface]: No serial port defined for control board, attempting to acquire port
[ERROR] [1775082026.916491580] [control_serial_interface]: Serial manager service not available
[ERROR] [1775082026.918253375] [control_serial_interface]: Serial port not found
[WARN] [1775082028.911918978] [control_serial_interface]: Control board serial port is not open, attempting to open
[INFO] [1775082028.912557499] [control_serial_interface]: Attempting to open serial port for control board
[INFO] [1775082028.913097603] [control_serial_interface]: No serial port defined for control board, attempting to acquire port
[ERROR] [1775082029.915375483] [control_serial_interface]: Serial manager service not available
[ERROR] [1775082029.916211761] [control_serial_interface]: Serial port not found
[WARN] [1775082031.912201177] [control_serial_interface]: Control board serial port is not open, attempting to open
[INFO] [1775082031.912955194] [control_serial_interface]: Attempting to open serial port for control board
[INFO] [1775082031.913803369] [control_serial_interface]: No serial port defined for control board, attempting to acquire port
[ERROR] [1775082032.915949097] [control_serial_interface]: Serial manager service not available
[ERROR] [1775082032.916795072] [control_serial_interface]: Serial port not found
[WARN] [1775082034.913707454] [control_serial_interface]: Control board serial port is not open, attempting to open
[INFO] [1775082034.914668565] [control_serial_interface]: Attempting to open serial port for control board
[INFO] [1775082034.915461730] [control_serial_interface]: No serial port defined for control board, attempting to acquire port
[ERROR] [1775082035.917764249] [control_serial_interface]: Serial manager service not available
[ERROR] [1775082035.918746941] [control_serial_interface]: Serial port not found
[WARN] [1775082037.912047849] [control_serial_interface]: Control board serial port is not open, attempting to open
[INFO] [1775082037.912809613] [control_serial_interface]: Attempting to open serial port for control board
[INFO] [1775082037.913565955] [control_serial_interface]: No serial port defined for control board, attempting to acquire port
[ERROR] [1775082038.916629177] [control_serial_interface]: Serial manager service not available
[ERROR] [1775082038.917408973] [control_serial_interface]: Serial port not found
[WARN] [1775082040.913382176] [control_serial_interface]: Control board serial port is not open, attempting to open
[INFO] [1775082040.915033943] [control_serial_interface]: Attempting to open serial port for control board
[INFO] [1775082040.916891263] [control_serial_interface]: No serial port defined for control board, attempting to acquire port
[ERROR] [1775082041.919401611] [control_serial_interface]: Serial manager service not available
[ERROR] [1775082041.920023602] [control_serial_interface]: Serial port not found
[WARN] [1775082043.913421526] [control_serial_interface]: Control board serial port is not open, attempting to open
[INFO] [1775082043.915043948] [control_serial_interface]: Attempting to open serial port for control board
[INFO] [1775082043.916730316] [control_serial_interface]: No serial port defined for control board, attempting to acquire port
[ERROR] [1775082044.919320013] [control_serial_interface]: Serial manager service not available
[ERROR] [1775082044.920036001] [control_serial_interface]: Serial port not found
[WARN] [1775082046.913316311] [control_serial_interface]: Control board serial port is not open, attempting to open
[INFO] [1775082046.915011695] [control_serial_interface]: Attempting to open serial port for control board
[INFO] [1775082046.917031146] [control_serial_interface]: No serial port defined for control board, attempting to acquire port
[ERROR] [1775082047.920490220] [control_serial_interface]: Serial manager service not available
[ERROR] [1775082047.921723293] [control_serial_interface]: Serial port not found
[WARN] [1775082049.913292271] [control_serial_interface]: Control board serial port is not open, attempting to open
[INFO] [1775082049.914884984] [control_serial_interface]: Attempting to open serial port for control board
[INFO] [1775082049.916532410] [control_serial_interface]: No serial port defined for control board, attempting to acquire port
[ERROR] [1775082050.919121025] [control_serial_interface]: Serial manager service not available
[ERROR] [1775082050.919848174] [control_serial_interface]: Serial port not found
[WARN] [1775082052.913430129] [control_serial_interface]: Control board serial port is not open, attempting to open
[INFO] [1775082052.915120332] [control_serial_interface]: Attempting to open serial port for control board
[INFO] [1775082052.916688486] [control_serial_interface]: No serial port defined for control board, attempting to acquire port
[ERROR] [1775082053.920264052] [control_serial_interface]: Serial manager service not available
[ERROR] [1775082053.922361811] [control_serial_interface]: Serial port not found
[WARN] [1775082055.913260566] [control_serial_interface]: Control board serial port is not open, attempting to open
[INFO] [1775082055.915149583] [control_serial_interface]: Attempting to open serial port for control board
[INFO] [1775082055.915813477] [control_serial_interface]: No serial port defined for control board, attempting to acquire port
[ERROR] [1775082056.918034024] [control_serial_interface]: Serial manager service not available
[ERROR] [1775082056.918731071] [control_serial_interface]: Serial port not found
[WARN] [1775082058.911867851] [control_serial_interface]: Control board serial port is not open, attempting to open
[INFO] [1775082058.912445157] [control_serial_interface]: Attempting to open serial port for control board
[INFO] [1775082058.912901267] [control_serial_interface]: No serial port defined for control board, attempting to acquire port
[ERROR] [1775082059.915794962] [control_serial_interface]: Serial manager service not available
[ERROR] [1775082059.917900961] [control_serial_interface]: Serial port not found
[WARN] [1775082061.913475287] [control_serial_interface]: Control board serial port is not open, attempting to open
[INFO] [1775082061.915153130] [control_serial_interface]: Attempting to open serial port for control board
[INFO] [1775082061.916994060] [control_serial_interface]: No serial port defined for control board, attempting to acquire port
[ERROR] [1775082062.920680810] [control_serial_interface]: Serial manager service not available
[ERROR] [1775082062.922475202] [control_serial_interface]: Serial port not found
[WARN] [1775082064.913235937] [control_serial_interface]: Control board serial port is not open, attempting to open
[INFO] [1775082064.914820442] [control_serial_interface]: Attempting to open serial port for control board
[INFO] [1775082064.916421852] [control_serial_interface]: No serial port defined for control board, attempting to acquire port
[ERROR] [1775082065.920385738] [control_serial_interface]: Serial manager service not available
[ERROR] [1775082065.922354577] [control_serial_interface]: Serial port not found
[WARN] [1775082067.911802290] [control_serial_interface]: Control board serial port is not open, attempting to open
[INFO] [1775082067.913413188] [control_serial_interface]: Attempting to open serial port for control board
[INFO] [1775082067.915297519] [control_serial_interface]: No serial port defined for control board, attempting to acquire port
[ERROR] [1775082068.918980604] [control_serial_interface]: Serial manager service not available
[ERROR] [1775082068.921052472] [control_serial_interface]: Serial port not found
[WARN] [1775082070.913619844] [control_serial_interface]: Control board serial port is not open, attempting to open
[INFO] [1775082070.915488310] [control_serial_interface]: Attempting to open serial port for control board
[INFO] [1775082070.917108210] [control_serial_interface]: No serial port defined for control board, attempting to acquire port
[ERROR] [1775082071.920580418] [control_serial_interface]: Serial manager service not available
[ERROR] [1775082071.923209377] [control_serial_interface]: Serial port not found
[WARN] [1775082073.913379509] [control_serial_interface]: Control board serial port is not open, attempting to open
[INFO] [1775082073.915092904] [control_serial_interface]: Attempting to open serial port for control board
[INFO] [1775082073.916689329] [control_serial_interface]: No serial port defined for control board, attempting to acquire port
[ERROR] [1775082074.919693138] [control_serial_interface]: Serial manager service not available
[ERROR] [1775082074.920826161] [control_serial_interface]: Serial port not found
[WARN] [1775082076.913486372] [control_serial_interface]: Control board serial port is not open, attempting to open
[INFO] [1775082076.915200747] [control_serial_interface]: Attempting to open serial port for control board
[INFO] [1775082076.916772831] [control_serial_interface]: No serial port defined for control board, attempting to acquire port
[ERROR] [1775082077.920674794] [control_serial_interface]: Serial manager service not available
[ERROR] [1775082077.922528414] [control_serial_interface]: Serial port not found
[WARN] [1775082079.913220436] [control_serial_interface]: Control board serial port is not open, attempting to open
[INFO] [1775082079.914890114] [control_serial_interface]: Attempting to open serial port for control board
[INFO] [1775082079.916676466] [control_serial_interface]: No serial port defined for control board, attempting to acquire port
[ERROR] [1775082080.920243957] [control_serial_interface]: Serial manager service not available
[ERROR] [1775082080.922256468] [control_serial_interface]: Serial port not found
[WARN] [1775082082.913258552] [control_serial_interface]: Control board serial port is not open, attempting to open
[INFO] [1775082082.914962436] [control_serial_interface]: Attempting to open serial port for control board
[INFO] [1775082082.916911504] [control_serial_interface]: No serial port defined for control board, attempting to acquire port
[ERROR] [1775082083.919545498] [control_serial_interface]: Serial manager service not available
[ERROR] [1775082083.920213849] [control_serial_interface]: Serial port not found
[WARN] [1775082085.914729450] [control_serial_interface]: Control board serial port is not open, attempting to open
[INFO] [1775082085.916775581] [control_serial_interface]: Attempting to open serial port for control board
[INFO] [1775082085.918668377] [control_serial_interface]: No serial port defined for control board, attempting to acquire port
[ERROR] [1775082086.921528523] [control_serial_interface]: Serial manager service not available
[ERROR] [1775082086.922561209] [control_serial_interface]: Serial port not found
[WARN] [1775082088.913481798] [control_serial_interface]: Control board serial port is not open, attempting to open
[INFO] [1775082088.915202328] [control_serial_interface]: Attempting to open serial port for control board
[INFO] [1775082088.917158771] [control_serial_interface]: No serial port defined for control board, attempting to acquire port
[ERROR] [1775082089.919537968] [control_serial_interface]: Serial manager service not available
[ERROR] [1775082089.920180542] [control_serial_interface]: Serial port not found
[WARN] [1775082091.912662840] [control_serial_interface]: Control board serial port is not open, attempting to open
[INFO] [1775082091.913387866] [control_serial_interface]: Attempting to open serial port for control board
[INFO] [1775082091.913933417] [control_serial_interface]: No serial port defined for control board, attempting to acquire port
[ERROR] [1775082092.915906181] [control_serial_interface]: Serial manager service not available
[ERROR] [1775082092.916843219] [control_serial_interface]: Serial port not found
[WARN] [1775082094.911966193] [control_serial_interface]: Control board serial port is not open, attempting to open
[INFO] [1775082094.913568307] [control_serial_interface]: Attempting to open serial port for control board
[INFO] [1775082094.915411262] [control_serial_interface]: No serial port defined for control board, attempting to acquire port
[ERROR] [1775082095.919252886] [control_serial_interface]: Serial manager service not available
[ERROR] [1775082095.921413437] [control_serial_interface]: Serial port not found
[WARN] [1775082097.913388196] [control_serial_interface]: Control board serial port is not open, attempting to open
[INFO] [1775082097.915035683] [control_serial_interface]: Attempting to open serial port for control board
[INFO] [1775082097.916703695] [control_serial_interface]: No serial port defined for control board, attempting to acquire port
[ERROR] [1775082098.919795207] [control_serial_interface]: Serial manager service not available
[ERROR] [1775082098.921649112] [control_serial_interface]: Serial port not found
[WARN] [1775082100.913278437] [control_serial_interface]: Control board serial port is not open, attempting to open
[INFO] [1775082100.914976496] [control_serial_interface]: Attempting to open serial port for control board
[INFO] [1775082100.916874582] [control_serial_interface]: No serial port defined for control board, attempting to acquire port
[ERROR] [1775082101.920778984] [control_serial_interface]: Serial manager service not available
[ERROR] [1775082101.922804772] [control_serial_interface]: Serial port not found
[WARN] [1775082103.913482515] [control_serial_interface]: Control board serial port is not open, attempting to open
[INFO] [1775082103.915179439] [control_serial_interface]: Attempting to open serial port for control board
[INFO] [1775082103.917031879] [control_serial_interface]: No serial port defined for control board, attempting to acquire port
[ERROR] [1775082104.919356454] [control_serial_interface]: Serial manager service not available
[ERROR] [1775082104.920141883] [control_serial_interface]: Serial port not found
[WARN] [1775082106.912007905] [control_serial_interface]: Control board serial port is not open, attempting to open
[INFO] [1775082106.912706379] [control_serial_interface]: Attempting to open serial port for control board
[INFO] [1775082106.913365132] [control_serial_interface]: No serial port defined for control board, attempting to acquire port
[ERROR] [1775082107.916508363] [control_serial_interface]: Serial manager service not available
[ERROR] [1775082107.918326634] [control_serial_interface]: Serial port not found
[WARN] [1775082109.912171948] [control_serial_interface]: Control board serial port is not open, attempting to open
[INFO] [1775082109.920850764] [control_serial_interface]: Attempting to open serial port for control board
[INFO] [1775082109.921674945] [control_serial_interface]: No serial port defined for control board, attempting to acquire port
[ERROR] [1775082110.923761167] [control_serial_interface]: Serial manager service not available
[ERROR] [1775082110.924526027] [control_serial_interface]: Serial port not found
[WARN] [1775082112.911980132] [control_serial_interface]: Control board serial port is not open, attempting to open
[INFO] [1775082112.912680825] [control_serial_interface]: Attempting to open serial port for control board
[INFO] [1775082112.913349723] [control_serial_interface]: No serial port defined for control board, attempting to acquire port
[ERROR] [1775082113.915718190] [control_serial_interface]: Serial manager service not available
[ERROR] [1775082113.916372211] [control_serial_interface]: Serial port not found
[WARN] [1775082115.913388454] [control_serial_interface]: Control board serial port is not open, attempting to open
[INFO] [1775082115.915216512] [control_serial_interface]: Attempting to open serial port for control board
[INFO] [1775082115.916802222] [control_serial_interface]: No serial port defined for control board, attempting to acquire port
[ERROR] [1775082116.919562916] [control_serial_interface]: Serial manager service not available
[ERROR] [1775082116.920629186] [control_serial_interface]: Serial port not found
[WARN] [1775082118.913369428] [control_serial_interface]: Control board serial port is not open, attempting to open
[INFO] [1775082118.915037461] [control_serial_interface]: Attempting to open serial port for control board
[INFO] [1775082118.916705193] [control_serial_interface]: No serial port defined for control board, attempting to acquire port
[ERROR] [1775082119.919104455] [control_serial_interface]: Serial manager service not available
[ERROR] [1775082119.919866615] [control_serial_interface]: Serial port not found
[WARN] [1775082121.911939153] [control_serial_interface]: Control board serial port is not open, attempting to open
[INFO] [1775082121.912611797] [control_serial_interface]: Attempting to open serial port for control board
[INFO] [1775082121.913180425] [control_serial_interface]: No serial port defined for control board, attempting to acquire port
[ERROR] [1775082122.915101584] [control_serial_interface]: Serial manager service not available
[ERROR] [1775082122.915790653] [control_serial_interface]: Serial port not found
[WARN] [1775082124.912254580] [control_serial_interface]: Control board serial port is not open, attempting to open
[INFO] [1775082124.912979064] [control_serial_interface]: Attempting to open serial port for control board
[INFO] [1775082124.913540169] [control_serial_interface]: No serial port defined for control board, attempting to acquire port
[ERROR] [1775082125.915763774] [control_serial_interface]: Serial manager service not available
[ERROR] [1775082125.916942291] [control_serial_interface]: Serial port not found
[WARN] [1775082127.912674758] [control_serial_interface]: Control board serial port is not open, attempting to open
[INFO] [1775082127.913499148] [control_serial_interface]: Attempting to open serial port for control board
[INFO] [1775082127.914383140] [control_serial_interface]: No serial port defined for control board, attempting to acquire port
[ERROR] [1775082128.916567466] [control_serial_interface]: Serial manager service not available
[ERROR] [1775082128.917391304] [control_serial_interface]: Serial port not found
[WARN] [1775082130.911808475] [control_serial_interface]: Control board serial port is not open, attempting to open
[INFO] [1775082130.912429397] [control_serial_interface]: Attempting to open serial port for control board
[INFO] [1775082130.912959629] [control_serial_interface]: No serial port defined for control board, attempting to acquire port
[ERROR] [1775082131.915686541] [control_serial_interface]: Serial manager service not available
[ERROR] [1775082131.916987568] [control_serial_interface]: Serial port not found
[WARN] [1775082133.912234392] [control_serial_interface]: Control board serial port is not open, attempting to open
[INFO] [1775082133.912939039] [control_serial_interface]: Attempting to open serial port for control board
[INFO] [1775082133.913678839] [control_serial_interface]: No serial port defined for control board, attempting to acquire port
[ERROR] [1775082134.915651919] [control_serial_interface]: Serial manager service not available
[ERROR] [1775082134.916301130] [control_serial_interface]: Serial port not found
[WARN] [1775082136.911841640] [control_serial_interface]: Control board serial port is not open, attempting to open
[INFO] [1775082136.912688299] [control_serial_interface]: Attempting to open serial port for control board
[INFO] [1775082136.913492467] [control_serial_interface]: No serial port defined for control board, attempting to acquire port
[ERROR] [1775082137.915704891] [control_serial_interface]: Serial manager service not available
[ERROR] [1775082137.916593382] [control_serial_interface]: Serial port not found
[WARN] [1775082139.912366058] [control_serial_interface]: Control board serial port is not open, attempting to open
[INFO] [1775082139.913489097] [control_serial_interface]: Attempting to open serial port for control board
[INFO] [1775082139.914819841] [control_serial_interface]: No serial port defined for control board, attempting to acquire port
[ERROR] [1775082140.919036249] [control_serial_interface]: Serial manager service not available
[ERROR] [1775082140.919999559] [control_serial_interface]: Serial port not found
[WARN] [1775082142.911716768] [control_serial_interface]: Control board serial port is not open, attempting to open
[INFO] [1775082142.912277141] [control_serial_interface]: Attempting to open serial port for control board
[INFO] [1775082142.912827665] [control_serial_interface]: No serial port defined for control board, attempting to acquire port
[ERROR] [1775082143.915192280] [control_serial_interface]: Serial manager service not available
[ERROR] [1775082143.916865991] [control_serial_interface]: Serial port not found
[WARN] [1775082145.912700023] [control_serial_interface]: Control board serial port is not open, attempting to open
[INFO] [1775082145.913645043] [control_serial_interface]: Attempting to open serial port for control board
[INFO] [1775082145.914611795] [control_serial_interface]: No serial port defined for control board, attempting to acquire port
[ERROR] [1775082146.917287574] [control_serial_interface]: Serial manager service not available
[ERROR] [1775082146.918945668] [control_serial_interface]: Serial port not found
[WARN] [1775082148.911907803] [control_serial_interface]: Control board serial port is not open, attempting to open
[INFO] [1775082148.912566471] [control_serial_interface]: Attempting to open serial port for control board
[INFO] [1775082148.913343575] [control_serial_interface]: No serial port defined for control board, attempting to acquire port
[ERROR] [1775082149.915898033] [control_serial_interface]: Serial manager service not available
[ERROR] [1775082149.916835920] [control_serial_interface]: Serial port not found
[WARN] [1775082151.912382028] [control_serial_interface]: Control board serial port is not open, attempting to open
[INFO] [1775082151.913438417] [control_serial_interface]: Attempting to open serial port for control board
[INFO] [1775082151.914615489] [control_serial_interface]: No serial port defined for control board, attempting to acquire port
[ERROR] [1775082152.917321852] [control_serial_interface]: Serial manager service not available
[ERROR] [1775082152.918192588] [control_serial_interface]: Serial port not found
[WARN] [1775082154.912169992] [control_serial_interface]: Control board serial port is not open, attempting to open
[INFO] [1775082154.913044234] [control_serial_interface]: Attempting to open serial port for control board
[INFO] [1775082154.914388738] [control_serial_interface]: No serial port defined for control board, attempting to acquire port
[ERROR] [1775082155.917758714] [control_serial_interface]: Serial manager service not available
[ERROR] [1775082155.919307442] [control_serial_interface]: Serial port not found
[WARN] [1775082157.912906571] [control_serial_interface]: Control board serial port is not open, attempting to open
[INFO] [1775082157.914302116] [control_serial_interface]: Attempting to open serial port for control board
[INFO] [1775082157.915686728] [control_serial_interface]: No serial port defined for control board, attempting to acquire port
[ERROR] [1775082158.919053525] [control_serial_interface]: Serial manager service not available
[ERROR] [1775082158.919927446] [control_serial_interface]: Serial port not found
[WARN] [1775082160.913092581] [control_serial_interface]: Control board serial port is not open, attempting to open
[INFO] [1775082160.914553951] [control_serial_interface]: Attempting to open serial port for control board
[INFO] [1775082160.915964039] [control_serial_interface]: No serial port defined for control board, attempting to acquire port
[ERROR] [1775082161.918644147] [control_serial_interface]: Serial manager service not available
[ERROR] [1775082161.919778674] [control_serial_interface]: Serial port not found
[WARN] [1775082163.913346008] [control_serial_interface]: Control board serial port is not open, attempting to open
[INFO] [1775082163.914632148] [control_serial_interface]: Attempting to open serial port for control board
[INFO] [1775082163.915911050] [control_serial_interface]: No serial port defined for control board, attempting to acquire port
[ERROR] [1775082164.918143023] [control_serial_interface]: Serial manager service not available
[ERROR] [1775082164.918798684] [control_serial_interface]: Serial port not found
[WARN] [1775082166.912010705] [control_serial_interface]: Control board serial port is not open, attempting to open
[INFO] [1775082166.913222294] [control_serial_interface]: Attempting to open serial port for control board
[INFO] [1775082166.914013172] [control_serial_interface]: No serial port defined for control board, attempting to acquire port
[ERROR] [1775082167.916575721] [control_serial_interface]: Serial manager service not available
[ERROR] [1775082167.917796719] [control_serial_interface]: Serial port not found
[WARN] [1775082169.911922280] [control_serial_interface]: Control board serial port is not open, attempting to open
[INFO] [1775082169.912485971] [control_serial_interface]: Attempting to open serial port for control board
[INFO] [1775082169.912980061] [control_serial_interface]: No serial port defined for control board, attempting to acquire port
[ERROR] [1775082170.914944907] [control_serial_interface]: Serial manager service not available
[ERROR] [1775082170.915714400] [control_serial_interface]: Serial port not found
[WARN] [1775082172.911781913] [control_serial_interface]: Control board serial port is not open, attempting to open
[INFO] [1775082172.912406826] [control_serial_interface]: Attempting to open serial port for control board
[INFO] [1775082172.913142636] [control_serial_interface]: No serial port defined for control board, attempting to acquire port
[ERROR] [1775082173.915769109] [control_serial_interface]: Serial manager service not available
[ERROR] [1775082173.916939519] [control_serial_interface]: Serial port not found
[WARN] [1775082175.913187482] [control_serial_interface]: Control board serial port is not open, attempting to open
[INFO] [1775082175.914861020] [control_serial_interface]: Attempting to open serial port for control board
[INFO] [1775082175.916449142] [control_serial_interface]: No serial port defined for control board, attempting to acquire port
[ERROR] [1775082176.918734926] [control_serial_interface]: Serial manager service not available
[ERROR] [1775082176.919422205] [control_serial_interface]: Serial port not found
[WARN] [1775082178.912871767] [control_serial_interface]: Control board serial port is not open, attempting to open
[INFO] [1775082178.914277674] [control_serial_interface]: Attempting to open serial port for control board
[INFO] [1775082178.915528809] [control_serial_interface]: No serial port defined for control board, attempting to acquire port
[ERROR] [1775082179.918437780] [control_serial_interface]: Serial manager service not available
[ERROR] [1775082179.920221689] [control_serial_interface]: Serial port not found
[WARN] [1775082181.913713468] [control_serial_interface]: Control board serial port is not open, attempting to open
[INFO] [1775082181.915465551] [control_serial_interface]: Attempting to open serial port for control board
[INFO] [1775082181.917006577] [control_serial_interface]: No serial port defined for control board, attempting to acquire port
[ERROR] [1775082182.919079233] [control_serial_interface]: Serial manager service not available
[ERROR] [1775082182.919709969] [control_serial_interface]: Serial port not found
[WARN] [1775082184.913237829] [control_serial_interface]: Control board serial port is not open, attempting to open
[INFO] [1775082184.914710652] [control_serial_interface]: Attempting to open serial port for control board
[INFO] [1775082184.915995001] [control_serial_interface]: No serial port defined for control board, attempting to acquire port
[ERROR] [1775082185.918308944] [control_serial_interface]: Serial manager service not available
[ERROR] [1775082185.918979535] [control_serial_interface]: Serial port not found
[WARN] [1775082187.912848337] [control_serial_interface]: Control board serial port is not open, attempting to open
[INFO] [1775082187.914048739] [control_serial_interface]: Attempting to open serial port for control board
[INFO] [1775082187.915568297] [control_serial_interface]: No serial port defined for control board, attempting to acquire port
[ERROR] [1775082188.918459223] [control_serial_interface]: Serial manager service not available
[ERROR] [1775082188.919642844] [control_serial_interface]: Serial port not found
[WARN] [1775082190.912291707] [control_serial_interface]: Control board serial port is not open, attempting to open
[INFO] [1775082190.913350022] [control_serial_interface]: Attempting to open serial port for control board
[INFO] [1775082190.914585431] [control_serial_interface]: No serial port defined for control board, attempting to acquire port
[ERROR] [1775082191.916700112] [control_serial_interface]: Serial manager service not available
[ERROR] [1775082191.917569781] [control_serial_interface]: Serial port not found
[WARN] [1775082193.911877419] [control_serial_interface]: Control board serial port is not open, attempting to open
[INFO] [1775082193.912404321] [control_serial_interface]: Attempting to open serial port for control board
[INFO] [1775082193.912831858] [control_serial_interface]: No serial port defined for control board, attempting to acquire port
[ERROR] [1775082194.914834022] [control_serial_interface]: Serial manager service not available
[ERROR] [1775082194.915662237] [control_serial_interface]: Serial port not found
[WARN] [1775082196.912425556] [control_serial_interface]: Control board serial port is not open, attempting to open
[INFO] [1775082196.913392267] [control_serial_interface]: Attempting to open serial port for control board
[INFO] [1775082196.914305431] [control_serial_interface]: No serial port defined for control board, attempting to acquire port
[ERROR] [1775082197.916888431] [control_serial_interface]: Serial manager service not available
[ERROR] [1775082197.918386505] [control_serial_interface]: Serial port not found
[WARN] [1775082199.913368550] [control_serial_interface]: Control board serial port is not open, attempting to open
[INFO] [1775082199.914548584] [control_serial_interface]: Attempting to open serial port for control board
[INFO] [1775082199.915803562] [control_serial_interface]: No serial port defined for control board, attempting to acquire port
[ERROR] [1775082200.918737161] [control_serial_interface]: Serial manager service not available
[ERROR] [1775082200.920575261] [control_serial_interface]: Serial port not found
[WARN] [1775082202.912526078] [control_serial_interface]: Control board serial port is not open, attempting to open
[INFO] [1775082202.913669306] [control_serial_interface]: Attempting to open serial port for control board
[INFO] [1775082202.915095462] [control_serial_interface]: No serial port defined for control board, attempting to acquire port
[ERROR] [1775082203.917659261] [control_serial_interface]: Serial manager service not available
[ERROR] [1775082203.918869530] [control_serial_interface]: Serial port not found
[WARN] [1775082205.911942272] [control_serial_interface]: Control board serial port is not open, attempting to open
[INFO] [1775082205.912884059] [control_serial_interface]: Attempting to open serial port for control board
[INFO] [1775082205.913645568] [control_serial_interface]: No serial port defined for control board, attempting to acquire port
[ERROR] [1775082206.916600805] [control_serial_interface]: Serial manager service not available
[ERROR] [1775082206.918256400] [control_serial_interface]: Serial port not found
[WARN] [1775082208.912564825] [control_serial_interface]: Control board serial port is not open, attempting to open
[INFO] [1775082208.913698934] [control_serial_interface]: Attempting to open serial port for control board
[INFO] [1775082208.914751753] [control_serial_interface]: No serial port defined for control board, attempting to acquire port
[ERROR] [1775082209.916772688] [control_serial_interface]: Serial manager service not available
[ERROR] [1775082209.917486435] [control_serial_interface]: Serial port not found
[WARN] [1775082211.912817226] [control_serial_interface]: Control board serial port is not open, attempting to open
[INFO] [1775082211.914166622] [control_serial_interface]: Attempting to open serial port for control board
[INFO] [1775082211.915309960] [control_serial_interface]: No serial port defined for control board, attempting to acquire port
[ERROR] [1775082212.917962503] [control_serial_interface]: Serial manager service not available
[ERROR] [1775082212.919212597] [control_serial_interface]: Serial port not found
[WARN] [1775082214.912286560] [control_serial_interface]: Control board serial port is not open, attempting to open
[INFO] [1775082214.913309965] [control_serial_interface]: Attempting to open serial port for control board
[INFO] [1775082214.914497847] [control_serial_interface]: No serial port defined for control board, attempting to acquire port
[ERROR] [1775082215.917823360] [control_serial_interface]: Serial manager service not available
[ERROR] [1775082215.919951666] [control_serial_interface]: Serial port not found
[WARN] [1775082217.912560253] [control_serial_interface]: Control board serial port is not open, attempting to open
[INFO] [1775082217.914112498] [control_serial_interface]: Attempting to open serial port for control board
[INFO] [1775082217.915621612] [control_serial_interface]: No serial port defined for control board, attempting to acquire port
[ERROR] [1775082218.918846904] [control_serial_interface]: Serial manager service not available
[ERROR] [1775082218.920689594] [control_serial_interface]: Serial port not found
[WARN] [1775082220.912833508] [control_serial_interface]: Control board serial port is not open, attempting to open
[INFO] [1775082220.914123222] [control_serial_interface]: Attempting to open serial port for control board
[INFO] [1775082220.915289041] [control_serial_interface]: No serial port defined for control board, attempting to acquire port
[ERROR] [1775082221.918758281] [control_serial_interface]: Serial manager service not available
[ERROR] [1775082221.920652892] [control_serial_interface]: Serial port not found
[WARN] [1775082223.912798207] [control_serial_interface]: Control board serial port is not open, attempting to open
[INFO] [1775082223.914619159] [control_serial_interface]: Attempting to open serial port for control board
[INFO] [1775082223.916802796] [control_serial_interface]: No serial port defined for control board, attempting to acquire port
[ERROR] [1775082224.919861969] [control_serial_interface]: Serial manager service not available
[ERROR] [1775082224.920517417] [control_serial_interface]: Serial port not found
[WARN] [1775082226.911870359] [control_serial_interface]: Control board serial port is not open, attempting to open
[INFO] [1775082226.912527572] [control_serial_interface]: Attempting to open serial port for control board
[INFO] [1775082226.913106889] [control_serial_interface]: No serial port defined for control board, attempting to acquire port
[ERROR] [1775082227.916752731] [control_serial_interface]: Serial manager service not available
[ERROR] [1775082227.918969318] [control_serial_interface]: Serial port not found
[WARN] [1775082229.912030053] [control_serial_interface]: Control board serial port is not open, attempting to open
[INFO] [1775082229.912710178] [control_serial_interface]: Attempting to open serial port for control board
[INFO] [1775082229.913321429] [control_serial_interface]: No serial port defined for control board, attempting to acquire port
[ERROR] [1775082230.916198253] [control_serial_interface]: Serial manager service not available
[ERROR] [1775082230.919394939] [control_serial_interface]: Serial port not found
[WARN] [1775082232.912709983] [control_serial_interface]: Control board serial port is not open, attempting to open
[INFO] [1775082232.913989447] [control_serial_interface]: Attempting to open serial port for control board
[INFO] [1775082232.915375503] [control_serial_interface]: No serial port defined for control board, attempting to acquire port
[ERROR] [1775082233.918226548] [control_serial_interface]: Serial manager service not available
[ERROR] [1775082233.919852317] [control_serial_interface]: Serial port not found
[WARN] [1775082235.912215328] [control_serial_interface]: Control board serial port is not open, attempting to open
[INFO] [1775082235.913021232] [control_serial_interface]: Attempting to open serial port for control board
[INFO] [1775082235.913810858] [control_serial_interface]: No serial port defined for control board, attempting to acquire port
[ERROR] [1775082236.915992573] [control_serial_interface]: Serial manager service not available
[ERROR] [1775082236.916983043] [control_serial_interface]: Serial port not found
[WARN] [1775082238.913383859] [control_serial_interface]: Control board serial port is not open, attempting to open
[INFO] [1775082238.914925015] [control_serial_interface]: Attempting to open serial port for control board
[INFO] [1775082238.916501748] [control_serial_interface]: No serial port defined for control board, attempting to acquire port
[ERROR] [1775082239.919208509] [control_serial_interface]: Serial manager service not available
[ERROR] [1775082239.920422395] [control_serial_interface]: Serial port not found
[WARN] [1775082241.912287665] [control_serial_interface]: Control board serial port is not open, attempting to open
[INFO] [1775082241.913288756] [control_serial_interface]: Attempting to open serial port for control board
[INFO] [1775082241.914743553] [control_serial_interface]: No serial port defined for control board, attempting to acquire port
[ERROR] [1775082242.917175017] [control_serial_interface]: Serial manager service not available
[ERROR] [1775082242.918446720] [control_serial_interface]: Serial port not found
[WARN] [1775082244.912349335] [control_serial_interface]: Control board serial port is not open, attempting to open
[INFO] [1775082244.913007619] [control_serial_interface]: Attempting to open serial port for control board
[INFO] [1775082244.913629251] [control_serial_interface]: No serial port defined for control board, attempting to acquire port
[ERROR] [1775082245.915970361] [control_serial_interface]: Serial manager service not available
[ERROR] [1775082245.917502847] [control_serial_interface]: Serial port not found
[WARN] [1775082247.912524721] [control_serial_interface]: Control board serial port is not open, attempting to open
[INFO] [1775082247.914157801] [control_serial_interface]: Attempting to open serial port for control board
[INFO] [1775082247.915696176] [control_serial_interface]: No serial port defined for control board, attempting to acquire port
[ERROR] [1775082248.917751570] [control_serial_interface]: Serial manager service not available
[ERROR] [1775082248.918408898] [control_serial_interface]: Serial port not found
[WARN] [1775082250.913750101] [control_serial_interface]: Control board serial port is not open, attempting to open
[INFO] [1775082250.915643909] [control_serial_interface]: Attempting to open serial port for control board
[INFO] [1775082250.917235256] [control_serial_interface]: No serial port defined for control board, attempting to acquire port
[ERROR] [1775082251.919605971] [control_serial_interface]: Serial manager service not available
[ERROR] [1775082251.920288280] [control_serial_interface]: Serial port not found
[WARN] [1775082253.913509238] [control_serial_interface]: Control board serial port is not open, attempting to open
[INFO] [1775082253.914799573] [control_serial_interface]: Attempting to open serial port for control board
[INFO] [1775082253.916018306] [control_serial_interface]: No serial port defined for control board, attempting to acquire port
[ERROR] [1775082254.918344081] [control_serial_interface]: Serial manager service not available
[ERROR] [1775082254.918869621] [control_serial_interface]: Serial port not found
[WARN] [1775082256.913373667] [control_serial_interface]: Control board serial port is not open, attempting to open
[INFO] [1775082256.915163789] [control_serial_interface]: Attempting to open serial port for control board
[INFO] [1775082256.916884181] [control_serial_interface]: No serial port defined for control board, attempting to acquire port
[ERROR] [1775082257.919468570] [control_serial_interface]: Serial manager service not available
[ERROR] [1775082257.920047200] [control_serial_interface]: Serial port not found
[WARN] [1775082259.911920291] [control_serial_interface]: Control board serial port is not open, attempting to open
[INFO] [1775082259.913013492] [control_serial_interface]: Attempting to open serial port for control board
[INFO] [1775082259.914555413] [control_serial_interface]: No serial port defined for control board, attempting to acquire port
[ERROR] [1775082260.917659710] [control_serial_interface]: Serial manager service not available
[ERROR] [1775082260.919686458] [control_serial_interface]: Serial port not found
[WARN] [1775082262.912453967] [control_serial_interface]: Control board serial port is not open, attempting to open
[INFO] [1775082262.913554886] [control_serial_interface]: Attempting to open serial port for control board
[INFO] [1775082262.914548411] [control_serial_interface]: No serial port defined for control board, attempting to acquire port
[ERROR] [1775082263.917996502] [control_serial_interface]: Serial manager service not available
[ERROR] [1775082263.919815494] [control_serial_interface]: Serial port not found
[WARN] [1775082265.912364899] [control_serial_interface]: Control board serial port is not open, attempting to open
[INFO] [1775082265.913567362] [control_serial_interface]: Attempting to open serial port for control board
[INFO] [1775082265.914561692] [control_serial_interface]: No serial port defined for control board, attempting to acquire port
[ERROR] [1775082266.917605977] [control_serial_interface]: Serial manager service not available
[ERROR] [1775082266.919363407] [control_serial_interface]: Serial port not found
[WARN] [1775082268.913566996] [control_serial_interface]: Control board serial port is not open, attempting to open
[INFO] [1775082268.915164648] [control_serial_interface]: Attempting to open serial port for control board
[INFO] [1775082268.916271670] [control_serial_interface]: No serial port defined for control board, attempting to acquire port
[ERROR] [1775082269.918875474] [control_serial_interface]: Serial manager service not available
[ERROR] [1775082269.919610087] [control_serial_interface]: Serial port not found
[WARN] [1775082271.912537970] [control_serial_interface]: Control board serial port is not open, attempting to open
[INFO] [1775082271.913970703] [control_serial_interface]: Attempting to open serial port for control board
[INFO] [1775082271.915687832] [control_serial_interface]: No serial port defined for control board, attempting to acquire port
[ERROR] [1775082272.918325030] [control_serial_interface]: Serial manager service not available
[ERROR] [1775082272.919682132] [control_serial_interface]: Serial port not found
[WARN] [1775082274.912087445] [control_serial_interface]: Control board serial port is not open, attempting to open
[INFO] [1775082274.912683496] [control_serial_interface]: Attempting to open serial port for control board
[INFO] [1775082274.913246753] [control_serial_interface]: No serial port defined for control board, attempting to acquire port
[ERROR] [1775082275.916499420] [control_serial_interface]: Serial manager service not available
[ERROR] [1775082275.917757091] [control_serial_interface]: Serial port not found
[WARN] [1775082277.912596303] [control_serial_interface]: Control board serial port is not open, attempting to open
[INFO] [1775082277.913883846] [control_serial_interface]: Attempting to open serial port for control board
[INFO] [1775082277.914903604] [control_serial_interface]: No serial port defined for control board, attempting to acquire port
[ERROR] [1775082278.917540430] [control_serial_interface]: Serial manager service not available
[ERROR] [1775082278.918769206] [control_serial_interface]: Serial port not found
[WARN] [1775082280.913710271] [control_serial_interface]: Control board serial port is not open, attempting to open
[INFO] [1775082280.915586248] [control_serial_interface]: Attempting to open serial port for control board
[INFO] [1775082280.917490361] [control_serial_interface]: No serial port defined for control board, attempting to acquire port
[ERROR] [1775082281.920463987] [control_serial_interface]: Serial manager service not available
[ERROR] [1775082281.921903557] [control_serial_interface]: Serial port not found
[WARN] [1775082283.912660969] [control_serial_interface]: Control board serial port is not open, attempting to open
[INFO] [1775082283.914275997] [control_serial_interface]: Attempting to open serial port for control board
[INFO] [1775082283.915804430] [control_serial_interface]: No serial port defined for control board, attempting to acquire port
[ERROR] [1775082284.918194692] [control_serial_interface]: Serial manager service not available
[ERROR] [1775082284.918959220] [control_serial_interface]: Serial port not found
[WARN] [1775082286.913570490] [control_serial_interface]: Control board serial port is not open, attempting to open
[INFO] [1775082286.915052707] [control_serial_interface]: Attempting to open serial port for control board
[INFO] [1775082286.916565217] [control_serial_interface]: No serial port defined for control board, attempting to acquire port
[ERROR] [1775082287.919229293] [control_serial_interface]: Serial manager service not available
[ERROR] [1775082287.920460052] [control_serial_interface]: Serial port not found
[WARN] [1775082289.912123041] [control_serial_interface]: Control board serial port is not open, attempting to open
[INFO] [1775082289.912822447] [control_serial_interface]: Attempting to open serial port for control board
[INFO] [1775082289.913561620] [control_serial_interface]: No serial port defined for control board, attempting to acquire port
[ERROR] [1775082290.917296291] [control_serial_interface]: Serial manager service not available
[ERROR] [1775082290.919332073] [control_serial_interface]: Serial port not found
[WARN] [1775082292.912486872] [control_serial_interface]: Control board serial port is not open, attempting to open
[INFO] [1775082292.914322386] [control_serial_interface]: Attempting to open serial port for control board
[INFO] [1775082292.915463679] [control_serial_interface]: No serial port defined for control board, attempting to acquire port
[ERROR] [1775082293.918513160] [control_serial_interface]: Serial manager service not available
[ERROR] [1775082293.920056611] [control_serial_interface]: Serial port not found
[WARN] [1775082295.912031977] [control_serial_interface]: Control board serial port is not open, attempting to open
[INFO] [1775082295.912762307] [control_serial_interface]: Attempting to open serial port for control board
[INFO] [1775082295.913399540] [control_serial_interface]: No serial port defined for control board, attempting to acquire port
[ERROR] [1775082296.916522773] [control_serial_interface]: Serial manager service not available
[ERROR] [1775082296.918089126] [control_serial_interface]: Serial port not found
[WARN] [1775082298.912470975] [control_serial_interface]: Control board serial port is not open, attempting to open
[INFO] [1775082298.913563718] [control_serial_interface]: Attempting to open serial port for control board
[INFO] [1775082298.914498687] [control_serial_interface]: No serial port defined for control board, attempting to acquire port
[ERROR] [1775082299.916779630] [control_serial_interface]: Serial manager service not available
[ERROR] [1775082299.917671167] [control_serial_interface]: Serial port not found
[WARN] [1775082301.912434604] [control_serial_interface]: Control board serial port is not open, attempting to open
[INFO] [1775082301.913339586] [control_serial_interface]: Attempting to open serial port for control board
[INFO] [1775082301.914084471] [control_serial_interface]: No serial port defined for control board, attempting to acquire port
[ERROR] [1775082302.916602359] [control_serial_interface]: Serial manager service not available
[ERROR] [1775082302.918270564] [control_serial_interface]: Serial port not found
[WARN] [1775082304.911834060] [control_serial_interface]: Control board serial port is not open, attempting to open
[INFO] [1775082304.912436328] [control_serial_interface]: Attempting to open serial port for control board
[INFO] [1775082304.912929232] [control_serial_interface]: No serial port defined for control board, attempting to acquire port
[ERROR] [1775082305.914893172] [control_serial_interface]: Serial manager service not available
[ERROR] [1775082305.915633298] [control_serial_interface]: Serial port not found
[WARN] [1775082307.911855767] [control_serial_interface]: Control board serial port is not open, attempting to open
[INFO] [1775082307.912416113] [control_serial_interface]: Attempting to open serial port for control board
[INFO] [1775082307.912859030] [control_serial_interface]: No serial port defined for control board, attempting to acquire port
[ERROR] [1775082308.915088838] [control_serial_interface]: Serial manager service not available
[ERROR] [1775082308.916406839] [control_serial_interface]: Serial port not found
[WARN] [1775082310.914129473] [control_serial_interface]: Control board serial port is not open, attempting to open
[INFO] [1775082310.916275648] [control_serial_interface]: Attempting to open serial port for control board
[INFO] [1775082310.917032775] [control_serial_interface]: No serial port defined for control board, attempting to acquire port
[ERROR] [1775082311.919350975] [control_serial_interface]: Serial manager service not available
[ERROR] [1775082311.920369916] [control_serial_interface]: Serial port not found
[WARN] [1775082313.911864194] [control_serial_interface]: Control board serial port is not open, attempting to open
[INFO] [1775082313.912613986] [control_serial_interface]: Attempting to open serial port for control board
[INFO] [1775082313.913793225] [control_serial_interface]: No serial port defined for control board, attempting to acquire port
[ERROR] [1775082314.916712226] [control_serial_interface]: Serial manager service not available
[ERROR] [1775082314.919214326] [control_serial_interface]: Serial port not found
[WARN] [1775082316.912251309] [control_serial_interface]: Control board serial port is not open, attempting to open
[INFO] [1775082316.913090302] [control_serial_interface]: Attempting to open serial port for control board
[INFO] [1775082316.913756602] [control_serial_interface]: No serial port defined for control board, attempting to acquire port
[ERROR] [1775082317.917268967] [control_serial_interface]: Serial manager service not available
[ERROR] [1775082317.919439447] [control_serial_interface]: Serial port not found
[WARN] [1775082319.911788893] [control_serial_interface]: Control board serial port is not open, attempting to open
[INFO] [1775082319.912371005] [control_serial_interface]: Attempting to open serial port for control board
[INFO] [1775082319.912863121] [control_serial_interface]: No serial port defined for control board, attempting to acquire port
[ERROR] [1775082320.915266804] [control_serial_interface]: Serial manager service not available
[ERROR] [1775082320.916551732] [control_serial_interface]: Serial port not found
[WARN] [1775082322.912927136] [control_serial_interface]: Control board serial port is not open, attempting to open
[INFO] [1775082322.914351846] [control_serial_interface]: Attempting to open serial port for control board
[INFO] [1775082322.915692810] [control_serial_interface]: No serial port defined for control board, attempting to acquire port
[ERROR] [1775082323.918308352] [control_serial_interface]: Serial manager service not available
[ERROR] [1775082323.919795580] [control_serial_interface]: Serial port not found
[WARN] [1775082325.912302147] [control_serial_interface]: Control board serial port is not open, attempting to open
[INFO] [1775082325.913441709] [control_serial_interface]: Attempting to open serial port for control board
[INFO] [1775082325.914434913] [control_serial_interface]: No serial port defined for control board, attempting to acquire port
[ERROR] [1775082326.917768776] [control_serial_interface]: Serial manager service not available
[ERROR] [1775082326.919770387] [control_serial_interface]: Serial port not found
[WARN] [1775082328.912418392] [control_serial_interface]: Control board serial port is not open, attempting to open
[INFO] [1775082328.913677805] [control_serial_interface]: Attempting to open serial port for control board
[INFO] [1775082328.914975535] [control_serial_interface]: No serial port defined for control board, attempting to acquire port
[ERROR] [1775082329.918032740] [control_serial_interface]: Serial manager service not available
[ERROR] [1775082329.919592350] [control_serial_interface]: Serial port not found
[WARN] [1775082331.912787542] [control_serial_interface]: Control board serial port is not open, attempting to open
[INFO] [1775082331.914747733] [control_serial_interface]: Attempting to open serial port for control board
[INFO] [1775082331.917774204] [control_serial_interface]: No serial port defined for control board, attempting to acquire port
[ERROR] [1775082332.920399995] [control_serial_interface]: Serial manager service not available
[ERROR] [1775082332.921209974] [control_serial_interface]: Serial port not found
[WARN] [1775082334.911839646] [control_serial_interface]: Control board serial port is not open, attempting to open
[INFO] [1775082334.912498159] [control_serial_interface]: Attempting to open serial port for control board
[INFO] [1775082334.913218234] [control_serial_interface]: No serial port defined for control board, attempting to acquire port
[ERROR] [1775082335.915964154] [control_serial_interface]: Serial manager service not available
[ERROR] [1775082335.917783815] [control_serial_interface]: Serial port not found
[WARN] [1775082337.912984734] [control_serial_interface]: Control board serial port is not open, attempting to open
[INFO] [1775082337.914948523] [control_serial_interface]: Attempting to open serial port for control board
[INFO] [1775082337.916421891] [control_serial_interface]: No serial port defined for control board, attempting to acquire port
[ERROR] [1775082338.920047269] [control_serial_interface]: Serial manager service not available
[ERROR] [1775082338.922313817] [control_serial_interface]: Serial port not found
[WARN] [1775082340.912592943] [control_serial_interface]: Control board serial port is not open, attempting to open
[INFO] [1775082340.913848808] [control_serial_interface]: Attempting to open serial port for control board
[INFO] [1775082340.915220885] [control_serial_interface]: No serial port defined for control board, attempting to acquire port
[ERROR] [1775082341.918192999] [control_serial_interface]: Serial manager service not available
[ERROR] [1775082341.919717584] [control_serial_interface]: Serial port not found
[WARN] [1775082343.912542975] [control_serial_interface]: Control board serial port is not open, attempting to open
[INFO] [1775082343.913885543] [control_serial_interface]: Attempting to open serial port for control board
[INFO] [1775082343.915156515] [control_serial_interface]: No serial port defined for control board, attempting to acquire port
[ERROR] [1775082344.917473281] [control_serial_interface]: Serial manager service not available
[ERROR] [1775082344.918162062] [control_serial_interface]: Serial port not found
[WARN] [1775082346.913419263] [control_serial_interface]: Control board serial port is not open, attempting to open
[INFO] [1775082346.915147449] [control_serial_interface]: Attempting to open serial port for control board
[INFO] [1775082346.916725771] [control_serial_interface]: No serial port defined for control board, attempting to acquire port
[ERROR] [1775082347.919490610] [control_serial_interface]: Serial manager service not available
[ERROR] [1775082347.920712853] [control_serial_interface]: Serial port not found
[WARN] [1775082349.913238702] [control_serial_interface]: Control board serial port is not open, attempting to open
[INFO] [1775082349.914806094] [control_serial_interface]: Attempting to open serial port for control board
[INFO] [1775082349.915904009] [control_serial_interface]: No serial port defined for control board, attempting to acquire port
[ERROR] [1775082350.918474010] [control_serial_interface]: Serial manager service not available
[ERROR] [1775082350.919832100] [control_serial_interface]: Serial port not found
[WARN] [1775082352.913351265] [control_serial_interface]: Control board serial port is not open, attempting to open
[INFO] [1775082352.914717564] [control_serial_interface]: Attempting to open serial port for control board
[INFO] [1775082352.916308051] [control_serial_interface]: No serial port defined for control board, attempting to acquire port
[ERROR] [1775082353.918580096] [control_serial_interface]: Serial manager service not available
[ERROR] [1775082353.919273770] [control_serial_interface]: Serial port not found
[WARN] [1775082355.912089693] [control_serial_interface]: Control board serial port is not open, attempting to open
[INFO] [1775082355.912656915] [control_serial_interface]: Attempting to open serial port for control board
[INFO] [1775082355.913362513] [control_serial_interface]: No serial port defined for control board, attempting to acquire port
[ERROR] [1775082356.916271459] [control_serial_interface]: Serial manager service not available
[ERROR] [1775082356.917741678] [control_serial_interface]: Serial port not found
[WARN] [1775082358.912550878] [control_serial_interface]: Control board serial port is not open, attempting to open
[INFO] [1775082358.914261639] [control_serial_interface]: Attempting to open serial port for control board
[INFO] [1775082358.915523325] [control_serial_interface]: No serial port defined for control board, attempting to acquire port
[ERROR] [1775082359.918209749] [control_serial_interface]: Serial manager service not available
[ERROR] [1775082359.919518313] [control_serial_interface]: Serial port not found
[WARN] [1775082361.912748133] [control_serial_interface]: Control board serial port is not open, attempting to open
[INFO] [1775082361.914120533] [control_serial_interface]: Attempting to open serial port for control board
[INFO] [1775082361.915287641] [control_serial_interface]: No serial port defined for control board, attempting to acquire port
[ERROR] [1775082362.918169925] [control_serial_interface]: Serial manager service not available
[ERROR] [1775082362.919873526] [control_serial_interface]: Serial port not found
[WARN] [1775082364.913338124] [control_serial_interface]: Control board serial port is not open, attempting to open
[INFO] [1775082364.914650878] [control_serial_interface]: Attempting to open serial port for control board
[INFO] [1775082364.916061255] [control_serial_interface]: No serial port defined for control board, attempting to acquire port
[ERROR] [1775082365.919428673] [control_serial_interface]: Serial manager service not available
[ERROR] [1775082365.921530606] [control_serial_interface]: Serial port not found
[WARN] [1775082367.912915822] [control_serial_interface]: Control board serial port is not open, attempting to open
[INFO] [1775082367.914799788] [control_serial_interface]: Attempting to open serial port for control board
[INFO] [1775082367.915889420] [control_serial_interface]: No serial port defined for control board, attempting to acquire port
[ERROR] [1775082368.919025280] [control_serial_interface]: Serial manager service not available
[ERROR] [1775082368.921108603] [control_serial_interface]: Serial port not found
[WARN] [1775082370.911857753] [control_serial_interface]: Control board serial port is not open, attempting to open
[INFO] [1775082370.912459559] [control_serial_interface]: Attempting to open serial port for control board
[INFO] [1775082370.912893096] [control_serial_interface]: No serial port defined for control board, attempting to acquire port
[ERROR] [1775082371.914802929] [control_serial_interface]: Serial manager service not available
[ERROR] [1775082371.915448579] [control_serial_interface]: Serial port not found
[WARN] [1775082373.911783564] [control_serial_interface]: Control board serial port is not open, attempting to open
[INFO] [1775082373.912467881] [control_serial_interface]: Attempting to open serial port for control board
[INFO] [1775082373.913066458] [control_serial_interface]: No serial port defined for control board, attempting to acquire port
[ERROR] [1775082374.916218160] [control_serial_interface]: Serial manager service not available
[ERROR] [1775082374.916854098] [control_serial_interface]: Serial port not found
[WARN] [1775082376.912093430] [control_serial_interface]: Control board serial port is not open, attempting to open
[INFO] [1775082376.912882447] [control_serial_interface]: Attempting to open serial port for control board
[INFO] [1775082376.913561815] [control_serial_interface]: No serial port defined for control board, attempting to acquire port
[ERROR] [1775082377.915696853] [control_serial_interface]: Serial manager service not available
[ERROR] [1775082377.916415503] [control_serial_interface]: Serial port not found
[WARN] [1775082379.912363753] [control_serial_interface]: Control board serial port is not open, attempting to open
[INFO] [1775082379.913497569] [control_serial_interface]: Attempting to open serial port for control board
[INFO] [1775082379.914521286] [control_serial_interface]: No serial port defined for control board, attempting to acquire port
[ERROR] [1775082380.916386922] [control_serial_interface]: Serial manager service not available
[ERROR] [1775082380.917089649] [control_serial_interface]: Serial port not found
[WARN] [1775082382.912420306] [control_serial_interface]: Control board serial port is not open, attempting to open
[INFO] [1775082382.913746837] [control_serial_interface]: Attempting to open serial port for control board
[INFO] [1775082382.915649308] [control_serial_interface]: No serial port defined for control board, attempting to acquire port
[ERROR] [1775082383.918699313] [control_serial_interface]: Serial manager service not available
[ERROR] [1775082383.920132856] [control_serial_interface]: Serial port not found
[WARN] [1775082385.913241090] [control_serial_interface]: Control board serial port is not open, attempting to open
[INFO] [1775082385.914546410] [control_serial_interface]: Attempting to open serial port for control board
[INFO] [1775082385.915665015] [control_serial_interface]: No serial port defined for control board, attempting to acquire port
[ERROR] [1775082386.918058845] [control_serial_interface]: Serial manager service not available
[ERROR] [1775082386.918708101] [control_serial_interface]: Serial port not found
[WARN] [1775082388.913503224] [control_serial_interface]: Control board serial port is not open, attempting to open
[INFO] [1775082388.915891042] [control_serial_interface]: Attempting to open serial port for control board
[INFO] [1775082388.917805319] [control_serial_interface]: No serial port defined for control board, attempting to acquire port
[ERROR] [1775082389.920055008] [control_serial_interface]: Serial manager service not available
[ERROR] [1775082389.920675664] [control_serial_interface]: Serial port not found
[WARN] [1775082391.911820053] [control_serial_interface]: Control board serial port is not open, attempting to open
[INFO] [1775082391.912415717] [control_serial_interface]: Attempting to open serial port for control board
[INFO] [1775082391.913081302] [control_serial_interface]: No serial port defined for control board, attempting to acquire port
[ERROR] [1775082392.916335672] [control_serial_interface]: Serial manager service not available
[ERROR] [1775082392.918601818] [control_serial_interface]: Serial port not found
[WARN] [1775082394.911980763] [control_serial_interface]: Control board serial port is not open, attempting to open
[INFO] [1775082394.912586393] [control_serial_interface]: Attempting to open serial port for control board
[INFO] [1775082394.913113627] [control_serial_interface]: No serial port defined for control board, attempting to acquire port
[ERROR] [1775082395.915963040] [control_serial_interface]: Serial manager service not available
[ERROR] [1775082395.917721687] [control_serial_interface]: Serial port not found
[WARN] [1775082397.912424926] [control_serial_interface]: Control board serial port is not open, attempting to open
[INFO] [1775082397.913492318] [control_serial_interface]: Attempting to open serial port for control board
[INFO] [1775082397.914553753] [control_serial_interface]: No serial port defined for control board, attempting to acquire port
[ERROR] [1775082398.917799800] [control_serial_interface]: Serial manager service not available
[ERROR] [1775082398.919918788] [control_serial_interface]: Serial port not found
[WARN] [1775082400.912539421] [control_serial_interface]: Control board serial port is not open, attempting to open
[INFO] [1775082400.913919313] [control_serial_interface]: Attempting to open serial port for control board
[INFO] [1775082400.915407200] [control_serial_interface]: No serial port defined for control board, attempting to acquire port
[ERROR] [1775082401.918191705] [control_serial_interface]: Serial manager service not available
[ERROR] [1775082401.919088143] [control_serial_interface]: Serial port not found
[WARN] [1775082403.912556223] [control_serial_interface]: Control board serial port is not open, attempting to open
[INFO] [1775082403.913732808] [control_serial_interface]: Attempting to open serial port for control board
[INFO] [1775082403.914942537] [control_serial_interface]: No serial port defined for control board, attempting to acquire port
[ERROR] [1775082404.917063116] [control_serial_interface]: Serial manager service not available
[ERROR] [1775082404.917757563] [control_serial_interface]: Serial port not found
[WARN] [1775082406.912425874] [control_serial_interface]: Control board serial port is not open, attempting to open
[INFO] [1775082406.913565135] [control_serial_interface]: Attempting to open serial port for control board
[INFO] [1775082406.914610376] [control_serial_interface]: No serial port defined for control board, attempting to acquire port
[ERROR] [1775082407.916834325] [control_serial_interface]: Serial manager service not available
[ERROR] [1775082407.917660975] [control_serial_interface]: Serial port not found
[WARN] [1775082409.911911053] [control_serial_interface]: Control board serial port is not open, attempting to open
[INFO] [1775082409.912757982] [control_serial_interface]: Attempting to open serial port for control board
[INFO] [1775082409.913470083] [control_serial_interface]: No serial port defined for control board, attempting to acquire port
[ERROR] [1775082410.916245811] [control_serial_interface]: Serial manager service not available
[ERROR] [1775082410.918110390] [control_serial_interface]: Serial port not found
[WARN] [1775082412.912505341] [control_serial_interface]: Control board serial port is not open, attempting to open
[INFO] [1775082412.913654979] [control_serial_interface]: Attempting to open serial port for control board
[INFO] [1775082412.914842452] [control_serial_interface]: No serial port defined for control board, attempting to acquire port
[ERROR] [1775082413.917355792] [control_serial_interface]: Serial manager service not available
[ERROR] [1775082413.918283240] [control_serial_interface]: Serial port not found
[WARN] [1775082415.913754018] [control_serial_interface]: Control board serial port is not open, attempting to open
[INFO] [1775082415.915755926] [control_serial_interface]: Attempting to open serial port for control board
[INFO] [1775082415.917512673] [control_serial_interface]: No serial port defined for control board, attempting to acquire port
[ERROR] [1775082416.919859434] [control_serial_interface]: Serial manager service not available
[ERROR] [1775082416.920684070] [control_serial_interface]: Serial port not found
[WARN] [1775082418.913178317] [control_serial_interface]: Control board serial port is not open, attempting to open
[INFO] [1775082418.914505302] [control_serial_interface]: Attempting to open serial port for control board
[INFO] [1775082418.915610204] [control_serial_interface]: No serial port defined for control board, attempting to acquire port
[ERROR] [1775082419.918111353] [control_serial_interface]: Serial manager service not available
[ERROR] [1775082419.918768726] [control_serial_interface]: Serial port not found
[WARN] [1775082421.912381114] [control_serial_interface]: Control board serial port is not open, attempting to open
[INFO] [1775082421.913914254] [control_serial_interface]: Attempting to open serial port for control board
[INFO] [1775082421.915659718] [control_serial_interface]: No serial port defined for control board, attempting to acquire port
[ERROR] [1775082422.920047274] [control_serial_interface]: Serial manager service not available
[ERROR] [1775082422.921225525] [control_serial_interface]: Serial port not found
[WARN] [1775082424.911876020] [control_serial_interface]: Control board serial port is not open, attempting to open
[INFO] [1775082424.912830873] [control_serial_interface]: Attempting to open serial port for control board
[INFO] [1775082424.915046598] [control_serial_interface]: No serial port defined for control board, attempting to acquire port
[ERROR] [1775082425.917707990] [control_serial_interface]: Serial manager service not available
[ERROR] [1775082425.918890738] [control_serial_interface]: Serial port not found
[WARN] [1775082427.913143428] [control_serial_interface]: Control board serial port is not open, attempting to open
[INFO] [1775082427.915418093] [control_serial_interface]: Attempting to open serial port for control board
[INFO] [1775082427.916213588] [control_serial_interface]: No serial port defined for control board, attempting to acquire port
[ERROR] [1775082428.920993431] [control_serial_interface]: Serial manager service not available
[ERROR] [1775082428.923384307] [control_serial_interface]: Serial port not found
[WARN] [1775082430.912293673] [control_serial_interface]: Control board serial port is not open, attempting to open
[INFO] [1775082430.913123984] [control_serial_interface]: Attempting to open serial port for control board
[INFO] [1775082430.913895580] [control_serial_interface]: No serial port defined for control board, attempting to acquire port
[ERROR] [1775082431.916535122] [control_serial_interface]: Serial manager service not available
[ERROR] [1775082431.917827311] [control_serial_interface]: Serial port not found
[WARN] [1775082433.911872986] [control_serial_interface]: Control board serial port is not open, attempting to open
[INFO] [1775082433.912515092] [control_serial_interface]: Attempting to open serial port for control board
[INFO] [1775082433.913036671] [control_serial_interface]: No serial port defined for control board, attempting to acquire port
[ERROR] [1775082434.915142272] [control_serial_interface]: Serial manager service not available
[ERROR] [1775082434.915815236] [control_serial_interface]: Serial port not found
[WARN] [1775082436.913788770] [control_serial_interface]: Control board serial port is not open, attempting to open
[INFO] [1775082436.914818677] [control_serial_interface]: Attempting to open serial port for control board
[INFO] [1775082436.916110680] [control_serial_interface]: No serial port defined for control board, attempting to acquire port
[ERROR] [1775082437.918370885] [control_serial_interface]: Serial manager service not available
[ERROR] [1775082437.919711175] [control_serial_interface]: Serial port not found
[WARN] [1775082439.911976852] [control_serial_interface]: Control board serial port is not open, attempting to open
[INFO] [1775082439.912626835] [control_serial_interface]: Attempting to open serial port for control board
[INFO] [1775082439.913363058] [control_serial_interface]: No serial port defined for control board, attempting to acquire port
[ERROR] [1775082440.928250393] [control_serial_interface]: Serial manager service not available
[ERROR] [1775082440.929012742] [control_serial_interface]: Serial port not found
[WARN] [1775082442.912787948] [control_serial_interface]: Control board serial port is not open, attempting to open
[INFO] [1775082442.913717578] [control_serial_interface]: Attempting to open serial port for control board
[INFO] [1775082442.914543417] [control_serial_interface]: No serial port defined for control board, attempting to acquire port
[ERROR] [1775082443.917655544] [control_serial_interface]: Serial manager service not available
[ERROR] [1775082443.918890153] [control_serial_interface]: Serial port not found
[WARN] [1775082445.911775166] [control_serial_interface]: Control board serial port is not open, attempting to open
[INFO] [1775082445.912375221] [control_serial_interface]: Attempting to open serial port for control board
[INFO] [1775082445.912876604] [control_serial_interface]: No serial port defined for control board, attempting to acquire port
[ERROR] [1775082446.915042961] [control_serial_interface]: Serial manager service not available
[ERROR] [1775082446.915833398] [control_serial_interface]: Serial port not found
[WARN] [1775082448.913600961] [control_serial_interface]: Control board serial port is not open, attempting to open
[INFO] [1775082448.915462726] [control_serial_interface]: Attempting to open serial port for control board
[INFO] [1775082448.917198107] [control_serial_interface]: No serial port defined for control board, attempting to acquire port
[ERROR] [1775082449.920049588] [control_serial_interface]: Serial manager service not available
[ERROR] [1775082449.921460772] [control_serial_interface]: Serial port not found
[WARN] [1775082451.913249861] [control_serial_interface]: Control board serial port is not open, attempting to open
[INFO] [1775082451.914044677] [control_serial_interface]: Attempting to open serial port for control board
[INFO] [1775082451.914768750] [control_serial_interface]: No serial port defined for control board, attempting to acquire port
[ERROR] [1775082452.918053569] [control_serial_interface]: Serial manager service not available
[ERROR] [1775082452.919442255] [control_serial_interface]: Serial port not found
[WARN] [1775082454.914449487] [control_serial_interface]: Control board serial port is not open, attempting to open
[INFO] [1775082454.915168064] [control_serial_interface]: Attempting to open serial port for control board
[INFO] [1775082454.915921263] [control_serial_interface]: No serial port defined for control board, attempting to acquire port
[ERROR] [1775082455.918553620] [control_serial_interface]: Serial manager service not available
[ERROR] [1775082455.919884610] [control_serial_interface]: Serial port not found
[WARN] [1775082457.913147654] [control_serial_interface]: Control board serial port is not open, attempting to open
[INFO] [1775082457.915139250] [control_serial_interface]: Attempting to open serial port for control board
[INFO] [1775082457.916840177] [control_serial_interface]: No serial port defined for control board, attempting to acquire port
[ERROR] [1775082458.919125694] [control_serial_interface]: Serial manager service not available
[ERROR] [1775082458.919777441] [control_serial_interface]: Serial port not found
[WARN] [1775082460.912623034] [control_serial_interface]: Control board serial port is not open, attempting to open
[INFO] [1775082460.913970547] [control_serial_interface]: Attempting to open serial port for control board
[INFO] [1775082460.915660435] [control_serial_interface]: No serial port defined for control board, attempting to acquire port
[ERROR] [1775082461.919306004] [control_serial_interface]: Serial manager service not available
[ERROR] [1775082461.921152873] [control_serial_interface]: Serial port not found
[WARN] [1775082463.911975783] [control_serial_interface]: Control board serial port is not open, attempting to open
[INFO] [1775082463.912685368] [control_serial_interface]: Attempting to open serial port for control board
[INFO] [1775082463.913631205] [control_serial_interface]: No serial port defined for control board, attempting to acquire port
[ERROR] [1775082464.916448468] [control_serial_interface]: Serial manager service not available
[ERROR] [1775082464.918000386] [control_serial_interface]: Serial port not found
[WARN] [1775082466.911846185] [control_serial_interface]: Control board serial port is not open, attempting to open
[INFO] [1775082466.912445394] [control_serial_interface]: Attempting to open serial port for control board
[INFO] [1775082466.912917572] [control_serial_interface]: No serial port defined for control board, attempting to acquire port
[ERROR] [1775082467.915528027] [control_serial_interface]: Serial manager service not available
[ERROR] [1775082467.917220876] [control_serial_interface]: Serial port not found
[WARN] [1775082469.911728860] [control_serial_interface]: Control board serial port is not open, attempting to open
[INFO] [1775082469.912374666] [control_serial_interface]: Attempting to open serial port for control board
[INFO] [1775082469.912919244] [control_serial_interface]: No serial port defined for control board, attempting to acquire port
[ERROR] [1775082470.914803779] [control_serial_interface]: Serial manager service not available
[ERROR] [1775082470.915655092] [control_serial_interface]: Serial port not found
[WARN] [1775082472.912455114] [control_serial_interface]: Control board serial port is not open, attempting to open
[INFO] [1775082472.913450647] [control_serial_interface]: Attempting to open serial port for control board
[INFO] [1775082472.914367845] [control_serial_interface]: No serial port defined for control board, attempting to acquire port
[ERROR] [1775082473.916962479] [control_serial_interface]: Serial manager service not available
[ERROR] [1775082473.918476234] [control_serial_interface]: Serial port not found
[WARN] [1775082475.916007649] [control_serial_interface]: Control board serial port is not open, attempting to open
[INFO] [1775082475.916966755] [control_serial_interface]: Attempting to open serial port for control board
[INFO] [1775082475.925318063] [control_serial_interface]: No serial port defined for control board, attempting to acquire port
[ERROR] [1775082476.928978576] [control_serial_interface]: Serial manager service not available
[ERROR] [1775082476.930808313] [control_serial_interface]: Serial port not found
[WARN] [1775082478.913269352] [control_serial_interface]: Control board serial port is not open, attempting to open
[INFO] [1775082478.914924768] [control_serial_interface]: Attempting to open serial port for control board
[INFO] [1775082478.916537051] [control_serial_interface]: No serial port defined for control board, attempting to acquire port
[ERROR] [1775082479.920357679] [control_serial_interface]: Serial manager service not available
[ERROR] [1775082479.922198267] [control_serial_interface]: Serial port not found
[WARN] [1775082481.913267065] [control_serial_interface]: Control board serial port is not open, attempting to open
[INFO] [1775082481.914942366] [control_serial_interface]: Attempting to open serial port for control board
[INFO] [1775082481.916539024] [control_serial_interface]: No serial port defined for control board, attempting to acquire port
[ERROR] [1775082482.920394902] [control_serial_interface]: Serial manager service not available
[ERROR] [1775082482.922193338] [control_serial_interface]: Serial port not found
[WARN] [1775082484.913259083] [control_serial_interface]: Control board serial port is not open, attempting to open
[INFO] [1775082484.914900203] [control_serial_interface]: Attempting to open serial port for control board
[INFO] [1775082484.916532993] [control_serial_interface]: No serial port defined for control board, attempting to acquire port
[ERROR] [1775082485.920690636] [control_serial_interface]: Serial manager service not available
[ERROR] [1775082485.922476172] [control_serial_interface]: Serial port not found
[WARN] [1775082487.913262218] [control_serial_interface]: Control board serial port is not open, attempting to open
[INFO] [1775082487.914899442] [control_serial_interface]: Attempting to open serial port for control board
[INFO] [1775082487.916490490] [control_serial_interface]: No serial port defined for control board, attempting to acquire port
[ERROR] [1775082488.920339635] [control_serial_interface]: Serial manager service not available
[ERROR] [1775082488.922096189] [control_serial_interface]: Serial port not found
[WARN] [1775082490.913279982] [control_serial_interface]: Control board serial port is not open, attempting to open
[INFO] [1775082490.915207243] [control_serial_interface]: Attempting to open serial port for control board
[INFO] [1775082490.917025455] [control_serial_interface]: No serial port defined for control board, attempting to acquire port
[ERROR] [1775082491.920810891] [control_serial_interface]: Serial manager service not available
[ERROR] [1775082491.922617222] [control_serial_interface]: Serial port not found
[WARN] [1775082493.913274750] [control_serial_interface]: Control board serial port is not open, attempting to open
[INFO] [1775082493.915224052] [control_serial_interface]: Attempting to open serial port for control board
[INFO] [1775082493.917114872] [control_serial_interface]: No serial port defined for control board, attempting to acquire port
[ERROR] [1775082494.920999631] [control_serial_interface]: Serial manager service not available
[ERROR] [1775082494.922768966] [control_serial_interface]: Serial port not found
[WARN] [1775082496.913267775] [control_serial_interface]: Control board serial port is not open, attempting to open
[INFO] [1775082496.914865008] [control_serial_interface]: Attempting to open serial port for control board
[INFO] [1775082496.916452141] [control_serial_interface]: No serial port defined for control board, attempting to acquire port
[ERROR] [1775082497.920241453] [control_serial_interface]: Serial manager service not available
[ERROR] [1775082497.922111372] [control_serial_interface]: Serial port not found
[WARN] [1775082499.913267079] [control_serial_interface]: Control board serial port is not open, attempting to open
[INFO] [1775082499.914912229] [control_serial_interface]: Attempting to open serial port for control board
[INFO] [1775082499.916500681] [control_serial_interface]: No serial port defined for control board, attempting to acquire port
[ERROR] [1775082500.920315546] [control_serial_interface]: Serial manager service not available
[ERROR] [1775082500.922118888] [control_serial_interface]: Serial port not found
[WARN] [1775082502.913276062] [control_serial_interface]: Control board serial port is not open, attempting to open
[INFO] [1775082502.915242019] [control_serial_interface]: Attempting to open serial port for control board
[INFO] [1775082502.917114323] [control_serial_interface]: No serial port defined for control board, attempting to acquire port
[ERROR] [1775082503.920887080] [control_serial_interface]: Serial manager service not available
[ERROR] [1775082503.922690526] [control_serial_interface]: Serial port not found
[WARN] [1775082505.913288191] [control_serial_interface]: Control board serial port is not open, attempting to open
[INFO] [1775082505.914943976] [control_serial_interface]: Attempting to open serial port for control board
[INFO] [1775082505.916533674] [control_serial_interface]: No serial port defined for control board, attempting to acquire port
[ERROR] [1775082506.920369686] [control_serial_interface]: Serial manager service not available
[ERROR] [1775082506.922183692] [control_serial_interface]: Serial port not found
[WARN] [1775082508.913268203] [control_serial_interface]: Control board serial port is not open, attempting to open
[INFO] [1775082508.914886997] [control_serial_interface]: Attempting to open serial port for control board
[INFO] [1775082508.916445364] [control_serial_interface]: No serial port defined for control board, attempting to acquire port
[ERROR] [1775082509.920246381] [control_serial_interface]: Serial manager service not available
[ERROR] [1775082509.921997765] [control_serial_interface]: Serial port not found
[WARN] [1775082511.913254994] [control_serial_interface]: Control board serial port is not open, attempting to open
[INFO] [1775082511.914891909] [control_serial_interface]: Attempting to open serial port for control board
[INFO] [1775082511.916489822] [control_serial_interface]: No serial port defined for control board, attempting to acquire port
[ERROR] [1775082512.920294414] [control_serial_interface]: Serial manager service not available
[ERROR] [1775082512.922101080] [control_serial_interface]: Serial port not found
[WARN] [1775082514.913277799] [control_serial_interface]: Control board serial port is not open, attempting to open
[INFO] [1775082514.914931850] [control_serial_interface]: Attempting to open serial port for control board
[INFO] [1775082514.916567094] [control_serial_interface]: No serial port defined for control board, attempting to acquire port
[ERROR] [1775082515.919277994] [control_serial_interface]: Serial manager service not available
[ERROR] [1775082515.920031250] [control_serial_interface]: Serial port not found
[WARN] [1775082517.913308029] [control_serial_interface]: Control board serial port is not open, attempting to open
[INFO] [1775082517.915272462] [control_serial_interface]: Attempting to open serial port for control board
[INFO] [1775082517.917139936] [control_serial_interface]: No serial port defined for control board, attempting to acquire port
[ERROR] [1775082518.920676478] [control_serial_interface]: Serial manager service not available
[ERROR] [1775082518.922499365] [control_serial_interface]: Serial port not found
[WARN] [1775082520.912896361] [control_serial_interface]: Control board serial port is not open, attempting to open
[INFO] [1775082520.914482569] [control_serial_interface]: Attempting to open serial port for control board
[INFO] [1775082520.915745419] [control_serial_interface]: No serial port defined for control board, attempting to acquire port
[ERROR] [1775082521.919639386] [control_serial_interface]: Serial manager service not available
[ERROR] [1775082521.921476343] [control_serial_interface]: Serial port not found
[WARN] [1775082523.913332682] [control_serial_interface]: Control board serial port is not open, attempting to open
[INFO] [1775082523.914993042] [control_serial_interface]: Attempting to open serial port for control board
[INFO] [1775082523.916876842] [control_serial_interface]: No serial port defined for control board, attempting to acquire port
[ERROR] [1775082524.920701433] [control_serial_interface]: Serial manager service not available
[ERROR] [1775082524.922531035] [control_serial_interface]: Serial port not found
[WARN] [1775082526.913311267] [control_serial_interface]: Control board serial port is not open, attempting to open
[INFO] [1775082526.914948127] [control_serial_interface]: Attempting to open serial port for control board
[INFO] [1775082526.916787155] [control_serial_interface]: No serial port defined for control board, attempting to acquire port
[ERROR] [1775082527.920684172] [control_serial_interface]: Serial manager service not available
[ERROR] [1775082527.922535070] [control_serial_interface]: Serial port not found
[WARN] [1775082529.913322333] [control_serial_interface]: Control board serial port is not open, attempting to open
[INFO] [1775082529.915018245] [control_serial_interface]: Attempting to open serial port for control board
[INFO] [1775082529.916960146] [control_serial_interface]: No serial port defined for control board, attempting to acquire port
[ERROR] [1775082530.920921793] [control_serial_interface]: Serial manager service not available
[ERROR] [1775082530.922753375] [control_serial_interface]: Serial port not found
[WARN] [1775082532.913312307] [control_serial_interface]: Control board serial port is not open, attempting to open
[INFO] [1775082532.914939296] [control_serial_interface]: Attempting to open serial port for control board
[INFO] [1775082532.916540279] [control_serial_interface]: No serial port defined for control board, attempting to acquire port
[ERROR] [1775082533.920281594] [control_serial_interface]: Serial manager service not available
[ERROR] [1775082533.922050609] [control_serial_interface]: Serial port not found
[WARN] [1775082535.913319372] [control_serial_interface]: Control board serial port is not open, attempting to open
[INFO] [1775082535.914921490] [control_serial_interface]: Attempting to open serial port for control board
[INFO] [1775082535.916551495] [control_serial_interface]: No serial port defined for control board, attempting to acquire port
[ERROR] [1775082576.985946225] [control_serial_interface]: Serial manager service not available
[ERROR] [1775082576.988015538] [control_serial_interface]: Serial port not found
[WARN] [1775082576.992338894] [control_serial_interface]: Control board serial port is not open, attempting to open
[INFO] [1775082576.993277380] [control_serial_interface]: Attempting to open serial port for control board
[INFO] [1775082576.994053883] [control_serial_interface]: No serial port defined for control board, attempting to acquire port
[ERROR] [1775082577.998498204] [control_serial_interface]: Serial manager service not available
[ERROR] [1775082578.000228997] [control_serial_interface]: Serial port not found
[WARN] [1775082578.002831625] [control_serial_interface]: Control board serial port is not open, attempting to open
[INFO] [1775082578.004434933] [control_serial_interface]: Attempting to open serial port for control board
[INFO] [1775082578.006047902] [control_serial_interface]: No serial port defined for control board, attempting to acquire port
[ERROR] [1775082579.009926078] [control_serial_interface]: Serial manager service not available
[ERROR] [1775082579.011336887] [control_serial_interface]: Serial port not found
[WARN] [1775082580.913412866] [control_serial_interface]: Control board serial port is not open, attempting to open
[INFO] [1775082580.915090952] [control_serial_interface]: Attempting to open serial port for control board
[INFO] [1775082580.917038954] [control_serial_interface]: No serial port defined for control board, attempting to acquire port
[ERROR] [1775082581.921008904] [control_serial_interface]: Serial manager service not available
[ERROR] [1775082581.922841516] [control_serial_interface]: Serial port not found
[WARN] [1775082583.913299797] [control_serial_interface]: Control board serial port is not open, attempting to open
[INFO] [1775082583.914958557] [control_serial_interface]: Attempting to open serial port for control board
[INFO] [1775082583.916847946] [control_serial_interface]: No serial port defined for control board, attempting to acquire port
[ERROR] [1775082584.920835451] [control_serial_interface]: Serial manager service not available
[ERROR] [1775082584.922653283] [control_serial_interface]: Serial port not found
[WARN] [1775082586.913315646] [control_serial_interface]: Control board serial port is not open, attempting to open
[INFO] [1775082586.915026858] [control_serial_interface]: Attempting to open serial port for control board
[INFO] [1775082586.919454973] [control_serial_interface]: No serial port defined for control board, attempting to acquire port
[ERROR] [1775082587.923448908] [control_serial_interface]: Serial manager service not available
[ERROR] [1775082587.925328303] [control_serial_interface]: Serial port not found
[WARN] [1775082589.914066279] [control_serial_interface]: Control board serial port is not open, attempting to open
[INFO] [1775082589.915759971] [control_serial_interface]: Attempting to open serial port for control board
[INFO] [1775082589.917442567] [control_serial_interface]: No serial port defined for control board, attempting to acquire port
[ERROR] [1775082590.921310129] [control_serial_interface]: Serial manager service not available
[ERROR] [1775082590.923145121] [control_serial_interface]: Serial port not found
[WARN] [1775082592.913275481] [control_serial_interface]: Control board serial port is not open, attempting to open
[INFO] [1775082592.914968278] [control_serial_interface]: Attempting to open serial port for control board
[INFO] [1775082592.916609648] [control_serial_interface]: No serial port defined for control board, attempting to acquire port
[ERROR] [1775082593.920481400] [control_serial_interface]: Serial manager service not available
[ERROR] [1775082593.922323852] [control_serial_interface]: Serial port not found
[WARN] [1775082595.913276105] [control_serial_interface]: Control board serial port is not open, attempting to open
[INFO] [1775082595.914968982] [control_serial_interface]: Attempting to open serial port for control board
[INFO] [1775082595.916819180] [control_serial_interface]: No serial port defined for control board, attempting to acquire port
[ERROR] [1775082596.920762085] [control_serial_interface]: Serial manager service not available
[ERROR] [1775082596.922547180] [control_serial_interface]: Serial port not found
[WARN] [1775082598.913300387] [control_serial_interface]: Control board serial port is not open, attempting to open
[INFO] [1775082598.914961278] [control_serial_interface]: Attempting to open serial port for control board
[INFO] [1775082598.916574871] [control_serial_interface]: No serial port defined for control board, attempting to acquire port
[ERROR] [1775082599.920433951] [control_serial_interface]: Serial manager service not available
[ERROR] [1775082599.922272199] [control_serial_interface]: Serial port not found
[WARN] [1775082601.913272610] [control_serial_interface]: Control board serial port is not open, attempting to open
[INFO] [1775082601.914943876] [control_serial_interface]: Attempting to open serial port for control board
[INFO] [1775082601.916563530] [control_serial_interface]: No serial port defined for control board, attempting to acquire port
[ERROR] [1775082602.920282429] [control_serial_interface]: Serial manager service not available
[ERROR] [1775082602.922105506] [control_serial_interface]: Serial port not found
[WARN] [1775082604.913278769] [control_serial_interface]: Control board serial port is not open, attempting to open
[INFO] [1775082604.915010742] [control_serial_interface]: Attempting to open serial port for control board
[INFO] [1775082604.916872956] [control_serial_interface]: No serial port defined for control board, attempting to acquire port
[ERROR] [1775082605.920728960] [control_serial_interface]: Serial manager service not available
[ERROR] [1775082605.922583413] [control_serial_interface]: Serial port not found
[WARN] [1775082607.913277707] [control_serial_interface]: Control board serial port is not open, attempting to open
[INFO] [1775082607.914990869] [control_serial_interface]: Attempting to open serial port for control board
[INFO] [1775082607.916575642] [control_serial_interface]: No serial port defined for control board, attempting to acquire port
[ERROR] [1775082608.920353628] [control_serial_interface]: Serial manager service not available
[ERROR] [1775082608.922158485] [control_serial_interface]: Serial port not found
[WARN] [1775082610.913286811] [control_serial_interface]: Control board serial port is not open, attempting to open
[INFO] [1775082610.914869749] [control_serial_interface]: Attempting to open serial port for control board
[INFO] [1775082610.916735347] [control_serial_interface]: No serial port defined for control board, attempting to acquire port
[ERROR] [1775082611.920664440] [control_serial_interface]: Serial manager service not available
[ERROR] [1775082611.922514588] [control_serial_interface]: Serial port not found
[WARN] [1775082613.913277075] [control_serial_interface]: Control board serial port is not open, attempting to open
[INFO] [1775082613.914927510] [control_serial_interface]: Attempting to open serial port for control board
[INFO] [1775082613.916544319] [control_serial_interface]: No serial port defined for control board, attempting to acquire port
[ERROR] [1775082614.920380999] [control_serial_interface]: Serial manager service not available
[ERROR] [1775082614.922186215] [control_serial_interface]: Serial port not found
[WARN] [1775082616.913663100] [control_serial_interface]: Control board serial port is not open, attempting to open
[INFO] [1775082616.915615442] [control_serial_interface]: Attempting to open serial port for control board
[INFO] [1775082616.917511047] [control_serial_interface]: No serial port defined for control board, attempting to acquire port
[ERROR] [1775082617.921453650] [control_serial_interface]: Serial manager service not available
[ERROR] [1775082617.923236166] [control_serial_interface]: Serial port not found
[WARN] [1775082619.913314686] [control_serial_interface]: Control board serial port is not open, attempting to open
[INFO] [1775082619.914941985] [control_serial_interface]: Attempting to open serial port for control board
[INFO] [1775082619.916563564] [control_serial_interface]: No serial port defined for control board, attempting to acquire port
[ERROR] [1775082620.920369396] [control_serial_interface]: Serial manager service not available
[ERROR] [1775082620.922179378] [control_serial_interface]: Serial port not found
[WARN] [1775082622.913315675] [control_serial_interface]: Control board serial port is not open, attempting to open
[INFO] [1775082622.914993541] [control_serial_interface]: Attempting to open serial port for control board
[INFO] [1775082622.916596320] [control_serial_interface]: No serial port defined for control board, attempting to acquire port
[ERROR] [1775082623.920339665] [control_serial_interface]: Serial manager service not available
[ERROR] [1775082623.922161462] [control_serial_interface]: Serial port not found
[WARN] [1775082625.913286489] [control_serial_interface]: Control board serial port is not open, attempting to open
[INFO] [1775082625.914917743] [control_serial_interface]: Attempting to open serial port for control board
[INFO] [1775082625.916537217] [control_serial_interface]: No serial port defined for control board, attempting to acquire port
[ERROR] [1775082626.920420043] [control_serial_interface]: Serial manager service not available
[ERROR] [1775082626.922223134] [control_serial_interface]: Serial port not found
[WARN] [1775082628.913323424] [control_serial_interface]: Control board serial port is not open, attempting to open
[INFO] [1775082628.914986750] [control_serial_interface]: Attempting to open serial port for control board
[INFO] [1775082628.916617804] [control_serial_interface]: No serial port defined for control board, attempting to acquire port
[ERROR] [1775082629.920482115] [control_serial_interface]: Serial manager service not available
[ERROR] [1775082629.922280631] [control_serial_interface]: Serial port not found
[WARN] [1775082631.913333513] [control_serial_interface]: Control board serial port is not open, attempting to open
[INFO] [1775082631.915379899] [control_serial_interface]: Attempting to open serial port for control board
[INFO] [1775082631.917194361] [control_serial_interface]: No serial port defined for control board, attempting to acquire port
[ERROR] [1775082632.921233559] [control_serial_interface]: Serial manager service not available
[ERROR] [1775082632.923018830] [control_serial_interface]: Serial port not found
[WARN] [1775082634.913353434] [control_serial_interface]: Control board serial port is not open, attempting to open
[INFO] [1775082634.915023125] [control_serial_interface]: Attempting to open serial port for control board
[INFO] [1775082634.916588752] [control_serial_interface]: No serial port defined for control board, attempting to acquire port
[ERROR] [1775082635.920444842] [control_serial_interface]: Serial manager service not available
[ERROR] [1775082635.922229007] [control_serial_interface]: Serial port not found
[WARN] [1775082657.566298754] [control_serial_interface]: Control board serial port is not open, attempting to open
[INFO] [1775082657.567432709] [control_serial_interface]: Attempting to open serial port for control board
[INFO] [1775082657.569499187] [control_serial_interface]: No serial port defined for control board, attempting to acquire port
[ERROR] [1775082678.588611828] [control_serial_interface]: Serial manager service not available
[ERROR] [1775082678.589518037] [control_serial_interface]: Serial port not found
[WARN] [1775082678.596611629] [control_serial_interface]: Control board serial port is not open, attempting to open
[INFO] [1775082678.597330444] [control_serial_interface]: Attempting to open serial port for control board
[INFO] [1775082678.597961319] [control_serial_interface]: No serial port defined for control board, attempting to acquire port
[ERROR] [1775082679.610114429] [control_serial_interface]: Serial manager service not available
[ERROR] [1775082679.611949616] [control_serial_interface]: Serial port not found
[WARN] [1775082679.913295919] [control_serial_interface]: Control board serial port is not open, attempting to open
[INFO] [1775082679.914945119] [control_serial_interface]: Attempting to open serial port for control board
[INFO] [1775082679.916554523] [control_serial_interface]: No serial port defined for control board, attempting to acquire port
[ERROR] [1775082680.920436674] [control_serial_interface]: Serial manager service not available
[ERROR] [1775082680.922258371] [control_serial_interface]: Serial port not found
[WARN] [1775082682.913277602] [control_serial_interface]: Control board serial port is not open, attempting to open
[INFO] [1775082682.914941108] [control_serial_interface]: Attempting to open serial port for control board
[INFO] [1775082682.916562257] [control_serial_interface]: No serial port defined for control board, attempting to acquire port
[ERROR] [1775082683.920528085] [control_serial_interface]: Serial manager service not available
[ERROR] [1775082683.922373458] [control_serial_interface]: Serial port not found
[WARN] [1775082685.913280677] [control_serial_interface]: Control board serial port is not open, attempting to open
[INFO] [1775082685.914954923] [control_serial_interface]: Attempting to open serial port for control board
[INFO] [1775082685.916567817] [control_serial_interface]: No serial port defined for control board, attempting to acquire port
[ERROR] [1775082686.920454354] [control_serial_interface]: Serial manager service not available
[ERROR] [1775082686.922374529] [control_serial_interface]: Serial port not found
[WARN] [1775082688.912573651] [control_serial_interface]: Control board serial port is not open, attempting to open
[INFO] [1775082688.914278135] [control_serial_interface]: Attempting to open serial port for control board
[INFO] [1775082688.915799460] [control_serial_interface]: No serial port defined for control board, attempting to acquire port
[ERROR] [1775082689.919678002] [control_serial_interface]: Serial manager service not available
[ERROR] [1775082689.921440087] [control_serial_interface]: Serial port not found
[WARN] [1775082691.913318248] [control_serial_interface]: Control board serial port is not open, attempting to open
[INFO] [1775082691.915018555] [control_serial_interface]: Attempting to open serial port for control board
[INFO] [1775082691.916926701] [control_serial_interface]: No serial port defined for control board, attempting to acquire port
[ERROR] [1775082692.920777225] [control_serial_interface]: Serial manager service not available
[ERROR] [1775082692.922606912] [control_serial_interface]: Serial port not found
[WARN] [1775082694.913295866] [control_serial_interface]: Control board serial port is not open, attempting to open
[INFO] [1775082694.915242492] [control_serial_interface]: Attempting to open serial port for control board
[INFO] [1775082694.916787073] [control_serial_interface]: No serial port defined for control board, attempting to acquire port
[ERROR] [1775082695.920621993] [control_serial_interface]: Serial manager service not available
[ERROR] [1775082695.922437454] [control_serial_interface]: Serial port not found
[WARN] [1775082697.913288529] [control_serial_interface]: Control board serial port is not open, attempting to open
[INFO] [1775082697.914915218] [control_serial_interface]: Attempting to open serial port for control board
[INFO] [1775082697.916507861] [control_serial_interface]: No serial port defined for control board, attempting to acquire port
[ERROR] [1775082698.920363482] [control_serial_interface]: Serial manager service not available
[ERROR] [1775082698.922526227] [control_serial_interface]: Serial port not found
[WARN] [1775082700.913279704] [control_serial_interface]: Control board serial port is not open, attempting to open
[INFO] [1775082700.914913409] [control_serial_interface]: Attempting to open serial port for control board
[INFO] [1775082700.916873641] [control_serial_interface]: No serial port defined for control board, attempting to acquire port
[ERROR] [1775082701.920738421] [control_serial_interface]: Serial manager service not available
[ERROR] [1775082701.922542202] [control_serial_interface]: Serial port not found
[WARN] [1775082703.913317214] [control_serial_interface]: Control board serial port is not open, attempting to open
[INFO] [1775082703.914985625] [control_serial_interface]: Attempting to open serial port for control board
[INFO] [1775082703.916570488] [control_serial_interface]: No serial port defined for control board, attempting to acquire port
[ERROR] [1775082704.920347995] [control_serial_interface]: Serial manager service not available
[ERROR] [1775082704.922176437] [control_serial_interface]: Serial port not found
[WARN] [1775082706.911838852] [control_serial_interface]: Control board serial port is not open, attempting to open
[INFO] [1775082706.913430742] [control_serial_interface]: Attempting to open serial port for control board
[INFO] [1775082706.915021325] [control_serial_interface]: No serial port defined for control board, attempting to acquire port
[ERROR] [1775082707.918711504] [control_serial_interface]: Serial manager service not available
[ERROR] [1775082707.920527736] [control_serial_interface]: Serial port not found
[WARN] [1775082709.913273737] [control_serial_interface]: Control board serial port is not open, attempting to open
[INFO] [1775082709.914969044] [control_serial_interface]: Attempting to open serial port for control board
[INFO] [177