[INFO] [1774740922.737347039] [serial_manager]: Starting Serial Manager Node
[INFO] [1774740927.754684545] [serial_manager]: New device detected: /dev/ttyS9 (n/a)
[INFO] [1774740927.756122158] [serial_manager]: Could not identify device at port /dev/ttyS9 (VID: None, PID: None, Manufacturer: None, Product: None)
[INFO] [1774740927.756873599] [serial_manager]: Identified device sensor board at port /dev/ttyS9
[INFO] [1774740927.757575827] [serial_manager]: New device detected: /dev/ttyS8 (n/a)
[INFO] [1774740927.758282950] [serial_manager]: Could not identify device at port /dev/ttyS8 (VID: None, PID: None, Manufacturer: None, Product: None)
[INFO] [1774740927.758991635] [serial_manager]: Identified device sensor board at port /dev/ttyS8
[INFO] [1774740927.759645350] [serial_manager]: New device detected: /dev/ttyS7 (n/a)
[INFO] [1774740927.760326062] [serial_manager]: Could not identify device at port /dev/ttyS7 (VID: None, PID: None, Manufacturer: None, Product: None)
[INFO] [1774740927.761021842] [serial_manager]: Identified device sensor board at port /dev/ttyS7
[INFO] [1774740927.762334892] [serial_manager]: New device detected: /dev/ttyS6 (n/a)
[INFO] [1774740927.763125777] [serial_manager]: Could not identify device at port /dev/ttyS6 (VID: None, PID: None, Manufacturer: None, Product: None)
[INFO] [1774740927.763929408] [serial_manager]: Identified device sensor board at port /dev/ttyS6
[INFO] [1774740927.764765313] [serial_manager]: New device detected: /dev/ttyS5 (n/a)
[INFO] [1774740927.765488161] [serial_manager]: Could not identify device at port /dev/ttyS5 (VID: None, PID: None, Manufacturer: None, Product: None)
[INFO] [1774740927.766219320] [serial_manager]: Identified device sensor board at port /dev/ttyS5
[INFO] [1774740927.766916980] [serial_manager]: New device detected: /dev/ttyS4 (n/a)
[INFO] [1774740927.767576795] [serial_manager]: Could not identify device at port /dev/ttyS4 (VID: None, PID: None, Manufacturer: None, Product: None)
[INFO] [1774740927.768358384] [serial_manager]: Identified device sensor board at port /dev/ttyS4
[INFO] [1774740927.769142063] [serial_manager]: New device detected: /dev/ttyS31 (n/a)
[INFO] [1774740927.769892844] [serial_manager]: Could not identify device at port /dev/ttyS31 (VID: None, PID: None, Manufacturer: None, Product: None)
[INFO] [1774740927.770631801] [serial_manager]: Identified device sensor board at port /dev/ttyS31
[INFO] [1774740927.771371639] [serial_manager]: New device detected: /dev/ttyS30 (n/a)
[INFO] [1774740927.772087477] [serial_manager]: Could not identify device at port /dev/ttyS30 (VID: None, PID: None, Manufacturer: None, Product: None)
[INFO] [1774740927.772946505] [serial_manager]: Identified device sensor board at port /dev/ttyS30
[INFO] [1774740927.773710146] [serial_manager]: New device detected: /dev/ttyS3 (n/a)
[INFO] [1774740927.774422311] [serial_manager]: Could not identify device at port /dev/ttyS3 (VID: None, PID: None, Manufacturer: None, Product: None)
[INFO] [1774740927.775354839] [serial_manager]: Identified device sensor board at port /dev/ttyS3
[INFO] [1774740927.776138885] [serial_manager]: New device detected: /dev/ttyS29 (n/a)
[INFO] [1774740927.777278919] [serial_manager]: Could not identify device at port /dev/ttyS29 (VID: None, PID: None, Manufacturer: None, Product: None)
[INFO] [1774740927.777894513] [serial_manager]: Identified device sensor board at port /dev/ttyS29
[INFO] [1774740927.778475258] [serial_manager]: New device detected: /dev/ttyS28 (n/a)
[INFO] [1774740927.779058443] [serial_manager]: Could not identify device at port /dev/ttyS28 (VID: None, PID: None, Manufacturer: None, Product: None)
[INFO] [1774740927.779731592] [serial_manager]: Identified device sensor board at port /dev/ttyS28
[INFO] [1774740927.780438560] [serial_manager]: New device detected: /dev/ttyS27 (n/a)
[INFO] [1774740927.781128828] [serial_manager]: Could not identify device at port /dev/ttyS27 (VID: None, PID: None, Manufacturer: None, Product: None)
[INFO] [1774740927.781816304] [serial_manager]: Identified device sensor board at port /dev/ttyS27
[INFO] [1774740927.782547739] [serial_manager]: New device detected: /dev/ttyS26 (n/a)
[INFO] [1774740927.783227195] [serial_manager]: Could not identify device at port /dev/ttyS26 (VID: None, PID: None, Manufacturer: None, Product: None)
[INFO] [1774740927.784166320] [serial_manager]: Identified device sensor board at port /dev/ttyS26
[INFO] [1774740927.784814151] [serial_manager]: New device detected: /dev/ttyS25 (n/a)
[INFO] [1774740927.785342544] [serial_manager]: Could not identify device at port /dev/ttyS25 (VID: None, PID: None, Manufacturer: None, Product: None)
[INFO] [1774740927.786006032] [serial_manager]: Identified device sensor board at port /dev/ttyS25
[INFO] [1774740927.786760049] [serial_manager]: New device detected: /dev/ttyS24 (n/a)
[INFO] [1774740927.787484039] [serial_manager]: Could not identify device at port /dev/ttyS24 (VID: None, PID: None, Manufacturer: None, Product: None)
[INFO] [1774740927.788266560] [serial_manager]: Identified device sensor board at port /dev/ttyS24
[INFO] [1774740927.789071587] [serial_manager]: New device detected: /dev/ttyS23 (n/a)
[INFO] [1774740927.789873164] [serial_manager]: Could not identify device at port /dev/ttyS23 (VID: None, PID: None, Manufacturer: None, Product: None)
[INFO] [1774740927.791021004] [serial_manager]: Identified device sensor board at port /dev/ttyS23
[INFO] [1774740927.791872368] [serial_manager]: New device detected: /dev/ttyS22 (n/a)
[INFO] [1774740927.792634293] [serial_manager]: Could not identify device at port /dev/ttyS22 (VID: None, PID: None, Manufacturer: None, Product: None)
[INFO] [1774740927.793374649] [serial_manager]: Identified device sensor board at port /dev/ttyS22
[INFO] [1774740927.794172157] [serial_manager]: New device detected: /dev/ttyS21 (n/a)
[INFO] [1774740927.794999610] [serial_manager]: Could not identify device at port /dev/ttyS21 (VID: None, PID: None, Manufacturer: None, Product: None)
[INFO] [1774740927.795742611] [serial_manager]: Identified device sensor board at port /dev/ttyS21
[INFO] [1774740927.796453243] [serial_manager]: New device detected: /dev/ttyS20 (n/a)
[INFO] [1774740927.797211954] [serial_manager]: Could not identify device at port /dev/ttyS20 (VID: None, PID: None, Manufacturer: None, Product: None)
[INFO] [1774740927.797923668] [serial_manager]: Identified device sensor board at port /dev/ttyS20
[INFO] [1774740927.798638575] [serial_manager]: New device detected: /dev/ttyS2 (n/a)
[INFO] [1774740927.799438549] [serial_manager]: Could not identify device at port /dev/ttyS2 (VID: None, PID: None, Manufacturer: None, Product: None)
[INFO] [1774740927.800258556] [serial_manager]: Identified device sensor board at port /dev/ttyS2
[INFO] [1774740927.801007374] [serial_manager]: New device detected: /dev/ttyS19 (n/a)
[INFO] [1774740927.801732098] [serial_manager]: Could not identify device at port /dev/ttyS19 (VID: None, PID: None, Manufacturer: None, Product: None)
[INFO] [1774740927.802448707] [serial_manager]: Identified device sensor board at port /dev/ttyS19
[INFO] [1774740927.803193758] [serial_manager]: New device detected: /dev/ttyS18 (n/a)
[INFO] [1774740927.805078808] [serial_manager]: Could not identify device at port /dev/ttyS18 (VID: None, PID: None, Manufacturer: None, Product: None)
[INFO] [1774740927.806091985] [serial_manager]: Identified device sensor board at port /dev/ttyS18
[INFO] [1774740927.807093567] [serial_manager]: New device detected: /dev/ttyS17 (n/a)
[INFO] [1774740927.808029781] [serial_manager]: Could not identify device at port /dev/ttyS17 (VID: None, PID: None, Manufacturer: None, Product: None)
[INFO] [1774740927.809069863] [serial_manager]: Identified device sensor board at port /dev/ttyS17
[INFO] [1774740927.810254083] [serial_manager]: New device detected: /dev/ttyS16 (n/a)
[INFO] [1774740927.811301113] [serial_manager]: Could not identify device at port /dev/ttyS16 (VID: None, PID: None, Manufacturer: None, Product: None)
[INFO] [1774740927.812394166] [serial_manager]: Identified device sensor board at port /dev/ttyS16
[INFO] [1774740927.813552678] [serial_manager]: New device detected: /dev/ttyS15 (n/a)
[INFO] [1774740927.814804096] [serial_manager]: Could not identify device at port /dev/ttyS15 (VID: None, PID: None, Manufacturer: None, Product: None)
[INFO] [1774740927.815536405] [serial_manager]: Identified device sensor board at port /dev/ttyS15
[INFO] [1774740927.816242995] [serial_manager]: New device detected: /dev/ttyS14 (n/a)
[INFO] [1774740927.816915316] [serial_manager]: Could not identify device at port /dev/ttyS14 (VID: None, PID: None, Manufacturer: None, Product: None)
[INFO] [1774740927.817842489] [serial_manager]: Identified device sensor board at port /dev/ttyS14
[INFO] [1774740927.818524879] [serial_manager]: New device detected: /dev/ttyS13 (n/a)
[INFO] [1774740927.819215694] [serial_manager]: Could not identify device at port /dev/ttyS13 (VID: None, PID: None, Manufacturer: None, Product: None)
[INFO] [1774740927.819974645] [serial_manager]: Identified device sensor board at port /dev/ttyS13
[INFO] [1774740927.820687323] [serial_manager]: New device detected: /dev/ttyS12 (n/a)
[INFO] [1774740927.821371330] [serial_manager]: Could not identify device at port /dev/ttyS12 (VID: None, PID: None, Manufacturer: None, Product: None)
[INFO] [1774740927.822056058] [serial_manager]: Identified device sensor board at port /dev/ttyS12
[INFO] [1774740927.822736142] [serial_manager]: New device detected: /dev/ttyS11 (n/a)
[INFO] [1774740927.823393726] [serial_manager]: Could not identify device at port /dev/ttyS11 (VID: None, PID: None, Manufacturer: None, Product: None)
[INFO] [1774740927.824062387] [serial_manager]: Identified device sensor board at port /dev/ttyS11
[INFO] [1774740927.824735769] [serial_manager]: New device detected: /dev/ttyS10 (n/a)
[INFO] [1774740927.825393718] [serial_manager]: Could not identify device at port /dev/ttyS10 (VID: None, PID: None, Manufacturer: None, Product: None)
[INFO] [1774740927.826078284] [serial_manager]: Identified device sensor board at port /dev/ttyS10
[INFO] [1774740927.827573135] [serial_manager]: New device detected: /dev/ttyS1 (n/a)
[INFO] [1774740927.828312842] [serial_manager]: Could not identify device at port /dev/ttyS1 (VID: None, PID: None, Manufacturer: None, Product: None)
[INFO] [1774740927.829223714] [serial_manager]: Identified device sensor board at port /dev/ttyS1
[INFO] [1774740927.829961932] [serial_manager]: New device detected: /dev/ttyS0 (n/a)
[INFO] [1774740927.830713638] [serial_manager]: Could not identify device at port /dev/ttyS0 (VID: None, PID: None, Manufacturer: None, Product: None)
[INFO] [1774740927.831458966] [serial_manager]: Identified device sensor board at port /dev/ttyS0
[INFO] [1774740932.748219903] [serial_manager]: New device detected: /dev/ttyS9 (n/a)
[INFO] [1774740932.748793795] [serial_manager]: Could not identify device at port /dev/ttyS9 (VID: None, PID: None, Manufacturer: None, Product: None)
[INFO] [1774740932.749279662] [serial_manager]: Identified device sensor board at port /dev/ttyS9
[INFO] [1774740932.749806785] [serial_manager]: New device detected: /dev/ttyS8 (n/a)
[INFO] [1774740932.750290072] [serial_manager]: Could not identify device at port /dev/ttyS8 (VID: None, PID: None, Manufacturer: None, Product: None)
[INFO] [1774740932.750759852] [serial_manager]: Identified device sensor board at port /dev/ttyS8
[INFO] [1774740932.751251840] [serial_manager]: New device detected: /dev/ttyS7 (n/a)
[INFO] [1774740932.751743088] [serial_manager]: Could not identify device at port /dev/ttyS7 (VID: None, PID: None, Manufacturer: None, Product: None)
[INFO] [1774740932.752222841] [serial_manager]: Identified device sensor board at port /dev/ttyS7
[INFO] [1774740932.752707938] [serial_manager]: New device detected: /dev/ttyS6 (n/a)
[INFO] [1774740932.753160994] [serial_manager]: Could not identify device at port /dev/ttyS6 (VID: None, PID: None, Manufacturer: None, Product: None)
[INFO] [1774740932.753625818] [serial_manager]: Identified device sensor board at port /dev/ttyS6
[INFO] [1774740932.754125739] [serial_manager]: New device detected: /dev/ttyS5 (n/a)
[INFO] [1774740932.754909812] [serial_manager]: Could not identify device at port /dev/ttyS5 (VID: None, PID: None, Manufacturer: None, Product: None)
[INFO] [1774740932.755700451] [serial_manager]: Identified device sensor board at port /dev/ttyS5
[INFO] [1774740932.756265263] [serial_manager]: New device detected: /dev/ttyS4 (n/a)
[INFO] [1774740932.756747239] [serial_manager]: Could not identify device at port /dev/ttyS4 (VID: None, PID: None, Manufacturer: None, Product: None)
[INFO] [1774740932.757190617] [serial_manager]: Identified device sensor board at port /dev/ttyS4
[INFO] [1774740932.757628593] [serial_manager]: New device detected: /dev/ttyS31 (n/a)
[INFO] [1774740932.758184680] [serial_manager]: Could not identify device at port /dev/ttyS31 (VID: None, PID: None, Manufacturer: None, Product: None)
[INFO] [1774740932.758898416] [serial_manager]: Identified device sensor board at port /dev/ttyS31
[INFO] [1774740932.759629881] [serial_manager]: New device detected: /dev/ttyS30 (n/a)
[INFO] [1774740932.760200910] [serial_manager]: Could not identify device at port /dev/ttyS30 (VID: None, PID: None, Manufacturer: None, Product: None)
[INFO] [1774740932.760985410] [serial_manager]: Identified device sensor board at port /dev/ttyS30
[INFO] [1774740932.761775003] [serial_manager]: New device detected: /dev/ttyS3 (n/a)
[INFO] [1774740932.762564662] [serial_manager]: Could not identify device at port /dev/ttyS3 (VID: None, PID: None, Manufacturer: None, Product: None)
[INFO] [1774740932.763319097] [serial_manager]: Identified device sensor board at port /dev/ttyS3
[INFO] [1774740932.764070475] [serial_manager]: New device detected: /dev/ttyS29 (n/a)
[INFO] [1774740932.764721089] [serial_manager]: Could not identify device at port /dev/ttyS29 (VID: None, PID: None, Manufacturer: None, Product: None)
[INFO] [1774740932.765343439] [serial_manager]: Identified device sensor board at port /dev/ttyS29
[INFO] [1774740932.766049596] [serial_manager]: New device detected: /dev/ttyS28 (n/a)
[INFO] [1774740932.766723444] [serial_manager]: Could not identify device at port /dev/ttyS28 (VID: None, PID: None, Manufacturer: None, Product: None)
[INFO] [1774740932.767468698] [serial_manager]: Identified device sensor board at port /dev/ttyS28
[INFO] [1774740932.768205005] [serial_manager]: New device detected: /dev/ttyS27 (n/a)
[INFO] [1774740932.768928778] [serial_manager]: Could not identify device at port /dev/ttyS27 (VID: None, PID: None, Manufacturer: None, Product: None)
[INFO] [1774740932.769695316] [serial_manager]: Identified device sensor board at port /dev/ttyS27
[INFO] [1774740932.770441274] [serial_manager]: New device detected: /dev/ttyS26 (n/a)
[INFO] [1774740932.771136866] [serial_manager]: Could not identify device at port /dev/ttyS26 (VID: None, PID: None, Manufacturer: None, Product: None)
[INFO] [1774740932.771846181] [serial_manager]: Identified device sensor board at port /dev/ttyS26
[INFO] [1774740932.772617399] [serial_manager]: New device detected: /dev/ttyS25 (n/a)
[INFO] [1774740932.773364326] [serial_manager]: Could not identify device at port /dev/ttyS25 (VID: None, PID: None, Manufacturer: None, Product: None)
[INFO] [1774740932.774106050] [serial_manager]: Identified device sensor board at port /dev/ttyS25
[INFO] [1774740932.774779466] [serial_manager]: New device detected: /dev/ttyS24 (n/a)
[INFO] [1774740932.775528293] [serial_manager]: Could not identify device at port /dev/ttyS24 (VID: None, PID: None, Manufacturer: None, Product: None)
[INFO] [1774740932.776288647] [serial_manager]: Identified device sensor board at port /dev/ttyS24
[INFO] [1774740932.776993959] [serial_manager]: New device detected: /dev/ttyS23 (n/a)
[INFO] [1774740932.777755253] [serial_manager]: Could not identify device at port /dev/ttyS23 (VID: None, PID: None, Manufacturer: None, Product: None)
[INFO] [1774740932.778503192] [serial_manager]: Identified device sensor board at port /dev/ttyS23
[INFO] [1774740932.779238208] [serial_manager]: New device detected: /dev/ttyS22 (n/a)
[INFO] [1774740932.779983743] [serial_manager]: Could not identify device at port /dev/ttyS22 (VID: None, PID: None, Manufacturer: None, Product: None)
[INFO] [1774740932.780680623] [serial_manager]: Identified device sensor board at port /dev/ttyS22
[INFO] [1774740932.781408239] [serial_manager]: New device detected: /dev/ttyS21 (n/a)
[INFO] [1774740932.782086582] [serial_manager]: Could not identify device at port /dev/ttyS21 (VID: None, PID: None, Manufacturer: None, Product: None)
[INFO] [1774740932.782817841] [serial_manager]: Identified device sensor board at port /dev/ttyS21
[INFO] [1774740932.783448041] [serial_manager]: New device detected: /dev/ttyS20 (n/a)
[INFO] [1774740932.784220882] [serial_manager]: Could not identify device at port /dev/ttyS20 (VID: None, PID: None, Manufacturer: None, Product: None)
[INFO] [1774740932.784936582] [serial_manager]: Identified device sensor board at port /dev/ttyS20
[INFO] [1774740932.785669851] [serial_manager]: New device detected: /dev/ttyS2 (n/a)
[INFO] [1774740932.786435063] [serial_manager]: Could not identify device at port /dev/ttyS2 (VID: None, PID: None, Manufacturer: None, Product: None)
[INFO] [1774740932.787053206] [serial_manager]: Identified device sensor board at port /dev/ttyS2
[INFO] [1774740932.787851160] [serial_manager]: New device detected: /dev/ttyS19 (n/a)
[INFO] [1774740932.788651975] [serial_manager]: Could not identify device at port /dev/ttyS19 (VID: None, PID: None, Manufacturer: None, Product: None)
[INFO] [1774740932.789393885] [serial_manager]: Identified device sensor board at port /dev/ttyS19
[INFO] [1774740932.790204197] [serial_manager]: New device detected: /dev/ttyS18 (n/a)
[INFO] [1774740932.790876875] [serial_manager]: Could not identify device at port /dev/ttyS18 (VID: None, PID: None, Manufacturer: None, Product: None)
[INFO] [1774740932.791587217] [serial_manager]: Identified device sensor board at port /dev/ttyS18
[INFO] [1774740932.792323259] [serial_manager]: New device detected: /dev/ttyS17 (n/a)
[INFO] [1774740932.793011871] [serial_manager]: Could not identify device at port /dev/ttyS17 (VID: None, PID: None, Manufacturer: None, Product: None)
[INFO] [1774740932.793764161] [serial_manager]: Identified device sensor board at port /dev/ttyS17
[INFO] [1774740932.794580744] [serial_manager]: New device detected: /dev/ttyS16 (n/a)
[INFO] [1774740932.795417498] [serial_manager]: Could not identify device at port /dev/ttyS16 (VID: None, PID: None, Manufacturer: None, Product: None)
[INFO] [1774740932.796185272] [serial_manager]: Identified device sensor board at port /dev/ttyS16
[INFO] [1774740932.796963741] [serial_manager]: New device detected: /dev/ttyS15 (n/a)
[INFO] [1774740932.797621240] [serial_manager]: Could not identify device at port /dev/ttyS15 (VID: None, PID: None, Manufacturer: None, Product: None)
[INFO] [1774740932.798289727] [serial_manager]: Identified device sensor board at port /dev/ttyS15
[INFO] [1774740932.798975506] [serial_manager]: New device detected: /dev/ttyS14 (n/a)
[INFO] [1774740932.799607909] [serial_manager]: Could not identify device at port /dev/ttyS14 (VID: None, PID: None, Manufacturer: None, Product: None)
[INFO] [1774740932.800226708] [serial_manager]: Identified device sensor board at port /dev/ttyS14
[INFO] [1774740932.800951733] [serial_manager]: New device detected: /dev/ttyS13 (n/a)
[INFO] [1774740932.801809295] [serial_manager]: Could not identify device at port /dev/ttyS13 (VID: None, PID: None, Manufacturer: None, Product: None)
[INFO] [1774740932.802516406] [serial_manager]: Identified device sensor board at port /dev/ttyS13
[INFO] [1774740932.803159952] [serial_manager]: New device detected: /dev/ttyS12 (n/a)
[INFO] [1774740932.803647538] [serial_manager]: Could not identify device at port /dev/ttyS12 (VID: None, PID: None, Manufacturer: None, Product: None)
[INFO] [1774740932.804158517] [serial_manager]: Identified device sensor board at port /dev/ttyS12
[INFO] [1774740932.804671900] [serial_manager]: New device detected: /dev/ttyS11 (n/a)
[INFO] [1774740932.805258983] [serial_manager]: Could not identify device at port /dev/ttyS11 (VID: None, PID: None, Manufacturer: None, Product: None)
[INFO] [1774740932.805984074] [serial_manager]: Identified device sensor board at port /dev/ttyS11
[INFO] [1774740932.806616974] [serial_manager]: New device detected: /dev/ttyS10 (n/a)
[INFO] [1774740932.807234143] [serial_manager]: Could not identify device at port /dev/ttyS10 (VID: None, PID: None, Manufacturer: None, Product: None)
[INFO] [1774740932.807919159] [serial_manager]: Identified device sensor board at port /dev/ttyS10
[INFO] [1774740932.808697488] [serial_manager]: New device detected: /dev/ttyS1 (n/a)
[INFO] [1774740932.809435855] [serial_manager]: Could not identify device at port /dev/ttyS1 (VID: None, PID: None, Manufacturer: None, Product: None)
[INFO] [1774740932.810271849] [serial_manager]: Identified device sensor board at port /dev/ttyS1
[INFO] [1774740932.810989461] [serial_manager]: New device detected: /dev/ttyS0 (n/a)
[INFO] [1774740932.811714696] [serial_manager]: Could not identify device at port /dev/ttyS0 (VID: None, PID: None, Manufacturer: None, Product: None)
[INFO] [1774740932.812415900] [serial_manager]: Identified device sensor board at port /dev/ttyS0
[INFO] [1774740937.748244983] [serial_manager]: New device detected: /dev/ttyS9 (n/a)
[INFO] [1774740937.748877831] [serial_manager]: Could not identify device at port /dev/ttyS9 (VID: None, PID: None, Manufacturer: None, Product: None)
[INFO] [1774740937.749416996] [serial_manager]: Identified device sensor board at port /dev/ttyS9
[INFO] [1774740937.749928152] [serial_manager]: New device detected: /dev/ttyS8 (n/a)
[INFO] [1774740937.750564136] [serial_manager]: Could not identify device at port /dev/ttyS8 (VID: None, PID: None, Manufacturer: None, Product: None)
[INFO] [1774740937.751077284] [serial_manager]: Identified device sensor board at port /dev/ttyS8
[INFO] [1774740937.751558379] [serial_manager]: New device detected: /dev/ttyS7 (n/a)
[INFO] [1774740937.752036254] [serial_manager]: Could not identify device at port /dev/ttyS7 (VID: None, PID: None, Manufacturer: None, Product: None)
[INFO] [1774740937.752497270] [serial_manager]: Identified device sensor board at port /dev/ttyS7
[INFO] [1774740937.752992259] [serial_manager]: New device detected: /dev/ttyS6 (n/a)
[INFO] [1774740937.753446115] [serial_manager]: Could not identify device at port /dev/ttyS6 (VID: None, PID: None, Manufacturer: None, Product: None)
[INFO] [1774740937.754002416] [serial_manager]: Identified device sensor board at port /dev/ttyS6
[INFO] [1774740937.754749522] [serial_manager]: New device detected: /dev/ttyS5 (n/a)
[INFO] [1774740937.755312542] [serial_manager]: Could not identify device at port /dev/ttyS5 (VID: None, PID: None, Manufacturer: None, Product: None)
[INFO] [1774740937.755838069] [serial_manager]: Identified device sensor board at port /dev/ttyS5
[INFO] [1774740937.756324068] [serial_manager]: New device detected: /dev/ttyS4 (n/a)
[INFO] [1774740937.756842080] [serial_manager]: Could not identify device at port /dev/ttyS4 (VID: None, PID: None, Manufacturer: None, Product: None)
[INFO] [1774740937.757350352] [serial_manager]: Identified device sensor board at port /dev/ttyS4
[INFO] [1774740937.757878268] [serial_manager]: New device detected: /dev/ttyS31 (n/a)
[INFO] [1774740937.758475830] [serial_manager]: Could not identify device at port /dev/ttyS31 (VID: None, PID: None, Manufacturer: None, Product: None)
[INFO] [1774740937.759123991] [serial_manager]: Identified device sensor board at port /dev/ttyS31
[INFO] [1774740937.759821119] [serial_manager]: New device detected: /dev/ttyS30 (n/a)
[INFO] [1774740937.761309367] [serial_manager]: Could not identify device at port /dev/ttyS30 (VID: None, PID: None, Manufacturer: None, Product: None)
[INFO] [1774740937.761945552] [serial_manager]: Identified device sensor board at port /dev/ttyS30
[INFO] [1774740937.762618796] [serial_manager]: New device detected: /dev/ttyS3 (n/a)
[INFO] [1774740937.763292322] [serial_manager]: Could not identify device at port /dev/ttyS3 (VID: None, PID: None, Manufacturer: None, Product: None)
[INFO] [1774740937.764006785] [serial_manager]: Identified device sensor board at port /dev/ttyS3
[INFO] [1774740937.764780536] [serial_manager]: New device detected: /dev/ttyS29 (n/a)
[INFO] [1774740937.765514608] [serial_manager]: Could not identify device at port /dev/ttyS29 (VID: None, PID: None, Manufacturer: None, Product: None)
[INFO] [1774740937.766242123] [serial_manager]: Identified device sensor board at port /dev/ttyS29
[INFO] [1774740937.767033096] [serial_manager]: New device detected: /dev/ttyS28 (n/a)
[INFO] [1774740937.767808979] [serial_manager]: Could not identify device at port /dev/ttyS28 (VID: None, PID: None, Manufacturer: None, Product: None)
[INFO] [1774740937.768504546] [serial_manager]: Identified device sensor board at port /dev/ttyS28
[INFO] [1774740937.769214773] [serial_manager]: New device detected: /dev/ttyS27 (n/a)
[INFO] [1774740937.769988170] [serial_manager]: Could not identify device at port /dev/ttyS27 (VID: None, PID: None, Manufacturer: None, Product: None)
[INFO] [1774740937.770824001] [serial_manager]: Identified device sensor board at port /dev/ttyS27
[INFO] [1774740937.771691390] [serial_manager]: New device detected: /dev/ttyS26 (n/a)
[INFO] [1774740937.772415838] [serial_manager]: Could not identify device at port /dev/ttyS26 (VID: None, PID: None, Manufacturer: None, Product: None)
[INFO] [1774740937.773263019] [serial_manager]: Identified device sensor board at port /dev/ttyS26
[INFO] [1774740937.774411350] [serial_manager]: New device detected: /dev/ttyS25 (n/a)
[INFO] [1774740937.775454919] [serial_manager]: Could not identify device at port /dev/ttyS25 (VID: None, PID: None, Manufacturer: None, Product: None)
[INFO] [1774740937.776541108] [serial_manager]: Identified device sensor board at port /dev/ttyS25
[INFO] [1774740937.777388943] [serial_manager]: New device detected: /dev/ttyS24 (n/a)
[INFO] [1774740937.778686778] [serial_manager]: Could not identify device at port /dev/ttyS24 (VID: None, PID: None, Manufacturer: None, Product: None)
[INFO] [1774740937.779961669] [serial_manager]: Identified device sensor board at port /dev/ttyS24
[INFO] [1774740937.781080412] [serial_manager]: New device detected: /dev/ttyS23 (n/a)
[INFO] [1774740937.782149816] [serial_manager]: Could not identify device at port /dev/ttyS23 (VID: None, PID: None, Manufacturer: None, Product: None)
[INFO] [1774740937.783199962] [serial_manager]: Identified device sensor board at port /dev/ttyS23
[INFO] [1774740937.784270843] [serial_manager]: New device detected: /dev/ttyS22 (n/a)
[INFO] [1774740937.785096917] [serial_manager]: Could not identify device at port /dev/ttyS22 (VID: None, PID: None, Manufacturer: None, Product: None)
[INFO] [1774740937.785867275] [serial_manager]: Identified device sensor board at port /dev/ttyS22
[INFO] [1774740937.786735000] [serial_manager]: New device detected: /dev/ttyS21 (n/a)
[INFO] [1774740937.787608394] [serial_manager]: Could not identify device at port /dev/ttyS21 (VID: None, PID: None, Manufacturer: None, Product: None)
[INFO] [1774740937.788443705] [serial_manager]: Identified device sensor board at port /dev/ttyS21
[INFO] [1774740937.789241663] [serial_manager]: New device detected: /dev/ttyS20 (n/a)
[INFO] [1774740937.790041805] [serial_manager]: Could not identify device at port /dev/ttyS20 (VID: None, PID: None, Manufacturer: None, Product: None)
[INFO] [1774740937.790855753] [serial_manager]: Identified device sensor board at port /dev/ttyS20
[INFO] [1774740937.791721738] [serial_manager]: New device detected: /dev/ttyS2 (n/a)
[INFO] [1774740937.792540501] [serial_manager]: Could not identify device at port /dev/ttyS2 (VID: None, PID: None, Manufacturer: None, Product: None)
[INFO] [1774740937.793255786] [serial_manager]: Identified device sensor board at port /dev/ttyS2
[INFO] [1774740937.793833093] [serial_manager]: New device detected: /dev/ttyS19 (n/a)
[INFO] [1774740937.794534568] [serial_manager]: Could not identify device at port /dev/ttyS19 (VID: None, PID: None, Manufacturer: None, Product: None)
[INFO] [1774740937.795196316] [serial_manager]: Identified device sensor board at port /dev/ttyS19
[INFO] [1774740937.795994295] [serial_manager]: New device detected: /dev/ttyS18 (n/a)
[INFO] [1774740937.796858393] [serial_manager]: Could not identify device at port /dev/ttyS18 (VID: None, PID: None, Manufacturer: None, Product: None)
[INFO] [1774740937.797725123] [serial_manager]: Identified device sensor board at port /dev/ttyS18
[INFO] [1774740937.798422231] [serial_manager]: New device detected: /dev/ttyS17 (n/a)
[INFO] [1774740937.799044961] [serial_manager]: Could not identify device at port /dev/ttyS17 (VID: None, PID: None, Manufacturer: None, Product: None)
[INFO] [1774740937.799641178] [serial_manager]: Identified device sensor board at port /dev/ttyS17
[INFO] [1774740937.800351856] [serial_manager]: New device detected: /dev/ttyS16 (n/a)
[INFO] [1774740937.801108918] [serial_manager]: Could not identify device at port /dev/ttyS16 (VID: None, PID: None, Manufacturer: None, Product: None)
[INFO] [1774740937.801865875] [serial_manager]: Identified device sensor board at port /dev/ttyS16
[INFO] [1774740937.802606589] [serial_manager]: New device detected: /dev/ttyS15 (n/a)
[INFO] [1774740937.803339040] [serial_manager]: Could not identify device at port /dev/ttyS15 (VID: None, PID: None, Manufacturer: None, Product: None)
[INFO] [1774740937.804078187] [serial_manager]: Identified device sensor board at port /dev/ttyS15
[INFO] [1774740937.804852289] [serial_manager]: New device detected: /dev/ttyS14 (n/a)
[INFO] [1774740937.805630413] [serial_manager]: Could not identify device at port /dev/ttyS14 (VID: None, PID: None, Manufacturer: None, Product: None)
[INFO] [1774740937.806361213] [serial_manager]: Identified device sensor board at port /dev/ttyS14
[INFO] [1774740937.807092343] [serial_manager]: New device detected: /dev/ttyS13 (n/a)
[INFO] [1774740937.807820218] [serial_manager]: Could not identify device at port /dev/ttyS13 (VID: None, PID: None, Manufacturer: None, Product: None)
[INFO] [1774740937.808564933] [serial_manager]: Identified device sensor board at port /dev/ttyS13
[INFO] [1774740937.809181108] [serial_manager]: New device detected: /dev/ttyS12 (n/a)
[INFO] [1774740937.809864591] [serial_manager]: Could not identify device at port /dev/ttyS12 (VID: None, PID: None, Manufacturer: None, Product: None)
[INFO] [1774740937.810508926] [serial_manager]: Identified device sensor board at port /dev/ttyS12
[INFO] [1774740937.811188333] [serial_manager]: New device detected: /dev/ttyS11 (n/a)
[INFO] [1774740937.811914180] [serial_manager]: Could not identify device at port /dev/ttyS11 (VID: None, PID: None, Manufacturer: None, Product: None)
[INFO] [1774740937.812556490] [serial_manager]: Identified device sensor board at port /dev/ttyS11
[INFO] [1774740937.813175631] [serial_manager]: New device detected: /dev/ttyS10 (n/a)
[INFO] [1774740937.813899450] [serial_manager]: Could not identify device at port /dev/ttyS10 (VID: None, PID: None, Manufacturer: None, Product: None)
[INFO] [1774740937.814558460] [serial_manager]: Identified device sensor board at port /dev/ttyS10
[INFO] [1774740937.815549928] [serial_manager]: New device detected: /dev/ttyS1 (n/a)
[INFO] [1774740937.816726596] [serial_manager]: Could not identify device at port /dev/ttyS1 (VID: None, PID: None, Manufacturer: None, Product: None)
[INFO] [1774740937.817801113] [serial_manager]: Identified device sensor board at port /dev/ttyS1
[INFO] [1774740937.818863368] [serial_manager]: New device detected: /dev/ttyS0 (n/a)
[INFO] [1774740937.819784469] [serial_manager]: Could not identify device at port /dev/ttyS0 (VID: None, PID: None, Manufacturer: None, Product: None)
[INFO] [1774740937.820524118] [serial_manager]: Identified device sensor board at port /dev/ttyS0
[INFO] [1774740942.748352412] [serial_manager]: New device detected: /dev/ttyS9 (n/a)
[INFO] [1774740942.749026484] [serial_manager]: Could not identify device at port /dev/ttyS9 (VID: None, PID: None, Manufacturer: None, Product: None)
[INFO] [1774740942.749610615] [serial_manager]: Identified device sensor board at port /dev/ttyS9
[INFO] [1774740942.751970896] [serial_manager]: New device detected: /dev/ttyS8 (n/a)
[INFO] [1774740942.752666820] [serial_manager]: Could not identify device at port /dev/ttyS8 (VID: None, PID: None, Manufacturer: None, Product: None)
[INFO] [1774740942.753160347] [serial_manager]: Identified device sensor board at port /dev/ttyS8
[INFO] [1774740942.753619538] [serial_manager]: New device detected: /dev/ttyS7 (n/a)
[INFO] [1774740942.754157784] [serial_manager]: Could not identify device at port /dev/ttyS7 (VID: None, PID: None, Manufacturer: None, Product: None)
[INFO] [1774740942.754785262] [serial_manager]: Identified device sensor board at port /dev/ttyS7
[INFO] [1774740942.755490396] [serial_manager]: New device detected: /dev/ttyS6 (n/a)
[INFO] [1774740942.756291064] [serial_manager]: Could not identify device at port /dev/ttyS6 (VID: None, PID: None, Manufacturer: None, Product: None)
[INFO] [1774740942.757016107] [serial_manager]: Identified device sensor board at port /dev/ttyS6
[INFO] [1774740942.757640486] [serial_manager]: New device detected: /dev/ttyS5 (n/a)
[INFO] [1774740942.758207586] [serial_manager]: Could not identify device at port /dev/ttyS5 (VID: None, PID: None, Manufacturer: None, Product: None)
[INFO] [1774740942.760680883] [serial_manager]: Identified device sensor board at port /dev/ttyS5
[INFO] [1774740942.761290424] [serial_manager]: New device detected: /dev/ttyS4 (n/a)
[INFO] [1774740942.761935180] [serial_manager]: Could not identify device at port /dev/ttyS4 (VID: None, PID: None, Manufacturer: None, Product: None)
[INFO] [1774740942.765218150] [serial_manager]: Identified device sensor board at port /dev/ttyS4
[INFO] [1774740942.765999720] [serial_manager]: New device detected: /dev/ttyS31 (n/a)
[INFO] [1774740942.768167267] [serial_manager]: Could not identify device at port /dev/ttyS31 (VID: None, PID: None, Manufacturer: None, Product: None)
[INFO] [1774740942.769035932] [serial_manager]: Identified device sensor board at port /dev/ttyS31
[INFO] [1774740942.769812908] [serial_manager]: New device detected: /dev/ttyS30 (n/a)
[INFO] [1774740942.770524901] [serial_manager]: Could not identify device at port /dev/ttyS30 (VID: None, PID: None, Manufacturer: None, Product: None)
[INFO] [1774740942.771248546] [serial_manager]: Identified device sensor board at port /dev/ttyS30
[INFO] [1774740942.771881660] [serial_manager]: New device detected: /dev/ttyS3 (n/a)
[INFO] [1774740942.772506810] [serial_manager]: Could not identify device at port /dev/ttyS3 (VID: None, PID: None, Manufacturer: None, Product: None)
[INFO] [1774740942.773189564] [serial_manager]: Identified device sensor board at port /dev/ttyS3
[INFO] [1774740942.773815926] [serial_manager]: New device detected: /dev/ttyS29 (n/a)
[INFO] [1774740942.774490925] [serial_manager]: Could not identify device at port /dev/ttyS29 (VID: None, PID: None, Manufacturer: None, Product: None)
[INFO] [1774740942.775220164] [serial_manager]: Identified device sensor board at port /dev/ttyS29
[INFO] [1774740942.775913789] [serial_manager]: New device detected: /dev/ttyS28 (n/a)
[INFO] [1774740942.776663266] [serial_manager]: Could not identify device at port /dev/ttyS28 (VID: None, PID: None, Manufacturer: None, Product: None)
[INFO] [1774740942.777432114] [serial_manager]: Identified device sensor board at port /dev/ttyS28
[INFO] [1774740942.778190080] [serial_manager]: New device detected: /dev/ttyS27 (n/a)
[INFO] [1774740942.778946611] [serial_manager]: Could not identify device at port /dev/ttyS27 (VID: None, PID: None, Manufacturer: None, Product: None)
[INFO] [1774740942.779699647] [serial_manager]: Identified device sensor board at port /dev/ttyS27
[INFO] [1774740942.780450318] [serial_manager]: New device detected: /dev/ttyS26 (n/a)
[INFO] [1774740942.781201781] [serial_manager]: Could not identify device at port /dev/ttyS26 (VID: None, PID: None, Manufacturer: None, Product: None)
[INFO] [1774740942.781950302] [serial_manager]: Identified device sensor board at port /dev/ttyS26
[INFO] [1774740942.782683903] [serial_manager]: New device detected: /dev/ttyS25 (n/a)
[INFO] [1774740942.783433614] [serial_manager]: Could not identify device at port /dev/ttyS25 (VID: None, PID: None, Manufacturer: None, Product: None)
[INFO] [1774740942.784179653] [serial_manager]: Identified device sensor board at port /dev/ttyS25
[INFO] [1774740942.784935832] [serial_manager]: New device detected: /dev/ttyS24 (n/a)
[INFO] [1774740942.785709654] [serial_manager]: Could not identify device at port /dev/ttyS24 (VID: None, PID: None, Manufacturer: None, Product: None)
[INFO] [1774740942.786409392] [serial_manager]: Identified device sensor board at port /dev/ttyS24
[INFO] [1774740942.786986930] [serial_manager]: New device detected: /dev/ttyS23 (n/a)
[INFO] [1774740942.787546461] [serial_manager]: Could not identify device at port /dev/ttyS23 (VID: None, PID: None, Manufacturer: None, Product: None)
[INFO] [1774740942.788213926] [serial_manager]: Identified device sensor board at port /dev/ttyS23
[INFO] [1774740942.788844619] [serial_manager]: New device detected: /dev/ttyS22 (n/a)
[INFO] [1774740942.789473156] [serial_manager]: Could not identify device at port /dev/ttyS22 (VID: None, PID: None, Manufacturer: None, Product: None)
[INFO] [1774740942.790352991] [serial_manager]: Identified device sensor board at port /dev/ttyS22
[INFO] [1774740942.791024319] [serial_manager]: New device detected: /dev/ttyS21 (n/a)
[INFO] [1774740942.791583075] [serial_manager]: Could not identify device at port /dev/ttyS21 (VID: None, PID: None, Manufacturer: None, Product: None)
[INFO] [1774740942.792120067] [serial_manager]: Identified device sensor board at port /dev/ttyS21
[INFO] [1774740942.792825369] [serial_manager]: New device detected: /dev/ttyS20 (n/a)
[INFO] [1774740942.793526033] [serial_manager]: Could not identify device at port /dev/ttyS20 (VID: None, PID: None, Manufacturer: None, Product: None)
[INFO] [1774740942.794122033] [serial_manager]: Identified device sensor board at port /dev/ttyS20
[INFO] [1774740942.794697768] [serial_manager]: New device detected: /dev/ttyS2 (n/a)
[INFO] [1774740942.795354836] [serial_manager]: Could not identify device at port /dev/ttyS2 (VID: None, PID: None, Manufacturer: None, Product: None)
[INFO] [1774740942.796018021] [serial_manager]: Identified device sensor board at port /dev/ttyS2
[INFO] [1774740942.796779192] [serial_manager]: New device detected: /dev/ttyS19 (n/a)
[INFO] [1774740942.797443123] [serial_manager]: Could not identify device at port /dev/ttyS19 (VID: None, PID: None, Manufacturer: None, Product: None)
[INFO] [1774740942.798050261] [serial_manager]: Identified device sensor board at port /dev/ttyS19
[INFO] [1774740942.798788966] [serial_manager]: New device detected: /dev/ttyS18 (n/a)
[INFO] [1774740942.799565899] [serial_manager]: Could not identify device at port /dev/ttyS18 (VID: None, PID: None, Manufacturer: None, Product: None)
[INFO] [1774740942.800472827] [serial_manager]: Identified device sensor board at port /dev/ttyS18
[INFO] [1774740942.801230905] [serial_manager]: New device detected: /dev/ttyS17 (n/a)
[INFO] [1774740942.802003076] [serial_manager]: Could not identify device at port /dev/ttyS17 (VID: None, PID: None, Manufacturer: None, Product: None)
[INFO] [1774740942.802770827] [serial_manager]: Identified device sensor board at port /dev/ttyS17
[INFO] [1774740942.803634764] [serial_manager]: New device detected: /dev/ttyS16 (n/a)
[INFO] [1774740942.804181024] [serial_manager]: Could not identify device at port /dev/ttyS16 (VID: None, PID: None, Manufacturer: None, Product: None)
[INFO] [1774740942.804945337] [serial_manager]: Identified device sensor board at port /dev/ttyS16
[INFO] [1774740942.805681932] [serial_manager]: New device detected: /dev/ttyS15 (n/a)
[INFO] [1774740942.806402202] [serial_manager]: Could not identify device at port /dev/ttyS15 (VID: None, PID: None, Manufacturer: None, Product: None)
[INFO] [1774740942.807179268] [serial_manager]: Identified device sensor board at port /dev/ttyS15
[INFO] [1774740942.807932431] [serial_manager]: New device detected: /dev/ttyS14 (n/a)
[INFO] [1774740942.808669609] [serial_manager]: Could not identify device at port /dev/ttyS14 (VID: None, PID: None, Manufacturer: None, Product: None)
[INFO] [1774740942.809428480] [serial_manager]: Identified device sensor board at port /dev/ttyS14
[INFO] [1774740942.810180883] [serial_manager]: New device detected: /dev/ttyS13 (n/a)
[INFO] [1774740942.810914340] [serial_manager]: Could not identify device at port /dev/ttyS13 (VID: None, PID: None, Manufacturer: None, Product: None)
[INFO] [1774740942.811633310] [serial_manager]: Identified device sensor board at port /dev/ttyS13
[INFO] [1774740942.812371945] [serial_manager]: New device detected: /dev/ttyS12 (n/a)
[INFO] [1774740942.812990708] [serial_manager]: Could not identify device at port /dev/ttyS12 (VID: None, PID: None, Manufacturer: None, Product: None)
[INFO] [1774740942.813730643] [serial_manager]: Identified device sensor board at port /dev/ttyS12
[INFO] [1774740942.814427376] [serial_manager]: New device detected: /dev/ttyS11 (n/a)
[INFO] [1774740942.815152363] [serial_manager]: Could not identify device at port /dev/ttyS11 (VID: None, PID: None, Manufacturer: None, Product: None)
[INFO] [1774740942.815940190] [serial_manager]: Identified device sensor board at port /dev/ttyS11
[INFO] [1774740942.816766125] [serial_manager]: New device detected: /dev/ttyS10 (n/a)
[INFO] [1774740942.817477533] [serial_manager]: Could not identify device at port /dev/ttyS10 (VID: None, PID: None, Manufacturer: None, Product: None)
[INFO] [1774740942.818184411] [serial_manager]: Identified device sensor board at port /dev/ttyS10
[INFO] [1774740942.819013909] [serial_manager]: New device detected: /dev/ttyS1 (n/a)
[INFO] [1774740942.819876935] [serial_manager]: Could not identify device at port /dev/ttyS1 (VID: None, PID: None, Manufacturer: None, Product: None)
[INFO] [1774740942.820570281] [serial_manager]: Identified device sensor board at port /dev/ttyS1
[INFO] [1774740942.821280297] [serial_manager]: New device detected: /dev/ttyS0 (n/a)
[INFO] [1774740942.821886488] [serial_manager]: Could not identify device at port /dev/ttyS0 (VID: None, PID: None, Manufacturer: None, Product: None)
[INFO] [1774740942.822524037] [serial_manager]: Identified device sensor board at port /dev/ttyS0
[INFO] [1774740947.753638192] [serial_manager]: New device detected: /dev/ttyS9 (n/a)
[INFO] [1774740947.754430051] [serial_manager]: Could not identify device at port /dev/ttyS9 (VID: None, PID: None, Manufacturer: None, Product: None)
[INFO] [1774740947.755359955] [serial_manager]: Identified device sensor board at port /dev/ttyS9
[INFO] [1774740947.756240042] [serial_manager]: New device detected: /dev/ttyS8 (n/a)
[INFO] [1774740947.757127946] [serial_manager]: Could not identify device at port /dev/ttyS8 (VID: None, PID: None, Manufacturer: None, Product: None)
[INFO] [1774740947.758047702] [serial_manager]: Identified device sensor board at port /dev/ttyS8
[INFO] [1774740947.759127323] [serial_manager]: New device detected: /dev/ttyS7 (n/a)
[INFO] [1774740947.759947276] [serial_manager]: Could not identify device at port /dev/ttyS7 (VID: None, PID: None, Manufacturer: None, Product: None)
[INFO] [1774740947.760901156] [serial_manager]: Identified device sensor board at port /dev/ttyS7
[INFO] [1774740947.762078133] [serial_manager]: New device detected: /dev/ttyS6 (n/a)
[INFO] [1774740947.763150936] [serial_manager]: Could not identify device at port /dev/ttyS6 (VID: None, PID: None, Manufacturer: None, Product: None)
[INFO] [1774740947.764222525] [serial_manager]: Identified device sensor board at port /dev/ttyS6
[INFO] [1774740947.765305319] [serial_manager]: New device detected: /dev/ttyS5 (n/a)
[INFO] [1774740947.766382879] [serial_manager]: Could not identify device at port /dev/ttyS5 (VID: None, PID: None, Manufacturer: None, Product: None)
[INFO] [1774740947.767615781] [serial_manager]: Identified device sensor board at port /dev/ttyS5
[INFO] [1774740947.768723816] [serial_manager]: New device detected: /dev/ttyS4 (n/a)
[INFO] [1774740947.769847832] [serial_manager]: Could not identify device at port /dev/ttyS4 (VID: None, PID: None, Manufacturer: None, Product: None)
[INFO] [1774740947.770985725] [serial_manager]: Identified device sensor board at port /dev/ttyS4
[INFO] [1774740947.772113609] [serial_manager]: New device detected: /dev/ttyS31 (n/a)
[INFO] [1774740947.773195749] [serial_manager]: Could not identify device at port /dev/ttyS31 (VID: None, PID: None, Manufacturer: None, Product: None)
[INFO] [1774740947.774015253] [serial_manager]: Identified device sensor board at port /dev/ttyS31
[INFO] [1774740947.774808032] [serial_manager]: New device detected: /dev/ttyS30 (n/a)
[INFO] [1774740947.775545159] [serial_manager]: Could not identify device at port /dev/ttyS30 (VID: None, PID: None, Manufacturer: None, Product: None)
[INFO] [1774740947.776360378] [serial_manager]: Identified device sensor board at port /dev/ttyS30
[INFO] [1774740947.777161437] [serial_manager]: New device detected: /dev/ttyS3 (n/a)
[INFO] [1774740947.778051874] [serial_manager]: Could not identify device at port /dev/ttyS3 (VID: None, PID: None, Manufacturer: None, Product: None)
[INFO] [1774740947.778874543] [serial_manager]: Identified device sensor board at port /dev/ttyS3
[INFO] [1774740947.779612396] [serial_manager]: New device detected: /dev/ttyS29 (n/a)
[INFO] [1774740947.780469358] [serial_manager]: Could not identify device at port /dev/ttyS29 (VID: None, PID: None, Manufacturer: None, Product: None)
[INFO] [1774740947.781803551] [serial_manager]: Identified device sensor board at port /dev/ttyS29
[INFO] [1774740947.782524220] [serial_manager]: New device detected: /dev/ttyS28 (n/a)
[INFO] [1774740947.783215526] [serial_manager]: Could not identify device at port /dev/ttyS28 (VID: None, PID: None, Manufacturer: None, Product: None)
[INFO] [1774740947.783978188] [serial_manager]: Identified device sensor board at port /dev/ttyS28
[INFO] [1774740947.784862507] [serial_manager]: New device detected: /dev/ttyS27 (n/a)
[INFO] [1774740947.785968472] [serial_manager]: Could not identify device at port /dev/ttyS27 (VID: None, PID: None, Manufacturer: None, Product: None)
[INFO] [1774740947.786931213] [serial_manager]: Identified device sensor board at port /dev/ttyS27
[INFO] [1774740947.787966250] [serial_manager]: New device detected: /dev/ttyS26 (n/a)
[INFO] [1774740947.788939122] [serial_manager]: Could not identify device at port /dev/ttyS26 (VID: None, PID: None, Manufacturer: None, Product: None)
[INFO] [1774740947.789928553] [serial_manager]: Identified device sensor board at port /dev/ttyS26
[INFO] [1774740947.790920778] [serial_manager]: New device detected: /dev/ttyS25 (n/a)
[INFO] [1774740947.791982815] [serial_manager]: Could not identify device at port /dev/ttyS25 (VID: None, PID: None, Manufacturer: None, Product: None)
[INFO] [1774740947.793045242] [serial_manager]: Identified device sensor board at port /dev/ttyS25
[INFO] [1774740947.794108266] [serial_manager]: New device detected: /dev/ttyS24 (n/a)
[INFO] [1774740947.795135165] [serial_manager]: Could not identify device at port /dev/ttyS24 (VID: None, PID: None, Manufacturer: None, Product: None)
[INFO] [1774740947.796082576] [serial_manager]: Identified device sensor board at port /dev/ttyS24
[INFO] [1774740947.797083137] [serial_manager]: New device detected: /dev/ttyS23 (n/a)
[INFO] [1774740947.798102820] [serial_manager]: Could not identify device at port /dev/ttyS23 (VID: None, PID: None, Manufacturer: None, Product: None)
[INFO] [1774740947.799148245] [serial_manager]: Identified device sensor board at port /dev/ttyS23
[INFO] [1774740947.800184705] [serial_manager]: New device detected: /dev/ttyS22 (n/a)
[INFO] [1774740947.801106111] [serial_manager]: Could not identify device at port /dev/ttyS22 (VID: None, PID: None, Manufacturer: None, Product: None)
[INFO] [1774740947.802128318] [serial_manager]: Identified device sensor board at port /dev/ttyS22
[INFO] [1774740947.803250555] [serial_manager]: New device detected: /dev/ttyS21 (n/a)
[INFO] [1774740947.804287801] [serial_manager]: Could not identify device at port /dev/ttyS21 (VID: None, PID: None, Manufacturer: None, Product: None)
[INFO] [1774740947.805449992] [serial_manager]: Identified device sensor board at port /dev/ttyS21
[INFO] [1774740947.806511879] [serial_manager]: New device detected: /dev/ttyS20 (n/a)
[INFO] [1774740947.807516992] [serial_manager]: Could not identify device at port /dev/ttyS20 (VID: None, PID: None, Manufacturer: None, Product: None)
[INFO] [1774740947.808520510] [serial_manager]: Identified device sensor board at port /dev/ttyS20
[INFO] [1774740947.809530459] [serial_manager]: New device detected: /dev/ttyS2 (n/a)
[INFO] [1774740947.810569434] [serial_manager]: Could not identify device at port /dev/ttyS2 (VID: None, PID: None, Manufacturer: None, Product: None)
[INFO] [1774740947.811640710] [serial_manager]: Identified device sensor board at port /dev/ttyS2
[INFO] [1774740947.812686966] [serial_manager]: New device detected: /dev/ttyS19 (n/a)
[INFO] [1774740947.813727884] [serial_manager]: Could not identify device at port /dev/ttyS19 (VID: None, PID: None, Manufacturer: None, Product: None)
[INFO] [1774740947.814741927] [serial_manager]: Identified device sensor board at port /dev/ttyS19
[INFO] [1774740947.815454432] [serial_manager]: New device detected: /dev/ttyS18 (n/a)
[INFO] [1774740947.816449742] [serial_manager]: Could not identify device at port /dev/ttyS18 (VID: None, PID: None, Manufacturer: None, Product: None)
[INFO] [1774740947.817292828] [serial_manager]: Identified device sensor board at port /dev/ttyS18
[INFO] [1774740947.818052538] [serial_manager]: New device detected: /dev/ttyS17 (n/a)
[INFO] [1774740947.818782811] [serial_manager]: Could not identify device at port /dev/ttyS17 (VID: None, PID: None, Manufacturer: None, Product: None)
[INFO] [1774740947.819743069] [serial_manager]: Identified device sensor board at port /dev/ttyS17
[INFO] [1774740947.820708974] [serial_manager]: New device detected: /dev/ttyS16 (n/a)
[INFO] [1774740947.821439696] [serial_manager]: Could not identify device at port /dev/ttyS16 (VID: None, PID: None, Manufacturer: None, Product: None)
[INFO] [1774740947.822178043] [serial_manager]: Identified device sensor board at port /dev/ttyS16
[INFO] [1774740947.822918652] [serial_manager]: New device detected: /dev/ttyS15 (n/a)
[INFO] [1774740947.823621342] [serial_manager]: Could not identify device at port /dev/ttyS15 (VID: None, PID: None, Manufacturer: None, Product: None)
[INFO] [1774740947.824318027] [serial_manager]: Identified device sensor board at port /dev/ttyS15
[INFO] [1774740947.825069479] [serial_manager]: New device detected: /dev/ttyS14 (n/a)
[INFO] [1774740947.825827981] [serial_manager]: Could not identify device at port /dev/ttyS14 (VID: None, PID: None, Manufacturer: None, Product: None)
[INFO] [1774740947.826541076] [serial_manager]: Identified device sensor board at port /dev/ttyS14
[INFO] [1774740947.827254132] [serial_manager]: New device detected: /dev/ttyS13 (n/a)
[INFO] [1774740947.827990157] [serial_manager]: Could not identify device at port /dev/ttyS13 (VID: None, PID: None, Manufacturer: None, Product: None)
[INFO] [1774740947.828714639] [serial_manager]: Identified device sensor board at port /dev/ttyS13
[INFO] [1774740947.829430412] [serial_manager]: New device detected: /dev/ttyS12 (n/a)
[INFO] [1774740947.830164926] [serial_manager]: Could not identify device at port /dev/ttyS12 (VID: None, PID: None, Manufacturer: None, Product: None)
[INFO] [1774740947.830893384] [serial_manager]: Identified device sensor board at port /dev/ttyS12
[INFO] [1774740947.831625475] [serial_manager]: New device detected: /dev/ttyS11 (n/a)
[INFO] [1774740947.832348903] [serial_manager]: Could not identify device at port /dev/ttyS11 (VID: None, PID: None, Manufacturer: None, Product: None)
[INFO] [1774740947.833098816] [serial_manager]: Identified device sensor board at port /dev/ttyS11
[INFO] [1774740947.833829224] [serial_manager]: New device detected: /dev/ttyS10 (n/a)
[INFO] [1774740947.834527597] [serial_manager]: Could not identify device at port /dev/ttyS10 (VID: None, PID: None, Manufacturer: None, Product: None)
[INFO] [1774740947.835238631] [serial_manager]: Identified device sensor board at port /dev/ttyS10
[INFO] [1774740947.835985356] [serial_manager]: New device detected: /dev/ttyS1 (n/a)
[INFO] [1774740947.836693350] [serial_manager]: Could not identify device at port /dev/ttyS1 (VID: None, PID: None, Manufacturer: None, Product: None)
[INFO] [1774740947.837424879] [serial_manager]: Identified device sensor board at port /dev/ttyS1
[INFO] [1774740947.838141626] [serial_manager]: New device detected: /dev/ttyS0 (n/a)
[INFO] [1774740947.838903499] [serial_manager]: Could not identify device at port /dev/ttyS0 (VID: None, PID: None, Manufacturer: None, Product: None)
[INFO] [1774740947.839644393] [serial_manager]: Identified device sensor board at port /dev/ttyS0
[INFO] [1774740952.749038669] [serial_manager]: New device detected: /dev/ttyS9 (n/a)
[INFO] [1774740952.749769915] [serial_manager]: Could not identify device at port /dev/ttyS9 (VID: None, PID: None, Manufacturer: None, Product: None)
[INFO] [1774740952.750434359] [serial_manager]: Identified device sensor board at port /dev/ttyS9
[INFO] [1774740952.751089336] [serial_manager]: New device detected: /dev/ttyS8 (n/a)
[INFO] [1774740952.751758885] [serial_manager]: Could not identify device at port /dev/ttyS8 (VID: None, PID: None, Manufacturer: None, Product: None)
[INFO] [1774740952.752430986] [serial_manager]: Identified device sensor board at port /dev/ttyS8
[INFO] [1774740952.753129874] [serial_manager]: New device detected: /dev/ttyS7 (n/a)
[INFO] [1774740952.753890259] [serial_manager]: Could not identify device at port /dev/ttyS7 (VID: None, PID: None, Manufacturer: None, Product: None)
[INFO] [1774740952.754675414] [serial_manager]: Identified device sensor board at port /dev/ttyS7
[INFO] [1774740952.755304203] [serial_manager]: New device detected: /dev/ttyS6 (n/a)
[INFO] [1774740952.755878769] [serial_manager]: Could not identify device at port /dev/ttyS6 (VID: None, PID: None, Manufacturer: None, Product: None)
[INFO] [1774740952.756368310] [serial_manager]: Identified device sensor board at port /dev/ttyS6
[INFO] [1774740952.756870710] [serial_manager]: New device detected: /dev/ttyS5 (n/a)
[INFO] [1774740952.757360468] [serial_manager]: Could not identify device at port /dev/ttyS5 (VID: None, PID: None, Manufacturer: None, Product: None)
[INFO] [1774740952.757846752] [serial_manager]: Identified device sensor board at port /dev/ttyS5
[INFO] [1774740952.758350058] [serial_manager]: New device detected: /dev/ttyS4 (n/a)
[INFO] [1774740952.758951554] [serial_manager]: Could not identify device at port /dev/ttyS4 (VID: None, PID: None, Manufacturer: None, Product: None)
[INFO] [1774740952.759526474] [serial_manager]: Identified device sensor board at port /dev/ttyS4
[INFO] [1774740952.760530249] [serial_manager]: New device detected: /dev/ttyS31 (n/a)
[INFO] [1774740952.761649095] [serial_manager]: Could not identify device at port /dev/ttyS31 (VID: None, PID: None, Manufacturer: None, Product: None)
[INFO] [1774740952.762471087] [serial_manager]: Identified device sensor board at port /dev/ttyS31
[INFO] [1774740952.763249084] [serial_manager]: New device detected: /dev/ttyS30 (n/a)
[INFO] [1774740952.763898090] [serial_manager]: Could not identify device at port /dev/ttyS30 (VID: None, PID: None, Manufacturer: None, Product: None)
[INFO] [1774740952.764690744] [serial_manager]: Identified device sensor board at port /dev/ttyS30
[INFO] [1774740952.765385045] [serial_manager]: New device detected: /dev/ttyS3 (n/a)
[INFO] [1774740952.766011566] [serial_manager]: Could not identify device at port /dev/ttyS3 (VID: None, PID: None, Manufacturer: None, Product: None)
[INFO] [1774740952.766611325] [serial_manager]: Identified device sensor board at port /dev/ttyS3
[INFO] [1774740952.767140518] [serial_manager]: New device detected: /dev/ttyS29 (n/a)
[INFO] [1774740952.767648748] [serial_manager]: Could not identify device at port /dev/ttyS29 (VID: None, PID: None, Manufacturer: None, Product: None)
[INFO] [1774740952.768187420] [serial_manager]: Identified device sensor board at port /dev/ttyS29
[INFO] [1774740952.768872699] [serial_manager]: New device detected: /dev/ttyS28 (n/a)
[INFO] [1774740952.769370671] [serial_manager]: Could not identify device at port /dev/ttyS28 (VID: None, PID: None, Manufacturer: None, Product: None)
[INFO] [1774740952.770197147] [serial_manager]: Identified device sensor board at port /dev/ttyS28
[INFO] [1774740952.771008953] [serial_manager]: New device detected: /dev/ttyS27 (n/a)
[INFO] [1774740952.771800852] [serial_manager]: Could not identify device at port /dev/ttyS27 (VID: None, PID: None, Manufacturer: None, Product: None)
[INFO] [1774740952.772545443] [serial_manager]: Identified device sensor board at port /dev/ttyS27
[INFO] [1774740952.773165545] [serial_manager]: New device detected: /dev/ttyS26 (n/a)
[INFO] [1774740952.773839942] [serial_manager]: Could not identify device at port /dev/ttyS26 (VID: None, PID: None, Manufacturer: None, Product: None)
[INFO] [1774740952.774544797] [serial_manager]: Identified device sensor board at port /dev/ttyS26
[INFO] [1774740952.775312687] [serial_manager]: New device detected: /dev/ttyS25 (n/a)
[INFO] [1774740952.776411532] [serial_manager]: Could not identify device at port /dev/ttyS25 (VID: None, PID: None, Manufacturer: None, Product: None)
[INFO] [1774740952.777159637] [serial_manager]: Identified device sensor board at port /dev/ttyS25
[INFO] [1774740952.777996201] [serial_manager]: New device detected: /dev/ttyS24 (n/a)
[INFO] [1774740952.778836155] [serial_manager]: Could not identify device at port /dev/ttyS24 (VID: None, PID: None, Manufacturer: None, Product: None)
[INFO] [1774740952.779656889] [serial_manager]: Identified device sensor board at port /dev/ttyS24
[INFO] [1774740952.780288159] [serial_manager]: New device detected: /dev/ttyS23 (n/a)
[INFO] [1774740952.781044479] [serial_manager]: Could not identify device at port /dev/ttyS23 (VID: None, PID: None, Manufacturer: None, Product: None)
[INFO] [1774740952.781731269] [serial_manager]: Identified device sensor board at port /dev/ttyS23
[INFO] [1774740952.782460116] [serial_manager]: New device detected: /dev/ttyS22 (n/a)
[INFO] [1774740952.783122839] [serial_manager]: Could not identify device at port /dev/ttyS22 (VID: None, PID: None, Manufacturer: None, Product: None)
[INFO] [1774740952.783761908] [serial_manager]: Identified device sensor board at port /dev/ttyS22
[INFO] [1774740952.784585815] [serial_manager]: New device detected: /dev/ttyS21 (n/a)
[INFO] [1774740952.785256860] [serial_manager]: Could not identify device at port /dev/ttyS21 (VID: None, PID: None, Manufacturer: None, Product: None)
[INFO] [1774740952.785972794] [serial_manager]: Identified device sensor board at port /dev/ttyS21
[INFO] [1774740952.786622858] [serial_manager]: New device detected: /dev/ttyS20 (n/a)
[INFO] [1774740952.787226681] [serial_manager]: Could not identify device at port /dev/ttyS20 (VID: None, PID: None, Manufacturer: None, Product: None)
[INFO] [1774740952.787853572] [serial_manager]: Identified device sensor board at port /dev/ttyS20
[INFO] [1774740952.788489275] [serial_manager]: New device detected: /dev/ttyS2 (n/a)
[INFO] [1774740952.789089276] [serial_manager]: Could not identify device at port /dev/ttyS2 (VID: None, PID: None, Manufacturer: None, Product: None)
[INFO] [1774740952.789749049] [serial_manager]: Identified device sensor board at port /dev/ttyS2
[INFO] [1774740952.790366166] [serial_manager]: New device detected: /dev/ttyS19 (n/a)
[INFO] [1774740952.790998774] [serial_manager]: Could not identify device at port /dev/ttyS19 (VID: None, PID: None, Manufacturer: None, Product: None)
[INFO] [1774740952.791649408] [serial_manager]: Identified device sensor board at port /dev/ttyS19
[INFO] [1774740952.792226729] [serial_manager]: New device detected: /dev/ttyS18 (n/a)
[INFO] [1774740952.792815850] [serial_manager]: Could not identify device at port /dev/ttyS18 (VID: None, PID: None, Manufacturer: None, Product: None)
[INFO] [1774740952.793477661] [serial_manager]: Identified device sensor board at port /dev/ttyS18
[INFO] [1774740952.794045260] [serial_manager]: New device detected: /dev/ttyS17 (n/a)
[INFO] [1774740952.794680058] [serial_manager]: Could not identify device at port /dev/ttyS17 (VID: None, PID: None, Manufacturer: None, Product: None)
[INFO] [1774740952.795330236] [serial_manager]: Identified device sensor board at port /dev/ttyS17
[INFO] [1774740952.795989508] [serial_manager]: New device detected: /dev/ttyS16 (n/a)
[INFO] [1774740952.796695448] [serial_manager]: Could not identify device at port /dev/ttyS16 (VID: None, PID: None, Manufacturer: None, Product: None)
[INFO] [1774740952.797268958] [serial_manager]: Identified device sensor board at port /dev/ttyS16
[INFO] [1774740952.797883358] [serial_manager]: New device detected: /dev/ttyS15 (n/a)
[INFO] [1774740952.798623400] [serial_manager]: Could not identify device at port /dev/ttyS15 (VID: None, PID: None, Manufacturer: None, Product: None)
[INFO] [1774740952.799514802] [serial_manager]: Identified device sensor board at port /dev/ttyS15
[INFO] [1774740952.800501249] [serial_manager]: New device detected: /dev/ttyS14 (n/a)
[INFO] [1774740952.801355625] [serial_manager]: Could not identify device at port /dev/ttyS14 (VID: None, PID: None, Manufacturer: None, Product: None)
[INFO] [1774740952.802408511] [serial_manager]: Identified device sensor board at port /dev/ttyS14
[INFO] [1774740952.803379165] [serial_manager]: New device detected: /dev/ttyS13 (n/a)
[INFO] [1774740952.804230866] [serial_manager]: Could not identify device at port /dev/ttyS13 (VID: None, PID: None, Manufacturer: None, Product: None)
[INFO] [1774740952.804958494] [serial_manager]: Identified device sensor board at port /dev/ttyS13
[INFO] [1774740952.805802047] [serial_manager]: New device detected: /dev/ttyS12 (n/a)
[INFO] [1774740952.806943743] [serial_manager]: Could not identify device at port /dev/ttyS12 (VID: None, PID: None, Manufacturer: None, Product: None)
[INFO] [1774740952.807810336] [serial_manager]: Identified device sensor board at port /dev/ttyS12
[INFO] [1774740952.808765654] [serial_manager]: New device detected: /dev/ttyS11 (n/a)
[INFO] [1774740952.809603538] [serial_manager]: Could not identify device at port /dev/ttyS11 (VID: None, PID: None, Manufacturer: None, Product: None)
[INFO] [1774740952.810402507] [serial_manager]: Identified device sensor board at port /dev/ttyS11
[INFO] [1774740952.811216980] [serial_manager]: New device detected: /dev/ttyS10 (n/a)
[INFO] [1774740952.812067341] [serial_manager]: Could not identify device at port /dev/ttyS10 (VID: None, PID: None, Manufacturer: None, Product: None)
[INFO] [1774740952.812799266] [serial_manager]: Identified device sensor board at port /dev/ttyS10
[INFO] [1774740952.813486513] [serial_manager]: New device detected: /dev/ttyS1 (n/a)
[INFO] [1774740952.814168456] [serial_manager]: Could not identify device at port /dev/ttyS1 (VID: None, PID: None, Manufacturer: None, Product: None)
[INFO] [1774740952.814875288] [serial_manager]: Identified device sensor board at port /dev/ttyS1
[INFO] [1774740952.815622621] [serial_manager]: New device detected: /dev/ttyS0 (n/a)
[INFO] [1774740952.816315702] [serial_manager]: Could not identify device at port /dev/ttyS0 (VID: None, PID: None, Manufacturer: None, Product: None)
[INFO] [1774740952.817012267] [serial_manager]: Identified device sensor board at port /dev/ttyS0
[INFO] [1774740957.748354578] [serial_manager]: New device detected: /dev/ttyS9 (n/a)
[INFO] [1774740957.748910327] [serial_manager]: Could not identify device at port /dev/ttyS9 (VID: None, PID: None, Manufacturer: None, Product: None)
[INFO] [1774740957.749383197] [serial_manager]: Identified device sensor board at port /dev/ttyS9
[INFO] [1774740957.749845840] [serial_manager]: New device detected: /dev/ttyS8 (n/a)
[INFO] [1774740957.750316965] [serial_manager]: Could not identify device at port /dev/ttyS8 (VID: None, PID: None, Manufacturer: None, Product: None)
[INFO] [1774740957.750810224] [serial_manager]: Identified device sensor board at port /dev/ttyS8
[INFO] [1774740957.751295207] [serial_manager]: New device detected: /dev/ttyS7 (n/a)
[INFO] [1774740957.751925181] [serial_manager]: Could not identify device at port /dev/ttyS7 (VID: None, PID: None, Manufacturer: None, Product: None)
[INFO] [1774740957.752408777] [serial_manager]: Identified device sensor board at port /dev/ttyS7
[INFO] [1774740957.752908006] [serial_manager]: New device detected: /dev/ttyS6 (n/a)
[INFO] [1774740957.753461330] [serial_manager]: Could not identify device at port /dev/ttyS6 (VID: None, PID: None, Manufacturer: None, Product: None)
[INFO] [1774740957.754145973] [serial_manager]: Identified device sensor board at port /dev/ttyS6
[INFO] [1774740957.754931637] [serial_manager]: New device detected: /dev/ttyS5 (n/a)
[INFO] [1774740957.755735806] [serial_manager]: Could not identify device at port /dev/ttyS5 (VID: None, PID: None, Manufacturer: None, Product: None)
[INFO] [1774740957.756329630] [serial_manager]: Identified device sensor board at port /dev/ttyS5
[INFO] [1774740957.756899321] [serial_manager]: New device detected: /dev/ttyS4 (n/a)
[INFO] [1774740957.757430533] [serial_manager]: Could not identify device at port /dev/ttyS4 (VID: None, PID: None, Manufacturer: None, Product: None)
[INFO] [1774740957.757945492] [serial_manager]: Identified device sensor board at port /dev/ttyS4
[INFO] [1774740957.758471684] [serial_manager]: New device detected: /dev/ttyS31 (n/a)
[INFO] [1774740957.758968784] [serial_manager]: Could not identify device at port /dev/ttyS31 (VID: None, PID: None, Manufacturer: None, Product: None)
[INFO] [1774740957.759474050] [serial_manager]: Identified device sensor board at port /dev/ttyS31
[INFO] [1774740957.760151834] [serial_manager]: New device detected: /dev/ttyS30 (n/a)
[INFO] [1774740957.760921718] [serial_manager]: Could not identify device at port /dev/ttyS30 (VID: None, PID: None, Manufacturer: None, Product: None)
[INFO] [1774740957.761658619] [serial_manager]: Identified device sensor board at port /dev/ttyS30
[INFO] [1774740957.762324182] [serial_manager]: New device detected: /dev/ttyS3 (n/a)
[INFO] [1774740957.762907754] [serial_manager]: Could not identify device at port /dev/ttyS3 (VID: None, PID: None, Manufacturer: None, Product: None)
[INFO] [1774740957.763529405] [serial_manager]: Identified device sensor board at port /dev/ttyS3
[INFO] [1774740957.764089533] [serial_manager]: New device detected: /dev/ttyS29 (n/a)
[INFO] [1774740957.764571203] [serial_manager]: Could not identify device at port /dev/ttyS29 (VID: None, PID: None, Manufacturer: None, Product: None)
[INFO] [1774740957.765045363] [serial_manager]: Identified device sensor board at port /dev/ttyS29
[INFO] [1774740957.765546581] [serial_manager]: New device detected: /dev/ttyS28 (n/a)
[INFO] [1774740957.766071606] [serial_manager]: Could not identify device at port /dev/ttyS28 (VID: None, PID: None, Manufacturer: None, Product: None)
[INFO] [1774740957.766701063] [serial_manager]: Identified device sensor board at port /dev/ttyS28
[INFO] [1774740957.767272810] [serial_manager]: New device detected: /dev/ttyS27 (n/a)
[INFO] [1774740957.767813656] [serial_manager]: Could not identify device at port /dev/ttyS27 (VID: None, PID: None, Manufacturer: None, Product: None)
[INFO] [1774740957.768258840] [serial_manager]: Identified device sensor board at port /dev/ttyS27
[INFO] [1774740957.768710190] [serial_manager]: New device detected: /dev/ttyS26 (n/a)
[INFO] [1774740957.769157827] [serial_manager]: Could not identify device at port /dev/ttyS26 (VID: None, PID: None, Manufacturer: None, Product: None)
[INFO] [1774740957.769630114] [serial_manager]: Identified device sensor board at port /dev/ttyS26
[INFO] [1774740957.770161165] [serial_manager]: New device detected: /dev/ttyS25 (n/a)
[INFO] [1774740957.770736463] [serial_manager]: Could not identify device at port /dev/ttyS25 (VID: None, PID: None, Manufacturer: None, Product: None)
[INFO] [1774740957.771444032] [serial_manager]: Identified device sensor board at port /dev/ttyS25
[INFO] [1774740957.772107925] [serial_manager]: New device detected: /dev/ttyS24 (n/a)
[INFO] [1774740957.772691962] [serial_manager]: Could not identify device at port /dev/ttyS24 (VID: None, PID: None, Manufacturer: None, Product: None)
[INFO] [1774740957.773419623] [serial_manager]: Identified device sensor board at port /dev/ttyS24
[INFO] [1774740957.774002723] [serial_manager]: New device detected: /dev/ttyS23 (n/a)
[INFO] [1774740957.774803465] [serial_manager]: Could not identify device at port /dev/ttyS23 (VID: None, PID: None, Manufacturer: None, Product: None)
[INFO] [1774740957.775514087] [serial_manager]: Identified device sensor board at port /dev/ttyS23
[INFO] [1774740957.776238905] [serial_manager]: New device detected: /dev/ttyS22 (n/a)
[INFO] [1774740957.776935681] [serial_manager]: Could not identify device at port /dev/ttyS22 (VID: None, PID: None, Manufacturer: None, Product: None)
[INFO] [1774740957.777637630] [serial_manager]: Identified device sensor board at port /dev/ttyS22
[INFO] [1774740957.778359240] [serial_manager]: New device detected: /dev/ttyS21 (n/a)
[INFO] [1774740957.779092839] [serial_manager]: Could not identify device at port /dev/ttyS21 (VID: None, PID: None, Manufacturer: None, Product: None)
[INFO] [1774740957.779840367] [serial_manager]: Identified device sensor board at port /dev/ttyS21
[INFO] [1774740957.780570852] [serial_manager]: New device detected: /dev/ttyS20 (n/a)
[INFO] [1774740957.781288631] [serial_manager]: Could not identify device at port /dev/ttyS20 (VID: None, PID: None, Manufacturer: None, Product: None)
[INFO] [1774740957.782006533] [serial_manager]: Identified device sensor board at port /dev/ttyS20
[INFO] [1774740957.782721037] [serial_manager]: New device detected: /dev/ttyS2 (n/a)
[INFO] [1774740957.783442731] [serial_manager]: Could not identify device at port /dev/ttyS2 (VID: None, PID: None, Manufacturer: None, Product: None)
[INFO] [1774740957.784188243] [serial_manager]: Identified device sensor board at port /dev/ttyS2
[INFO] [1774740957.784920483] [serial_manager]: New device detected: /dev/ttyS19 (n/a)
[INFO] [1774740957.785654351] [serial_manager]: Could not identify device at port /dev/ttyS19 (VID: None, PID: None, Manufacturer: None, Product: None)
[INFO] [1774740957.786323529] [serial_manager]: Identified device sensor board at port /dev/ttyS19
[INFO] [1774740957.787021438] [serial_manager]: New device detected: /dev/ttyS18 (n/a)
[INFO] [1774740957.787834389] [serial_manager]: Could not identify device at port /dev/ttyS18 (VID: None, PID: None, Manufacturer: None, Product: None)
[INFO] [1774740957.788552497] [serial_manager]: Identified device sensor board at port /dev/ttyS18
[INFO] [1774740957.789288334] [serial_manager]: New device detected: /dev/ttyS17 (n/a)
[INFO] [1774740957.790041533] [serial_manager]: Could not identify device at port /dev/ttyS17 (VID: None, PID: None, Manufacturer: None, Product: None)
[INFO] [1774740957.790756146] [serial_manager]: Identified device sensor board at port /dev/ttyS17
[INFO] [1774740957.791451450] [serial_manager]: New device detected: /dev/ttyS16 (n/a)
[INFO] [1774740957.792164604] [serial_manager]: Could not identify device at port /dev/ttyS16 (VID: None, PID: None, Manufacturer: None, Product: None)
[INFO] [1774740957.792871317] [serial_manager]: Identified device sensor board at port /dev/ttyS16
[INFO] [1774740957.793558136] [serial_manager]: New device detected: /dev/ttyS15 (n/a)
[INFO] [1774740957.794272722] [serial_manager]: Could not identify device at port /dev/ttyS15 (VID: None, PID: None, Manufacturer: None, Product: None)
[INFO] [1774740957.794990409] [serial_manager]: Identified device sensor board at port /dev/ttyS15
[INFO] [1774740957.795654663] [serial_manager]: New device detected: /dev/ttyS14 (n/a)
[INFO] [1774740957.796358642] [serial_manager]: Could not identify device at port /dev/ttyS14 (VID: None, PID: None, Manufacturer: None, Product: None)
[INFO] [1774740957.797078624] [serial_manager]: Identified device sensor board at port /dev/ttyS14
[INFO] [1774740957.797835669] [serial_manager]: New device detected: /dev/ttyS13 (n/a)
[INFO] [1774740957.798505259] [serial_manager]: Could not identify device at port /dev/ttyS13 (VID: None, PID: None, Manufacturer: None, Product: None)
[INFO] [1774740957.799252106] [serial_manager]: Identified device sensor board at port /dev/ttyS13
[INFO] [1774740957.799826755] [serial_manager]: New device detected: /dev/ttyS12 (n/a)
[INFO] [1774740957.800483768] [serial_manager]: Could not identify device at port /dev/ttyS12 (VID: None, PID: None, Manufacturer: None, Product: None)
[INFO] [1774740957.801265217] [serial_manager]: Identified device sensor board at port /dev/ttyS12
[INFO] [1774740957.802102657] [serial_manager]: New device detected: /dev/ttyS11 (n/a)
[INFO] [1774740957.802833448] [serial_manager]: Could not identify device at port /dev/ttyS11 (VID: None, PID: None, Manufacturer: None, Product: None)
[INFO] [1774740957.803641136] [serial_manager]: Identified device sensor board at port /dev/ttyS11
[INFO] [1774740957.804502607] [serial_manager]: New device detected: /dev/ttyS10 (n/a)
[INFO] [1774740957.805404097] [serial_manager]: Could not identify device at port /dev/ttyS10 (VID: None, PID: None, Manufacturer: None, Product: None)
[INFO] [1774740957.806354725] [serial_manager]: Identified device sensor board at port /dev/ttyS10
[INFO] [1774740957.807276090] [serial_manager]: New device detected: /dev/ttyS1 (n/a)
[INFO] [1774740957.808059286] [serial_manager]: Could not identify device at port /dev/ttyS1 (VID: None, PID: None, Manufacturer: None, Product: None)
[INFO] [1774740957.808772739] [serial_manager]: Identified device sensor board at port /dev/ttyS1
[INFO] [1774740957.809310683] [serial_manager]: New device detected: /dev/ttyS0 (n/a)
[INFO] [1774740957.810021682] [serial_manager]: Could not identify device at port /dev/ttyS0 (VID: None, PID: None, Manufacturer: None, Product: None)
[INFO] [1774740957.810530863] [serial_manager]: Identified device sensor board at port /dev/ttyS0
[INFO] [1774740962.748426709] [serial_manager]: New device detected: /dev/ttyS9 (n/a)
[INFO] [1774740962.749076418] [serial_manager]: Could not identify device at port /dev/ttyS9 (VID: None, PID: None, Manufacturer: None, Product: None)
[INFO] [1774740962.749608120] [serial_manager]: Identified device sensor board at port /dev/ttyS9
[INFO] [1774740962.750136152] [serial_manager]: New device detected: /dev/ttyS8 (n/a)
[INFO] [1774740962.750670377] [serial_manager]: Could not identify device at port /dev/ttyS8 (VID: None, PID: None, Manufacturer: None, Product: None)
[INFO] [1774740962.751209714] [serial_manager]: Identified device sensor board at port /dev/ttyS8
[INFO] [1774740962.751728391] [serial_manager]: New device detected: /dev/ttyS7 (n/a)
[INFO] [1774740962.752256293] [serial_manager]: Could not identify device at port /dev/ttyS7 (VID: None, PID: None, Manufacturer: None, Product: None)
[INFO] [1774740962.752818684] [serial_manager]: Identified device sensor board at port /dev/ttyS7
[INFO] [1774740962.753334548] [serial_manager]: New device detected: /dev/ttyS6 (n/a)
[INFO] [1774740962.753939539] [serial_manager]: Could not identify device at port /dev/ttyS6 (VID: None, PID: None, Manufacturer: None, Product: None)
[INFO] [1774740962.754753111] [serial_manager]: Identified device sensor board at port /dev/ttyS6
[INFO] [1774740962.755406323] [serial_manager]: New device detected: /dev/ttyS5 (n/a)
[INFO] [1774740962.756097645] [serial_manager]: Could not identify device at port /dev/ttyS5 (VID: None, PID: None, Manufacturer: None, Product: None)
[INFO] [1774740962.756835126] [serial_manager]: Identified device sensor board at port /dev/ttyS5
[INFO] [1774740962.757510509] [serial_manager]: New device detected: /dev/ttyS4 (n/a)
[INFO] [1774740962.758167113] [serial_manager]: Could not identify device at port /dev/ttyS4 (VID: None, PID: None, Manufacturer: None, Product: None)
[INFO] [1774740962.758835193] [serial_manager]: Identified device sensor board at port /dev/ttyS4
[INFO] [1774740962.759514033] [serial_manager]: New device detected: /dev/ttyS31 (n/a)
[INFO] [1774740962.760200856] [serial_manager]: Could not identify device at port /dev/ttyS31 (VID: None, PID: None, Manufacturer: None, Product: None)
[INFO] [1774740962.760950236] [serial_manager]: Identified device sensor board at port /dev/ttyS31
[INFO] [1774740962.761694649] [serial_manager]: New device detected: /dev/ttyS30 (n/a)
[INFO] [1774740962.762451879] [serial_manager]: Could not identify device at port /dev/ttyS30 (VID: None, PID: None, Manufacturer: None, Product: None)
[INFO] [1774740962.763181757] [serial_manager]: Identified device sensor board at port /dev/ttyS30
[INFO] [1774740962.763925198] [serial_manager]: New device detected: /dev/ttyS3 (n/a)
[INFO] [1774740962.764658824] [serial_manager]: Could not identify device at port /dev/ttyS3 (VID: None, PID: None, Manufacturer: None, Product: None)
[INFO] [1774740962.765356565] [serial_manager]: Identified device sensor board at port /dev/ttyS3
[INFO] [1774740962.766090846] [serial_manager]: New device detected: /dev/ttyS29 (n/a)
[INFO] [1774740962.766780684] [serial_manager]: Could not identify device at port /dev/ttyS29 (VID: None, PID: None, Manufacturer: None, Product: None)
[INFO] [1774740962.767462555] [serial_manager]: Identified device sensor board at port /dev/ttyS29
[INFO] [1774740962.768155244] [serial_manager]: New device detected: /dev/ttyS28 (n/a)
[INFO] [1774740962.768859878] [serial_manager]: Could not identify device at port /dev/ttyS28 (VID: None, PID: None, Manufacturer: None, Product: None)
[INFO] [1774740962.769549038] [serial_manager]: Identified device sensor board at port /dev/ttyS28
[INFO] [1774740962.770236564] [serial_manager]: New device detected: /dev/ttyS27 (n/a)
[INFO] [1774740962.771011390] [serial_manager]: Could not identify device at port /dev/ttyS27 (VID: None, PID: None, Manufacturer: None, Product: None)
[INFO] [1774740962.771811850] [serial_manager]: Identified device sensor board at port /dev/ttyS27
[INFO] [1774740962.772684947] [serial_manager]: New device detected: /dev/ttyS26 (n/a)
[INFO] [1774740962.773798926] [serial_manager]: Could not identify device at port /dev/ttyS26 (VID: None, PID: None, Manufacturer: None, Product: None)
[INFO] [1774740962.774659806] [serial_manager]: Identified device sensor board at port /dev/ttyS26
[INFO] [1774740962.775363436] [serial_manager]: New device detected: /dev/ttyS25 (n/a)
[INFO] [1774740962.776146310] [serial_manager]: Could not identify device at port /dev/ttyS25 (VID: None, PID: None, Manufacturer: None, Product: None)
[INFO] [1774740962.776883377] [serial_manager]: Identified device sensor board at port /dev/ttyS25
[INFO] [1774740962.777588870] [serial_manager]: New device detected: /dev/ttyS24 (n/a)
[INFO] [1774740962.778289093] [serial_manager]: Could not identify device at port /dev/ttyS24 (VID: None, PID: None, Manufacturer: None, Product: None)
[INFO] [1774740962.778992817] [serial_manager]: Identified device sensor board at port /dev/ttyS24
[INFO] [1774740962.779686568] [serial_manager]: New device detected: /dev/ttyS23 (n/a)
[INFO] [1774740962.780359623] [serial_manager]: Could not identify device at port /dev/ttyS23 (VID: None, PID: None, Manufacturer: None, Product: None)
[INFO] [1774740962.781063832] [serial_manager]: Identified device sensor board at port /dev/ttyS23
[INFO] [1774740962.781772227] [serial_manager]: New device detected: /dev/ttyS22 (n/a)
[INFO] [1774740962.782442066] [serial_manager]: Could not identify device at port /dev/ttyS22 (VID: None, PID: None, Manufacturer: None, Product: None)
[INFO] [1774740962.783278987] [serial_manager]: Identified device sensor board at port /dev/ttyS22
[INFO] [1774740962.783894788] [serial_manager]: New device detected: /dev/ttyS21 (n/a)
[INFO] [1774740962.784633262] [serial_manager]: Could not identify device at port /dev/ttyS21 (VID: None, PID: None, Manufacturer: None, Product: None)
[INFO] [1774740962.785452946] [serial_manager]: Identified device sensor board at port /dev/ttyS21
[INFO] [1774740962.786272815] [serial_manager]: New device detected: /dev/ttyS20 (n/a)
[INFO] [1774740962.787081536] [serial_manager]: Could not identify device at port /dev/ttyS20 (VID: None, PID: None, Manufacturer: None, Product: None)
[INFO] [1774740962.787729145] [serial_manager]: Identified device sensor board at port /dev/ttyS20
[INFO] [1774740962.788413727] [serial_manager]: New device detected: /dev/ttyS2 (n/a)
[INFO] [1774740962.789049608] [serial_manager]: Could not identify device at port /dev/ttyS2 (VID: None, PID: None, Manufacturer: None, Product: None)
[INFO] [1774740962.789831303] [serial_manager]: Identified device sensor board at port /dev/ttyS2
[INFO] [1774740962.790688412] [serial_manager]: New device detected: /dev/ttyS19 (n/a)
[INFO] [1774740962.791672807] [serial_manager]: Could not identify device at port /dev/ttyS19 (VID: None, PID: None, Manufacturer: None, Product: None)
[INFO] [1774740962.792251743] [serial_manager]: Identified device sensor board at port /dev/ttyS19
[INFO] [1774740962.792961717] [serial_manager]: New device detected: /dev/ttyS18 (n/a)
[INFO] [1774740962.793615266] [serial_manager]: Could not identify device at port /dev/ttyS18 (VID: None, PID: None, Manufacturer: None, Product: None)
[INFO] [1774740962.794274874] [serial_manager]: Identified device sensor board at port /dev/ttyS18
[INFO] [1774740962.794994885] [serial_manager]: New device detected: /dev/ttyS17 (n/a)
[INFO] [1774740962.795746330] [serial_manager]: Could not identify device at port /dev/ttyS17 (VID: None, PID: None, Manufacturer: None, Product: None)
[INFO] [1774740962.796498619] [serial_manager]: Identified device sensor board at port /dev/ttyS17
[INFO] [1774740962.797224148] [serial_manager]: New device detected: /dev/ttyS16 (n/a)
[INFO] [1774740962.798139694] [serial_manager]: Could not identify device at port /dev/ttyS16 (VID: None, PID: None, Manufacturer: None, Product: None)
[INFO] [1774740962.798999639] [serial_manager]: Identified device sensor board at port /dev/ttyS16
[INFO] [1774740962.800200599] [serial_manager]: New device detected: /dev/ttyS15 (n/a)
[INFO] [1774740962.801792444] [serial_manager]: Could not identify device at port /dev/ttyS15 (VID: None, PID: None, Manufacturer: None, Product: None)
[INFO] [1774740962.802927932] [serial_manager]: Identified device sensor board at port /dev/ttyS15
[INFO] [1774740962.803849980] [serial_manager]: New device detected: /dev/ttyS14 (n/a)
[INFO] [1774740962.804752790] [serial_manager]: Could not identify device at port /dev/ttyS14 (VID: None, PID: None, Manufacturer: None, Product: None)
[INFO] [1774740962.805633067] [serial_manager]: Identified device sensor board at port /dev/ttyS14
[INFO] [1774740962.806573374] [serial_manager]: New device detected: /dev/ttyS13 (n/a)
[INFO] [1774740962.807495483] [serial_manager]: Could not identify device at port /dev/ttyS13 (VID: None, PID: None, Manufacturer: None, Product: None)
[INFO] [1774740962.808399378] [serial_manager]: Identified device sensor board at port /dev/ttyS13
[INFO] [1774740962.809214699] [serial_manager]: New device detected: /dev/ttyS12 (n/a)
[INFO] [1774740962.810039561] [serial_manager]: Could not identify device at port /dev/ttyS12 (VID: None, PID: None, Manufacturer: None, Product: None)
[INFO] [1774740962.810771192] [serial_manager]: Identified device sensor board at port /dev/ttyS12
[INFO] [1774740962.811529315] [serial_manager]: New device detected: /dev/ttyS11 (n/a)
[INFO] [1774740962.812269925] [serial_manager]: Could not identify device at port /dev/ttyS11 (VID: None, PID: None, Manufacturer: None, Product: None)
[INFO] [1774740962.813053688] [serial_manager]: Identified device sensor board at port /dev/ttyS11
[INFO] [1774740962.813808926] [serial_manager]: New device detected: /dev/ttyS10 (n/a)
[INFO] [1774740962.814547719] [serial_manager]: Could not identify device at port /dev/ttyS10 (VID: None, PID: None, Manufacturer: None, Product: None)
[INFO] [1774740962.815252909] [serial_manager]: Identified device sensor board at port /dev/ttyS10
[INFO] [1774740962.816233484] [serial_manager]: New device detected: /dev/ttyS1 (n/a)
[INFO] [1774740962.817052345] [serial_manager]: Could not identify device at port /dev/ttyS1 (VID: None, PID: None, Manufacturer: None, Product: None)
[INFO] [1774740962.817884612] [serial_manager]: Identified device sensor board at port /dev/ttyS1
[INFO] [1774740962.818837666] [serial_manager]: New device detected: /dev/ttyS0 (n/a)
[INFO] [1774740962.819868212] [serial_manager]: Could not identify device at port /dev/ttyS0 (VID: None, PID: None, Manufacturer: None, Product: None)
[INFO] [1774740962.820889850] [serial_manager]: Identified device sensor board at port /dev/ttyS0
[INFO] [1774740967.748382374] [serial_manager]: New device detected: /dev/ttyS9 (n/a)
[INFO] [1774740967.748975840] [serial_manager]: Could not identify device at port /dev/ttyS9 (VID: None, PID: None, Manufacturer: None, Product: None)
[INFO] [1774740967.749527720] [serial_manager]: Identified device sensor board at port /dev/ttyS9
[INFO] [1774740967.750056891] [serial_manager]: New device detected: /dev/ttyS8 (n/a)
[INFO] [1774740967.750580622] [serial_manager]: Could not identify device at port /dev/ttyS8 (VID: None, PID: None, Manufacturer: None, Product: None)
[INFO] [1774740967.751149436] [serial_manager]: Identified device sensor board at port /dev/ttyS8
[INFO] [1774740967.751688286] [serial_manager]: New device detected: /dev/ttyS7 (n/a)
[INFO] [1774740967.752245185] [serial_manager]: Could not identify device at port /dev/ttyS7 (VID: None, PID: None, Manufacturer: None, Product: None)
[INFO] [1774740967.752845598] [serial_manager]: Identified device sensor board at port /dev/ttyS7
[INFO] [1774740967.753351551] [serial_manager]: New device detected: /dev/ttyS6 (n/a)
[INFO] [1774740967.754045636] [serial_manager]: Could not identify device at port /dev/ttyS6 (VID: None, PID: None, Manufacturer: None, Product: None)
[INFO] [1774740967.754729200] [serial_manager]: Identified device sensor board at port /dev/ttyS6
[INFO] [1774740967.755450157] [serial_manager]: New device detected: /dev/ttyS5 (n/a)
[INFO] [1774740967.756165858] [serial_manager]: Could not identify device at port /dev/ttyS5 (VID: None, PID: None, Manufacturer: None, Product: None)
[INFO] [1774740967.756875886] [serial_manager]: Identified device sensor board at port /dev/ttyS5
[INFO] [1774740967.757533447] [serial_manager]: New device detected: /dev/ttyS4 (n/a)
[INFO] [1774740967.758146613] [serial_manager]: Could not identify device at port /dev/ttyS4 (VID: None, PID: None, Manufacturer: None, Product: None)
[INFO] [1774740967.758819426] [serial_manager]: Identified device sensor board at port /dev/ttyS4
[INFO] [1774740967.759502228] [serial_manager]: New device detected: /dev/ttyS31 (n/a)
[INFO] [1774740967.760241531] [serial_manager]: Could not identify device at port /dev/ttyS31 (VID: None, PID: None, Manufacturer: None, Product: None)
[INFO] [1774740967.761017947] [serial_manager]: Identified device sensor board at port /dev/ttyS31
[INFO] [1774740967.761774065] [serial_manager]: New device detected: /dev/ttyS30 (n/a)
[INFO] [1774740967.762492005] [serial_manager]: Could not identify device at port /dev/ttyS30 (VID: None, PID: None, Manufacturer: None, Product: None)
[INFO] [1774740967.763292525] [serial_manager]: Identified device sensor board at port /dev/ttyS30
[INFO] [1774740967.764032898] [serial_manager]: New device detected: /dev/ttyS3 (n/a)
[INFO] [1774740967.764756919] [serial_manager]: Could not identify device at port /dev/ttyS3 (VID: None, PID: None, Manufacturer: None, Product: None)
[INFO] [1774740967.765477396] [serial_manager]: Identified device sensor board at port /dev/ttyS3
[INFO] [1774740967.766287194] [serial_manager]: New device detected: /dev/ttyS29 (n/a)
[INFO] [1774740967.767009455] [serial_manager]: Could not identify device at port /dev/ttyS29 (VID: None, PID: None, Manufacturer: None, Product: None)
[INFO] [1774740967.767708036] [serial_manager]: Identified device sensor board at port /dev/ttyS29
[INFO] [1774740967.768383001] [serial_manager]: New device detected: /dev/ttyS28 (n/a)
[INFO] [1774740967.769104238] [serial_manager]: Could not identify device at port /dev/ttyS28 (VID: None, PID: None, Manufacturer: None, Product: None)
[INFO] [1774740967.769820592] [serial_manager]: Identified device sensor board at port /dev/ttyS28
[INFO] [1774740967.770519065] [serial_manager]: New device detected: /dev/ttyS27 (n/a)
[INFO] [1774740967.771615554] [serial_manager]: Could not identify device at port /dev/ttyS27 (VID: None, PID: None, Manufacturer: None, Product: None)
[INFO] [1774740967.772343106] [serial_manager]: Identified device sensor board at port /dev/ttyS27
[INFO] [1774740967.773100143] [serial_manager]: New device detected: /dev/ttyS26 (n/a)
[INFO] [1774740967.773892464] [serial_manager]: Could not identify device at port /dev/ttyS26 (VID: None, PID: None, Manufacturer: None, Product: None)
[INFO] [1774740967.774935423] [serial_manager]: Identified device sensor board at port /dev/ttyS26
[INFO] [1774740967.775677603] [serial_manager]: New device detected: /dev/ttyS25 (n/a)
[INFO] [1774740967.776573195] [serial_manager]: Could not identify device at port /dev/ttyS25 (VID: None, PID: None, Manufacturer: None, Product: None)
[INFO] [1774740967.777436952] [serial_manager]: Identified device sensor board at port /dev/ttyS25
[INFO] [1774740967.778159650] [serial_manager]: New device detected: /dev/ttyS24 (n/a)
[INFO] [1774740967.778895091] [serial_manager]: Could not identify device at port /dev/ttyS24 (VID: None, PID: None, Manufacturer: None, Product: None)
[INFO] [1774740967.779613778] [serial_manager]: Identified device sensor board at port /dev/ttyS24
[INFO] [1774740967.780318614] [serial_manager]: New device detected: /dev/ttyS23 (n/a)
[INFO] [1774740967.781030683] [serial_manager]: Could not identify device at port /dev/ttyS23 (VID: None, PID: None, Manufacturer: None, Product: None)
[INFO] [1774740967.781737559] [serial_manager]: Identified device sensor board at port /dev/ttyS23
[INFO] [1774740967.782426989] [serial_manager]: New device detected: /dev/ttyS22 (n/a)
[INFO] [1774740967.783071679] [serial_manager]: Could not identify device at port /dev/ttyS22 (VID: None, PID: None, Manufacturer: None, Product: None)
[INFO] [1774740967.783765746] [serial_manager]: Identified device sensor board at port /dev/ttyS22
[INFO] [1774740967.784545423] [serial_manager]: New device detected: /dev/ttyS21 (n/a)
[INFO] [1774740967.785336835] [serial_manager]: Could not identify device at port /dev/ttyS21 (VID: None, PID: None, Manufacturer: None, Product: None)
[INFO] [1774740967.786068328] [serial_manager]: Identified device sensor board at port /dev/ttyS21
[INFO] [1774740967.786766454] [serial_manager]: New device detected: /dev/ttyS20 (n/a)
[INFO] [1774740967.787527353] [serial_manager]: Could not identify device at port /dev/ttyS20 (VID: None, PID: None, Manufacturer: None, Product: None)
[INFO] [1774740967.788437863] [serial_manager]: Identified device sensor board at port /dev/ttyS20
[INFO] [1774740967.789416345] [serial_manager]: New device detected: /dev/ttyS2 (n/a)
[INFO] [1774740967.790370321] [serial_manager]: Could not identify device at port /dev/ttyS2 (VID: None, PID: None, Manufacturer: None, Product: None)
[INFO] [1774740967.791159812] [serial_manager]: Identified device sensor board at port /dev/ttyS2
[INFO] [1774740967.791865561] [serial_manager]: New device detected: /dev/ttyS19 (n/a)
[INFO] [1774740967.792613874] [serial_manager]: Could not identify device at port /dev/ttyS19 (VID: None, PID: None, Manufacturer: None, Product: None)
[INFO] [1774740967.793402754] [serial_manager]: Identified device sensor board at port /dev/ttyS19
[INFO] [1774740967.794297053] [serial_manager]: New device detected: /dev/ttyS18 (n/a)
[INFO] [1774740967.795038344] [serial_manager]: Could not identify device at port /dev/ttyS18 (VID: None, PID: None, Manufacturer: None, Product: None)
[INFO] [1774740967.795711296] [serial_manager]: Identified device sensor board at port /dev/ttyS18
[INFO] [1774740967.796414882] [serial_manager]: New device detected: /dev/ttyS17 (n/a)
[INFO] [1774740967.797168558] [serial_manager]: Could not identify device at port /dev/ttyS17 (VID: None, PID: None, Manufacturer: None, Product: None)
[INFO] [1774740967.797896738] [serial_manager]: Identified device sensor board at port /dev/ttyS17
[INFO] [1774740967.798612539] [serial_manager]: New device detected: /dev/ttyS16 (n/a)
[INFO] [1774740967.799336675] [serial_manager]: Could not identify device at port /dev/ttyS16 (VID: None, PID: None, Manufacturer: None, Product: None)
[INFO] [1774740967.800469791] [serial_manager]: Identified device sensor board at port /dev/ttyS16
[INFO] [1774740967.801527207] [serial_manager]: New device detected: /dev/ttyS15 (n/a)
[INFO] [1774740967.802458680] [serial_manager]: Could not identify device at port /dev/ttyS15 (VID: None, PID: None, Manufacturer: None, Product: None)
[INFO] [1774740967.803404123] [serial_manager]: Identified device sensor board at port /dev/ttyS15
[INFO] [1774740967.804268718] [serial_manager]: New device detected: /dev/ttyS14 (n/a)
[INFO] [1774740967.805117901] [serial_manager]: Could not identify device at port /dev/ttyS14 (VID: None, PID: None, Manufacturer: None, Product: None)
[INFO] [1774740967.806032266] [serial_manager]: Identified device sensor board at port /dev/ttyS14
[INFO] [1774740967.806929436] [serial_manager]: New device detected: /dev/ttyS13 (n/a)
[INFO] [1774740967.807910783] [serial_manager]: Could not identify device at port /dev/ttyS13 (VID: None, PID: None, Manufacturer: None, Product: None)
[INFO] [1774740967.808852045] [serial_manager]: Identified device sensor board at port /dev/ttyS13
[INFO] [1774740967.809768081] [serial_manager]: New device detected: /dev/ttyS12 (n/a)
[INFO] [1774740967.810765299] [serial_manager]: Could not identify device at port /dev/ttyS12 (VID: None, PID: None, Manufacturer: None, Product: None)
[INFO] [1774740967.811729800] [serial_manager]: Identified device sensor board at port /dev/ttyS12
[INFO] [1774740967.812752280] [serial_manager]: New device detected: /dev/ttyS11 (n/a)
[INFO] [1774740967.813770583] [serial_manager]: Could not identify device at port /dev/ttyS11 (VID: None, PID: None, Manufacturer: None, Product: None)
[INFO] [1774740967.814854727] [serial_manager]: Identified device sensor board at port /dev/ttyS11
[INFO] [1774740967.815872515] [serial_manager]: New device detected: /dev/ttyS10 (n/a)
[INFO] [1774740967.816931852] [serial_manager]: Could not identify device at port /dev/ttyS10 (VID: None, PID: None, Manufacturer: None, Product: None)
[INFO] [1774740967.817890456] [serial_manager]: Identified device sensor board at port /dev/ttyS10
[INFO] [1774740967.818945895] [serial_manager]: New device detected: /dev/ttyS1 (n/a)
[INFO] [1774740967.820045962] [serial_manager]: Could not identify device at port /dev/ttyS1 (VID: None, PID: None, Manufacturer: None, Product: None)
[INFO] [1774740967.821284303] [serial_manager]: Identified device sensor board at port /dev/ttyS1
[INFO] [1774740967.822249273] [serial_manager]: New device detected: /dev/ttyS0 (n/a)
[INFO] [1774740967.823012631] [serial_manager]: Could not identify device at port /dev/ttyS0 (VID: None, PID: None, Manufacturer: None, Product: None)
[INFO] [1774740967.823493882] [serial_manager]: Identified device sensor board at port /dev/ttyS0
[INFO] [1774740972.752852048] [serial_manager]: New device detected: /dev/ttyS9 (n/a)
[INFO] [1774740972.753535443] [serial_manager]: Could not identify device at port /dev/ttyS9 (VID: None, PID: None, Manufacturer: None, Product: None)
[INFO] [1774740972.754121849] [serial_manager]: Identified device sensor board at port /dev/ttyS9
[INFO] [1774740972.754687595] [serial_manager]: New device detected: /dev/ttyS8 (n/a)
[INFO] [1774740972.755285379] [serial_manager]: Could not identify device at port /dev/ttyS8 (VID: None, PID: None, Manufacturer: None, Product: None)
[INFO] [1774740972.755898759] [serial_manager]: Identified device sensor board at port /dev/ttyS8
[INFO] [1774740972.756420151] [serial_manager]: New device detected: /dev/ttyS7 (n/a)
[INFO] [1774740972.756983990] [serial_manager]: Could not identify device at port /dev/ttyS7 (VID: None, PID: None, Manufacturer: None, Product: None)
[INFO] [1774740972.757510236] [serial_manager]: Identified device sensor board at port /dev/ttyS7
[INFO] [1774740972.758220691] [serial_manager]: New device detected: /dev/ttyS6 (n/a)
[INFO] [1774740972.758999193] [serial_manager]: Could not identify device at port /dev/ttyS6 (VID: None, PID: None, Manufacturer: None, Product: None)
[INFO] [1774740972.759794262] [serial_manager]: Identified device sensor board at port /dev/ttyS6
[INFO] [1774740972.760509839] [serial_manager]: New device detected: /dev/ttyS5 (n/a)
[INFO] [1774740972.761397544] [serial_manager]: Could not identify device at port /dev/ttyS5 (VID: None, PID: None, Manufacturer: None, Product: None)
[INFO] [1774740972.762191281] [serial_manager]: Identified device sensor board at port /dev/ttyS5
[INFO] [1774740972.762964970] [serial_manager]: New device detected: /dev/ttyS4 (n/a)
[INFO] [1774740972.763752344] [serial_manager]: Could not identify device at port /dev/ttyS4 (VID: None, PID: None, Manufacturer: None, Product: None)
[INFO] [1774740972.764608417] [serial_manager]: Identified device sensor board at port /dev/ttyS4
[INFO] [1774740972.765144483] [serial_manager]: New device detected: /dev/ttyS31 (n/a)
[INFO] [1774740972.765665643] [serial_manager]: Could not identify device at port /dev/ttyS31 (VID: None, PID: None, Manufacturer: None, Product: None)
[INFO] [1774740972.766185073] [serial_manager]: Identified device sensor board at port /dev/ttyS31
[INFO] [1774740972.766735367] [serial_manager]: New device detected: /dev/ttyS30 (n/a)
[INFO] [1774740972.767206583] [serial_manager]: Could not identify device at port /dev/ttyS30 (VID: None, PID: None, Manufacturer: None, Product: None)
[INFO] [1774740972.767835502] [serial_manager]: Identified device sensor board at port /dev/ttyS30
[INFO] [1774740972.768513602] [serial_manager]: New device detected: /dev/ttyS3 (n/a)
[INFO] [1774740972.769197424] [serial_manager]: Could not identify device at port /dev/ttyS3 (VID: None, PID: None, Manufacturer: None, Product: None)
[INFO] [1774740972.769883936] [serial_manager]: Identified device sensor board at port /dev/ttyS3
[INFO] [1774740972.770454504] [serial_manager]: New device detected: /dev/ttyS29 (n/a)
[INFO] [1774740972.771113802] [serial_manager]: Could not identify device at port /dev/ttyS29 (VID: None, PID: None, Manufacturer: None, Product: None)
[INFO] [1774740972.771829517] [serial_manager]: Identified device sensor board at port /dev/ttyS29
[INFO] [1774740972.772535004] [serial_manager]: New device detected: /dev/ttyS28 (n/a)
[INFO] [1774740972.773614329] [serial_manager]: Could not identify device at port /dev/ttyS28 (VID: None, PID: None, Manufacturer: None, Product: None)
[INFO] [1774740972.774414741] [serial_manager]: Identified device sensor board at port /dev/ttyS28
[INFO] [1774740972.775212340] [serial_manager]: New device detected: /dev/ttyS27 (n/a)
[INFO] [1774740972.775980268] [serial_manager]: Could not identify device at port /dev/ttyS27 (VID: None, PID: None, Manufacturer: None, Product: None)
[INFO] [1774740972.776717549] [serial_manager]: Identified device sensor board at port /dev/ttyS27
[INFO] [1774740972.777380682] [serial_manager]: New device detected: /dev/ttyS26 (n/a)
[INFO] [1774740972.778100868] [serial_manager]: Could not identify device at port /dev/ttyS26 (VID: None, PID: None, Manufacturer: None, Product: None)
[INFO] [1774740972.778844301] [serial_manager]: Identified device sensor board at port /dev/ttyS26
[INFO] [1774740972.780054072] [serial_manager]: New device detected: /dev/ttyS25 (n/a)
[INFO] [1774740972.781169761] [serial_manager]: Could not identify device at port /dev/ttyS25 (VID: None, PID: None, Manufacturer: None, Product: None)
[INFO] [1774740972.781935030] [serial_manager]: Identified device sensor board at port /dev/ttyS25
[INFO] [1774740972.782670248] [serial_manager]: New device detected: /dev/ttyS24 (n/a)
[INFO] [1774740972.783380135] [serial_manager]: Could not identify device at port /dev/ttyS24 (VID: None, PID: None, Manufacturer: None, Product: None)
[INFO] [1774740972.784112479] [serial_manager]: Identified device sensor board at port /dev/ttyS24
[INFO] [1774740972.784838057] [serial_manager]: New device detected: /dev/ttyS23 (n/a)
[INFO] [1774740972.785543886] [serial_manager]: Could not identify device at port /dev/ttyS23 (VID: None, PID: None, Manufacturer: None, Product: None)
[INFO] [1774740972.786707041] [serial_manager]: Identified device sensor board at port /dev/ttyS23
[INFO] [1774740972.788105202] [serial_manager]: New device detected: /dev/ttyS22 (n/a)
[INFO] [1774740972.788867185] [serial_manager]: Could not identify device at port /dev/ttyS22 (VID: None, PID: None, Manufacturer: None, Product: None)
[INFO] [1774740972.789584443] [serial_manager]: Identified device sensor board at port /dev/ttyS22
[INFO] [1774740972.790339345] [serial_manager]: New device detected: /dev/ttyS21 (n/a)
[INFO] [1774740972.791271387] [serial_manager]: Could not identify device at port /dev/ttyS21 (VID: None, PID: None, Manufacturer: None, Product: None)
[INFO] [1774740972.792012214] [serial_manager]: Identified device sensor board at port /dev/ttyS21
[INFO] [1774740972.792579405] [serial_manager]: New device detected: /dev/ttyS20 (n/a)
[INFO] [1774740972.793346332] [serial_manager]: Could not identify device at port /dev/ttyS20 (VID: None, PID: None, Manufacturer: None, Product: None)
[INFO] [1774740972.793953184] [serial_manager]: Identified device sensor board at port /dev/ttyS20
[INFO] [1774740972.794603796] [serial_manager]: New device detected: /dev/ttyS2 (n/a)
[INFO] [1774740972.795555086] [serial_manager]: Could not identify device at port /dev/ttyS2 (VID: None, PID: None, Manufacturer: None, Product: None)
[INFO] [1774740972.796266195] [serial_manager]: Identified device sensor board at port /dev/ttyS2
[INFO] [1774740972.796995266] [serial_manager]: New device detected: /dev/ttyS19 (n/a)
[INFO] [1774740972.797807651] [serial_manager]: Could not identify device at port /dev/ttyS19 (VID: None, PID: None, Manufacturer: None, Product: None)
[INFO] [1774740972.798563913] [serial_manager]: Identified device sensor board at port /dev/ttyS19
[INFO] [1774740972.799291658] [serial_manager]: New device detected: /dev/ttyS18 (n/a)
[INFO] [1774740972.799925360] [serial_manager]: Could not identify device at port /dev/ttyS18 (VID: None, PID: None, Manufacturer: None, Product: None)
[INFO] [1774740972.800574853] [serial_manager]: Identified device sensor board at port /dev/ttyS18
[INFO] [1774740972.801242566] [serial_manager]: New device detected: /dev/ttyS17 (n/a)
[INFO] [1774740972.801862967] [serial_manager]: Could not identify device at port /dev/ttyS17 (VID: None, PID: None, Manufacturer: None, Product: None)
[INFO] [1774740972.802479638] [serial_manager]: Identified device sensor board at port /dev/ttyS17
[INFO] [1774740972.803257085] [serial_manager]: New device detected: /dev/ttyS16 (n/a)
[INFO] [1774740972.803964733] [serial_manager]: Could not identify device at port /dev/ttyS16 (VID: None, PID: None, Manufacturer: None, Product: None)
[INFO] [1774740972.804684256] [serial_manager]: Identified device sensor board at port /dev/ttyS16
[INFO] [1774740972.805390121] [serial_manager]: New device detected: /dev/ttyS15 (n/a)
[INFO] [1774740972.806114856] [serial_manager]: Could not identify device at port /dev/ttyS15 (VID: None, PID: None, Manufacturer: None, Product: None)
[INFO] [1774740972.806890090] [serial_manager]: Identified device sensor board at port /dev/ttyS15
[INFO] [1774740972.807713048] [serial_manager]: New device detected: /dev/ttyS14 (n/a)
[INFO] [1774740972.808791902] [serial_manager]: Could not identify device at port /dev/ttyS14 (VID: None, PID: None, Manufacturer: None, Product: None)
[INFO] [1774740972.809683376] [serial_manager]: Identified device sensor board at port /dev/ttyS14
[INFO] [1774740972.810283328] [serial_manager]: New device detected: /dev/ttyS13 (n/a)
[INFO] [1774740972.810926612] [serial_manager]: Could not identify device at port /dev/ttyS13 (VID: None, PID: None, Manufacturer: None, Product: None)
[INFO] [1774740972.811944763] [serial_manager]: Identified device sensor board at port /dev/ttyS13
[INFO] [1774740972.812829608] [serial_manager]: New device detected: /dev/ttyS12 (n/a)
[INFO] [1774740972.813662946] [serial_manager]: Could not identify device at port /dev/ttyS12 (VID: None, PID: None, Manufacturer: None, Product: None)
[INFO] [1774740972.814385075] [serial_manager]: Identified device sensor board at port /dev/ttyS12
[INFO] [1774740972.815438084] [serial_manager]: New device detected: /dev/ttyS11 (n/a)
[INFO] [1774740972.816166444] [serial_manager]: Could not identify device at port /dev/ttyS11 (VID: None, PID: None, Manufacturer: None, Product: None)
[INFO] [1774740972.816814597] [serial_manager]: Identified device sensor board at port /dev/ttyS11
[INFO] [1774740972.817580083] [serial_manager]: New device detected: /dev/ttyS10 (n/a)
[INFO] [1774740972.818281146] [serial_manager]: Could not identify device at port /dev/ttyS10 (VID: None, PID: None, Manufacturer: None, Product: None)
[INFO] [1774740972.819110515] [serial_manager]: Identified device sensor board at port /dev/ttyS10
[INFO] [1774740972.819857472] [serial_manager]: New device detected: /dev/ttyS1 (n/a)
[INFO] [1774740972.820574760] [serial_manager]: Could not identify device at port /dev/ttyS1 (VID: None, PID: None, Manufacturer: None, Product: None)
[INFO] [1774740972.821311129] [serial_manager]: Identified device sensor board at port /dev/ttyS1
[INFO] [1774740972.822033899] [serial_manager]: New device detected: /dev/ttyS0 (n/a)
[INFO] [1774740972.822759975] [serial_manager]: Could not identify device at port /dev/ttyS0 (VID: None, PID: None, Manufacturer: None, Product: None)
[INFO] [1774740972.823475875] [serial_manager]: Identified device sensor board at port /dev/ttyS0
[INFO] [1774740977.748467899] [serial_manager]: New device detected: /dev/ttyS9 (n/a)
[INFO] [1774740977.749110972] [serial_manager]: Could not identify device at port /dev/ttyS9 (VID: None, PID: None, Manufacturer: None, Product: None)
[INFO] [1774740977.749660038] [serial_manager]: Identified device sensor board at port /dev/ttyS9
[INFO] [1774740977.750185302] [serial_manager]: New device detected: /dev/ttyS8 (n/a)
[INFO] [1774740977.750705915] [serial_manager]: Could not identify device at port /dev/ttyS8 (VID: None, PID: None, Manufacturer: None, Product: None)
[INFO] [1774740977.751211039] [serial_manager]: Identified device sensor board at port /dev/ttyS8
[INFO] [1774740977.751659331] [serial_manager]: New device detected: /dev/ttyS7 (n/a)
[INFO] [1774740977.752083839] [serial_manager]: Could not identify device at port /dev/ttyS7 (VID: None, PID: None, Manufacturer: None, Product: None)
[INFO] [1774740977.752507090] [serial_manager]: Identified device sensor board at port /dev/ttyS7
[INFO] [1774740977.752948452] [serial_manager]: New device detected: /dev/ttyS6 (n/a)
[INFO] [1774740977.753401031] [serial_manager]: Could not identify device at port /dev/ttyS6 (VID: None, PID: None, Manufacturer: None, Product: None)
[INFO] [1774740977.753921145] [serial_manager]: Identified device sensor board at port /dev/ttyS6
[INFO] [1774740977.756018839] [serial_manager]: New device detected: /dev/ttyS5 (n/a)
[INFO] [1774740977.756692693] [serial_manager]: Could not identify device at port /dev/ttyS5 (VID: None, PID: None, Manufacturer: None, Product: None)
[INFO] [1774740977.757297439] [serial_manager]: Identified device sensor board at port /dev/ttyS5
[INFO] [1774740977.758627793] [serial_manager]: New device detected: /dev/ttyS4 (n/a)
[INFO] [1774740977.759404580] [serial_manager]: Could not identify device at port /dev/ttyS4 (VID: None, PID: None, Manufacturer: None, Product: None)
[INFO] [1774740977.760235928] [serial_manager]: Identified device sensor board at port /dev/ttyS4
[INFO] [1774740977.761063934] [serial_manager]: New device detected: /dev/ttyS31 (n/a)
[INFO] [1774740977.761834233] [serial_manager]: Could not identify device at port /dev/ttyS31 (VID: None, PID: None, Manufacturer: None, Product: None)
[INFO] [1774740977.762563434] [serial_manager]: Identified device sensor board at port /dev/ttyS31
[INFO] [1774740977.763395939] [serial_manager]: New device detected: /dev/ttyS30 (n/a)
[INFO] [1774740977.764136495] [serial_manager]: Could not identify device at port /dev/ttyS30 (VID: None, PID: None, Manufacturer: None, Product: None)
[INFO] [1774740977.764892222] [serial_manager]: Identified device sensor board at port /dev/ttyS30
[INFO] [1774740977.765645806] [serial_manager]: New device detected: /dev/ttyS3 (n/a)
[INFO] [1774740977.766351751] [serial_manager]: Could not identify device at port /dev/ttyS3 (VID: None, PID: None, Manufacturer: None, Product: None)
[INFO] [1774740977.767068807] [serial_manager]: Identified device sensor board at port /dev/ttyS3
[INFO] [1774740977.767791099] [serial_manager]: New device detected: /dev/ttyS29 (n/a)
[INFO] [1774740977.768517693] [serial_manager]: Could not identify device at port /dev/ttyS29 (VID: None, PID: None, Manufacturer: None, Product: None)
[INFO] [1774740977.769253077] [serial_manager]: Identified device sensor board at port /dev/ttyS29
[INFO] [1774740977.770138815] [serial_manager]: New device detected: /dev/ttyS28 (n/a)
[INFO] [1774740977.770922238] [serial_manager]: Could not identify device at port /dev/ttyS28 (VID: None, PID: None, Manufacturer: None, Product: None)
[INFO] [1774740977.771639436] [serial_manager]: Identified device sensor board at port /dev/ttyS28
[INFO] [1774740977.772349340] [serial_manager]: New device detected: /dev/ttyS27 (n/a)
[INFO] [1774740977.773100291] [serial_manager]: Could not identify device at port /dev/ttyS27 (VID: None, PID: None, Manufacturer: None, Product: None)
[INFO] [1774740977.773826784] [serial_manager]: Identified device sensor board at port /dev/ttyS27
[INFO] [1774740977.774517301] [serial_manager]: New device detected: /dev/ttyS26 (n/a)
[INFO] [1774740977.775211746] [serial_manager]: Could not identify device at port /dev/ttyS26 (VID: None, PID: None, Manufacturer: None, Product: None)
[INFO] [1774740977.775902769] [serial_manager]: Identified device sensor board at port /dev/ttyS26
[INFO] [1774740977.776571898] [serial_manager]: New device detected: /dev/ttyS25 (n/a)
[INFO] [1774740977.777262164] [serial_manager]: Could not identify device at port /dev/ttyS25 (VID: None, PID: None, Manufacturer: None, Product: None)
[INFO] [1774740977.777962929] [serial_manager]: Identified device sensor board at port /dev/ttyS25
[INFO] [1774740977.778699805] [serial_manager]: New device detected: /dev/ttyS24 (n/a)
[INFO] [1774740977.779355080] [serial_manager]: Could not identify device at port /dev/ttyS24 (VID: None, PID: None, Manufacturer: None, Product: None)
[INFO] [1774740977.780097452] [serial_manager]: Identified device sensor board at port /dev/ttyS24
[INFO] [1774740977.780867853] [serial_manager]: New device detected: /dev/ttyS23 (n/a)
[INFO] [1774740977.783384487] [serial_manager]: Could not identify device at port /dev/ttyS23 (VID: None, PID: None, Manufacturer: None, Product: None)
[INFO] [1774740977.784439466] [serial_manager]: Identified device sensor board at port /dev/ttyS23
[INFO] [1774740977.785334026] [serial_manager]: New device detected: /dev/ttyS22 (n/a)
[INFO] [1774740977.786141305] [serial_manager]: Could not identify device at port /dev/ttyS22 (VID: None, PID: None, Manufacturer: None, Product: None)
[INFO] [1774740977.786929567] [serial_manager]: Identified device sensor board at port /dev/ttyS22
[INFO] [1774740977.787881841] [serial_manager]: New device detected: /dev/ttyS21 (n/a)
[INFO] [1774740977.788664167] [serial_manager]: Could not identify device at port /dev/ttyS21 (VID: None, PID: None, Manufacturer: None, Product: None)
[INFO] [1774740977.789355188] [serial_manager]: Identified device sensor board at port /dev/ttyS21
[INFO] [1774740977.790007701] [serial_manager]: New device detected: /dev/ttyS20 (n/a)
[INFO] [1774740977.790652650] [serial_manager]: Could not identify device at port /dev/ttyS20 (VID: None, PID: None, Manufacturer: None, Product: None)
[INFO] [1774740977.791187736] [serial_manager]: Identified device sensor board at port /dev/ttyS20
[INFO] [1774740977.791685603] [serial_manager]: New device detected: /dev/ttyS2 (n/a)
[INFO] [1774740977.792171214] [serial_manager]: Could not identify device at port /dev/ttyS2 (VID: None, PID: None, Manufacturer: None, Product: None)
[INFO] [1774740977.792694915] [serial_manager]: Identified device sensor board at port /dev/ttyS2
[INFO] [1774740977.793249523] [serial_manager]: New device detected: /dev/ttyS19 (n/a)
[INFO] [1774740977.793996013] [serial_manager]: Could not identify device at port /dev/ttyS19 (VID: None, PID: None, Manufacturer: None, Product: None)
[INFO] [1774740977.794488015] [serial_manager]: Identified device sensor board at port /dev/ttyS19
[INFO] [1774740977.794937520] [serial_manager]: New device detected: /dev/ttyS18 (n/a)
[INFO] [1774740977.795378456] [serial_manager]: Could not identify device at port /dev/ttyS18 (VID: None, PID: None, Manufacturer: None, Product: None)
[INFO] [1774740977.795893247] [serial_manager]: Identified device sensor board at port /dev/ttyS18
[INFO] [1774740977.796388505] [serial_manager]: New device detected: /dev/ttyS17 (n/a)
[INFO] [1774740977.796923410] [serial_manager]: Could not identify device at port /dev/ttyS17 (VID: None, PID: None, Manufacturer: None, Product: None)
[INFO] [1774740977.797563551] [serial_manager]: Identified device sensor board at port /dev/ttyS17
[INFO] [1774740977.798121976] [serial_manager]: New device detected: /dev/ttyS16 (n/a)
[INFO] [1774740977.798646329] [serial_manager]: Could not identify device at port /dev/ttyS16 (VID: None, PID: None, Manufacturer: None, Product: None)
[INFO] [1774740977.799316523] [serial_manager]: Identified device sensor board at port /dev/ttyS16
[INFO] [1774740977.800058211] [serial_manager]: New device detected: /dev/ttyS15 (n/a)
[INFO] [1774740977.800678855] [serial_manager]: Could not identify device at port /dev/ttyS15 (VID: None, PID: None, Manufacturer: None, Product: None)
[INFO] [1774740977.801289168] [serial_manager]: Identified device sensor board at port /dev/ttyS15
[INFO] [1774740977.801913065] [serial_manager]: New device detected: /dev/ttyS14 (n/a)
[INFO] [1774740977.802583879] [serial_manager]: Could not identify device at port /dev/ttyS14 (VID: None, PID: None, Manufacturer: None, Product: None)
[INFO] [1774740977.803350147] [serial_manager]: Identified device sensor board at port /dev/ttyS14
[INFO] [1774740977.804050653] [serial_manager]: New device detected: /dev/ttyS13 (n/a)
[INFO] [1774740977.804733231] [serial_manager]: Could not identify device at port /dev/ttyS13 (VID: None, PID: None, Manufacturer: None, Product: None)
[INFO] [1774740977.805497965] [serial_manager]: Identified device sensor board at port /dev/ttyS13
[INFO] [1774740977.806226267] [serial_manager]: New device detected: /dev/ttyS12 (n/a)
[INFO] [1774740977.806918512] [serial_manager]: Could not identify device at port /dev/ttyS12 (VID: None, PID: None, Manufacturer: None, Product: None)
[INFO] [1774740977.807623334] [serial_manager]: Identified device sensor board at port /dev/ttyS12
[INFO] [1774740977.808353481] [serial_manager]: New device detected: /dev/ttyS11 (n/a)
[INFO] [1774740977.809047401] [serial_manager]: Could not identify device at port /dev/ttyS11 (VID: None, PID: None, Manufacturer: None, Product: None)
[INFO] [1774740977.809735840] [serial_manager]: Identified device sensor board at port /dev/ttyS11
[INFO] [1774740977.810411549] [serial_manager]: New device detected: /dev/ttyS10 (n/a)
[INFO] [1774740977.811229810] [serial_manager]: Could not identify device at port /dev/ttyS10 (VID: None, PID: None, Manufacturer: None, Product: None)
[INFO] [1774740977.811961960] [serial_manager]: Identified device sensor board at port /dev/ttyS10
[INFO] [1774740977.812883957] [serial_manager]: New device detected: /dev/ttyS1 (n/a)
[INFO] [1774740977.813629550] [serial_manager]: Could not identify device at port /dev/ttyS1 (VID: None, PID: None, Manufacturer: None, Product: None)
[INFO] [1774740977.814448782] [serial_manager]: Identified device sensor board at port /dev/ttyS1
[INFO] [1774740977.815171344] [serial_manager]: New device detected: /dev/ttyS0 (n/a)
[INFO] [1774740977.815883629] [serial_manager]: Could not identify device at port /dev/ttyS0 (VID: None, PID: None, Manufacturer: None, Product: None)
[INFO] [1774740977.816571730] [serial_manager]: Identified device sensor board at port /dev/ttyS0
[INFO] [1774740982.748377221] [serial_manager]: New device detected: /dev/ttyS9 (n/a)
[INFO] [1774740982.749103643] [serial_manager]: Could not identify device at port /dev/ttyS9 (VID: None, PID: None, Manufacturer: None, Product: None)
[INFO] [1774740982.749695007] [serial_manager]: Identified device sensor board at port /dev/ttyS9
[INFO] [1774740982.750179664] [serial_manager]: New device detected: /dev/ttyS8 (n/a)
[INFO] [1774740982.750658717] [serial_manager]: Could not identify device at port /dev/ttyS8 (VID: None, PID: None, Manufacturer: None, Product: None)
[INFO] [1774740982.751114318] [serial_manager]: Identified device sensor board at port /dev/ttyS8
[INFO] [1774740982.751561824] [serial_manager]: New device detected: /dev/ttyS7 (n/a)
[INFO] [1774740982.752761134] [serial_manager]: Could not identify device at port /dev/ttyS7 (VID: None, PID: None, Manufacturer: None, Product: None)
[INFO] [1774740982.753264304] [serial_manager]: Identified device sensor board at port /dev/ttyS7
[INFO] [1774740982.753793953] [serial_manager]: New device detected: /dev/ttyS6 (n/a)
[INFO] [1774740982.754252077] [serial_manager]: Could not identify device at port /dev/ttyS6 (VID: None, PID: None, Manufacturer: None, Product: None)
[INFO] [1774740982.754724592] [serial_manager]: Identified device sensor board at port /dev/ttyS6
[INFO] [1774740982.755174496] [serial_manager]: New device detected: /dev/ttyS5 (n/a)
[INFO] [1774740982.755637091] [serial_manager]: Could not identify device at port /dev/ttyS5 (VID: None, PID: None, Manufacturer: None, Product: None)
[INFO] [1774740982.756109310] [serial_manager]: Identified device sensor board at port /dev/ttyS5
[INFO] [1774740982.756790800] [serial_manager]: New device detected: /dev/ttyS4 (n/a)
[INFO] [1774740982.757505137] [serial_manager]: Could not identify device at port /dev/ttyS4 (VID: None, PID: None, Manufacturer: None, Product: None)
[INFO] [1774740982.758153400] [serial_manager]: Identified device sensor board at port /dev/ttyS4
[INFO] [1774740982.758807540] [serial_manager]: New device detected: /dev/ttyS31 (n/a)
[INFO] [1774740982.759481338] [serial_manager]: Could not identify device at port /dev/ttyS31 (VID: None, PID: None, Manufacturer: None, Product: None)
[INFO] [1774740982.760143858] [serial_manager]: Identified device sensor board at port /dev/ttyS31
[INFO] [1774740982.760765415] [serial_manager]: New device detected: /dev/ttyS30 (n/a)
[INFO] [1774740982.761371482] [serial_manager]: Could not identify device at port /dev/ttyS30 (VID: None, PID: None, Manufacturer: None, Product: None)
[INFO] [1774740982.762059443] [serial_manager]: Identified device sensor board at port /dev/ttyS30
[INFO] [1774740982.762840217] [serial_manager]: New device detected: /dev/ttyS3 (n/a)
[INFO] [1774740982.763574108] [serial_manager]: Could not identify device at port /dev/ttyS3 (VID: None, PID: None, Manufacturer: None, Product: None)
[INFO] [1774740982.764353674] [serial_manager]: Identified device sensor board at port /dev/ttyS3
[INFO] [1774740982.765170140] [serial_manager]: New device detected: /dev/ttyS29 (n/a)
[INFO] [1774740982.765937352] [serial_manager]: Could not identify device at port /dev/ttyS29 (VID: None, PID: None, Manufacturer: None, Product: None)
[INFO] [1774740982.766725164] [serial_manager]: Identified device sensor board at port /dev/ttyS29
[INFO] [1774740982.767468329] [serial_manager]: New device detected: /dev/ttyS28 (n/a)
[INFO] [1774740982.768223647] [serial_manager]: Could not identify device at port /dev/ttyS28 (VID: None, PID: None, Manufacturer: None, Product: None)
[INFO] [1774740982.768984740] [serial_manager]: Identified device sensor board at port /dev/ttyS28
[INFO] [1774740982.769752717] [serial_manager]: New device detected: /dev/ttyS27 (n/a)
[INFO] [1774740982.770495021] [serial_manager]: Could not identify device at port /dev/ttyS27 (VID: None, PID: None, Manufacturer: None, Product: None)
[INFO] [1774740982.771186100] [serial_manager]: Identified device sensor board at port /dev/ttyS27
[INFO] [1774740982.771780021] [serial_manager]: New device detected: /dev/ttyS26 (n/a)
[INFO] [1774740982.772344925] [serial_manager]: Could not identify device at port /dev/ttyS26 (VID: None, PID: None, Manufacturer: None, Product: None)
[INFO] [1774740982.773131111] [serial_manager]: Identified device sensor board at port /dev/ttyS26
[INFO] [1774740982.773836260] [serial_manager]: New device detected: /dev/ttyS25 (n/a)
[INFO] [1774740982.774399301] [serial_manager]: Could not identify device at port /dev/ttyS25 (VID: None, PID: None, Manufacturer: None, Product: None)
[INFO] [1774740982.775244577] [serial_manager]: Identified device sensor board at port /dev/ttyS25
[INFO] [1774740982.775999755] [serial_manager]: New device detected: /dev/ttyS24 (n/a)
[INFO] [1774740982.776826597] [serial_manager]: Could not identify device at port /dev/ttyS24 (VID: None, PID: None, Manufacturer: None, Product: None)
[INFO] [1774740982.777734848] [serial_manager]: Identified device sensor board at port /dev/ttyS24
[INFO] [1774740982.778414334] [serial_manager]: New device detected: /dev/ttyS23 (n/a)
[INFO] [1774740982.779122086] [serial_manager]: Could not identify device at port /dev/ttyS23 (VID: None, PID: None, Manufacturer: None, Product: None)
[INFO] [1774740982.779987501] [serial_manager]: Identified device sensor board at port /dev/ttyS23
[INFO] [1774740982.781164739] [serial_manager]: New device detected: /dev/ttyS22 (n/a)
[INFO] [1774740982.781877620] [serial_manager]: Could not identify device at port /dev/ttyS22 (VID: None, PID: None, Manufacturer: None, Product: None)
[INFO] [1774740982.782444809] [serial_manager]: Identified device sensor board at port /dev/ttyS22
[INFO] [1774740982.783166465] [serial_manager]: New device detected: /dev/ttyS21 (n/a)
[INFO] [1774740982.783907734] [serial_manager]: Could not identify device at port /dev/ttyS21 (VID: None, PID: None, Manufacturer: None, Product: None)
[INFO] [1774740982.784631022] [serial_manager]: Identified device sensor board at port /dev/ttyS21
[INFO] [1774740982.785306774] [serial_manager]: New device detected: /dev/ttyS20 (n/a)
[INFO] [1774740982.786014042] [serial_manager]: Could not identify device at port /dev/ttyS20 (VID: None, PID: None, Manufacturer: None, Product: None)
[INFO] [1774740982.786970686] [serial_manager]: Identified device sensor board at port /dev/ttyS20
[INFO] [1774740982.787766795] [serial_manager]: New device detected: /dev/ttyS2 (n/a)
[INFO] [1774740982.788742381] [serial_manager]: Could not identify device at port /dev/ttyS2 (VID: None, PID: None, Manufacturer: None, Product: None)
[INFO] [1774740982.789791910] [serial_manager]: Identified device sensor board at port /dev/ttyS2
[INFO] [1774740982.790641480] [serial_manager]: New device detected: /dev/ttyS19 (n/a)
[INFO] [1774740982.791498617] [serial_manager]: Could not identify device at port /dev/ttyS19 (VID: None, PID: None, Manufacturer: None, Product: None)
[INFO] [1774740982.792341864] [serial_manager]: Identified device sensor board at port /dev/ttyS19
[INFO] [1774740982.793107687] [serial_manager]: New device detected: /dev/ttyS18 (n/a)
[INFO] [1774740982.793825884] [serial_manager]: Could not identify device at port /dev/ttyS18 (VID: None, PID: None, Manufacturer: None, Product: None)
[INFO] [1774740982.794534721] [serial_manager]: Identified device sensor board at port /dev/ttyS18
[INFO] [1774740982.795247655] [serial_manager]: New device detected: /dev/ttyS17 (n/a)
[INFO] [1774740982.796012661] [serial_manager]: Could not identify device at port /dev/ttyS17 (VID: None, PID: None, Manufacturer: None, Product: None)
[INFO] [1774740982.796777155] [serial_manager]: Identified device sensor board at port /dev/ttyS17
[INFO] [1774740982.797493841] [serial_manager]: New device detected: /dev/ttyS16 (n/a)
[INFO] [1774740982.798312934] [serial_manager]: Could not identify device at port /dev/ttyS16 (VID: None, PID: None, Manufacturer: None, Product: None)
[INFO] [1774740982.799078264] [serial_manager]: Identified device sensor board at port /dev/ttyS16
[INFO] [1774740982.799846349] [serial_manager]: New device detected: /dev/ttyS15 (n/a)
[INFO] [1774740982.800581013] [serial_manager]: Could not identify device at port /dev/ttyS15 (VID: None, PID: None, Manufacturer: None, Product: None)
[INFO] [1774740982.801674077] [serial_manager]: Identified device sensor board at port /dev/ttyS15
[INFO] [1774740982.802490162] [serial_manager]: New device detected: /dev/ttyS14 (n/a)
[INFO] [1774740982.803242142] [serial_manager]: Could not identify device at port /dev/ttyS14 (VID: None, PID: None, Manufacturer: None, Product: None)
[INFO] [1774740982.803991942] [serial_manager]: Identified device sensor board at port /dev/ttyS14
[INFO] [1774740982.804708772] [serial_manager]: New device detected: /dev/ttyS13 (n/a)
[INFO] [1774740982.805337120] [serial_manager]: Could not identify device at port /dev/ttyS13 (VID: None, PID: None, Manufacturer: None, Product: None)
[INFO] [1774740982.805974614] [serial_manager]: Identified device sensor board at port /dev/ttyS13
[INFO] [1774740982.806914464] [serial_manager]: New device detected: /dev/ttyS12 (n/a)
[INFO] [1774740982.808251287] [serial_manager]: Could not identify device at port /dev/ttyS12 (VID: None, PID: None, Manufacturer: None, Product: None)
[INFO] [1774740982.809082315] [serial_manager]: Identified device sensor board at port /dev/ttyS12
[INFO] [1774740982.809840598] [serial_manager]: New device detected: /dev/ttyS11 (n/a)
[INFO] [1774740982.810558623] [serial_manager]: Could not identify device at port /dev/ttyS11 (VID: None, PID: None, Manufacturer: None, Product: None)
[INFO] [1774740982.811408237] [serial_manager]: Identified device sensor board at port /dev/ttyS11
[INFO] [1774740982.812118682] [serial_manager]: New device detected: /dev/ttyS10 (n/a)
[INFO] [1774740982.812762060] [serial_manager]: Could not identify device at port /dev/ttyS10 (VID: None, PID: None, Manufacturer: None, Product: None)
[INFO] [1774740982.813314256] [serial_manager]: Identified device sensor board at port /dev/ttyS10
[INFO] [1774740982.814030408] [serial_manager]: New device detected: /dev/ttyS1 (n/a)
[INFO] [1774740982.814782842] [serial_manager]: Could not identify device at port /dev/ttyS1 (VID: None, PID: None, Manufacturer: None, Product: None)
[INFO] [1774740982.815529087] [serial_manager]: Identified device sensor board at port /dev/ttyS1
[INFO] [1774740982.816112672] [serial_manager]: New device detected: /dev/ttyS0 (n/a)
[INFO] [1774740982.816814050] [serial_manager]: Could not identify device at port /dev/ttyS0 (VID: None, PID: None, Manufacturer: None, Product: None)
[INFO] [1774740982.817509049] [serial_manager]: Identified device sensor board at port /dev/ttyS0
[INFO] [1774740987.748600035] [serial_manager]: New device detected: /dev/ttyS9 (n/a)
[INFO] [1774740987.749266871] [serial_manager]: Could not identify device at port /dev/ttyS9 (VID: None, PID: None, Manufacturer: None, Product: None)
[INFO] [1774740987.749834497] [serial_manager]: Identified device sensor board at port /dev/ttyS9
[INFO] [1774740987.750331732] [serial_manager]: New device detected: /dev/ttyS8 (n/a)
[INFO] [1774740987.750888365] [serial_manager]: Could not identify device at port /dev/ttyS8 (VID: None, PID: None, Manufacturer: None, Product: None)
[INFO] [1774740987.751427430] [serial_manager]: Identified device sensor board at port /dev/ttyS8
[INFO] [1774740987.751968958] [serial_manager]: New device detected: /dev/ttyS7 (n/a)
[INFO] [1774740987.752529163] [serial_manager]: Could not identify device at port /dev/ttyS7 (VID: None, PID: None, Manufacturer: None, Product: None)
[INFO] [1774740987.753089365] [serial_manager]: Identified device sensor board at port /dev/ttyS7
[INFO] [1774740987.753639664] [serial_manager]: New device detected: /dev/ttyS6 (n/a)
[INFO] [1774740987.754340524] [serial_manager]: Could not identify device at port /dev/ttyS6 (VID: None, PID: None, Manufacturer: None, Product: None)
[INFO] [1774740987.754952401] [serial_manager]: Identified device sensor board at port /dev/ttyS6
[INFO] [1774740987.755803339] [serial_manager]: New device detected: /dev/ttyS5 (n/a)
[INFO] [1774740987.756624928] [serial_manager]: Could not identify device at port /dev/ttyS5 (VID: None, PID: None, Manufacturer: None, Product: None)
[INFO] [1774740987.757533031] [serial_manager]: Identified device sensor board at port /dev/ttyS5
[INFO] [1774740987.758641561] [serial_manager]: New device detected: /dev/ttyS4 (n/a)
[INFO] [1774740987.759366502] [serial_manager]: Could not identify device at port /dev/ttyS4 (VID: None, PID: None, Manufacturer: None, Product: None)
[INFO] [1774740987.760076491] [serial_manager]: Identified device sensor board at port /dev/ttyS4
[INFO] [1774740987.760761175] [serial_manager]: New device detected: /dev/ttyS31 (n/a)
[INFO] [1774740987.761431390] [serial_manager]: Could not identify device at port /dev/ttyS31 (VID: None, PID: None, Manufacturer: None, Product: None)
[INFO] [1774740987.762148844] [serial_manager]: Identified device sensor board at port /dev/ttyS31
[INFO] [1774740987.762892333] [serial_manager]: New device detected: /dev/ttyS30 (n/a)
[INFO] [1774740987.763635399] [serial_manager]: Could not identify device at port /dev/ttyS30 (VID: None, PID: None, Manufacturer: None, Product: None)
[INFO] [1774740987.764309717] [serial_manager]: Identified device sensor board at port /dev/ttyS30
[INFO] [1774740987.765049595] [serial_manager]: New device detected: /dev/ttyS3 (n/a)
[INFO] [1774740987.765874309] [serial_manager]: Could not identify device at port /dev/ttyS3 (VID: None, PID: None, Manufacturer: None, Product: None)
[INFO] [1774740987.766659471] [serial_manager]: Identified device sensor board at port /dev/ttyS3
[INFO] [1774740987.767388814] [serial_manager]: New device detected: /dev/ttyS29 (n/a)
[INFO] [1774740987.768135437] [serial_manager]: Could not identify device at port /dev/ttyS29 (VID: None, PID: None, Manufacturer: None, Product: None)
[INFO] [1774740987.768880007] [serial_manager]: Identified device sensor board at port /dev/ttyS29
[INFO] [1774740987.769606290] [serial_manager]: New device detected: /dev/ttyS28 (n/a)
[INFO] [1774740987.770320152] [serial_manager]: Could not identify device at port /dev/ttyS28 (VID: None, PID: None, Manufacturer: None, Product: None)
[INFO] [1774740987.771026792] [serial_manager]: Identified device sensor board at port /dev/ttyS28
[INFO] [1774740987.771740189] [serial_manager]: New device detected: /dev/ttyS27 (n/a)
[INFO] [1774740987.772466322] [serial_manager]: Could not identify device at port /dev/ttyS27 (VID: None, PID: None, Manufacturer: None, Product: None)
[INFO] [1774740987.773202402] [serial_manager]: Identified device sensor board at port /dev/ttyS27
[INFO] [1774740987.773925482] [serial_manager]: New device detected: /dev/ttyS26 (n/a)
[INFO] [1774740987.774614754] [serial_manager]: Could not identify device at port /dev/ttyS26 (VID: None, PID: None, Manufacturer: None, Product: None)
[INFO] [1774740987.775343758] [serial_manager]: Identified device sensor board at port /dev/ttyS26
[INFO] [1774740987.775962204] [serial_manager]: New device detected: /dev/ttyS25 (n/a)
[INFO] [1774740987.776685109] [serial_manager]: Could not identify device at port /dev/ttyS25 (VID: None, PID: None, Manufacturer: None, Product: None)
[INFO] [1774740987.777416060] [serial_manager]: Identified device sensor board at port /dev/ttyS25
[INFO] [1774740987.778149701] [serial_manager]: New device detected: /dev/ttyS24 (n/a)
[INFO] [1774740987.778860450] [serial_manager]: Could not identify device at port /dev/ttyS24 (VID: None, PID: None, Manufacturer: None, Product: None)
[INFO] [1774740987.779676609] [serial_manager]: Identified device sensor board at port /dev/ttyS24
[INFO] [1774740987.780383022] [serial_manager]: New device detected: /dev/ttyS23 (n/a)
[INFO] [1774740987.781108243] [serial_manager]: Could not identify device at port /dev/ttyS23 (VID: None, PID: None, Manufacturer: None, Product: None)
[INFO] [1774740987.781824219] [serial_manager]: Identified device sensor board at port /dev/ttyS23
[INFO] [1774740987.782518532] [serial_manager]: New device detected: /dev/ttyS22 (n/a)
[INFO] [1774740987.783226642] [serial_manager]: Could not identify device at port /dev/ttyS22 (VID: None, PID: None, Manufacturer: None, Product: None)
[INFO] [1774740987.783954765] [serial_manager]: Identified device sensor board at port /dev/ttyS22
[INFO] [1774740987.785127709] [serial_manager]: New device detected: /dev/ttyS21 (n/a)
[INFO] [1774740987.785884440] [serial_manager]: Could not identify device at port /dev/ttyS21 (VID: None, PID: None, Manufacturer: None, Product: None)
[INFO] [1774740987.786612943] [serial_manager]: Identified device sensor board at port /dev/ttyS21
[INFO] [1774740987.787292773] [serial_manager]: New device detected: /dev/ttyS20 (n/a)
[INFO] [1774740987.788056705] [serial_manager]: Could not identify device at port /dev/ttyS20 (VID: None, PID: None, Manufacturer: None, Product: None)
[INFO] [1774740987.788905789] [serial_manager]: Identified device sensor board at port /dev/ttyS20
[INFO] [1774740987.789655316] [serial_manager]: New device detected: /dev/ttyS2 (n/a)
[INFO] [1774740987.790386501] [serial_manager]: Could not identify device at port /dev/ttyS2 (VID: None, PID: None, Manufacturer: None, Product: None)
[INFO] [1774740987.791092633] [serial_manager]: Identified device sensor board at port /dev/ttyS2
[INFO] [1774740987.792055404] [serial_manager]: New device detected: /dev/ttyS19 (n/a)
[INFO] [1774740987.792870102] [serial_manager]: Could not identify device at port /dev/ttyS19 (VID: None, PID: None, Manufacturer: None, Product: None)
[INFO] [1774740987.793568763] [serial_manager]: Identified device sensor board at port /dev/ttyS19
[INFO] [1774740987.794288371] [serial_manager]: New device detected: /dev/ttyS18 (n/a)
[INFO] [1774740987.795014778] [serial_manager]: Could not identify device at port /dev/ttyS18 (VID: None, PID: None, Manufacturer: None, Product: None)
[INFO] [1774740987.795741738] [serial_manager]: Identified device sensor board at port /dev/ttyS18
[INFO] [1774740987.796473410] [serial_manager]: New device detected: /dev/ttyS17 (n/a)
[INFO] [1774740987.797227946] [serial_manager]: Could not identify device at port /dev/ttyS17 (VID: None, PID: None, Manufacturer: None, Product: None)
[INFO] [1774740987.797968703] [serial_manager]: Identified device sensor board at port /dev/ttyS17
[INFO] [1774740987.798732258] [serial_manager]: New device detected: /dev/ttyS16 (n/a)
[INFO] [1774740987.799468222] [serial_manager]: Could not identify device at port /dev/ttyS16 (VID: None, PID: None, Manufacturer: None, Product: None)
[INFO] [1774740987.800268174] [serial_manager]: Identified device sensor board at port /dev/ttyS16
[INFO] [1774740987.801115539] [serial_manager]: New device detected: /dev/ttyS15 (n/a)
[INFO] [1774740987.801920760] [serial_manager]: Could not identify device at port /dev/ttyS15 (VID: None, PID: None, Manufacturer: None, Product: None)
[INFO] [1774740987.802744503] [serial_manager]: Identified device sensor board at port /dev/ttyS15
[INFO] [1774740987.803459460] [serial_manager]: New device detected: /dev/ttyS14 (n/a)
[INFO] [1774740987.804206445] [serial_manager]: Could not identify device at port /dev/ttyS14 (VID: None, PID: None, Manufacturer: None, Product: None)
[INFO] [1774740987.805063522] [serial_manager]: Identified device sensor board at port /dev/ttyS14
[INFO] [1774740987.805970218] [serial_manager]: New device detected: /dev/ttyS13 (n/a)
[INFO] [1774740987.806856378] [serial_manager]: Could not identify device at port /dev/ttyS13 (VID: None, PID: None, Manufacturer: None, Product: None)
[INFO] [1774740987.807723866] [serial_manager]: Identified device sensor board at port /dev/ttyS13
[INFO] [1774740987.808624208] [serial_manager]: New device detected: /dev/ttyS12 (n/a)
[INFO] [1774740987.809519671] [serial_manager]: Could not identify device at port /dev/ttyS12 (VID: None, PID: None, Manufacturer: None, Product: None)
[INFO] [1774740987.810301318] [serial_manager]: Identified device sensor board at port /dev/ttyS12
[INFO] [1774740987.811172031] [serial_manager]: New device detected: /dev/ttyS11 (n/a)
[INFO] [1774740987.812079477] [serial_manager]: Could not identify device at port /dev/ttyS11 (VID: None, PID: None, Manufacturer: None, Product: None)
[INFO] [1774740987.812997408] [serial_manager]: Identified device sensor board at port /dev/ttyS11
[INFO] [1774740987.814281139] [serial_manager]: New device detected: /dev/ttyS10 (n/a)
[INFO] [1774740987.815188707] [serial_manager]: Could not identify device at port /dev/ttyS10 (VID: None, PID: None, Manufacturer: None, Product: None)
[INFO] [1774740987.816085211] [serial_manager]: Identified device sensor board at port /dev/ttyS10
[INFO] [1774740987.816992280] [serial_manager]: New device detected: /dev/ttyS1 (n/a)
[INFO] [1774740987.817996660] [serial_manager]: Could not identify device at port /dev/ttyS1 (VID: None, PID: None, Manufacturer: None, Product: None)
[INFO] [1774740987.818899307] [serial_manager]: Identified device sensor board at port /dev/ttyS1
[INFO] [1774740987.819982450] [serial_manager]: New device detected: /dev/ttyS0 (n/a)
[INFO] [1774740987.820892377] [serial_manager]: Could not identify device at port /dev/ttyS0 (VID: None, PID: None, Manufacturer: None, Product: None)
[INFO] [1774740987.821685326] [serial_manager]: Identified device sensor board at port /dev/ttyS0
[INFO] [1774740992.749954136] [serial_manager]: New device detected: /dev/ttyS9 (n/a)
[INFO] [1774740992.750565833] [serial_manager]: Could not identify device at port /dev/ttyS9 (VID: None, PID: None, Manufacturer: None, Product: None)
[INFO] [1774740992.751144586] [serial_manager]: Identified device sensor board at port /dev/ttyS9
[INFO] [1774740992.751710208] [serial_manager]: New device detected: /dev/ttyS8 (n/a)
[INFO] [1774740992.752236264] [serial_manager]: Could not identify device at port /dev/ttyS8 (VID: None, PID: None, Manufacturer: None, Product: None)
[INFO] [1774740992.752760738] [serial_manager]: Identified device sensor board at port /dev/ttyS8
[INFO] [1774740992.753285251] [serial_manager]: New device detected: /dev/ttyS7 (n/a)
[INFO] [1774740992.753815645] [serial_manager]: Could not identify device at port /dev/ttyS7 (VID: None, PID: None, Manufacturer: None, Product: None)
[INFO] [1774740992.754356422] [serial_manager]: Identified device sensor board at port /dev/ttyS7
[INFO] [1774740992.754908970] [serial_manager]: New device detected: /dev/ttyS6 (n/a)
[INFO] [1774740992.755673841] [serial_manager]: Could not identify device at port /dev/ttyS6 (VID: None, PID: None, Manufacturer: None, Product: None)
[INFO] [1774740992.756347889] [serial_manager]: Identified device sensor board at port /dev/ttyS6
[INFO] [1774740992.757020643] [serial_manager]: New device detected: /dev/ttyS5 (n/a)
[INFO] [1774740992.757791961] [serial_manager]: Could not identify device at port /dev/ttyS5 (VID: None, PID: None, Manufacturer: None, Product: None)
[INFO] [1774740992.758434429] [serial_manager]: Identified device sensor board at port /dev/ttyS5
[INFO] [1774740992.760112957] [serial_manager]: New device detected: /dev/ttyS4 (n/a)
[INFO] [1774740992.760820834] [serial_manager]: Could not identify device at port /dev/ttyS4 (VID: None, PID: None, Manufacturer: None, Product: None)
[INFO] [1774740992.761543629] [serial_manager]: Identified device sensor board at port /dev/ttyS4
[INFO] [1774740992.762325246] [serial_manager]: New device detected: /dev/ttyS31 (n/a)
[INFO] [1774740992.763082681] [serial_manager]: Could not identify device at port /dev/ttyS31 (VID: None, PID: None, Manufacturer: None, Product: None)
[INFO] [1774740992.763821477] [serial_manager]: Identified device sensor board at port /dev/ttyS31
[INFO] [1774740992.764548270] [serial_manager]: New device detected: /dev/ttyS30 (n/a)
[INFO] [1774740992.765274890] [serial_manager]: Could not identify device at port /dev/ttyS30 (VID: None, PID: None, Manufacturer: None, Product: None)
[INFO] [1774740992.766008582] [serial_manager]: Identified device sensor board at port /dev/ttyS30
[INFO] [1774740992.766739384] [serial_manager]: New device detected: /dev/ttyS3 (n/a)
[INFO] [1774740992.767466839] [serial_manager]: Could not identify device at port /dev/ttyS3 (VID: None, PID: None, Manufacturer: None, Product: None)
[INFO] [1774740992.768203295] [serial_manager]: Identified device sensor board at port /dev/ttyS3
[INFO] [1774740992.768935907] [serial_manager]: New device detected: /dev/ttyS29 (n/a)
[INFO] [1774740992.770094817] [serial_manager]: Could not identify device at port /dev/ttyS29 (VID: None, PID: None, Manufacturer: None, Product: None)
[INFO] [1774740992.771054487] [serial_manager]: Identified device sensor board at port /dev/ttyS29
[INFO] [1774740992.771963879] [serial_manager]: New device detected: /dev/ttyS28 (n/a)
[INFO] [1774740992.772879729] [serial_manager]: Could not identify device at port /dev/ttyS28 (VID: None, PID: None, Manufacturer: None, Product: None)
[INFO] [1774740992.773856893] [serial_manager]: Identified device sensor board at port /dev/ttyS28
[INFO] [1774740992.775077171] [serial_manager]: New device detected: /dev/ttyS27 (n/a)
[INFO] [1774740992.776071132] [serial_manager]: Could not identify device at port /dev/ttyS27 (VID: None, PID: None, Manufacturer: None, Product: None)
[INFO] [1774740992.776922916] [serial_manager]: Identified device sensor board at port /dev/ttyS27
[INFO] [1774740992.777797709] [serial_manager]: New device detected: /dev/ttyS26 (n/a)
[INFO] [1774740992.778676705] [serial_manager]: Could not identify device at port /dev/ttyS26 (VID: None, PID: None, Manufacturer: None, Product: None)
[INFO] [1774740992.779550524] [serial_manager]: Identified device sensor board at port /dev/ttyS26
[INFO] [1774740992.780437763] [serial_manager]: New device detected: /dev/ttyS25 (n/a)
[INFO] [1774740992.781323984] [serial_manager]: Could not identify device at port /dev/ttyS25 (VID: None, PID: None, Manufacturer: None, Product: None)
[INFO] [1774740992.782404218] [serial_manager]: Identified device sensor board at port /dev/ttyS25
[INFO] [1774740992.783303406] [serial_manager]: New device detected: /dev/ttyS24 (n/a)
[INFO] [1774740992.784877683] [serial_manager]: Could not identify device at port /dev/ttyS24 (VID: None, PID: None, Manufacturer: None, Product: None)
[INFO] [1774740992.785814427] [serial_manager]: Identified device sensor board at port /dev/ttyS24
[INFO] [1774740992.786535553] [serial_manager]: New device detected: /dev/ttyS23 (n/a)
[INFO] [1774740992.787206080] [serial_manager]: Could not identify device at port /dev/ttyS23 (VID: None, PID: None, Manufacturer: None, Product: None)
[INFO] [1774740992.787927236] [serial_manager]: Identified device sensor board at port /dev/ttyS23
[INFO] [1774740992.788720875] [serial_manager]: New device detected: /dev/ttyS22 (n/a)
[INFO] [1774740992.789571446] [serial_manager]: Could not identify device at port /dev/ttyS22 (VID: None, PID: None, Manufacturer: None, Product: None)
[INFO] [1774740992.790435554] [serial_manager]: Identified device sensor board at port /dev/ttyS22
[INFO] [1774740992.791119377] [serial_manager]: New device detected: /dev/ttyS21 (n/a)
[INFO] [1774740992.791774071] [serial_manager]: Could not identify device at port /dev/ttyS21 (VID: None, PID: None, Manufacturer: None, Product: None)
[INFO] [1774740992.792400541] [serial_manager]: Identified device sensor board at port /dev/ttyS21
[INFO] [1774740992.793378200] [serial_manager]: New device detected: /dev/ttyS20 (n/a)
[INFO] [1774740992.794168385] [serial_manager]: Could not identify device at port /dev/ttyS20 (VID: None, PID: None, Manufacturer: None, Product: None)
[INFO] [1774740992.795015962] [serial_manager]: Identified device sensor board at port /dev/ttyS20
[INFO] [1774740992.795806796] [serial_manager]: New device detected: /dev/ttyS2 (n/a)
[INFO] [1774740992.796986340] [serial_manager]: Could not identify device at port /dev/ttyS2 (VID: None, PID: None, Manufacturer: None, Product: None)
[INFO] [1774740992.797976418] [serial_manager]: Identified device sensor board at port /dev/ttyS2
[INFO] [1774740992.798921488] [serial_manager]: New device detected: /dev/ttyS19 (n/a)
[INFO] [1774740992.799709546] [serial_manager]: Could not identify device at port /dev/ttyS19 (VID: None, PID: None, Manufacturer: None, Product: None)
[INFO] [1774740992.800510369] [serial_manager]: Identified device sensor board at port /dev/ttyS19
[INFO] [1774740992.801402707] [serial_manager]: New device detected: /dev/ttyS18 (n/a)
[INFO] [1774740992.802262011] [serial_manager]: Could not identify device at port /dev/ttyS18 (VID: None, PID: None, Manufacturer: None, Product: None)
[INFO] [1774740992.803400871] [serial_manager]: Identified device sensor board at port /dev/ttyS18
[INFO] [1774740992.804150453] [serial_manager]: New device detected: /dev/ttyS17 (n/a)
[INFO] [1774740992.804911320] [serial_manager]: Could not identify device at port /dev/ttyS17 (VID: None, PID: None, Manufacturer: None, Product: None)
[INFO] [1774740992.805656449] [serial_manager]: Identified device sensor board at port /dev/ttyS17
[INFO] [1774740992.806418328] [serial_manager]: New device detected: /dev/ttyS16 (n/a)
[INFO] [1774740992.807147435] [serial_manager]: Could not identify device at port /dev/ttyS16 (VID: None, PID: None, Manufacturer: None, Product: None)
[INFO] [1774740992.807878474] [serial_manager]: Identified device sensor board at port /dev/ttyS16
[INFO] [1774740992.808648196] [serial_manager]: New device detected: /dev/ttyS15 (n/a)
[INFO] [1774740992.809425750] [serial_manager]: Could not identify device at port /dev/ttyS15 (VID: None, PID: None, Manufacturer: None, Product: None)
[INFO] [1774740992.810152504] [serial_manager]: Identified device sensor board at port /dev/ttyS15
[INFO] [1774740992.810859227] [serial_manager]: New device detected: /dev/ttyS14 (n/a)
[INFO] [1774740992.811570677] [serial_manager]: Could not identify device at port /dev/ttyS14 (VID: None, PID: None, Manufacturer: None, Product: None)
[INFO] [1774740992.812290418] [serial_manager]: Identified device sensor board at port /dev/ttyS14
[INFO] [1774740992.813109143] [serial_manager]: New device detected: /dev/ttyS13 (n/a)
[INFO] [1774740992.813830360] [serial_manager]: Could not identify device at port /dev/ttyS13 (VID: None, PID: None, Manufacturer: None, Product: None)
[INFO] [1774740992.814538910] [serial_manager]: Identified device sensor board at port /dev/ttyS13
[INFO] [1774740992.815485543] [serial_manager]: New device detected: /dev/ttyS12 (n/a)
[INFO] [1774740992.816206536] [serial_manager]: Could not identify device at port /dev/ttyS12 (VID: None, PID: None, Manufacturer: None, Product: None)
[INFO] [1774740992.816948654] [serial_manager]: Identified device sensor board at port /dev/ttyS12
[INFO] [1774740992.817681623] [serial_manager]: New device detected: /dev/ttyS11 (n/a)
[INFO] [1774740992.818486752] [serial_manager]: Could not identify device at port /dev/ttyS11 (VID: None, PID: None, Manufacturer: None, Product: None)
[INFO] [1774740992.819304512] [serial_manager]: Identified device sensor board at port /dev/ttyS11
[INFO] [1774740992.820153526] [serial_manager]: New device detected: /dev/ttyS10 (n/a)
[INFO] [1774740992.821078987] [serial_manager]: Could not identify device at port /dev/ttyS10 (VID: None, PID: None, Manufacturer: None, Product: None)
[INFO] [1774740992.821934436] [serial_manager]: Identified device sensor board at port /dev/ttyS10
[INFO] [1774740992.822977987] [serial_manager]: New device detected: /dev/ttyS1 (n/a)
[INFO] [1774740992.823970741] [serial_manager]: Could not identify device at port /dev/ttyS1 (VID: None, PID: None, Manufacturer: None, Product: None)
[INFO] [1774740992.825001811] [serial_manager]: Identified device sensor board at port /dev/ttyS1
[INFO] [1774740992.825977603] [serial_manager]: New device detected: /dev/ttyS0 (n/a)
[INFO] [1774740992.827338699] [serial_manager]: Could not identify device at port /dev/ttyS0 (VID: None, PID: None, Manufacturer: None, Product: None)
[INFO] [1774740992.828965449] [serial_manager]: Identified device sensor board at port /dev/ttyS0
[INFO] [1774740997.748686841] [serial_manager]: New device detected: /dev/ttyS9 (n/a)
[INFO] [1774740997.749314778] [serial_manager]: Could not identify device at port /dev/ttyS9 (VID: None, PID: None, Manufacturer: None, Product: None)
[INFO] [1774740997.749871274] [serial_manager]: Identified device sensor board at port /dev/ttyS9
[INFO] [1774740997.750449478] [serial_manager]: New device detected: /dev/ttyS8 (n/a)
[INFO] [1774740997.750992029] [serial_manager]: Could not identify device at port /dev/ttyS8 (VID: None, PID: None, Manufacturer: None, Product: None)
[INFO] [1774740997.751805377] [serial_manager]: Identified device sensor board at port /dev/ttyS8
[INFO] [1774740997.752368795] [serial_manager]: New device detected: /dev/ttyS7 (n/a)
[INFO] [1774740997.752918116] [serial_manager]: Could not identify device at port /dev/ttyS7 (VID: None, PID: None, Manufacturer: None, Product: None)
[INFO] [1774740997.753444103] [serial_manager]: Identified device sensor board at port /dev/ttyS7
[INFO] [1774740997.753939299] [serial_manager]: New device detected: /dev/ttyS6 (n/a)
[INFO] [1774740997.754546020] [serial_manager]: Could not identify device at port /dev/ttyS6 (VID: None, PID: None, Manufacturer: None, Product: None)
[INFO] [1774740997.756295324] [serial_manager]: Identified device sensor board at port /dev/ttyS6
[INFO] [1774740997.757018569] [serial_manager]: New device detected: /dev/ttyS5 (n/a)
[INFO] [1774740997.757899196] [serial_manager]: Could not identify device at port /dev/ttyS5 (VID: None, PID: None, Manufacturer: None, Product: None)
[INFO] [1774740997.758564273] [serial_manager]: Identified device sensor board at port /dev/ttyS5
[INFO] [1774740997.759350218] [serial_manager]: New device detected: /dev/ttyS4 (n/a)
[INFO] [1774740997.760204061] [serial_manager]: Could not identify device at port /dev/ttyS4 (VID: None, PID: None, Manufacturer: None, Product: None)
[INFO] [1774740997.761016369] [serial_manager]: Identified device sensor board at port /dev/ttyS4
[INFO] [1774740997.761742064] [serial_manager]: New device detected: /dev/ttyS31 (n/a)
[INFO] [1774740997.762454205] [serial_manager]: Could not identify device at port /dev/ttyS31 (VID: None, PID: None, Manufacturer: None, Product: None)
[INFO] [1774740997.763188306] [serial_manager]: Identified device sensor board at port /dev/ttyS31
[INFO] [1774740997.764002324] [serial_manager]: New device detected: /dev/ttyS30 (n/a)
[INFO] [1774740997.764779293] [serial_manager]: Could not identify device at port /dev/ttyS30 (VID: None, PID: None, Manufacturer: None, Product: None)
[INFO] [1774740997.765514739] [serial_manager]: Identified device sensor board at port /dev/ttyS30
[INFO] [1774740997.766238845] [serial_manager]: New device detected: /dev/ttyS3 (n/a)
[INFO] [1774740997.766952662] [serial_manager]: Could not identify device at port /dev/ttyS3 (VID: None, PID: None, Manufacturer: None, Product: None)
[INFO] [1774740997.768058091] [serial_manager]: Identified device sensor board at port /dev/ttyS3
[INFO] [1774740997.768819801] [serial_manager]: New device detected: /dev/ttyS29 (n/a)
[INFO] [1774740997.769702628] [serial_manager]: Could not identify device at port /dev/ttyS29 (VID: None, PID: None, Manufacturer: None, Product: None)
[INFO] [1774740997.770535103] [serial_manager]: Identified device sensor board at port /dev/ttyS29
[INFO] [1774740997.771543962] [serial_manager]: New device detected: /dev/ttyS28 (n/a)
[INFO] [1774740997.772380981] [serial_manager]: Could not identify device at port /dev/ttyS28 (VID: None, PID: None, Manufacturer: None, Product: None)
[INFO] [1774740997.773098187] [serial_manager]: Identified device sensor board at port /dev/ttyS28
[INFO] [1774740997.773828291] [serial_manager]: New device detected: /dev/ttyS27 (n/a)
[INFO] [1774740997.774533294] [serial_manager]: Could not identify device at port /dev/ttyS27 (VID: None, PID: None, Manufacturer: None, Product: None)
[INFO] [1774740997.775286343] [serial_manager]: Identified device sensor board at port /dev/ttyS27
[INFO] [1774740997.776007749] [serial_manager]: New device detected: /dev/ttyS26 (n/a)
[INFO] [1774740997.776715669] [serial_manager]: Could not identify device at port /dev/ttyS26 (VID: None, PID: None, Manufacturer: None, Product: None)
[INFO] [1774740997.777423232] [serial_manager]: Identified device sensor board at port /dev/ttyS26
[INFO] [1774740997.778142200] [serial_manager]: New device detected: /dev/ttyS25 (n/a)
[INFO] [1774740997.778873744] [serial_manager]: Could not identify device at port /dev/ttyS25 (VID: None, PID: None, Manufacturer: None, Product: None)
[INFO] [1774740997.779671667] [serial_manager]: Identified device sensor board at port /dev/ttyS25
[INFO] [1774740997.780450894] [serial_manager]: New device detected: /dev/ttyS24 (n/a)
[INFO] [1774740997.781163027] [serial_manager]: Could not identify device at port /dev/ttyS24 (VID: None, PID: None, Manufacturer: None, Product: None)
[INFO] [1774740997.781872553] [serial_manager]: Identified device sensor board at port /dev/ttyS24
[INFO] [1774740997.782574242] [serial_manager]: New device detected: /dev/ttyS23 (n/a)
[INFO] [1774740997.783270503] [serial_manager]: Could not identify device at port /dev/ttyS23 (VID: None, PID: None, Manufacturer: None, Product: None)
[INFO] [1774740997.784185119] [serial_manager]: Identified device sensor board at port /dev/ttyS23
[INFO] [1774740997.785023642] [serial_manager]: New device detected: /dev/ttyS22 (n/a)
[INFO] [1774740997.785871874] [serial_manager]: Could not identify device at port /dev/ttyS22 (VID: None, PID: None, Manufacturer: None, Product: None)
[INFO] [1774740997.786621561] [serial_manager]: Identified device sensor board at port /dev/ttyS22
[INFO] [1774740997.787323712] [serial_manager]: New device detected: /dev/ttyS21 (n/a)
[INFO] [1774740997.788103261] [serial_manager]: Could not identify device at port /dev/ttyS21 (VID: None, PID: None, Manufacturer: None, Product: None)
[INFO] [1774740997.788897576] [serial_manager]: Identified device sensor board at port /dev/ttyS21
[INFO] [1774740997.789618168] [serial_manager]: New device detected: /dev/ttyS20 (n/a)
[INFO] [1774740997.790321900] [serial_manager]: Could not identify device at port /dev/ttyS20 (VID: None, PID: None, Manufacturer: None, Product: None)
[INFO] [1774740997.791075685] [serial_manager]: Identified device sensor board at port /dev/ttyS20
[INFO] [1774740997.791762525] [serial_manager]: New device detected: /dev/ttyS2 (n/a)
[INFO] [1774740997.792568294] [serial_manager]: Could not identify device at port /dev/ttyS2 (VID: None, PID: None, Manufacturer: None, Product: None)
[INFO] [1774740997.793262911] [serial_manager]: Identified device sensor board at port /dev/ttyS2
[INFO] [1774740997.794001532] [serial_manager]: New device detected: /dev/ttyS19 (n/a)
[INFO] [1774740997.794670245] [serial_manager]: Could not identify device at port /dev/ttyS19 (VID: None, PID: None, Manufacturer: None, Product: None)
[INFO] [1774740997.795336147] [serial_manager]: Identified device sensor board at port /dev/ttyS19
[INFO] [1774740997.796020255] [serial_manager]: New device detected: /dev/ttyS18 (n/a)
[INFO] [1774740997.797583386] [serial_manager]: Could not identify device at port /dev/ttyS18 (VID: None, PID: None, Manufacturer: None, Product: None)
[INFO] [1774740997.798302393] [serial_manager]: Identified device sensor board at port /dev/ttyS18
[INFO] [1774740997.799042100] [serial_manager]: New device detected: /dev/ttyS17 (n/a)
[INFO] [1774740997.799700522] [serial_manager]: Could not identify device at port /dev/ttyS17 (VID: None, PID: None, Manufacturer: None, Product: None)
[INFO] [1774740997.800387636] [serial_manager]: Identified device sensor board at port /dev/ttyS17
[INFO] [1774740997.801125527] [serial_manager]: New device detected: /dev/ttyS16 (n/a)
[INFO] [1774740997.801884924] [serial_manager]: Could not identify device at port /dev/ttyS16 (VID: None, PID: None, Manufacturer: None, Product: None)
[INFO] [1774740997.802648806] [serial_manager]: Identified device sensor board at port /dev/ttyS16
[INFO] [1774740997.803429833] [serial_manager]: New device detected: /dev/ttyS15 (n/a)
[INFO] [1774740997.804225347] [serial_manager]: Could not identify device at port /dev/ttyS15 (VID: None, PID: None, Manufacturer: None, Product: None)
[INFO] [1774740997.805000551] [serial_manager]: Identified device sensor board at port /dev/ttyS15
[INFO] [1774740997.805777554] [serial_manager]: New device detected: /dev/ttyS14 (n/a)
[INFO] [1774740997.806538844] [serial_manager]: Could not identify device at port /dev/ttyS14 (VID: None, PID: None, Manufacturer: None, Product: None)
[INFO] [1774740997.807651007] [serial_manager]: Identified device sensor board at port /dev/ttyS14
[INFO] [1774740997.808430756] [serial_manager]: New device detected: /dev/ttyS13 (n/a)
[INFO] [1774740997.809231885] [serial_manager]: Could not identify device at port /dev/ttyS13 (VID: None, PID: None, Manufacturer: None, Product: None)
[INFO] [1774740997.809952170] [serial_manager]: Identified device sensor board at port /dev/ttyS13
[INFO] [1774740997.810680605] [serial_manager]: New device detected: /dev/ttyS12 (n/a)
[INFO] [1774740997.811438587] [serial_manager]: Could not identify device at port /dev/ttyS12 (VID: None, PID: None, Manufacturer: None, Product: None)
[INFO] [1774740997.812195741] [serial_manager]: Identified device sensor board at port /dev/ttyS12
[INFO] [1774740997.812897097] [serial_manager]: New device detected: /dev/ttyS11 (n/a)
[INFO] [1774740997.813547980] [serial_manager]: Could not identify device at port /dev/ttyS11 (VID: None, PID: None, Manufacturer: None, Product: None)
[INFO] [1774740997.814229527] [serial_manager]: Identified device sensor board at port /dev/ttyS11
[INFO] [1774740997.814977553] [serial_manager]: New device detected: /dev/ttyS10 (n/a)
[INFO] [1774740997.815707644] [serial_manager]: Could not identify device at port /dev/ttyS10 (VID: None, PID: None, Manufacturer: None, Product: None)
[INFO] [1774740997.816545105] [serial_manager]: Identified device sensor board at port /dev/ttyS10
[INFO] [1774740997.817289028] [serial_manager]: New device detected: /dev/ttyS1 (n/a)
[INFO] [1774740997.817985508] [serial_manager]: Could not identify device at port /dev/ttyS1 (VID: None, PID: None, Manufacturer: None, Product: None)
[INFO] [1774740997.818730549] [serial_manager]: Identified device sensor board at port /dev/ttyS1
[INFO] [1774740997.819471177] [serial_manager]: New device detected: /dev/ttyS0 (n/a)
[INFO] [1774740997.820402205] [serial_manager]: Could not identify device at port /dev/ttyS0 (VID: None, PID: None, Manufacturer: None, Product: None)
[INFO] [1774740997.821263999] [serial_manager]: Identified device sensor board at port /dev/ttyS0
[INFO] [1774741002.751494941] [serial_manager]: New device detected: /dev/ttyS9 (n/a)
[INFO] [1774741002.752156691] [serial_manager]: Could not identify device at port /dev/ttyS9 (VID: None, PID: None, Manufacturer: None, Product: None)
[INFO] [1774741002.752721659] [serial_manager]: Identified device sensor board at port /dev/ttyS9
[INFO] [1774741002.753245887] [serial_manager]: New device detected: /dev/ttyS8 (n/a)
[INFO] [1774741002.753796376] [serial_manager]: Could not identify device at port /dev/ttyS8 (VID: None, PID: None, Manufacturer: None, Product: None)
[INFO] [1774741002.754350037] [serial_manager]: Identified device sensor board at port /dev/ttyS8
[INFO] [1774741002.754905443] [serial_manager]: New device detected: /dev/ttyS7 (n/a)
[INFO] [1774741002.755435420] [serial_manager]: Could not identify device at port /dev/ttyS7 (VID: None, PID: None, Manufacturer: None, Product: None)
[INFO] [1774741002.755943062] [serial_manager]: Identified device sensor board at port /dev/ttyS7
[INFO] [1774741002.756413076] [serial_manager]: New device detected: /dev/ttyS6 (n/a)
[INFO] [1774741002.757033822] [serial_manager]: Could not identify device at port /dev/ttyS6 (VID: None, PID: None, Manufacturer: None, Product: None)
[INFO] [1774741002.757825404] [serial_manager]: Identified device sensor board at port /dev/ttyS6
[INFO] [1774741002.758718177] [serial_manager]: New device detected: /dev/ttyS5 (n/a)
[INFO] [1774741002.759498321] [serial_manager]: Could not identify device at port /dev/ttyS5 (VID: None, PID: None, Manufacturer: None, Product: None)
[INFO] [1774741002.760228700] [serial_manager]: Identified device sensor board at port /dev/ttyS5
[INFO] [1774741002.760977733] [serial_manager]: New device detected: /dev/ttyS4 (n/a)
[INFO] [1774741002.761741431] [serial_manager]: Could not identify device at port /dev/ttyS4 (VID: None, PID: None, Manufacturer: None, Product: None)
[INFO] [1774741002.762514328] [serial_manager]: Identified device sensor board at port /dev/ttyS4
[INFO] [1774741002.763336083] [serial_manager]: New device detected: /dev/ttyS31 (n/a)
[INFO] [1774741002.765158539] [serial_manager]: Could not identify device at port /dev/ttyS31 (VID: None, PID: None, Manufacturer: None, Product: None)
[INFO] [1774741002.765948162] [serial_manager]: Identified device sensor board at port /dev/ttyS31
[INFO] [1774741002.766575941] [serial_manager]: New device detected: /dev/ttyS30 (n/a)
[INFO] [1774741002.767503166] [serial_manager]: Could not identify device at port /dev/ttyS30 (VID: None, PID: None, Manufacturer: None, Product: None)
[INFO] [1774741002.768171715] [serial_manager]: Identified device sensor board at port /dev/ttyS30
[INFO] [1774741002.768828915] [serial_manager]: New device detected: /dev/ttyS3 (n/a)
[INFO] [1774741002.769450747] [serial_manager]: Could not identify device at port /dev/ttyS3 (VID: None, PID: None, Manufacturer: None, Product: None)
[INFO] [1774741002.770086636] [serial_manager]: Identified device sensor board at port /dev/ttyS3
[INFO] [1774741002.770820679] [serial_manager]: New device detected: /dev/ttyS29 (n/a)
[INFO] [1774741002.771529481] [serial_manager]: Could not identify device at port /dev/ttyS29 (VID: None, PID: None, Manufacturer: None, Product: None)
[INFO] [1774741002.772240029] [serial_manager]: Identified device sensor board at port /dev/ttyS29
[INFO] [1774741002.772946604] [serial_manager]: New device detected: /dev/ttyS28 (n/a)
[INFO] [1774741002.773670356] [serial_manager]: Could not identify device at port /dev/ttyS28 (VID: None, PID: None, Manufacturer: None, Product: None)
[INFO] [1774741002.774404626] [serial_manager]: Identified device sensor board at port /dev/ttyS28
[INFO] [1774741002.775186187] [serial_manager]: New device detected: /dev/ttyS27 (n/a)
[INFO] [1774741002.775944801] [serial_manager]: Could not identify device at port /dev/ttyS27 (VID: None, PID: None, Manufacturer: None, Product: None)
[INFO] [1774741002.776699312] [serial_manager]: Identified device sensor board at port /dev/ttyS27
[INFO] [1774741002.777530199] [serial_manager]: New device detected: /dev/ttyS26 (n/a)
[INFO] [1774741002.778281498] [serial_manager]: Could not identify device at port /dev/ttyS26 (VID: None, PID: None, Manufacturer: None, Product: None)
[INFO] [1774741002.779046302] [serial_manager]: Identified device sensor board at port /dev/ttyS26
[INFO] [1774741002.779803924] [serial_manager]: New device detected: /dev/ttyS25 (n/a)
[INFO] [1774741002.780547319] [serial_manager]: Could not identify device at port /dev/ttyS25 (VID: None, PID: None, Manufacturer: None, Product: None)
[INFO] [1774741002.781236327] [serial_manager]: Identified device sensor board at port /dev/ttyS25
[INFO] [1774741002.781908268] [serial_manager]: New device detected: /dev/ttyS24 (n/a)
[INFO] [1774741002.782617040] [serial_manager]: Could not identify device at port /dev/ttyS24 (VID: None, PID: None, Manufacturer: None, Product: None)
[INFO] [1774741002.783212734] [serial_manager]: Identified device sensor board at port /dev/ttyS24
[INFO] [1774741002.783864438] [serial_manager]: New device detected: /dev/ttyS23 (n/a)
[INFO] [1774741002.784573450] [serial_manager]: Could not identify device at port /dev/ttyS23 (VID: None, PID: None, Manufacturer: None, Product: None)
[INFO] [1774741002.785321672] [serial_manager]: Identified device sensor board at port /dev/ttyS23
[INFO] [1774741002.786039590] [serial_manager]: New device detected: /dev/ttyS22 (n/a)
[INFO] [1774741002.786738009] [serial_manager]: Could not identify device at port /dev/ttyS22 (VID: None, PID: None, Manufacturer: None, Product: None)
[INFO] [1774741002.787423357] [serial_manager]: Identified device sensor board at port /dev/ttyS22
[INFO] [1774741002.788107599] [serial_manager]: New device detected: /dev/ttyS21 (n/a)
[INFO] [1774741002.788839256] [serial_manager]: Could not identify device at port /dev/ttyS21 (VID: None, PID: None, Manufacturer: None, Product: None)
[INFO] [1774741002.789612529] [serial_manager]: Identified device sensor board at port /dev/ttyS21
[INFO] [1774741002.790464495] [serial_manager]: New device detected: /dev/ttyS20 (n/a)
[INFO] [1774741002.791413004] [serial_manager]: Could not identify device at port /dev/ttyS20 (VID: None, PID: None, Manufacturer: None, Product: None)
[INFO] [1774741002.792236968] [serial_manager]: Identified device sensor board at port /dev/ttyS20
[INFO] [1774741002.792977484] [serial_manager]: New device detected: /dev/ttyS2 (n/a)
[INFO] [1774741002.793687930] [serial_manager]: Could not identify device at port /dev/ttyS2 (VID: None, PID: None, Manufacturer: None, Product: None)
[INFO] [1774741002.794613516] [serial_manager]: Identified device sensor board at port /dev/ttyS2
[INFO] [1774741002.795904441] [serial_manager]: New device detected: /dev/ttyS19 (n/a)
[INFO] [1774741002.796862647] [serial_manager]: Could not identify device at port /dev/ttyS19 (VID: None, PID: None, Manufacturer: None, Product: None)
[INFO] [1774741002.797735057] [serial_manager]: Identified device sensor board at port /dev/ttyS19
[INFO] [1774741002.799241824] [serial_manager]: New device detected: /dev/ttyS18 (n/a)
[INFO] [1774741002.800554963] [serial_manager]: Could not identify device at port /dev/ttyS18 (VID: None, PID: None, Manufacturer: None, Product: None)
[INFO] [1774741002.801293338] [serial_manager]: Identified device sensor board at port /dev/ttyS18
[INFO] [1774741002.802104164] [serial_manager]: New device detected: /dev/ttyS17 (n/a)
[INFO] [1774741002.803250507] [serial_manager]: Could not identify device at port /dev/ttyS17 (VID: None, PID: None, Manufacturer: None, Product: None)
[INFO] [1774741002.803995371] [serial_manager]: Identified device sensor board at port /dev/ttyS17
[INFO] [1774741002.804683753] [serial_manager]: New device detected: /dev/ttyS16 (n/a)
[INFO] [1774741002.805407047] [serial_manager]: Could not identify device at port /dev/ttyS16 (VID: None, PID: None, Manufacturer: None, Product: None)
[INFO] [1774741002.806077059] [serial_manager]: Identified device sensor board at port /dev/ttyS16
[INFO] [1774741002.806814769] [serial_manager]: New device detected: /dev/ttyS15 (n/a)
[INFO] [1774741002.807768862] [serial_manager]: Could not identify device at port /dev/ttyS15 (VID: None, PID: None, Manufacturer: None, Product: None)
[INFO] [1774741002.808334259] [serial_manager]: Identified device sensor board at port /dev/ttyS15
[INFO] [1774741002.809561417] [serial_manager]: New device detected: /dev/ttyS14 (n/a)
[INFO] [1774741002.810571281] [serial_manager]: Could not identify device at port /dev/ttyS14 (VID: None, PID: None, Manufacturer: None, Product: None)
[INFO] [1774741002.811565382] [serial_manager]: Identified device sensor board at port /dev/ttyS14
[INFO] [1774741002.812255200] [serial_manager]: New device detected: /dev/ttyS13 (n/a)
[INFO] [1774741002.812911385] [serial_manager]: Could not identify device at port /dev/ttyS13 (VID: None, PID: None, Manufacturer: None, Product: None)
[INFO] [1774741002.813573026] [serial_manager]: Identified device sensor board at port /dev/ttyS13
[INFO] [1774741002.814353050] [serial_manager]: New device detected: /dev/ttyS12 (n/a)
[INFO] [1774741002.815158052] [serial_manager]: Could not identify device at port /dev/ttyS12 (VID: None, PID: None, Manufacturer: None, Product: None)
[INFO] [1774741002.816067568] [serial_manager]: Identified device sensor board at port /dev/ttyS12
[INFO] [1774741002.816873239] [serial_manager]: New device detected: /dev/ttyS11 (n/a)
[INFO] [1774741002.817654700] [serial_manager]: Could not identify device at port /dev/ttyS11 (VID: None, PID: None, Manufacturer: None, Product: None)
[INFO] [1774741002.818428425] [serial_manager]: Identified device sensor board at port /dev/ttyS11
[INFO] [1774741002.819256549] [serial_manager]: New device detected: /dev/ttyS10 (n/a)
[INFO] [1774741002.820103320] [serial_manager]: Could not identify device at port /dev/ttyS10 (VID: None, PID: None, Manufacturer: None, Product: None)
[INFO] [1774741002.820936090] [serial_manager]: Identified device sensor board at port /dev/ttyS10
[INFO] [1774741002.821798383] [serial_manager]: New device detected: /dev/ttyS1 (n/a)
[INFO] [1774741002.822713175] [serial_manager]: Could not identify device at port /dev/ttyS1 (VID: None, PID: None, Manufacturer: None, Product: None)
[INFO] [1774741002.823539036] [serial_manager]: Identified device sensor board at port /dev/ttyS1
[INFO] [1774741002.824574736] [serial_manager]: New device detected: /dev/ttyS0 (n/a)
[INFO] [1774741002.825649278] [serial_manager]: Could not identify device at port /dev/ttyS0 (VID: None, PID: None, Manufacturer: None, Product: None)
[INFO] [1774741002.826631182] [serial_manager]: Identified device sensor board at port /dev/ttyS0
[INFO] [1774741007.748805180] [serial_manager]: New device detected: /dev/ttyS9 (n/a)
[INFO] [1774741007.749579191] [serial_manager]: Could not identify device at port /dev/ttyS9 (VID: None, PID: None, Manufacturer: None, Product: None)
[INFO] [1774741007.750176847] [serial_manager]: Identified device sensor board at port /dev/ttyS9
[INFO] [1774741007.750733093] [serial_manager]: New device detected: /dev/ttyS8 (n/a)
[INFO] [1774741007.751318850] [serial_manager]: Could not identify device at port /dev/ttyS8 (VID: None, PID: None, Manufacturer: None, Product: None)
[INFO] [1774741007.751916742] [serial_manager]: Identified device sensor board at port /dev/ttyS8
[INFO] [1774741007.752459182] [serial_manager]: New device detected: /dev/ttyS7 (n/a)
[INFO] [1774741007.753050751] [serial_manager]: Could not identify device at port /dev/ttyS7 (VID: None, PID: None, Manufacturer: None, Product: None)
[INFO] [1774741007.753636611] [serial_manager]: Identified device sensor board at port /dev/ttyS7
[INFO] [1774741007.754338035] [serial_manager]: New device detected: /dev/ttyS6 (n/a)
[INFO] [1774741007.755085428] [serial_manager]: Could not identify device at port /dev/ttyS6 (VID: None, PID: None, Manufacturer: None, Product: None)
[INFO] [1774741007.755843675] [serial_manager]: Identified device sensor board at port /dev/ttyS6
[INFO] [1774741007.756574372] [serial_manager]: New device detected: /dev/ttyS5 (n/a)
[INFO] [1774741007.757243741] [serial_manager]: Could not identify device at port /dev/ttyS5 (VID: None, PID: None, Manufacturer: None, Product: None)
[INFO] [1774741007.759045405] [serial_manager]: Identified device sensor board at port /dev/ttyS5
[INFO] [1774741007.759809171] [serial_manager]: New device detected: /dev/ttyS4 (n/a)
[INFO] [1774741007.760524033] [serial_manager]: Could not identify device at port /dev/ttyS4 (VID: None, PID: None, Manufacturer: None, Product: None)
[INFO] [1774741007.761254510] [serial_manager]: Identified device sensor board at port /dev/ttyS4
[INFO] [1774741007.761998407] [serial_manager]: New device detected: /dev/ttyS31 (n/a)
[INFO] [1774741007.762782921] [serial_manager]: Could not identify device at port /dev/ttyS31 (VID: None, PID: None, Manufacturer: None, Product: None)
[INFO] [1774741007.763539842] [serial_manager]: Identified device sensor board at port /dev/ttyS31
[INFO] [1774741007.764611692] [serial_manager]: New device detected: /dev/ttyS30 (n/a)
[INFO] [1774741007.765360002] [serial_manager]: Could not identify device at port /dev/ttyS30 (VID: None, PID: None, Manufacturer: None, Product: None)
[INFO] [1774741007.767284763] [serial_manager]: Identified device sensor board at port /dev/ttyS30
[INFO] [1774741007.768380885] [serial_manager]: New device detected: /dev/ttyS3 (n/a)
[INFO] [1774741007.769298492] [serial_manager]: Could not identify device at port /dev/ttyS3 (VID: None, PID: None, Manufacturer: None, Product: None)
[INFO] [1774741007.770329180] [serial_manager]: Identified device sensor board at port /dev/ttyS3
[INFO] [1774741007.771449739] [serial_manager]: New device detected: /dev/ttyS29 (n/a)
[INFO] [1774741007.772349171] [serial_manager]: Could not identify device at port /dev/ttyS29 (VID: None, PID: None, Manufacturer: None, Product: None)
[INFO] [1774741007.773140352] [serial_manager]: Identified device sensor board at port /dev/ttyS29
[INFO] [1774741007.773871767] [serial_manager]: New device detected: /dev/ttyS28 (n/a)
[INFO] [1774741007.774564410] [serial_manager]: Could not identify device at port /dev/ttyS28 (VID: None, PID: None, Manufacturer: None, Product: None)
[INFO] [1774741007.775714636] [serial_manager]: Identified device sensor board at port /dev/ttyS28
[INFO] [1774741007.776778289] [serial_manager]: New device detected: /dev/ttyS27 (n/a)
[INFO] [1774741007.777754954] [serial_manager]: Could not identify device at port /dev/ttyS27 (VID: None, PID: None, Manufacturer: None, Product: None)
[INFO] [1774741007.778750888] [serial_manager]: Identified device sensor board at port /dev/ttyS27
[INFO] [1774741007.779714385] [serial_manager]: New device detected: /dev/ttyS26 (n/a)
[INFO] [1774741007.780676815] [serial_manager]: Could not identify device at port /dev/ttyS26 (VID: None, PID: None, Manufacturer: None, Product: None)
[INFO] [1774741007.781671188] [serial_manager]: Identified device sensor board at port /dev/ttyS26
[INFO] [1774741007.782680803] [serial_manager]: New device detected: /dev/ttyS25 (n/a)
[INFO] [1774741007.783694525] [serial_manager]: Could not identify device at port /dev/ttyS25 (VID: None, PID: None, Manufacturer: None, Product: None)
[INFO] [1774741007.784669723] [serial_manager]: Identified device sensor board at port /dev/ttyS25
[INFO] [1774741007.785723852] [serial_manager]: New device detected: /dev/ttyS24 (n/a)
[INFO] [1774741007.787146904] [serial_manager]: Could not identify device at port /dev/ttyS24 (VID: None, PID: None, Manufacturer: None, Product: None)
[INFO] [1774741007.788321868] [serial_manager]: Identified device sensor board at port /dev/ttyS24
[INFO] [1774741007.789200067] [serial_manager]: New device detected: /dev/ttyS23 (n/a)
[INFO] [1774741007.790036089] [serial_manager]: Could not identify device at port /dev/ttyS23 (VID: None, PID: None, Manufacturer: None, Product: None)
[INFO] [1774741007.790848750] [serial_manager]: Identified device sensor board at port /dev/ttyS23
[INFO] [1774741007.791695251] [serial_manager]: New device detected: /dev/ttyS22 (n/a)
[INFO] [1774741007.792885995] [serial_manager]: Could not identify device at port /dev/ttyS22 (VID: None, PID: None, Manufacturer: None, Product: None)
[INFO] [1774741007.794175539] [serial_manager]: Identified device sensor board at port /dev/ttyS22
[INFO] [1774741007.795097298] [serial_manager]: New device detected: /dev/ttyS21 (n/a)
[INFO] [1774741007.796004025] [serial_manager]: Could not identify device at port /dev/ttyS21 (VID: None, PID: None, Manufacturer: None, Product: None)
[INFO] [1774741007.796916870] [serial_manager]: Identified device sensor board at port /dev/ttyS21
[INFO] [1774741007.797811046] [serial_manager]: New device detected: /dev/ttyS20 (n/a)
[INFO] [1774741007.798815682] [serial_manager]: Could not identify device at port /dev/ttyS20 (VID: None, PID: None, Manufacturer: None, Product: None)
[INFO] [1774741007.799753379] [serial_manager]: Identified device sensor board at port /dev/ttyS20
[INFO] [1774741007.800746998] [serial_manager]: New device detected: /dev/ttyS2 (n/a)
[INFO] [1774741007.801813014] [serial_manager]: Could not identify device at port /dev/ttyS2 (VID: None, PID: None, Manufacturer: None, Product: None)
[INFO] [1774741007.802863929] [serial_manager]: Identified device sensor board at port /dev/ttyS2
[INFO] [1774741007.803837267] [serial_manager]: New device detected: /dev/ttyS19 (n/a)
[INFO] [1774741007.804782226] [serial_manager]: Could not identify device at port /dev/ttyS19 (VID: None, PID: None, Manufacturer: None, Product: None)
[INFO] [1774741007.805750619] [serial_manager]: Identified device sensor board at port /dev/ttyS19
[INFO] [1774741007.806587124] [serial_manager]: New device detected: /dev/ttyS18 (n/a)
[INFO] [1774741007.807500304] [serial_manager]: Could not identify device at port /dev/ttyS18 (VID: None, PID: None, Manufacturer: None, Product: None)
[INFO] [1774741007.808342852] [serial_manager]: Identified device sensor board at port /dev/ttyS18
[INFO] [1774741007.809483365] [serial_manager]: New device detected: /dev/ttyS17 (n/a)
[INFO] [1774741007.810356797] [serial_manager]: Could not identify device at port /dev/ttyS17 (VID: None, PID: None, Manufacturer: None, Product: None)
[INFO] [1774741007.811521416] [serial_manager]: Identified device sensor board at port /dev/ttyS17
[INFO] [1774741007.812888806] [serial_manager]: New device detected: /dev/ttyS16 (n/a)
[INFO] [1774741007.814046763] [serial_manager]: Could not identify device at port /dev/ttyS16 (VID: None, PID: None, Manufacturer: None, Product: None)
[INFO] [1774741007.814999764] [serial_manager]: Identified device sensor board at port /dev/ttyS16
[INFO] [1774741007.816389410] [serial_manager]: New device detected: /dev/ttyS15 (n/a)
[INFO] [1774741007.817168982] [serial_manager]: Could not identify device at port /dev/ttyS15 (VID: None, PID: None, Manufacturer: None, Product: None)
[INFO] [1774741007.817712262] [serial_manager]: Identified device sensor board at port /dev/ttyS15
[INFO] [1774741007.818303286] [serial_manager]: New device detected: /dev/ttyS14 (n/a)
[INFO] [1774741007.821075827] [serial_manager]: Could not identify device at port /dev/ttyS14 (VID: None, PID: None, Manufacturer: None, Product: None)
[INFO] [1774741007.821783586] [serial_manager]: Identified device sensor board at port /dev/ttyS14
[INFO] [1774741007.822365360] [serial_manager]: New device detected: /dev/ttyS13 (n/a)
[INFO] [1774741007.823235366] [serial_manager]: Could not identify device at port /dev/ttyS13 (VID: None, PID: None, Manufacturer: None, Product: None)
[INFO] [1774741007.823866829] [serial_manager]: Identified device sensor board at port /dev/ttyS13
[INFO] [1774741007.824290379] [serial_manager]: New device detected: /dev/ttyS12 (n/a)
[INFO] [1774741007.824796144] [serial_manager]: Could not identify device at port /dev/ttyS12 (VID: None, PID: None, Manufacturer: None, Product: None)
[INFO] [1774741007.825319400] [serial_manager]: Identified device sensor board at port /dev/ttyS12
[INFO] [1774741007.826054615] [serial_manager]: New device detected: /dev/ttyS11 (n/a)
[INFO] [1774741007.826986686] [serial_manager]: Could not identify device at port /dev/ttyS11 (VID: None, PID: None, Manufacturer: None, Product: None)
[INFO] [1774741007.828223524] [serial_manager]: Identified device sensor board at port /dev/ttyS11
[INFO] [1774741007.829163293] [serial_manager]: New device detected: /dev/ttyS10 (n/a)
[INFO] [1774741007.829942840] [serial_manager]: Could not identify device at port /dev/ttyS10 (VID: None, PID: None, Manufacturer: None, Product: None)
[INFO] [1774741007.830792326] [serial_manager]: Identified device sensor board at port /dev/ttyS10
[INFO] [1774741007.831214075] [serial_manager]: New device detected: /dev/ttyS1 (n/a)
[INFO] [1774741007.831789425] [serial_manager]: Could not identify device at port /dev/ttyS1 (VID: None, PID: None, Manufacturer: None, Product: None)
[INFO] [1774741007.832290882] [serial_manager]: Identified device sensor board at port /dev/ttyS1
[INFO] [1774741007.832782236] [serial_manager]: New device detected: /dev/ttyS0 (n/a)
[INFO] [1774741007.833499335] [serial_manager]: Could not identify device at port /dev/ttyS0 (VID: None, PID: None, Manufacturer: None, Product: None)
[INFO] [1774741007.834228627] [serial_manager]: Identified device sensor board at port /dev/ttyS0
[INFO] [1774741012.750043919] [serial_manager]: New device detected: /dev/ttyS9 (n/a)
[INFO] [1774741012.750849972] [serial_manager]: Could not identify device at port /dev/ttyS9 (VID: None, PID: None, Manufacturer: None, Product: None)
[INFO] [1774741012.751646894] [serial_manager]: Identified device sensor board at port /dev/ttyS9
[INFO] [1774741012.752322821] [serial_manager]: New device detected: /dev/ttyS8 (n/a)
[INFO] [1774741012.753006332] [serial_manager]: Could not identify device at port /dev/ttyS8 (VID: None, PID: None, Manufacturer: None, Product: None)
[INFO] [1774741012.753681982] [serial_manager]: Identified device sensor board at port /dev/ttyS8
[INFO] [1774741012.754483895] [serial_manager]: New device detected: /dev/ttyS7 (n/a)
[INFO] [1774741012.755199182] [serial_manager]: Could not identify device at port /dev/ttyS7 (VID: None, PID: None, Manufacturer: None, Product: None)
[INFO] [1774741012.755859068] [serial_manager]: Identified device sensor board at port /dev/ttyS7
[INFO] [1774741012.756638566] [serial_manager]: New device detected: /dev/ttyS6 (n/a)
[INFO] [1774741012.757384148] [serial_manager]: Could not identify device at port /dev/ttyS6 (VID: None, PID: None, Manufacturer: None, Product: None)
[INFO] [1774741012.758326908] [serial_manager]: Identified device sensor board at port /dev/ttyS6
[INFO] [1774741012.759306170] [serial_manager]: New device detected: /dev/ttyS5 (n/a)
[INFO] [1774741012.764284271] [serial_manager]: Could not identify device at port /dev/ttyS5 (VID: None, PID: None, Manufacturer: None, Product: None)
[INFO] [1774741012.767509892] [serial_manager]: Identified device sensor board at port /dev/ttyS5
[INFO] [1774741012.768323208] [serial_manager]: New device detected: /dev/ttyS4 (n/a)
[INFO] [1774741012.771818351] [serial_manager]: Could not identify device at port /dev/ttyS4 (VID: None, PID: None, Manufacturer: None, Product: None)
[INFO] [1774741012.772698556] [serial_manager]: Identified device sensor board at port /dev/ttyS4
[INFO] [1774741012.773441413] [serial_manager]: New device detected: /dev/ttyS31 (n/a)
[INFO] [1774741012.774341467] [serial_manager]: Could not identify device at port /dev/ttyS31 (VID: None, PID: None, Manufacturer: None, Product: None)
[INFO] [1774741012.774964993] [serial_manager]: Identified device sensor board at port /dev/ttyS31
[INFO] [1774741012.775550409] [serial_manager]: New device detected: /dev/ttyS30 (n/a)
[INFO] [1774741012.776255258] [serial_manager]: Could not identify device at port /dev/ttyS30 (VID: None, PID: None, Manufacturer: None, Product: None)
[INFO] [1774741012.776963019] [serial_manager]: Identified device sensor board at port /dev/ttyS30
[INFO] [1774741012.777799334] [serial_manager]: New device detected: /dev/ttyS3 (n/a)
[INFO] [1774741012.778618172] [serial_manager]: Could not identify device at port /dev/ttyS3 (VID: None, PID: None, Manufacturer: None, Product: None)
[INFO] [1774741012.779582894] [serial_manager]: Identified device sensor board at port /dev/ttyS3
[INFO] [1774741012.780406870] [serial_manager]: New device detected: /dev/ttyS29 (n/a)
[INFO] [1774741012.781346029] [serial_manager]: Could not identify device at port /dev/ttyS29 (VID: None, PID: None, Manufacturer: None, Product: None)
[INFO] [1774741012.782869406] [serial_manager]: Identified device sensor board at port /dev/ttyS29
[INFO] [1774741012.783658261] [serial_manager]: New device detected: /dev/ttyS28 (n/a)
[INFO] [1774741012.784308578] [serial_manager]: Could not identify device at port /dev/ttyS28 (VID: None, PID: None, Manufacturer: None, Product: None)
[INFO] [1774741012.785383793] [serial_manager]: Identified device sensor board at port /dev/ttyS28
[INFO] [1774741012.786470427] [serial_manager]: New device detected: /dev/ttyS27 (n/a)
[INFO] [1774741012.787558318] [serial_manager]: Could not identify device at port /dev/ttyS27 (VID: None, PID: None, Manufacturer: None, Product: None)
[INFO] [1774741012.788462522] [serial_manager]: Identified device sensor board at port /dev/ttyS27
[INFO] [1774741012.789465687] [serial_manager]: New device detected: /dev/ttyS26 (n/a)
[INFO] [1774741012.790319140] [serial_manager]: Could not identify device at port /dev/ttyS26 (VID: None, PID: None, Manufacturer: None, Product: None)
[INFO] [1774741012.791277047] [serial_manager]: Identified device sensor board at port /dev/ttyS26
[INFO] [1774741012.792182311] [serial_manager]: New device detected: /dev/ttyS25 (n/a)
[INFO] [1774741012.793057017] [serial_manager]: Could not identify device at port /dev/ttyS25 (VID: None, PID: None, Manufacturer: None, Product: None)
[INFO] [1774741012.793923077] [serial_manager]: Identified device sensor board at port /dev/ttyS25
[INFO] [1774741012.794774258] [serial_manager]: New device detected: /dev/ttyS24 (n/a)
[INFO] [1774741012.795637760] [serial_manager]: Could not identify device at port /dev/ttyS24 (VID: None, PID: None, Manufacturer: None, Product: None)
[INFO] [1774741012.796620857] [serial_manager]: Identified device sensor board at port /dev/ttyS24
[INFO] [1774741012.797572870] [serial_manager]: New device detected: /dev/ttyS23 (n/a)
[INFO] [1774741012.798506748] [serial_manager]: Could not identify device at port /dev/ttyS23 (VID: None, PID: None, Manufacturer: None, Product: None)
[INFO] [1774741012.799285210] [serial_manager]: Identified device sensor board at port /dev/ttyS23
[INFO] [1774741012.800188846] [serial_manager]: New device detected: /dev/ttyS22 (n/a)
[INFO] [1774741012.800966763] [serial_manager]: Could not identify device at port /dev/ttyS22 (VID: None, PID: None, Manufacturer: None, Product: None)
[INFO] [1774741012.801715994] [serial_manager]: Identified device sensor board at port /dev/ttyS22
[INFO] [1774741012.802457085] [serial_manager]: New device detected: /dev/ttyS21 (n/a)
[INFO] [1774741012.803221044] [serial_manager]: Could not identify device at port /dev/ttyS21 (VID: None, PID: None, Manufacturer: None, Product: None)
[INFO] [1774741012.804280905] [serial_manager]: Identified device sensor board at port /dev/ttyS21
[INFO] [1774741012.805109019] [serial_manager]: New device detected: /dev/ttyS20 (n/a)
[INFO] [1774741012.805874949] [serial_manager]: Could not identify device at port /dev/ttyS20 (VID: None, PID: None, Manufacturer: None, Product: None)
[INFO] [1774741012.806841777] [serial_manager]: Identified device sensor board at port /dev/ttyS20
[INFO] [1774741012.807692241] [serial_manager]: New device detected: /dev/ttyS2 (n/a)
[INFO] [1774741012.808531352] [serial_manager]: Could not identify device at port /dev/ttyS2 (VID: None, PID: None, Manufacturer: None, Product: None)
[INFO] [1774741012.809434110] [serial_manager]: Identified device sensor board at port /dev/ttyS2
[INFO] [1774741012.810360095] [serial_manager]: New device detected: /dev/ttyS19 (n/a)
[INFO] [1774741012.811444644] [serial_manager]: Could not identify device at port /dev/ttyS19 (VID: None, PID: None, Manufacturer: None, Product: None)
[INFO] [1774741012.812264605] [serial_manager]: Identified device sensor board at port /dev/ttyS19
[INFO] [1774741012.813254550] [serial_manager]: New device detected: /dev/ttyS18 (n/a)
[INFO] [1774741012.814191976] [serial_manager]: Could not identify device at port /dev/ttyS18 (VID: None, PID: None, Manufacturer: None, Product: None)
[INFO] [1774741012.815102591] [serial_manager]: Identified device sensor board at port /dev/ttyS18
[INFO] [1774741012.815899185] [serial_manager]: New device detected: /dev/ttyS17 (n/a)
[INFO] [1774741012.816735996] [serial_manager]: Could not identify device at port /dev/ttyS17 (VID: None, PID: None, Manufacturer: None, Product: None)
[INFO] [1774741012.817585731] [serial_manager]: Identified device sensor board at port /dev/ttyS17
[INFO] [1774741012.818712246] [serial_manager]: New device detected: /dev/ttyS16 (n/a)
[INFO] [1774741012.819861288] [serial_manager]: Could not identify device at port /dev/ttyS16 (VID: None, PID: None, Manufacturer: None, Product: None)
[INFO] [1774741012.821391206] [serial_manager]: Identified device sensor board at port /dev/ttyS16
[INFO] [1774741012.822711576] [serial_manager]: New device detected: /dev/ttyS15 (n/a)
[INFO] [1774741012.823574193] [serial_manager]: Could not identify device at port /dev/ttyS15 (VID: None, PID: None, Manufacturer: None, Product: None)
[INFO] [1774741012.824403517] [serial_manager]: Identified device sensor board at port /dev/ttyS15
[INFO] [1774741012.825263468] [serial_manager]: New device detected: /dev/ttyS14 (n/a)
[INFO] [1774741012.826108946] [serial_manager]: Could not identify device at port /dev/ttyS14 (VID: None, PID: None, Manufacturer: None, Product: None)
[INFO] [1774741012.826935691] [serial_manager]: Identified device sensor board at port /dev/ttyS14
[INFO] [1774741012.827721157] [serial_manager]: New device detected: /dev/ttyS13 (n/a)
[INFO] [1774741012.828453375] [serial_manager]: Could not identify device at port /dev/ttyS13 (VID: None, PID: None, Manufacturer: None, Product: None)
[INFO] [1774741012.830839999] [serial_manager]: Identified device sensor board at port /dev/ttyS13
[INFO] [1774741012.831996415] [serial_manager]: New device detected: /dev/ttyS12 (n/a)
[INFO] [1774741012.832962731] [serial_manager]: Could not identify device at port /dev/ttyS12 (VID: None, PID: None, Manufacturer: None, Product: None)
[INFO] [1774741012.833661729] [serial_manager]: Identified device sensor board at port /dev/ttyS12
[INFO] [1774741012.834323853] [serial_manager]: New device detected: /dev/ttyS11 (n/a)
[INFO] [1774741012.835370641] [serial_manager]: Could not identify device at port /dev/ttyS11 (VID: None, PID: None, Manufacturer: None, Product: None)
[INFO] [1774741012.836142732] [serial_manager]: Identified device sensor board at port /dev/ttyS11
[INFO] [1774741012.836783495] [serial_manager]: New device detected: /dev/ttyS10 (n/a)
[INFO] [1774741012.837850803] [serial_manager]: Could not identify device at port /dev/ttyS10 (VID: None, PID: None, Manufacturer: None, Product: None)
[INFO] [1774741012.838692799] [serial_manager]: Identified device sensor board at port /dev/ttyS10
[INFO] [1774741012.839368027] [serial_manager]: New device detected: /dev/ttyS1 (n/a)
[INFO] [1774741012.840058226] [serial_manager]: Could not identify device at port /dev/ttyS1 (VID: None, PID: None, Manufacturer: None, Product: None)
[INFO] [1774741012.840752868] [serial_manager]: Identified device sensor board at port /dev/ttyS1
[INFO] [1774741012.841422685] [serial_manager]: New device detected: /dev/ttyS0 (n/a)
[INFO] [1774741012.842116651] [serial_manager]: Could not identify device at port /dev/ttyS0 (VID: None, PID: None, Manufacturer: None, Product: None)
[INFO] [1774741012.842809790] [serial_manager]: Identified device sensor board at port /dev/ttyS0
[INFO] [1774741017.750989295] [serial_manager]: New device detected: /dev/ttyS9 (n/a)
[INFO] [1774741017.751649030] [serial_manager]: Could not identify device at port /dev/ttyS9 (VID: None, PID: None, Manufacturer: None, Product: None)
[INFO] [1774741017.752235697] [serial_manager]: Identified device sensor board at port /dev/ttyS9
[INFO] [1774741017.752933907] [serial_manager]: New device detected: /dev/ttyS8 (n/a)
[INFO] [1774741017.753698361] [serial_manager]: Could not identify device at port /dev/ttyS8 (VID: None, PID: None, Manufacturer: None, Product: None)
[INFO] [1774741017.754369579] [serial_manager]: Identified device sensor board at port /dev/ttyS8
[INFO] [1774741017.755392321] [serial_manager]: New device detected: /dev/ttyS7 (n/a)
[INFO] [1774741017.756521873] [serial_manager]: Could not identify device at port /dev/ttyS7 (VID: None, PID: None, Manufacturer: None, Product: None)
[INFO] [1774741017.757857097] [serial_manager]: Identified device sensor board at port /dev/ttyS7
[INFO] [1774741017.758991948] [serial_manager]: New device detected: /dev/ttyS6 (n/a)
[INFO] [1774741017.759804298] [serial_manager]: Could not identify device at port /dev/ttyS6 (VID: None, PID: None, Manufacturer: None, Product: None)
[INFO] [1774741017.760572268] [serial_manager]: Identified device sensor board at port /dev/ttyS6
[INFO] [1774741017.761281510] [serial_manager]: New device detected: /dev/ttyS5 (n/a)
[INFO] [1774741017.762032703] [serial_manager]: Could not identify device at port /dev/ttyS5 (VID: None, PID: None, Manufacturer: None, Product: None)
[INFO] [1774741017.762707849] [serial_manager]: Identified device sensor board at port /dev/ttyS5
[INFO] [1774741017.763396162] [serial_manager]: New device detected: /dev/ttyS4 (n/a)
[INFO] [1774741017.764415655] [serial_manager]: Could not identify device at port /dev/ttyS4 (VID: None, PID: None, Manufacturer: None, Product: None)
[INFO] [1774741017.765143216] [serial_manager]: Identified device sensor board at port /dev/ttyS4
[INFO] [1774741017.765839872] [serial_manager]: New device detected: /dev/ttyS31 (n/a)
[INFO] [1774741017.766614416] [serial_manager]: Could not identify device at port /dev/ttyS31 (VID: None, PID: None, Manufacturer: None, Product: None)
[INFO] [1774741017.767347872] [serial_manager]: Identified device sensor board at port /dev/ttyS31
[INFO] [1774741017.768105615] [serial_manager]: New device detected: /dev/ttyS30 (n/a)
[INFO] [1774741017.768883216] [serial_manager]: Could not identify device at port /dev/ttyS30 (VID: None, PID: None, Manufacturer: None, Product: None)
[INFO] [1774741017.769610204] [serial_manager]: Identified device sensor board at port /dev/ttyS30
[INFO] [1774741017.770413773] [serial_manager]: New device detected: /dev/ttyS3 (n/a)
[INFO] [1774741017.771117778] [serial_manager]: Could not identify device at port /dev/ttyS3 (VID: None, PID: None, Manufacturer: None, Product: None)
[INFO] [1774741017.771849415] [serial_manager]: Identified device sensor board at port /dev/ttyS3
[INFO] [1774741017.772570326] [serial_manager]: New device detected: /dev/ttyS29 (n/a)
[INFO] [1774741017.773291714] [serial_manager]: Could not identify device at port /dev/ttyS29 (VID: None, PID: None, Manufacturer: None, Product: None)
[INFO] [1774741017.773981708] [serial_manager]: Identified device sensor board at port /dev/ttyS29
[INFO] [1774741017.774649586] [serial_manager]: New device detected: /dev/ttyS28 (n/a)
[INFO] [1774741017.775407265] [serial_manager]: Could not identify device at port /dev/ttyS28 (VID: None, PID: None, Manufacturer: None, Product: None)
[INFO] [1774741017.776074037] [serial_manager]: Identified device sensor board at port /dev/ttyS28
[INFO] [1774741017.776713267] [serial_manager]: New device detected: /dev/ttyS27 (n/a)
[INFO] [1774741017.777346111] [serial_manager]: Could not identify device at port /dev/ttyS27 (VID: None, PID: None, Manufacturer: None, Product: None)
[INFO] [1774741017.778014487] [serial_manager]: Identified device sensor board at port /dev/ttyS27
[INFO] [1774741017.778667229] [serial_manager]: New device detected: /dev/ttyS26 (n/a)
[INFO] [1774741017.779297689] [serial_manager]: Could not identify device at port /dev/ttyS26 (VID: None, PID: None, Manufacturer: None, Product: None)
[INFO] [1774741017.779931440] [serial_manager]: Identified device sensor board at port /dev/ttyS26
[INFO] [1774741017.780774118] [serial_manager]: New device detected: /dev/ttyS25 (n/a)
[INFO] [1774741017.781583638] [serial_manager]: Could not identify device at port /dev/ttyS25 (VID: None, PID: None, Manufacturer: None, Product: None)
[INFO] [1774741017.782683664] [serial_manager]: Identified device sensor board at port /dev/ttyS25
[INFO] [1774741017.783660741] [serial_manager]: New device detected: /dev/ttyS24 (n/a)
[INFO] [1774741017.784825872] [serial_manager]: Could not identify device at port /dev/ttyS24 (VID: None, PID: None, Manufacturer: None, Product: None)
[INFO] [1774741017.785651703] [serial_manager]: Identified device sensor board at port /dev/ttyS24
[INFO] [1774741017.786442479] [serial_manager]: New device detected: /dev/ttyS23 (n/a)
[INFO] [1774741017.787267053] [serial_manager]: Could not identify device at port /dev/ttyS23 (VID: None, PID: None, Manufacturer: None, Product: None)
[INFO] [1774741017.788141931] [serial_manager]: Identified device sensor board at port /dev/ttyS23
[INFO] [1774741017.789515933] [serial_manager]: New device detected: /dev/ttyS22 (n/a)
[INFO] [1774741017.790358851] [serial_manager]: Could not identify device at port /dev/ttyS22 (VID: None, PID: None, Manufacturer: None, Product: None)
[INFO] [1774741017.791087505] [serial_manager]: Identified device sensor board at port /dev/ttyS22
[INFO] [1774741017.791784240] [serial_manager]: New device detected: /dev/ttyS21 (n/a)
[INFO] [1774741017.792588028] [serial_manager]: Could not identify device at port /dev/ttyS21 (VID: None, PID: None, Manufacturer: None, Product: None)
[INFO] [1774741017.793261295] [serial_manager]: Identified device sensor board at port /dev/ttyS21
[INFO] [1774741017.793905752] [serial_manager]: New device detected: /dev/ttyS20 (n/a)
[INFO] [1774741017.794525110] [serial_manager]: Could not identify device at port /dev/ttyS20 (VID: None, PID: None, Manufacturer: None, Product: None)
[INFO] [1774741017.795168305] [serial_manager]: Identified device sensor board at port /dev/ttyS20
[INFO] [1774741017.795816454] [serial_manager]: New device detected: /dev/ttyS2 (n/a)
[INFO] [1774741017.796545118] [serial_manager]: Could not identify device at port /dev/ttyS2 (VID: None, PID: None, Manufacturer: None, Product: None)
[INFO] [1774741017.797236628] [serial_manager]: Identified device sensor board at port /dev/ttyS2
[INFO] [1774741017.797906533] [serial_manager]: New device detected: /dev/ttyS19 (n/a)
[INFO] [1774741017.798550135] [serial_manager]: Could not identify device at port /dev/ttyS19 (VID: None, PID: None, Manufacturer: None, Product: None)
[INFO] [1774741017.799174270] [serial_manager]: Identified device sensor board at port /dev/ttyS19
[INFO] [1774741017.799823257] [serial_manager]: New device detected: /dev/ttyS18 (n/a)
[INFO] [1774741017.800508068] [serial_manager]: Could not identify device at port /dev/ttyS18 (VID: None, PID: None, Manufacturer: None, Product: None)
[INFO] [1774741017.801258004] [serial_manager]: Identified device sensor board at port /dev/ttyS18
[INFO] [1774741017.802052105] [serial_manager]: New device detected: /dev/ttyS17 (n/a)
[INFO] [1774741017.802879592] [serial_manager]: Could not identify device at port /dev/ttyS17 (VID: None, PID: None, Manufacturer: None, Product: None)
[INFO] [1774741017.803787103] [serial_manager]: Identified device sensor board at port /dev/ttyS17
[INFO] [1774741017.804877302] [serial_manager]: New device detected: /dev/ttyS16 (n/a)
[INFO] [1774741017.805712593] [serial_manager]: Could not identify device at port /dev/ttyS16 (VID: None, PID: None, Manufacturer: None, Product: None)
[INFO] [1774741017.806521869] [serial_manager]: Identified device sensor board at port /dev/ttyS16
[INFO] [1774741017.807442005] [serial_manager]: New device detected: /dev/ttyS15 (n/a)
[INFO] [1774741017.808265356] [serial_manager]: Could not identify device at port /dev/ttyS15 (VID: None, PID: None, Manufacturer: None, Product: None)
[INFO] [1774741017.809087077] [serial_manager]: Identified device sensor board at port /dev/ttyS15
[INFO] [1774741017.809845703] [serial_manager]: New device detected: /dev/ttyS14 (n/a)
[INFO] [1774741017.810577287] [serial_manager]: Could not identify device at port /dev/ttyS14 (VID: None, PID: None, Manufacturer: None, Product: None)
[INFO] [1774741017.812468313] [serial_manager]: Identified device sensor board at port /dev/ttyS14
[INFO] [1774741017.813228577] [serial_manager]: New device detected: /dev/ttyS13 (n/a)
[INFO] [1774741017.814749820] [serial_manager]: Could not identify device at port /dev/ttyS13 (VID: None, PID: None, Manufacturer: None, Product: None)
[INFO] [1774741017.815481478] [serial_manager]: Identified device sensor board at port /dev/ttyS13
[INFO] [1774741017.816148721] [serial_manager]: New device detected: /dev/ttyS12 (n/a)
[INFO] [1774741017.816835894] [serial_manager]: Could not identify device at port /dev/ttyS12 (VID: None, PID: None, Manufacturer: None, Product: None)
[INFO] [1774741017.817473011] [serial_manager]: Identified device sensor board at port /dev/ttyS12
[INFO] [1774741017.818127277] [serial_manager]: New device detected: /dev/ttyS11 (n/a)
[INFO] [1774741017.818808415] [serial_manager]: Could not identify device at port /dev/ttyS11 (VID: None, PID: None, Manufacturer: None, Product: None)
[INFO] [1774741017.819451172] [serial_manager]: Identified device sensor board at port /dev/ttyS11
[INFO] [1774741017.820106772] [serial_manager]: New device detected: /dev/ttyS10 (n/a)
[INFO] [1774741017.820903316] [serial_manager]: Could not identify device at port /dev/ttyS10 (VID: None, PID: None, Manufacturer: None, Product: None)
[INFO] [1774741017.821553694] [serial_manager]: Identified device sensor board at port /dev/ttyS10
[INFO] [1774741017.822179565] [serial_manager]: New device detected: /dev/ttyS1 (n/a)
[INFO] [1774741017.822837491] [serial_manager]: Could not identify device at port /dev/ttyS1 (VID: None, PID: None, Manufacturer: None, Product: None)
[INFO] [1774741017.823733649] [serial_manager]: Identified device sensor board at port /dev/ttyS1
[INFO] [1774741017.824554274] [serial_manager]: New device detected: /dev/ttyS0 (n/a)
[INFO] [1774741017.825286917] [serial_manager]: Could not identify device at port /dev/ttyS0 (VID: None, PID: None, Manufacturer: None, Product: None)
[INFO] [1774741017.826095204] [serial_manager]: Identified device sensor board at port /dev/ttyS0
[INFO] [1774741022.748404716] [serial_manager]: New device detected: /dev/ttyS9 (n/a)
[INFO] [1774741022.748951981] [serial_manager]: Could not identify device at port /dev/ttyS9 (VID: None, PID: None, Manufacturer: None, Product: None)
[INFO] [1774741022.749451192] [serial_manager]: Identified device sensor board at port /dev/ttyS9
[INFO] [1774741022.750137373] [serial_manager]: New device detected: /dev/ttyS8 (n/a)
[INFO] [1774741022.750807301] [serial_manager]: Could not identify device at port /dev/ttyS8 (VID: None, PID: None, Manufacturer: None, Product: None)
[INFO] [1774741022.751367879] [serial_manager]: Identified device sensor board at port /dev/ttyS8
[INFO] [1774741022.751937158] [serial_manager]: New device detected: /dev/ttyS7 (n/a)
[INFO] [1774741022.752528945] [serial_manager]: Could not identify device at port /dev/ttyS7 (VID: None, PID: None, Manufacturer: None, Product: None)
[INFO] [1774741022.753059446] [serial_manager]: Identified device sensor board at port /dev/ttyS7
[INFO] [1774741022.753528323] [serial_manager]: New device detected: /dev/ttyS6 (n/a)
[INFO] [1774741022.754206737] [serial_manager]: Could not identify device at port /dev/ttyS6 (VID: None, PID: None, Manufacturer: None, Product: None)
[INFO] [1774741022.755031498] [serial_manager]: Identified device sensor board at port /dev/ttyS6
[INFO] [1774741022.755665432] [serial_manager]: New device detected: /dev/ttyS5 (n/a)
[INFO] [1774741022.756377563] [serial_manager]: Could not identify device at port /dev/ttyS5 (VID: None, PID: None, Manufacturer: None, Product: None)
[INFO] [1774741022.757051562] [serial_manager]: Identified device sensor board at port /dev/ttyS5
[INFO] [1774741022.757760321] [serial_manager]: New device detected: /dev/ttyS4 (n/a)
[INFO] [1774741022.758455191] [serial_manager]: Could not identify device at port /dev/ttyS4 (VID: None, PID: None, Manufacturer: None, Product: None)
[INFO] [1774741022.759227810] [serial_manager]: Identified device sensor board at port /dev/ttyS4
[INFO] [1774741022.760022932] [serial_manager]: New device detected: /dev/ttyS31 (n/a)
[INFO] [1774741022.760752888] [serial_manager]: Could not identify device at port /dev/ttyS31 (VID: None, PID: None, Manufacturer: None, Product: None)
[INFO] [1774741022.761469075] [serial_manager]: Identified device sensor board at port /dev/ttyS31
[INFO] [1774741022.762204050] [serial_manager]: New device detected: /dev/ttyS30 (n/a)
[INFO] [1774741022.762941470] [serial_manager]: Could not identify device at port /dev/ttyS30 (VID: None, PID: None, Manufacturer: None, Product: None)
[INFO] [1774741022.763681889] [serial_manager]: Identified device sensor board at port /dev/ttyS30
[INFO] [1774741022.764456174] [serial_manager]: New device detected: /dev/ttyS3 (n/a)
[INFO] [1774741022.765208084] [serial_manager]: Could not identify device at port /dev/ttyS3 (VID: None, PID: None, Manufacturer: None, Product: None)
[INFO] [1774741022.765935262] [serial_manager]: Identified device sensor board at port /dev/ttyS3
[INFO] [1774741022.766773139] [serial_manager]: New device detected: /dev/ttyS29 (n/a)
[INFO] [1774741022.767500241] [serial_manager]: Could not identify device at port /dev/ttyS29 (VID: None, PID: None, Manufacturer: None, Product: None)
[INFO] [1774741022.768242400] [serial_manager]: Identified device sensor board at port /dev/ttyS29
[INFO] [1774741022.769015206] [serial_manager]: New device detected: /dev/ttyS28 (n/a)
[INFO] [1774741022.769758394] [serial_manager]: Could not identify device at port /dev/ttyS28 (VID: None, PID: None, Manufacturer: None, Product: None)
[INFO] [1774741022.770477149] [serial_manager]: Identified device sensor board at port /dev/ttyS28
[INFO] [1774741022.771189275] [serial_manager]: New device detected: /dev/ttyS27 (n/a)
[INFO] [1774741022.772129490] [serial_manager]: Could not identify device at port /dev/ttyS27 (VID: None, PID: None, Manufacturer: None, Product: None)
[INFO] [1774741022.773217054] [serial_manager]: Identified device sensor board at port /dev/ttyS27
[INFO] [1774741022.773960668] [serial_manager]: New device detected: /dev/ttyS26 (n/a)
[INFO] [1774741022.774719264] [serial_manager]: Could not identify device at port /dev/ttyS26 (VID: None, PID: None, Manufacturer: None, Product: None)
[INFO] [1774741022.775416226] [serial_manager]: Identified device sensor board at port /dev/ttyS26
[INFO] [1774741022.776218645] [serial_manager]: New device detected: /dev/ttyS25 (n/a)
[INFO] [1774741022.776962824] [serial_manager]: Could not identify device at port /dev/ttyS25 (VID: None, PID: None, Manufacturer: None, Product: None)
[INFO] [1774741022.777678491] [serial_manager]: Identified device sensor board at port /dev/ttyS25
[INFO] [1774741022.778405654] [serial_manager]: New device detected: /dev/ttyS24 (n/a)
[INFO] [1774741022.783931700] [serial_manager]: Could not identify device at port /dev/ttyS24 (VID: None, PID: None, Manufacturer: None, Product: None)
[INFO] [1774741022.784680543] [serial_manager]: Identified device sensor board at port /dev/ttyS24
[INFO] [1774741022.785327856] [serial_manager]: New device detected: /dev/ttyS23 (n/a)
[INFO] [1774741022.785863063] [serial_manager]: Could not identify device at port /dev/ttyS23 (VID: None, PID: None, Manufacturer: None, Product: None)
[INFO] [1774741022.786407980] [serial_manager]: Identified device sensor board at port /dev/ttyS23
[INFO] [1774741022.786940301] [serial_manager]: New device detected: /dev/ttyS22 (n/a)
[INFO] [1774741022.787733217] [serial_manager]: Could not identify device at port /dev/ttyS22 (VID: None, PID: None, Manufacturer: None, Product: None)
[INFO] [1774741022.789015227] [serial_manager]: Identified device sensor board at port /dev/ttyS22
[INFO] [1774741022.789660660] [serial_manager]: New device detected: /dev/ttyS21 (n/a)
[INFO] [1774741022.790256553] [serial_manager]: Could not identify device at port /dev/ttyS21 (VID: None, PID: None, Manufacturer: None, Product: None)
[INFO] [1774741022.791036045] [serial_manager]: Identified device sensor board at port /dev/ttyS21
[INFO] [1774741022.791700036] [serial_manager]: New device detected: /dev/ttyS20 (n/a)
[INFO] [1774741022.792249283] [serial_manager]: Could not identify device at port /dev/ttyS20 (VID: None, PID: None, Manufacturer: None, Product: None)
[INFO] [1774741022.792891711] [serial_manager]: Identified device sensor board at port /dev/ttyS20
[INFO] [1774741022.793442404] [serial_manager]: New device detected: /dev/ttyS2 (n/a)
[INFO] [1774741022.793975672] [serial_manager]: Could not identify device at port /dev/ttyS2 (VID: None, PID: None, Manufacturer: None, Product: None)
[INFO] [1774741022.794949252] [serial_manager]: Identified device sensor board at port /dev/ttyS2
[INFO] [1774741022.795458623] [serial_manager]: New device detected: /dev/ttyS19 (n/a)
[INFO] [1774741022.795944623] [serial_manager]: Could not identify device at port /dev/ttyS19 (VID: None, PID: None, Manufacturer: None, Product: None)
[INFO] [1774741022.796410874] [serial_manager]: Identified device sensor board at port /dev/ttyS19
[INFO] [1774741022.797061980] [serial_manager]: New device detected: /dev/ttyS18 (n/a)
[INFO] [1774741022.797644394] [serial_manager]: Could not identify device at port /dev/ttyS18 (VID: None, PID: None, Manufacturer: None, Product: None)
[INFO] [1774741022.798145309] [serial_manager]: Identified device sensor board at port /dev/ttyS18
[INFO] [1774741022.798783783] [serial_manager]: New device detected: /dev/ttyS17 (n/a)
[INFO] [1774741022.799479572] [serial_manager]: Could not identify device at port /dev/ttyS17 (VID: None, PID: None, Manufacturer: None, Product: None)
[INFO] [1774741022.800089541] [serial_manager]: Identified device sensor board at port /dev/ttyS17
[INFO] [1774741022.800715885] [serial_manager]: New device detected: /dev/ttyS16 (n/a)
[INFO] [1774741022.801407699] [serial_manager]: Could not identify device at port /dev/ttyS16 (VID: None, PID: None, Manufacturer: None, Product: None)
[INFO] [1774741022.802185958] [serial_manager]: Identified device sensor board at port /dev/ttyS16
[INFO] [1774741022.802802869] [serial_manager]: New device detected: /dev/ttyS15 (n/a)
[INFO] [1774741022.803386857] [serial_manager]: Could not identify device at port /dev/ttyS15 (VID: None, PID: None, Manufacturer: None, Product: None)
[INFO] [1774741022.803897665] [serial_manager]: Identified device sensor board at port /dev/ttyS15
[INFO] [1774741022.804678870] [serial_manager]: New device detected: /dev/ttyS14 (n/a)
[INFO] [1774741022.805247898] [serial_manager]: Could not identify device at port /dev/ttyS14 (VID: None, PID: None, Manufacturer: None, Product: None)
[INFO] [1774741022.805816835] [serial_manager]: Identified device sensor board at port /dev/ttyS14
[INFO] [1774741022.806329893] [serial_manager]: New device detected: /dev/ttyS13 (n/a)
[INFO] [1774741022.806850204] [serial_manager]: Could not identify device at port /dev/ttyS13 (VID: None, PID: None, Manufacturer: None, Product: None)
[INFO] [1774741022.807369538] [serial_manager]: Identified device sensor board at port /dev/ttyS13
[INFO] [1774741022.807932565] [serial_manager]: New device detected: /dev/ttyS12 (n/a)
[INFO] [1774741022.808588028] [serial_manager]: Could not identify device at port /dev/ttyS12 (VID: None, PID: None, Manufacturer: None, Product: None)
[INFO] [1774741022.809340455] [serial_manager]: Identified device sensor board at port /dev/ttyS12
[INFO] [1774741022.809988689] [serial_manager]: New device detected: /dev/ttyS11 (n/a)
[INFO] [1774741022.810599604] [serial_manager]: Could not identify device at port /dev/ttyS11 (VID: None, PID: None, Manufacturer: None, Product: None)
[INFO] [1774741022.811237598] [serial_manager]: Identified device sensor board at port /dev/ttyS11
[INFO] [1774741022.811934502] [serial_manager]: New device detected: /dev/ttyS10 (n/a)
[INFO] [1774741022.812640618] [serial_manager]: Could not identify device at port /dev/ttyS10 (VID: None, PID: None, Manufacturer: None, Product: None)
[INFO] [1774741022.813333801] [serial_manager]: Identified device sensor board at port /dev/ttyS10
[INFO] [1774741022.814217825] [serial_manager]: New device detected: /dev/ttyS1 (n/a)
[INFO] [1774741022.815025351] [serial_manager]: Could not identify device at port /dev/ttyS1 (VID: None, PID: None, Manufacturer: None, Product: None)
[INFO] [1774741022.815719672] [serial_manager]: Identified device sensor board at port /dev/ttyS1
[INFO] [1774741022.816532814] [serial_manager]: New device detected: /dev/ttyS0 (n/a)
[INFO] [1774741022.817088080] [serial_manager]: Could not identify device at port /dev/ttyS0 (VID: None, PID: None, Manufacturer: None, Product: None)
[INFO] [1774741022.817796519] [serial_manager]: Identified device sensor board at port /dev/ttyS0
[INFO] [1774741027.755067658] [serial_manager]: New device detected: /dev/ttyS9 (n/a)
[INFO] [1774741027.755916174] [serial_manager]: Could not identify device at port /dev/ttyS9 (VID: None, PID: None, Manufacturer: None, Product: None)
[INFO] [1774741027.756807131] [serial_manager]: Identified device sensor board at port /dev/ttyS9
[INFO] [1774741027.757413455] [serial_manager]: New device detected: /dev/ttyS8 (n/a)
[INFO] [1774741027.758153902] [serial_manager]: Could not identify device at port /dev/ttyS8 (VID: None, PID: None, Manufacturer: None, Product: None)
[INFO] [1774741027.758897541] [serial_manager]: Identified device sensor board at port /dev/ttyS8
[INFO] [1774741027.759684721] [serial_manager]: New device detected: /dev/ttyS7 (n/a)
[INFO] [1774741027.760454525] [serial_manager]: Could not identify device at port /dev/ttyS7 (VID: None, PID: None, Manufacturer: None, Product: None)
[INFO] [1774741027.761427781] [serial_manager]: Identified device sensor board at port /dev/ttyS7
[INFO] [1774741027.762218502] [serial_manager]: New device detected: /dev/ttyS6 (n/a)
[INFO] [1774741027.763491281] [serial_manager]: Could not identify device at port /dev/ttyS6 (VID: None, PID: None, Manufacturer: None, Product: None)
[INFO] [1774741027.764340727] [serial_manager]: Identified device sensor board at port /dev/ttyS6
[INFO] [1774741027.765198028] [serial_manager]: New device detected: /dev/ttyS5 (n/a)
[INFO] [1774741027.765964417] [serial_manager]: Could not identify device at port /dev/ttyS5 (VID: None, PID: None, Manufacturer: None, Product: None)
[INFO] [1774741027.766687684] [serial_manager]: Identified device sensor board at port /dev/ttyS5
[INFO] [1774741027.767365447] [serial_manager]: New device detected: /dev/ttyS4 (n/a)
[INFO] [1774741027.768337124] [serial_manager]: Could not identify device at port /dev/ttyS4 (VID: None, PID: None, Manufacturer: None, Product: None)
[INFO] [1774741027.769044845] [serial_manager]: Identified device sensor board at port /dev/ttyS4
[INFO] [1774741027.769751205] [serial_manager]: New device detected: /dev/ttyS31 (n/a)
[INFO] [1774741027.770426874] [serial_manager]: Could not identify device at port /dev/ttyS31 (VID: None, PID: None, Manufacturer: None, Product: None)
[INFO] [1774741027.771209163] [serial_manager]: Identified device sensor board at port /dev/ttyS31
[INFO] [1774741027.771948346] [serial_manager]: New device detected: /dev/ttyS30 (n/a)
[INFO] [1774741027.772690090] [serial_manager]: Could not identify device at port /dev/ttyS30 (VID: None, PID: None, Manufacturer: None, Product: None)
[INFO] [1774741027.773747857] [serial_manager]: Identified device sensor board at port /dev/ttyS30
[INFO] [1774741027.774795209] [serial_manager]: New device detected: /dev/ttyS3 (n/a)
[INFO] [1774741027.775523223] [serial_manager]: Could not identify device at port /dev/ttyS3 (VID: None, PID: None, Manufacturer: None, Product: None)
[INFO] [1774741027.776250977] [serial_manager]: Identified device sensor board at port /dev/ttyS3
[INFO] [1774741027.777067140] [serial_manager]: New device detected: /dev/ttyS29 (n/a)
[INFO] [1774741027.777795006] [serial_manager]: Could not identify device at port /dev/ttyS29 (VID: None, PID: None, Manufacturer: None, Product: None)
[INFO] [1774741027.778511414] [serial_manager]: Identified device sensor board at port /dev/ttyS29
[INFO] [1774741027.779226114] [serial_manager]: New device detected: /dev/ttyS28 (n/a)
[INFO] [1774741027.779916520] [serial_manager]: Could not identify device at port /dev/ttyS28 (VID: None, PID: None, Manufacturer: None, Product: None)
[INFO] [1774741027.780599650] [serial_manager]: Identified device sensor board at port /dev/ttyS28
[INFO] [1774741027.781286785] [serial_manager]: New device detected: /dev/ttyS27 (n/a)
[INFO] [1774741027.782022551] [serial_manager]: Could not identify device at port /dev/ttyS27 (VID: None, PID: None, Manufacturer: None, Product: None)
[INFO] [1774741027.782747421] [serial_manager]: Identified device sensor board at port /dev/ttyS27
[INFO] [1774741027.783473401] [serial_manager]: New device detected: /dev/ttyS26 (n/a)
[INFO] [1774741027.784414343] [serial_manager]: Could not identify device at port /dev/ttyS26 (VID: None, PID: None, Manufacturer: None, Product: None)
[INFO] [1774741027.785140429] [serial_manager]: Identified device sensor board at port /dev/ttyS26
[INFO] [1774741027.785874300] [serial_manager]: New device detected: /dev/ttyS25 (n/a)
[INFO] [1774741027.786482757] [serial_manager]: Could not identify device at port /dev/ttyS25 (VID: None, PID: None, Manufacturer: None, Product: None)
[INFO] [1774741027.787293738] [serial_manager]: Identified device sensor board at port /dev/ttyS25
[INFO] [1774741027.788015927] [serial_manager]: New device detected: /dev/ttyS24 (n/a)
[INFO] [1774741027.788716152] [serial_manager]: Could not identify device at port /dev/ttyS24 (VID: None, PID: None, Manufacturer: None, Product: None)
[INFO] [1774741027.789418555] [serial_manager]: Identified device sensor board at port /dev/ttyS24
[INFO] [1774741027.790095660] [serial_manager]: New device detected: /dev/ttyS23 (n/a)
[INFO] [1774741027.790842516] [serial_manager]: Could not identify device at port /dev/ttyS23 (VID: None, PID: None, Manufacturer: None, Product: None)
[INFO] [1774741027.791553613] [serial_manager]: Identified device sensor board at port /dev/ttyS23
[INFO] [1774741027.792286303] [serial_manager]: New device detected: /dev/ttyS22 (n/a)
[INFO] [1774741027.793080445] [serial_manager]: Could not identify device at port /dev/ttyS22 (VID: None, PID: None, Manufacturer: None, Product: None)
[INFO] [1774741027.793844067] [serial_manager]: Identified device sensor board at port /dev/ttyS22
[INFO] [1774741027.795106778] [serial_manager]: New device detected: /dev/ttyS21 (n/a)
[INFO] [1774741027.796183563] [serial_manager]: Could not identify device at port /dev/ttyS21 (VID: None, PID: None, Manufacturer: None, Product: None)
[INFO] [1774741027.796991340] [serial_manager]: Identified device sensor board at port /dev/ttyS21
[INFO] [1774741027.798240988] [serial_manager]: New device detected: /dev/ttyS20 (n/a)
[INFO] [1774741027.799046366] [serial_manager]: Could not identify device at port /dev/ttyS20 (VID: None, PID: None, Manufacturer: None, Product: None)
[INFO] [1774741027.799768786] [serial_manager]: Identified device sensor board at port /dev/ttyS20
[INFO] [1774741027.800484226] [serial_manager]: New device detected: /dev/ttyS2 (n/a)
[INFO] [1774741027.801291322] [serial_manager]: Could not identify device at port /dev/ttyS2 (VID: None, PID: None, Manufacturer: None, Product: None)
[INFO] [1774741027.802023593] [serial_manager]: Identified device sensor board at port /dev/ttyS2
[INFO] [1774741027.802793096] [serial_manager]: New device detected: /dev/ttyS19 (n/a)
[INFO] [1774741027.803477838] [serial_manager]: Could not identify device at port /dev/ttyS19 (VID: None, PID: None, Manufacturer: None, Product: None)
[INFO] [1774741027.804138524] [serial_manager]: Identified device sensor board at port /dev/ttyS19
[INFO] [1774741027.804847004] [serial_manager]: New device detected: /dev/ttyS18 (n/a)
[INFO] [1774741027.805467700] [serial_manager]: Could not identify device at port /dev/ttyS18 (VID: None, PID: None, Manufacturer: None, Product: None)
[INFO] [1774741027.806118935] [serial_manager]: Identified device sensor board at port /dev/ttyS18
[INFO] [1774741027.806793556] [serial_manager]: New device detected: /dev/ttyS17 (n/a)
[INFO] [1774741027.807478823] [serial_manager]: Could not identify device at port /dev/ttyS17 (VID: None, PID: None, Manufacturer: None, Product: None)
[INFO] [1774741027.808352491] [serial_manager]: Identified device sensor board at port /dev/ttyS17
[INFO] [1774741027.809305902] [serial_manager]: New device detected: /dev/ttyS16 (n/a)
[INFO] [1774741027.810233559] [serial_manager]: Could not identify device at port /dev/ttyS16 (VID: None, PID: None, Manufacturer: None, Product: None)
[INFO] [1774741027.811214174] [serial_manager]: Identified device sensor board at port /dev/ttyS16
[INFO] [1774741027.812113449] [serial_manager]: New device detected: /dev/ttyS15 (n/a)
[INFO] [1774741027.812979346] [serial_manager]: Could not identify device at port /dev/ttyS15 (VID: None, PID: None, Manufacturer: None, Product: None)
[INFO] [1774741027.813794381] [serial_manager]: Identified device sensor board at port /dev/ttyS15
[INFO] [1774741027.814562698] [serial_manager]: New device detected: /dev/ttyS14 (n/a)
[INFO] [1774741027.815408373] [serial_manager]: Could not identify device at port /dev/ttyS14 (VID: None, PID: None, Manufacturer: None, Product: None)
[INFO] [1774741027.816221546] [serial_manager]: Identified device sensor board at port /dev/ttyS14
[INFO] [1774741027.816943765] [serial_manager]: New device detected: /dev/ttyS13 (n/a)
[INFO] [1774741027.817665273] [serial_manager]: Could not identify device at port /dev/ttyS13 (VID: None, PID: None, Manufacturer: None, Product: None)
[INFO] [1774741027.818361299] [serial_manager]: Identified device sensor board at port /dev/ttyS13
[INFO] [1774741027.819195496] [serial_manager]: New device detected: /dev/ttyS12 (n/a)
[INFO] [1774741027.819909915] [serial_manager]: Could not identify device at port /dev/ttyS12 (VID: None, PID: None, Manufacturer: None, Product: None)
[INFO] [1774741027.820622360] [serial_manager]: Identified device sensor board at port /dev/ttyS12
[INFO] [1774741027.821308852] [serial_manager]: New device detected: /dev/ttyS11 (n/a)
[INFO] [1774741027.822088426] [serial_manager]: Could not identify device at port /dev/ttyS11 (VID: None, PID: None, Manufacturer: None, Product: None)
[INFO] [1774741027.822817673] [serial_manager]: Identified device sensor board at port /dev/ttyS11
[INFO] [1774741027.823531257] [serial_manager]: New device detected: /dev/ttyS10 (n/a)
[INFO] [1774741027.824248960] [serial_manager]: Could not identify device at port /dev/ttyS10 (VID: None, PID: None, Manufacturer: None, Product: None)
[INFO] [1774741027.825008834] [serial_manager]: Identified device sensor board at port /dev/ttyS10
[INFO] [1774741027.825723228] [serial_manager]: New device detected: /dev/ttyS1 (n/a)
[INFO] [1774741027.826469243] [serial_manager]: Could not identify device at port /dev/ttyS1 (VID: None, PID: None, Manufacturer: None, Product: None)
[INFO] [1774741027.827247532] [serial_manager]: Identified device sensor board at port /dev/ttyS1
[INFO] [1774741027.827974556] [serial_manager]: New device detected: /dev/ttyS0 (n/a)
[INFO] [1774741027.828794736] [serial_manager]: Could not identify device at port /dev/ttyS0 (VID: None, PID: None, Manufacturer: None, Product: None)
[INFO] [1774741027.829584986] [serial_manager]: Identified device sensor board at port /dev/ttyS0
[INFO] [1774741032.753485570] [serial_manager]: New device detected: /dev/ttyS9 (n/a)
[INFO] [1774741032.754367973] [serial_manager]: Could not identify device at port /dev/ttyS9 (VID: None, PID: None, Manufacturer: None, Product: None)
[INFO] [1774741032.755316998] [serial_manager]: Identified device sensor board at port /dev/ttyS9
[INFO] [1774741032.756468421] [serial_manager]: New device detected: /dev/ttyS8 (n/a)
[INFO] [1774741032.757559425] [serial_manager]: Could not identify device at port /dev/ttyS8 (VID: None, PID: None, Manufacturer: None, Product: None)
[INFO] [1774741032.759136511] [serial_manager]: Identified device sensor board at port /dev/ttyS8
[INFO] [1774741032.760550535] [serial_manager]: New device detected: /dev/ttyS7 (n/a)
[INFO] [1774741032.762307227] [serial_manager]: Could not identify device at port /dev/ttyS7 (VID: None, PID: None, Manufacturer: None, Product: None)
[INFO] [1774741032.763293729] [serial_manager]: Identified device sensor board at port /dev/ttyS7
[INFO] [1774741032.763977046] [serial_manager]: New device detected: /dev/ttyS6 (n/a)
[INFO] [1774741032.764640547] [serial_manager]: Could not identify device at port /dev/ttyS6 (VID: None, PID: None, Manufacturer: None, Product: None)
[INFO] [1774741032.765291414] [serial_manager]: Identified device sensor board at port /dev/ttyS6
[INFO] [1774741032.765942528] [serial_manager]: New device detected: /dev/ttyS5 (n/a)
[INFO] [1774741032.766581537] [serial_manager]: Could not identify device at port /dev/ttyS5 (VID: None, PID: None, Manufacturer: None, Product: None)
[INFO] [1774741032.767234285] [serial_manager]: Identified device sensor board at port /dev/ttyS5
[INFO] [1774741032.767882385] [serial_manager]: New device detected: /dev/ttyS4 (n/a)
[INFO] [1774741032.768506220] [serial_manager]: Could not identify device at port /dev/ttyS4 (VID: None, PID: None, Manufacturer: None, Product: None)
[INFO] [1774741032.769176052] [serial_manager]: Identified device sensor board at port /dev/ttyS4
[INFO] [1774741032.769986134] [serial_manager]: New device detected: /dev/ttyS31 (n/a)
[INFO] [1774741032.770798018] [serial_manager]: Could not identify device at port /dev/ttyS31 (VID: None, PID: None, Manufacturer: None, Product: None)
[INFO] [1774741032.771534181] [serial_manager]: Identified device sensor board at port /dev/ttyS31
[INFO] [1774741032.772341059] [serial_manager]: New device detected: /dev/ttyS30 (n/a)
[INFO] [1774741032.773190027] [serial_manager]: Could not identify device at port /dev/ttyS30 (VID: None, PID: None, Manufacturer: None, Product: None)
[INFO] [1774741032.774031679] [serial_manager]: Identified device sensor board at port /dev/ttyS30
[INFO] [1774741032.774872026] [serial_manager]: New device detected: /dev/ttyS3 (n/a)
[INFO] [1774741032.775630147] [serial_manager]: Could not identify device at port /dev/ttyS3 (VID: None, PID: None, Manufacturer: None, Product: None)
[INFO] [1774741032.776348590] [serial_manager]: Identified device sensor board at port /dev/ttyS3
[INFO] [1774741032.777030109] [serial_manager]: New device detected: /dev/ttyS29 (n/a)
[INFO] [1774741032.777722653] [serial_manager]: Could not identify device at port /dev/ttyS29 (VID: None, PID: None, Manufacturer: None, Product: None)
[INFO] [1774741032.778368167] [serial_manager]: Identified device sensor board at port /dev/ttyS29
[INFO] [1774741032.779030551] [serial_manager]: New device detected: /dev/ttyS28 (n/a)
[INFO] [1774741032.779673081] [serial_manager]: Could not identify device at port /dev/ttyS28 (VID: None, PID: None, Manufacturer: None, Product: None)
[INFO] [1774741032.780297128] [serial_manager]: Identified device sensor board at port /dev/ttyS28
[INFO] [1774741032.780936169] [serial_manager]: New device detected: /dev/ttyS27 (n/a)
[INFO] [1774741032.781582982] [serial_manager]: Could not identify device at port /dev/ttyS27 (VID: None, PID: None, Manufacturer: None, Product: None)
[INFO] [1774741032.782232078] [serial_manager]: Identified device sensor board at port /dev/ttyS27
[INFO] [1774741032.782930009] [serial_manager]: New device detected: /dev/ttyS26 (n/a)
[INFO] [1774741032.783577801] [serial_manager]: Could not identify device at port /dev/ttyS26 (VID: None, PID: None, Manufacturer: None, Product: None)
[INFO] [1774741032.784252856] [serial_manager]: Identified device sensor board at port /dev/ttyS26
[INFO] [1774741032.785050633] [serial_manager]: New device detected: /dev/ttyS25 (n/a)
[INFO] [1774741032.785850176] [serial_manager]: Could not identify device at port /dev/ttyS25 (VID: None, PID: None, Manufacturer: None, Product: None)
[INFO] [1774741032.786626045] [serial_manager]: Identified device sensor board at port /dev/ttyS25
[INFO] [1774741032.787345689] [serial_manager]: New device detected: /dev/ttyS24 (n/a)
[INFO] [1774741032.788074922] [serial_manager]: Could not identify device at port /dev/ttyS24 (VID: None, PID: None, Manufacturer: None, Product: None)
[INFO] [1774741032.788791294] [serial_manager]: Identified device sensor board at port /dev/ttyS24
[INFO] [1774741032.789505028] [serial_manager]: New device detected: /dev/ttyS23 (n/a)
[INFO] [1774741032.790268670] [serial_manager]: Could not identify device at port /dev/ttyS23 (VID: None, PID: None, Manufacturer: None, Product: None)
[INFO] [1774741032.791029548] [serial_manager]: Identified device sensor board at port /dev/ttyS23
[INFO] [1774741032.791868838] [serial_manager]: New device detected: /dev/ttyS22 (n/a)
[INFO] [1774741032.792712917] [serial_manager]: Could not identify device at port /dev/ttyS22 (VID: None, PID: None, Manufacturer: None, Product: None)
[INFO] [1774741032.793476311] [serial_manager]: Identified device sensor board at port /dev/ttyS22
[INFO] [1774741032.794276485] [serial_manager]: New device detected: /dev/ttyS21 (n/a)
[INFO] [1774741032.795021893] [serial_manager]: Could not identify device at port /dev/ttyS21 (VID: None, PID: None, Manufacturer: None, Product: None)
[INFO] [1774741032.795705521] [serial_manager]: Identified device sensor board at port /dev/ttyS21
[INFO] [1774741032.796397840] [serial_manager]: New device detected: /dev/ttyS20 (n/a)
[INFO] [1774741032.797113337] [serial_manager]: Could not identify device at port /dev/ttyS20 (VID: None, PID: None, Manufacturer: None, Product: None)
[INFO] [1774741032.797773942] [serial_manager]: Identified device sensor board at port /dev/ttyS20
[INFO] [1774741032.798448562] [serial_manager]: New device detected: /dev/ttyS2 (n/a)
[INFO] [1774741032.799162994] [serial_manager]: Could not identify device at port /dev/ttyS2 (VID: None, PID: None, Manufacturer: None, Product: None)
[INFO] [1774741032.799826190] [serial_manager]: Identified device sensor board at port /dev/ttyS2
[INFO] [1774741032.800437181] [serial_manager]: New device detected: /dev/ttyS19 (n/a)
[INFO] [1774741032.801080525] [serial_manager]: Could not identify device at port /dev/ttyS19 (VID: None, PID: None, Manufacturer: None, Product: None)
[INFO] [1774741032.801772013] [serial_manager]: Identified device sensor board at port /dev/ttyS19
[INFO] [1774741032.802409051] [serial_manager]: New device detected: /dev/ttyS18 (n/a)
[INFO] [1774741032.803075711] [serial_manager]: Could not identify device at port /dev/ttyS18 (VID: None, PID: None, Manufacturer: None, Product: None)
[INFO] [1774741032.803731075] [serial_manager]: Identified device sensor board at port /dev/ttyS18
[INFO] [1774741032.804378763] [serial_manager]: New device detected: /dev/ttyS17 (n/a)
[INFO] [1774741032.805019586] [serial_manager]: Could not identify device at port /dev/ttyS17 (VID: None, PID: None, Manufacturer: None, Product: None)
[INFO] [1774741032.805682942] [serial_manager]: Identified device sensor board at port /dev/ttyS17
[INFO] [1774741032.806230809] [serial_manager]: New device detected: /dev/ttyS16 (n/a)
[INFO] [1774741032.806875220] [serial_manager]: Could not identify device at port /dev/ttyS16 (VID: None, PID: None, Manufacturer: None, Product: None)
[INFO] [1774741032.807526573] [serial_manager]: Identified device sensor board at port /dev/ttyS16
[INFO] [1774741032.808188824] [serial_manager]: New device detected: /dev/ttyS15 (n/a)
[INFO] [1774741032.808869568] [serial_manager]: Could not identify device at port /dev/ttyS15 (VID: None, PID: None, Manufacturer: None, Product: None)
[INFO] [1774741032.809569909] [serial_manager]: Identified device sensor board at port /dev/ttyS15
[INFO] [1774741032.810307983] [serial_manager]: New device detected: /dev/ttyS14 (n/a)
[INFO] [1774741032.811053108] [serial_manager]: Could not identify device at port /dev/ttyS14 (VID: None, PID: None, Manufacturer: None, Product: None)
[INFO] [1774741032.811794938] [serial_manager]: Identified device sensor board at port /dev/ttyS14
[INFO] [1774741032.812513829] [serial_manager]: New device detected: /dev/ttyS13 (n/a)
[INFO] [1774741032.813247766] [serial_manager]: Could not identify device at port /dev/ttyS13 (VID: None, PID: None, Manufacturer: None, Product: None)
[INFO] [1774741032.813985462] [serial_manager]: Identified device sensor board at port /dev/ttyS13
[INFO] [1774741032.814725852] [serial_manager]: New device detected: /dev/ttyS12 (n/a)
[INFO] [1774741032.815469156] [serial_manager]: Could not identify device at port /dev/ttyS12 (VID: None, PID: None, Manufacturer: None, Product: None)
[INFO] [1774741032.816226273] [serial_manager]: Identified device sensor board at port /dev/ttyS12
[INFO] [1774741032.816958452] [serial_manager]: New device detected: /dev/ttyS11 (n/a)
[INFO] [1774741032.817702142] [serial_manager]: Could not identify device at port /dev/ttyS11 (VID: None, PID: None, Manufacturer: None, Product: None)
[INFO] [1774741032.818413330] [serial_manager]: Identified device sensor board at port /dev/ttyS11
[INFO] [1774741032.819123326] [serial_manager]: New device detected: /dev/ttyS10 (n/a)
[INFO] [1774741032.819845085] [serial_manager]: Could not identify device at port /dev/ttyS10 (VID: None, PID: None, Manufacturer: None, Product: None)
[INFO] [1774741032.820568212] [serial_manager]: Identified device sensor board at port /dev/ttyS10
[INFO] [1774741032.821292368] [serial_manager]: New device detected: /dev/ttyS1 (n/a)
[INFO] [1774741032.822015305] [serial_manager]: Could not identify device at port /dev/ttyS1 (VID: None, PID: None, Manufacturer: None, Product: None)
[INFO] [1774741032.822734077] [serial_manager]: Identified device sensor board at port /dev/ttyS1
[INFO] [1774741032.823446202] [serial_manager]: New device detected: /dev/ttyS0 (n/a)
[INFO] [1774741032.824169608] [serial_manager]: Could not identify device at port /dev/ttyS0 (VID: None, PID: None, Manufacturer: None, Product: None)
[INFO] [1774741032.824883889] [serial_manager]: Identified device sensor board at port /dev/ttyS0
[INFO] [1774741037.754663204] [serial_manager]: New device detected: /dev/ttyS9 (n/a)
[INFO] [1774741037.755929096] [serial_manager]: Could not identify device at port /dev/ttyS9 (VID: None, PID: None, Manufacturer: None, Product: None)
[INFO] [1774741037.758753161] [serial_manager]: Identified device sensor board at port /dev/ttyS9
[INFO] [1774741037.759456143] [serial_manager]: New device detected: /dev/ttyS8 (n/a)
[INFO] [1774741037.760071276] [serial_manager]: Could not identify device at port /dev/ttyS8 (VID: None, PID: None, Manufacturer: None, Product: None)
[INFO] [1774741037.760556870] [serial_manager]: Identified device sensor board at port /dev/ttyS8
[INFO] [1774741037.761917492] [serial_manager]: New device detected: /dev/ttyS7 (n/a)
[INFO] [1774741037.762395579] [serial_manager]: Could not identify device at port /dev/ttyS7 (VID: None, PID: None, Manufacturer: None, Product: None)
[INFO] [1774741037.765369550] [serial_manager]: Identified device sensor board at port /dev/ttyS7
[INFO] [1774741037.766293456] [serial_manager]: New device detected: /dev/ttyS6 (n/a)
[INFO] [1774741037.767512817] [serial_manager]: Could not identify device at port /dev/ttyS6 (VID: None, PID: None, Manufacturer: None, Product: None)
[INFO] [1774741037.768901780] [serial_manager]: Identified device sensor board at port /dev/ttyS6
[INFO] [1774741037.770305593] [serial_manager]: New device detected: /dev/ttyS5 (n/a)
[INFO] [1774741037.772166817] [serial_manager]: Could not identify device at port /dev/ttyS5 (VID: None, PID: None, Manufacturer: None, Product: None)
[INFO] [1774741037.773189921] [serial_manager]: Identified device sensor board at port /dev/ttyS5
[INFO] [1774741037.774625462] [serial_manager]: New device detected: /dev/ttyS4 (n/a)
[INFO] [1774741037.775572630] [serial_manager]: Could not identify device at port /dev/ttyS4 (VID: None, PID: None, Manufacturer: None, Product: None)
[INFO] [1774741037.776231318] [serial_manager]: Identified device sensor board at port /dev/ttyS4
[INFO] [1774741037.776777014] [serial_manager]: New device detected: /dev/ttyS31 (n/a)
[INFO] [1774741037.777328117] [serial_manager]: Could not identify device at port /dev/ttyS31 (VID: None, PID: None, Manufacturer: None, Product: None)
[INFO] [1774741037.777789996] [serial_manager]: Identified device sensor board at port /dev/ttyS31
[INFO] [1774741037.778270939] [serial_manager]: New device detected: /dev/ttyS30 (n/a)
[INFO] [1774741037.778811675] [serial_manager]: Could not identify device at port /dev/ttyS30 (VID: None, PID: None, Manufacturer: None, Product: None)
[INFO] [1774741037.779268377] [serial_manager]: Identified device sensor board at port /dev/ttyS30
[INFO] [1774741037.779747170] [serial_manager]: New device detected: /dev/ttyS3 (n/a)
[INFO] [1774741037.780216925] [serial_manager]: Could not identify device at port /dev/ttyS3 (VID: None, PID: None, Manufacturer: None, Product: None)
[INFO] [1774741037.780722449] [serial_manager]: Identified device sensor board at port /dev/ttyS3
[INFO] [1774741037.781192330] [serial_manager]: New device detected: /dev/ttyS29 (n/a)
[INFO] [1774741037.781699711] [serial_manager]: Could not identify device at port /dev/ttyS29 (VID: None, PID: None, Manufacturer: None, Product: None)
[INFO] [1774741037.782341073] [serial_manager]: Identified device sensor board at port /dev/ttyS29
[INFO] [1774741037.783082065] [serial_manager]: New device detected: /dev/ttyS28 (n/a)
[INFO] [1774741037.784058300] [serial_manager]: Could not identify device at port /dev/ttyS28 (VID: None, PID: None, Manufacturer: None, Product: None)
[INFO] [1774741037.784940070] [serial_manager]: Identified device sensor board at port /dev/ttyS28
[INFO] [1774741037.786275957] [serial_manager]: New device detected: /dev/ttyS27 (n/a)
[INFO] [1774741037.787390412] [serial_manager]: Could not identify device at port /dev/ttyS27 (VID: None, PID: None, Manufacturer: None, Product: None)
[INFO] [1774741037.788514747] [serial_manager]: Identified device sensor board at port /dev/ttyS27
[INFO] [1774741037.789574233] [serial_manager]: New device detected: /dev/ttyS26 (n/a)
[INFO] [1774741037.790688951] [serial_manager]: Could not identify device at port /dev/ttyS26 (VID: None, PID: None, Manufacturer: None, Product: None)
[INFO] [1774741037.791565769] [serial_manager]: Identified device sensor board at port /dev/ttyS26
[INFO] [1774741037.792445596] [serial_manager]: New device detected: /dev/ttyS25 (n/a)
[INFO] [1774741037.793321695] [serial_manager]: Could not identify device at port /dev/ttyS25 (VID: None, PID: None, Manufacturer: None, Product: None)
[INFO] [1774741037.794568340] [serial_manager]: Identified device sensor board at port /dev/ttyS25
[INFO] [1774741037.795382849] [serial_manager]: New device detected: /dev/ttyS24 (n/a)
[INFO] [1774741037.796263498] [serial_manager]: Could not identify device at port /dev/ttyS24 (VID: None, PID: None, Manufacturer: None, Product: None)
[INFO] [1774741037.797106671] [serial_manager]: Identified device sensor board at port /dev/ttyS24
[INFO] [1774741037.797969090] [serial_manager]: New device detected: /dev/ttyS23 (n/a)
[INFO] [1774741037.798797072] [serial_manager]: Could not identify device at port /dev/ttyS23 (VID: None, PID: None, Manufacturer: None, Product: None)
[INFO] [1774741037.799673442] [serial_manager]: Identified device sensor board at port /dev/ttyS23
[INFO] [1774741037.800643817] [serial_manager]: New device detected: /dev/ttyS22 (n/a)
[INFO] [1774741037.801497020] [serial_manager]: Could not identify device at port /dev/ttyS22 (VID: None, PID: None, Manufacturer: None, Product: None)
[INFO] [1774741037.802408221] [serial_manager]: Identified device sensor board at port /dev/ttyS22
[INFO] [1774741037.803606047] [serial_manager]: New device detected: /dev/ttyS21 (n/a)
[INFO] [1774741037.804433986] [serial_manager]: Could not identify device at port /dev/ttyS21 (VID: None, PID: None, Manufacturer: None, Product: None)
[INFO] [1774741037.805286050] [serial_manager]: Identified device sensor board at port /dev/ttyS21
[INFO] [1774741037.806338702] [serial_manager]: New device detected: /dev/ttyS20 (n/a)
[INFO] [1774741037.807255609] [serial_manager]: Could not identify device at port /dev/ttyS20 (VID: None, PID: None, Manufacturer: None, Product: None)
[INFO] [1774741037.808048750] [serial_manager]: Identified device sensor board at port /dev/ttyS20
[INFO] [1774741037.808763877] [serial_manager]: New device detected: /dev/ttyS2 (n/a)
[INFO] [1774741037.809604162] [serial_manager]: Could not identify device at port /dev/ttyS2 (VID: None, PID: None, Manufacturer: None, Product: None)
[INFO] [1774741037.810443107] [serial_manager]: Identified device sensor board at port /dev/ttyS2
[INFO] [1774741037.811169459] [serial_manager]: New device detected: /dev/ttyS19 (n/a)
[INFO] [1774741037.811916645] [serial_manager]: Could not identify device at port /dev/ttyS19 (VID: None, PID: None, Manufacturer: None, Product: None)
[INFO] [1774741037.812665727] [serial_manager]: Identified device sensor board at port /dev/ttyS19
[INFO] [1774741037.813382642] [serial_manager]: New device detected: /dev/ttyS18 (n/a)
[INFO] [1774741037.814084982] [serial_manager]: Could not identify device at port /dev/ttyS18 (VID: None, PID: None, Manufacturer: None, Product: None)
[INFO] [1774741037.814822343] [serial_manager]: Identified device sensor board at port /dev/ttyS18
[INFO] [1774741037.815543426] [serial_manager]: New device detected: /dev/ttyS17 (n/a)
[INFO] [1774741037.816294978] [serial_manager]: Could not identify device at port /dev/ttyS17 (VID: None, PID: None, Manufacturer: None, Product: None)
[INFO] [1774741037.817134809] [serial_manager]: Identified device sensor board at port /dev/ttyS17
[INFO] [1774741037.817928609] [serial_manager]: New device detected: /dev/ttyS16 (n/a)
[INFO] [1774741037.818654874] [serial_manager]: Could not identify device at port /dev/ttyS16 (VID: None, PID: None, Manufacturer: None, Product: None)
[INFO] [1774741037.819355781] [serial_manager]: Identified device sensor board at port /dev/ttyS16
[INFO] [1774741037.820075768] [serial_manager]: New device detected: /dev/ttyS15 (n/a)
[INFO] [1774741037.820787242] [serial_manager]: Could not identify device at port /dev/ttyS15 (VID: None, PID: None, Manufacturer: None, Product: None)
[INFO] [1774741037.821496290] [serial_manager]: Identified device sensor board at port /dev/ttyS15
[INFO] [1774741037.822503157] [serial_manager]: New device detected: /dev/ttyS14 (n/a)
[INFO] [1774741037.823227426] [serial_manager]: Could not identify device at port /dev/ttyS14 (VID: None, PID: None, Manufacturer: None, Product: None)
[INFO] [1774741037.823980766] [serial_manager]: Identified device sensor board at port /dev/ttyS14
[INFO] [1774741037.824740544] [serial_manager]: New device detected: /dev/ttyS13 (n/a)
[INFO] [1774741037.825490785] [serial_manager]: Could not identify device at port /dev/ttyS13 (VID: None, PID: None, Manufacturer: None, Product: None)
[INFO] [1774741037.826346593] [serial_manager]: Identified device sensor board at port /dev/ttyS13
[INFO] [1774741037.827220005] [serial_manager]: New device detected: /dev/ttyS12 (n/a)
[INFO] [1774741037.828235186] [serial_manager]: Could not identify device at port /dev/ttyS12 (VID: None, PID: None, Manufacturer: None, Product: None)
[INFO] [1774741037.829125605] [serial_manager]: Identified device sensor board at port /dev/ttyS12
[INFO] [1774741037.829955896] [serial_manager]: New device detected: /dev/ttyS11 (n/a)
[INFO] [1774741037.830961198] [serial_manager]: Could not identify device at port /dev/ttyS11 (VID: None, PID: None, Manufacturer: None, Product: None)
[INFO] [1774741037.831865286] [serial_manager]: Identified device sensor board at port /dev/ttyS11
[INFO] [1774741037.832740538] [serial_manager]: New device detected: /dev/ttyS10 (n/a)
[INFO] [1774741037.833454835] [serial_manager]: Could not identify device at port /dev/ttyS10 (VID: None, PID: None, Manufacturer: None, Product: None)
[INFO] [1774741037.834222910] [serial_manager]: Identified device sensor board at port /dev/ttyS10
[INFO] [1774741037.835114651] [serial_manager]: New device detected: /dev/ttyS1 (n/a)
[INFO] [1774741037.836047505] [serial_manager]: Could not identify device at port /dev/ttyS1 (VID: None, PID: None, Manufacturer: None, Product: None)
[INFO] [1774741037.836995274] [serial_manager]: Identified device sensor board at port /dev/ttyS1
[INFO] [1774741037.837753918] [serial_manager]: New device detected: /dev/ttyS0 (n/a)
[INFO] [1774741037.838389031] [serial_manager]: Could not identify device at port /dev/ttyS0 (VID: None, PID: None, Manufacturer: None, Product: None)
[INFO] [1774741037.839167773] [serial_manager]: Identified device sensor board at port /dev/ttyS0
[INFO] [1774741042.762558885] [serial_manager]: New device detected: /dev/ttyS9 (n/a)
[INFO] [1774741042.764516199] [serial_manager]: Could not identify device at port /dev/ttyS9 (VID: None, PID: None, Manufacturer: None, Product: None)
[INFO] [1774741042.765737347] [serial_manager]: Identified device sensor board at port /dev/ttyS9
[INFO] [1774741042.767048997] [serial_manager]: New device detected: /dev/ttyS8 (n/a)
[INFO] [1774741042.768117559] [serial_manager]: Could not identify device at port /dev/ttyS8 (VID: None, PID: None, Manufacturer: None, Product: None)
[INFO] [1774741042.770301087] [serial_manager]: Identified device sensor board at port /dev/ttyS8
[INFO] [1774741042.772473712] [serial_manager]: New device detected: /dev/ttyS7 (n/a)
[INFO] [1774741042.773305572] [serial_manager]: Could not identify device at port /dev/ttyS7 (VID: None, PID: None, Manufacturer: None, Product: None)
[INFO] [1774741042.774087179] [serial_manager]: Identified device sensor board at port /dev/ttyS7
[INFO] [1774741042.775964357] [serial_manager]: New device detected: /dev/ttyS6 (n/a)
[INFO] [1774741042.776652796] [serial_manager]: Could not identify device at port /dev/ttyS6 (VID: None, PID: None, Manufacturer: None, Product: None)
[INFO] [1774741042.777278056] [serial_manager]: Identified device sensor board at port /dev/ttyS6
[INFO] [1774741042.778535341] [serial_manager]: New device detected: /dev/ttyS5 (n/a)
[INFO] [1774741042.779511889] [serial_manager]: Could not identify device at port /dev/ttyS5 (VID: None, PID: None, Manufacturer: None, Product: None)
[INFO] [1774741042.780741935] [serial_manager]: Identified device sensor board at port /dev/ttyS5
[INFO] [1774741042.782440409] [serial_manager]: New device detected: /dev/ttyS4 (n/a)
[INFO] [1774741042.783402828] [serial_manager]: Could not identify device at port /dev/ttyS4 (VID: None, PID: None, Manufacturer: None, Product: None)
[INFO] [1774741042.785233029] [serial_manager]: Identified device sensor board at port /dev/ttyS4
[INFO] [1774741042.785936836] [serial_manager]: New device detected: /dev/ttyS31 (n/a)
[INFO] [1774741042.786829736] [serial_manager]: Could not identify device at port /dev/ttyS31 (VID: None, PID: None, Manufacturer: None, Product: None)
[INFO] [1774741042.788558414] [serial_manager]: Identified device sensor board at port /dev/ttyS31
[INFO] [1774741042.790246621] [serial_manager]: New device detected: /dev/ttyS30 (n/a)
[INFO] [1774741042.792156229] [serial_manager]: Could not identify device at port /dev/ttyS30 (VID: None, PID: None, Manufacturer: None, Product: None)
[INFO] [1774741042.792908257] [serial_manager]: Identified device sensor board at port /dev/ttyS30
[INFO] [1774741042.794268537] [serial_manager]: New device detected: /dev/ttyS3 (n/a)
[INFO] [1774741042.795289674] [serial_manager]: Could not identify device at port /dev/ttyS3 (VID: None, PID: None, Manufacturer: None, Product: None)
[INFO] [1774741042.797246392] [serial_manager]: Identified device sensor board at port /dev/ttyS3
[INFO] [1774741042.797947363] [serial_manager]: New device detected: /dev/ttyS29 (n/a)
[INFO] [1774741042.798600624] [serial_manager]: Could not identify device at port /dev/ttyS29 (VID: None, PID: None, Manufacturer: None, Product: None)
[INFO] [1774741042.799215125] [serial_manager]: Identified device sensor board at port /dev/ttyS29
[INFO] [1774741042.799843522] [serial_manager]: New device detected: /dev/ttyS28 (n/a)
[INFO] [1774741042.800455797] [serial_manager]: Could not identify device at port /dev/ttyS28 (VID: None, PID: None, Manufacturer: None, Product: None)
[INFO] [1774741042.801105229] [serial_manager]: Identified device sensor board at port /dev/ttyS28
[INFO] [1774741042.801759154] [serial_manager]: New device detected: /dev/ttyS27 (n/a)
[INFO] [1774741042.802425160] [serial_manager]: Could not identify device at port /dev/ttyS27 (VID: None, PID: None, Manufacturer: None, Product: None)
[INFO] [1774741042.803190751] [serial_manager]: Identified device sensor board at port /dev/ttyS27
[INFO] [1774741042.803855507] [serial_manager]: New device detected: /dev/ttyS26 (n/a)
[INFO] [1774741042.804476167] [serial_manager]: Could not identify device at port /dev/ttyS26 (VID: None, PID: None, Manufacturer: None, Product: None)
[INFO] [1774741042.805152795] [serial_manager]: Identified device sensor board at port /dev/ttyS26
[INFO] [1774741042.805871624] [serial_manager]: New device detected: /dev/ttyS25 (n/a)
[INFO] [1774741042.806861062] [serial_manager]: Could not identify device at port /dev/ttyS25 (VID: None, PID: None, Manufacturer: None, Product: None)
[INFO] [1774741042.807978549] [serial_manager]: Identified device sensor board at port /dev/ttyS25
[INFO] [1774741042.808814914] [serial_manager]: New device detected: /dev/ttyS24 (n/a)
[INFO] [1774741042.809485349] [serial_manager]: Could not identify device at port /dev/ttyS24 (VID: None, PID: None, Manufacturer: None, Product: None)
[INFO] [1774741042.811821283] [serial_manager]: Identified device sensor board at port /dev/ttyS24
[INFO] [1774741042.812508057] [serial_manager]: New device detected: /dev/ttyS23 (n/a)
[INFO] [1774741042.813158876] [serial_manager]: Could not identify device at port /dev/ttyS23 (VID: None, PID: None, Manufacturer: None, Product: None)
[INFO] [1774741042.813856154] [serial_manager]: Identified device sensor board at port /dev/ttyS23
[INFO] [1774741042.814552528] [serial_manager]: New device detected: /dev/ttyS22 (n/a)
[INFO] [1774741042.815282111] [serial_manager]: Could not identify device at port /dev/ttyS22 (VID: None, PID: None, Manufacturer: None, Product: None)
[INFO] [1774741042.815988302] [serial_manager]: Identified device sensor board at port /dev/ttyS22
[INFO] [1774741042.816640379] [serial_manager]: New device detected: /dev/ttyS21 (n/a)
[INFO] [1774741042.817315019] [serial_manager]: Could not identify device at port /dev/ttyS21 (VID: None, PID: None, Manufacturer: None, Product: None)
[INFO] [1774741042.817947483] [serial_manager]: Identified device sensor board at port /dev/ttyS21
[INFO] [1774741042.818720872] [serial_manager]: New device detected: /dev/ttyS20 (n/a)
[INFO] [1774741042.819493227] [serial_manager]: Could not identify device at port /dev/ttyS20 (VID: None, PID: None, Manufacturer: None, Product: None)
[INFO] [1774741042.820292290] [serial_manager]: Identified device sensor board at port /dev/ttyS20
[INFO] [1774741042.821029567] [serial_manager]: New device detected: /dev/ttyS2 (n/a)
[INFO] [1774741042.821687203] [serial_manager]: Could not identify device at port /dev/ttyS2 (VID: None, PID: None, Manufacturer: None, Product: None)
[INFO] [1774741042.822311177] [serial_manager]: Identified device sensor board at port /dev/ttyS2
[INFO] [1774741042.822947851] [serial_manager]: New device detected: /dev/ttyS19 (n/a)
[INFO] [1774741042.823577917] [serial_manager]: Could not identify device at port /dev/ttyS19 (VID: None, PID: None, Manufacturer: None, Product: None)
[INFO] [1774741042.824218743] [serial_manager]: Identified device sensor board at port /dev/ttyS19
[INFO] [1774741042.824856526] [serial_manager]: New device detected: /dev/ttyS18 (n/a)
[INFO] [1774741042.825479088] [serial_manager]: Could not identify device at port /dev/ttyS18 (VID: None, PID: None, Manufacturer: None, Product: None)
[INFO] [1774741042.826118342] [serial_manager]: Identified device sensor board at port /dev/ttyS18
[INFO] [1774741042.826788761] [serial_manager]: New device detected: /dev/ttyS17 (n/a)
[INFO] [1774741042.827504622] [serial_manager]: Could not identify device at port /dev/ttyS17 (VID: None, PID: None, Manufacturer: None, Product: None)
[INFO] [1774741042.828215099] [serial_manager]: Identified device sensor board at port /dev/ttyS17
[INFO] [1774741042.828928774] [serial_manager]: New device detected: /dev/ttyS16 (n/a)
[INFO] [1774741042.829724602] [serial_manager]: Could not identify device at port /dev/ttyS16 (VID: None, PID: None, Manufacturer: None, Product: None)
[INFO] [1774741042.830431302] [serial_manager]: Identified device sensor board at port /dev/ttyS16
[INFO] [1774741042.831106615] [serial_manager]: New device detected: /dev/ttyS15 (n/a)
[INFO] [1774741042.832904127] [serial_manager]: Could not identify device at port /dev/ttyS15 (VID: None, PID: None, Manufacturer: None, Product: None)
[INFO] [1774741042.833700240] [serial_manager]: Identified device sensor board at port /dev/ttyS15
[INFO] [1774741042.834398430] [serial_manager]: New device detected: /dev/ttyS14 (n/a)
[INFO] [1774741042.837271556] [serial_manager]: Could not identify device at port /dev/ttyS14 (VID: None, PID: None, Manufacturer: None, Product: None)
[INFO] [1774741042.837991203] [serial_manager]: Identified device sensor board at port /dev/ttyS14
[INFO] [1774741042.838655389] [serial_manager]: New device detected: /dev/ttyS13 (n/a)
[INFO] [1774741042.839357625] [serial_manager]: Could not identify device at port /dev/ttyS13 (VID: None, PID: None, Manufacturer: None, Product: None)
[INFO] [1774741042.840037039] [serial_manager]: Identified device sensor board at port /dev/ttyS13
[INFO] [1774741042.840702811] [serial_manager]: New device detected: /dev/ttyS12 (n/a)
[INFO] [1774741042.841357465] [serial_manager]: Could not identify device at port /dev/ttyS12 (VID: None, PID: None, Manufacturer: None, Product: None)
[INFO] [1774741042.842022023] [serial_manager]: Identified device sensor board at port /dev/ttyS12
[INFO] [1774741042.842697154] [serial_manager]: New device detected: /dev/ttyS11 (n/a)
[INFO] [1774741042.843441706] [serial_manager]: Could not identify device at port /dev/ttyS11 (VID: None, PID: None, Manufacturer: None, Product: None)
[INFO] [1774741042.844257238] [serial_manager]: Identified device sensor board at port /dev/ttyS11
[INFO] [1774741042.845051962] [serial_manager]: New device detected: /dev/ttyS10 (n/a)
[INFO] [1774741042.845801922] [serial_manager]: Could not identify device at port /dev/ttyS10 (VID: None, PID: None, Manufacturer: None, Product: None)
[INFO] [1774741042.846566857] [serial_manager]: Identified device sensor board at port /dev/ttyS10
[INFO] [1774741042.847285928] [serial_manager]: New device detected: /dev/ttyS1 (n/a)
[INFO] [1774741042.848814139] [serial_manager]: Could not identify device at port /dev/ttyS1 (VID: None, PID: None, Manufacturer: None, Product: None)
[INFO] [1774741042.851186073] [serial_manager]: Identified device sensor board at port /dev/ttyS1
[INFO] [1774741042.852089088] [serial_manager]: New device detected: /dev/ttyS0 (n/a)
[INFO] [1774741042.854436934] [serial_manager]: Could not identify device at port /dev/ttyS0 (VID: None, PID: None, Manufacturer: None, Product: None)
[INFO] [1774741042.857343332] [serial_manager]: Identified device sensor board at port /dev/ttyS0
[INFO] [1774741047.748870704] [serial_manager]: New device detected: /dev/ttyS9 (n/a)
[INFO] [1774741047.749495041] [serial_manager]: Could not identify device at port /dev/ttyS9 (VID: None, PID: None, Manufacturer: None, Product: None)
[INFO] [1774741047.750058978] [serial_manager]: Identified device sensor board at port /dev/ttyS9
[INFO] [1774741047.750543065] [serial_manager]: New device detected: /dev/ttyS8 (n/a)
[INFO] [1774741047.751066201] [serial_manager]: Could not identify device at port /dev/ttyS8 (VID: None, PID: None, Manufacturer: None, Product: None)
[INFO] [1774741047.751558009] [serial_manager]: Identified device sensor board at port /dev/ttyS8
[INFO] [1774741047.752049655] [serial_manager]: New device detected: /dev/ttyS7 (n/a)
[INFO] [1774741047.752539321] [serial_manager]: Could not identify device at port /dev/ttyS7 (VID: None, PID: None, Manufacturer: None, Product: None)
[INFO] [1774741047.753042365] [serial_manager]: Identified device sensor board at port /dev/ttyS7
[INFO] [1774741047.753549619] [serial_manager]: New device detected: /dev/ttyS6 (n/a)
[INFO] [1774741047.754230668] [serial_manager]: Could not identify device at port /dev/ttyS6 (VID: None, PID: None, Manufacturer: None, Product: None)
[INFO] [1774741047.754786531] [serial_manager]: Identified device sensor board at port /dev/ttyS6
[INFO] [1774741047.755450070] [serial_manager]: New device detected: /dev/ttyS5 (n/a)
[INFO] [1774741047.756125962] [serial_manager]: Could not identify device at port /dev/ttyS5 (VID: None, PID: None, Manufacturer: None, Product: None)
[INFO] [1774741047.756764920] [serial_manager]: Identified device sensor board at port /dev/ttyS5
[INFO] [1774741047.757271581] [serial_manager]: New device detected: /dev/ttyS4 (n/a)
[INFO] [1774741047.757740976] [serial_manager]: Could not identify device at port /dev/ttyS4 (VID: None, PID: None, Manufacturer: None, Product: None)
[INFO] [1774741047.758198759] [serial_manager]: Identified device sensor board at port /dev/ttyS4
[INFO] [1774741047.758684859] [serial_manager]: New device detected: /dev/ttyS31 (n/a)
[INFO] [1774741047.759142495] [serial_manager]: Could not identify device at port /dev/ttyS31 (VID: None, PID: None, Manufacturer: None, Product: None)
[INFO] [1774741047.759838541] [serial_manager]: Identified device sensor board at port /dev/ttyS31
[INFO] [1774741047.760526944] [serial_manager]: New device detected: /dev/ttyS30 (n/a)
[INFO] [1774741047.762015876] [serial_manager]: Could not identify device at port /dev/ttyS30 (VID: None, PID: None, Manufacturer: None, Product: None)
[INFO] [1774741047.762835344] [serial_manager]: Identified device sensor board at port /dev/ttyS30
[INFO] [1774741047.763690019] [serial_manager]: New device detected: /dev/ttyS3 (n/a)
[INFO] [1774741047.764531795] [serial_manager]: Could not identify device at port /dev/ttyS3 (VID: None, PID: None, Manufacturer: None, Product: None)
[INFO] [1774741047.766222737] [serial_manager]: Identified device sensor board at port /dev/ttyS3
[INFO] [1774741047.766957558] [serial_manager]: New device detected: /dev/ttyS29 (n/a)
[INFO] [1774741047.767568313] [serial_manager]: Could not identify device at port /dev/ttyS29 (VID: None, PID: None, Manufacturer: None, Product: None)
[INFO] [1774741047.768338829] [serial_manager]: Identified device sensor board at port /dev/ttyS29
[INFO] [1774741047.769226477] [serial_manager]: New device detected: /dev/ttyS28 (n/a)
[INFO] [1774741047.769965994] [serial_manager]: Could not identify device at port /dev/ttyS28 (VID: None, PID: None, Manufacturer: None, Product: None)
[INFO] [1774741047.770686042] [serial_manager]: Identified device sensor board at port /dev/ttyS28
[INFO] [1774741047.771352010] [serial_manager]: New device detected: /dev/ttyS27 (n/a)
[INFO] [1774741047.772136461] [serial_manager]: Could not identify device at port /dev/ttyS27 (VID: None, PID: None, Manufacturer: None, Product: None)
[INFO] [1774741047.773412389] [serial_manager]: Identified device sensor board at port /dev/ttyS27
[INFO] [1774741047.774317755] [serial_manager]: New device detected: /dev/ttyS26 (n/a)
[INFO] [1774741047.775992869] [serial_manager]: Could not identify device at port /dev/ttyS26 (VID: None, PID: None, Manufacturer: None, Product: None)
[INFO] [1774741047.776830997] [serial_manager]: Identified device sensor board at port /dev/ttyS26
[INFO] [1774741047.777944175] [serial_manager]: New device detected: /dev/ttyS25 (n/a)
[INFO] [1774741047.778935496] [serial_manager]: Could not identify device at port /dev/ttyS25 (VID: None, PID: None, Manufacturer: None, Product: None)
[INFO] [1774741047.779996683] [serial_manager]: Identified device sensor board at port /dev/ttyS25
[INFO] [1774741047.780953118] [serial_manager]: New device detected: /dev/ttyS24 (n/a)
[INFO] [1774741047.781863937] [serial_manager]: Could not identify device at port /dev/ttyS24 (VID: None, PID: None, Manufacturer: None, Product: None)
[INFO] [1774741047.782674279] [serial_manager]: Identified device sensor board at port /dev/ttyS24
[INFO] [1774741047.783310191] [serial_manager]: New device detected: /dev/ttyS23 (n/a)
[INFO] [1774741047.784116381] [serial_manager]: Could not identify device at port /dev/ttyS23 (VID: None, PID: None, Manufacturer: None, Product: None)
[INFO] [1774741047.784921149] [serial_manager]: Identified device sensor board at port /dev/ttyS23
[INFO] [1774741047.785672376] [serial_manager]: New device detected: /dev/ttyS22 (n/a)
[INFO] [1774741047.786372607] [serial_manager]: Could not identify device at port /dev/ttyS22 (VID: None, PID: None, Manufacturer: None, Product: None)
[INFO] [1774741047.787132535] [serial_manager]: Identified device sensor board at port /dev/ttyS22
[INFO] [1774741047.787848097] [serial_manager]: New device detected: /dev/ttyS21 (n/a)
[INFO] [1774741047.788532478] [serial_manager]: Could not identify device at port /dev/ttyS21 (VID: None, PID: None, Manufacturer: None, Product: None)
[INFO] [1774741047.789227384] [serial_manager]: Identified device sensor board at port /dev/ttyS21
[INFO] [1774741047.790000875] [serial_manager]: New device detected: /dev/ttyS20 (n/a)
[INFO] [1774741047.790914127] [serial_manager]: Could not identify device at port /dev/ttyS20 (VID: None, PID: None, Manufacturer: None, Product: None)
[INFO] [1774741047.791991192] [serial_manager]: Identified device sensor board at port /dev/ttyS20
[INFO] [1774741047.792847094] [serial_manager]: New device detected: /dev/ttyS2 (n/a)
[INFO] [1774741047.793917421] [serial_manager]: Could not identify device at port /dev/ttyS2 (VID: None, PID: None, Manufacturer: None, Product: None)
[INFO] [1774741047.794839013] [serial_manager]: Identified device sensor board at port /dev/ttyS2
[INFO] [1774741047.795728977] [serial_manager]: New device detected: /dev/ttyS19 (n/a)
[INFO] [1774741047.796495815] [serial_manager]: Could not identify device at port /dev/ttyS19 (VID: None, PID: None, Manufacturer: None, Product: None)
[INFO] [1774741047.797277531] [serial_manager]: Identified device sensor board at port /dev/ttyS19
[INFO] [1774741047.798203377] [serial_manager]: New device detected: /dev/ttyS18 (n/a)
[INFO] [1774741047.799019310] [serial_manager]: Could not identify device at port /dev/ttyS18 (VID: None, PID: None, Manufacturer: None, Product: None)
[INFO] [1774741047.800156255] [serial_manager]: Identified device sensor board at port /dev/ttyS18
[INFO] [1774741047.800868634] [serial_manager]: New device detected: /dev/ttyS17 (n/a)
[INFO] [1774741047.801621148] [serial_manager]: Could not identify device at port /dev/ttyS17 (VID: None, PID: None, Manufacturer: None, Product: None)
[INFO] [1774741047.802411872] [serial_manager]: Identified device sensor board at port /dev/ttyS17
[INFO] [1774741047.803159981] [serial_manager]: New device detected: /dev/ttyS16 (n/a)
[INFO] [1774741047.803976070] [serial_manager]: Could not identify device at port /dev/ttyS16 (VID: None, PID: None, Manufacturer: None, Product: None)
[INFO] [1774741047.804873725] [serial_manager]: Identified device sensor board at port /dev/ttyS16
[INFO] [1774741047.805785135] [serial_manager]: New device detected: /dev/ttyS15 (n/a)
[INFO] [1774741047.806723493] [serial_manager]: Could not identify device at port /dev/ttyS15 (VID: None, PID: None, Manufacturer: None, Product: None)
[INFO] [1774741047.807575747] [serial_manager]: Identified device sensor board at port /dev/ttyS15
[INFO] [1774741047.808460295] [serial_manager]: New device detected: /dev/ttyS14 (n/a)
[INFO] [1774741047.809354780] [serial_manager]: Could not identify device at port /dev/ttyS14 (VID: None, PID: None, Manufacturer: None, Product: None)
[INFO] [1774741047.810446095] [serial_manager]: Identified device sensor board at port /dev/ttyS14
[INFO] [1774741047.811432862] [serial_manager]: New device detected: /dev/ttyS13 (n/a)
[INFO] [1774741047.812308452] [serial_manager]: Could not identify device at port /dev/ttyS13 (VID: None, PID: None, Manufacturer: None, Product: None)
[INFO] [1774741047.813180722] [serial_manager]: Identified device sensor board at port /dev/ttyS13
[INFO] [1774741047.814031440] [serial_manager]: New device detected: /dev/ttyS12 (n/a)
[INFO] [1774741047.814940010] [serial_manager]: Could not identify device at port /dev/ttyS12 (VID: None, PID: None, Manufacturer: None, Product: None)
[INFO] [1774741047.815866586] [serial_manager]: Identified device sensor board at port /dev/ttyS12
[INFO] [1774741047.816758644] [serial_manager]: New device detected: /dev/ttyS11 (n/a)
[INFO] [1774741047.817676324] [serial_manager]: Could not identify device at port /dev/ttyS11 (VID: None, PID: None, Manufacturer: None, Product: None)
[INFO] [1774741047.818451677] [serial_manager]: Identified device sensor board at port /dev/ttyS11
[INFO] [1774741047.819241240] [serial_manager]: New device detected: /dev/ttyS10 (n/a)
[INFO] [1774741047.820080433] [serial_manager]: Could not identify device at port /dev/ttyS10 (VID: None, PID: None, Manufacturer: None, Product: None)
[INFO] [1774741047.820853288] [serial_manager]: Identified device sensor board at port /dev/ttyS10
[INFO] [1774741047.821629415] [serial_manager]: New device detected: /dev/ttyS1 (n/a)
[INFO] [1774741047.822402112] [serial_manager]: Could not identify device at port /dev/ttyS1 (VID: None, PID: None, Manufacturer: None, Product: None)
[INFO] [1774741047.823269325] [serial_manager]: Identified device sensor board at port /dev/ttyS1
[INFO] [1774741047.824106569] [serial_manager]: New device detected: /dev/ttyS0 (n/a)
[INFO] [1774741047.825017327] [serial_manager]: Could not identify device at port /dev/ttyS0 (VID: None, PID: None, Manufacturer: None, Product: None)
[INFO] [1774741047.825828466] [serial_manager]: Identified device sensor board at port /dev/ttyS0
[INFO] [1774741052.748574745] [serial_manager]: New device detected: /dev/ttyS9 (n/a)
[INFO] [1774741052.749362967] [serial_manager]: Could not identify device at port /dev/ttyS9 (VID: None, PID: None, Manufacturer: None, Product: None)
[INFO] [1774741052.750130836] [serial_manager]: Identified device sensor board at port /dev/ttyS9
[INFO] [1774741052.750911504] [serial_manager]: New device detected: /dev/ttyS8 (n/a)
[INFO] [1774741052.751687779] [serial_manager]: Could not identify device at port /dev/ttyS8 (VID: None, PID: None, Manufacturer: None, Product: None)
[INFO] [1774741052.752423111] [serial_manager]: Identified device sensor board at port /dev/ttyS8
[INFO] [1774741052.753429080] [serial_manager]: New device detected: /dev/ttyS7 (n/a)
[INFO] [1774741052.754116065] [serial_manager]: Could not identify device at port /dev/ttyS7 (VID: None, PID: None, Manufacturer: None, Product: None)
[INFO] [1774741052.754811929] [serial_manager]: Identified device sensor board at port /dev/ttyS7
[INFO] [1774741052.755537963] [serial_manager]: New device detected: /dev/ttyS6 (n/a)
[INFO] [1774741052.756255576] [serial_manager]: Could not identify device at port /dev/ttyS6 (VID: None, PID: None, Manufacturer: None, Product: None)
[INFO] [1774741052.756938624] [serial_manager]: Identified device sensor board at port /dev/ttyS6
[INFO] [1774741052.758086975] [serial_manager]: New device detected: /dev/ttyS5 (n/a)
[INFO] [1774741052.758809913] [serial_manager]: Could not identify device at port /dev/ttyS5 (VID: None, PID: None, Manufacturer: None, Product: None)
[INFO] [1774741052.759530978] [serial_manager]: Identified device sensor board at port /dev/ttyS5
[INFO] [1774741052.760316363] [serial_manager]: New device detected: /dev/ttyS4 (n/a)
[INFO] [1774741052.761068063] [serial_manager]: Could not identify device at port /dev/ttyS4 (VID: None, PID: None, Manufacturer: None, Product: None)
[INFO] [1774741052.762426028] [serial_manager]: Identified device sensor board at port /dev/ttyS4
[INFO] [1774741052.763218498] [serial_manager]: New device detected: /dev/ttyS31 (n/a)
[INFO] [1774741052.764008441] [serial_manager]: Could not identify device at port /dev/ttyS31 (VID: None, PID: None, Manufacturer: None, Product: None)
[INFO] [1774741052.765244508] [serial_manager]: Identified device sensor board at port /dev/ttyS31
[INFO] [1774741052.766989388] [serial_manager]: New device detected: /dev/ttyS30 (n/a)
[INFO] [1774741052.767966066] [serial_manager]: Could not identify device at port /dev/ttyS30 (VID: None, PID: None, Manufacturer: None, Product: None)
[INFO] [1774741052.768751620] [serial_manager]: Identified device sensor board at port /dev/ttyS30
[INFO] [1774741052.769467072] [serial_manager]: New device detected: /dev/ttyS3 (n/a)
[INFO] [1774741052.770273978] [serial_manager]: Could not identify device at port /dev/ttyS3 (VID: None, PID: None, Manufacturer: None, Product: None)
[INFO] [1774741052.771179795] [serial_manager]: Identified device sensor board at port /dev/ttyS3
[INFO] [1774741052.772333958] [serial_manager]: New device detected: /dev/ttyS29 (n/a)
[INFO] [1774741052.773379203] [serial_manager]: Could not identify device at port /dev/ttyS29 (VID: None, PID: None, Manufacturer: None, Product: None)
[INFO] [1774741052.774424693] [serial_manager]: Identified device sensor board at port /dev/ttyS29
[INFO] [1774741052.775790050] [serial_manager]: New device detected: /dev/ttyS28 (n/a)
[INFO] [1774741052.777418706] [serial_manager]: Could not identify device at port /dev/ttyS28 (VID: None, PID: None, Manufacturer: None, Product: None)
[INFO] [1774741052.778628902] [serial_manager]: Identified device sensor board at port /dev/ttyS28
[INFO] [1774741052.780096999] [serial_manager]: New device detected: /dev/ttyS27 (n/a)
[INFO] [1774741052.781106169] [serial_manager]: Could not identify device at port /dev/ttyS27 (VID: None, PID: None, Manufacturer: None, Product: None)
[INFO] [1774741052.782108707] [serial_manager]: Identified device sensor board at port /dev/ttyS27
[INFO] [1774741052.783167527] [serial_manager]: New device detected: /dev/ttyS26 (n/a)
[INFO] [1774741052.783857810] [serial_manager]: Could not identify device at port /dev/ttyS26 (VID: None, PID: None, Manufacturer: None, Product: None)
[INFO] [1774741052.784542749] [serial_manager]: Identified device sensor board at port /dev/ttyS26
[INFO] [1774741052.785275126] [serial_manager]: New device detected: /dev/ttyS25 (n/a)
[INFO] [1774741052.785997289] [serial_manager]: Could not identify device at port /dev/ttyS25 (VID: None, PID: None, Manufacturer: None, Product: None)
[INFO] [1774741052.786778172] [serial_manager]: Identified device sensor board at port /dev/ttyS25
[INFO] [1774741052.787989249] [serial_manager]: New device detected: /dev/ttyS24 (n/a)
[INFO] [1774741052.788918968] [serial_manager]: Could not identify device at port /dev/ttyS24 (VID: None, PID: None, Manufacturer: None, Product: None)
[INFO] [1774741052.789782491] [serial_manager]: Identified device sensor board at port /dev/ttyS24
[INFO] [1774741052.790584331] [serial_manager]: New device detected: /dev/ttyS23 (n/a)
[INFO] [1774741052.791236278] [serial_manager]: Could not identify device at port /dev/ttyS23 (VID: None, PID: None, Manufacturer: None, Product: None)
[INFO] [1774741052.791886701] [serial_manager]: Identified device sensor board at port /dev/ttyS23
[INFO] [1774741052.792988270] [serial_manager]: New device detected: /dev/ttyS22 (n/a)
[INFO] [1774741052.794157143] [serial_manager]: Could not identify device at port /dev/ttyS22 (VID: None, PID: None, Manufacturer: None, Product: None)
[INFO] [1774741052.795304051] [serial_manager]: Identified device sensor board at port /dev/ttyS22
[INFO] [1774741052.796154196] [serial_manager]: New device detected: /dev/ttyS21 (n/a)
[INFO] [1774741052.797233099] [serial_manager]: Could not identify device at port /dev/ttyS21 (VID: None, PID: None, Manufacturer: None, Product: None)
[INFO] [1774741052.798422654] [serial_manager]: Identified device sensor board at port /dev/ttyS21
[INFO] [1774741052.799406073] [serial_manager]: New device detected: /dev/ttyS20 (n/a)
[INFO] [1774741052.802167778] [serial_manager]: Could not identify device at port /dev/ttyS20 (VID: None, PID: None, Manufacturer: None, Product: None)
[INFO] [1774741052.803144085] [serial_manager]: Identified device sensor board at port /dev/ttyS20
[INFO] [1774741052.804115895] [serial_manager]: New device detected: /dev/ttyS2 (n/a)
[INFO] [1774741052.804794073] [serial_manager]: Could not identify device at port /dev/ttyS2 (VID: None, PID: None, Manufacturer: None, Product: None)
[INFO] [1774741052.805431548] [serial_manager]: Identified device sensor board at port /dev/ttyS2
[INFO] [1774741052.806069179] [serial_manager]: New device detected: /dev/ttyS19 (n/a)
[INFO] [1774741052.806703578] [serial_manager]: Could not identify device at port /dev/ttyS19 (VID: None, PID: None, Manufacturer: None, Product: None)
[INFO] [1774741052.807327602] [serial_manager]: Identified device sensor board at port /dev/ttyS19
[INFO] [1774741052.807987902] [serial_manager]: New device detected: /dev/ttyS18 (n/a)
[INFO] [1774741052.808747098] [serial_manager]: Could not identify device at port /dev/ttyS18 (VID: None, PID: None, Manufacturer: None, Product: None)
[INFO] [1774741052.809498697] [serial_manager]: Identified device sensor board at port /dev/ttyS18
[INFO] [1774741052.810279935] [serial_manager]: New device detected: /dev/ttyS17 (n/a)
[INFO] [1774741052.810924160] [serial_manager]: Could not identify device at port /dev/ttyS17 (VID: None, PID: None, Manufacturer: None, Product: None)
[INFO] [1774741052.811549541] [serial_manager]: Identified device sensor board at port /dev/ttyS17
[INFO] [1774741052.812199776] [serial_manager]: New device detected: /dev/ttyS16 (n/a)
[INFO] [1774741052.812841624] [serial_manager]: Could not identify device at port /dev/ttyS16 (VID: None, PID: None, Manufacturer: None, Product: None)
[INFO] [1774741052.813471446] [serial_manager]: Identified device sensor board at port /dev/ttyS16
[INFO] [1774741052.814296934] [serial_manager]: New device detected: /dev/ttyS15 (n/a)
[INFO] [1774741052.814991426] [serial_manager]: Could not identify device at port /dev/ttyS15 (VID: None, PID: None, Manufacturer: None, Product: None)
[INFO] [1774741052.815639076] [serial_manager]: Identified device sensor board at port /dev/ttyS15
[INFO] [1774741052.816271967] [serial_manager]: New device detected: /dev/ttyS14 (n/a)
[INFO] [1774741052.817013912] [serial_manager]: Could not identify device at port /dev/ttyS14 (VID: None, PID: None, Manufacturer: None, Product: None)
[INFO] [1774741052.817748712] [serial_manager]: Identified device sensor board at port /dev/ttyS14
[INFO] [1774741052.818393826] [serial_manager]: New device detected: /dev/ttyS13 (n/a)
[INFO] [1774741052.819088356] [serial_manager]: Could not identify device at port /dev/ttyS13 (VID: None, PID: None, Manufacturer: None, Product: None)
[INFO] [1774741052.819735963] [serial_manager]: Identified device sensor board at port /dev/ttyS13
[INFO] [1774741052.820405837] [serial_manager]: New device detected: /dev/ttyS12 (n/a)
[INFO] [1774741052.821094176] [serial_manager]: Could not identify device at port /dev/ttyS12 (VID: None, PID: None, Manufacturer: None, Product: None)
[INFO] [1774741052.821846331] [serial_manager]: Identified device sensor board at port /dev/ttyS12
[INFO] [1774741052.822556114] [serial_manager]: New device detected: /dev/ttyS11 (n/a)
[INFO] [1774741052.823261650] [serial_manager]: Could not identify device at port /dev/ttyS11 (VID: None, PID: None, Manufacturer: None, Product: None)
[INFO] [1774741052.823979808] [serial_manager]: Identified device sensor board at port /dev/ttyS11
[INFO] [1774741052.824955911] [serial_manager]: New device detected: /dev/ttyS10 (n/a)
[INFO] [1774741052.825817036] [serial_manager]: Could not identify device at port /dev/ttyS10 (VID: None, PID: None, Manufacturer: None, Product: None)
[INFO] [1774741052.826568031] [serial_manager]: Identified device sensor board at port /dev/ttyS10
[INFO] [1774741052.827307238] [serial_manager]: New device detected: /dev/ttyS1 (n/a)
[INFO] [1774741052.828060436] [serial_manager]: Could not identify device at port /dev/ttyS1 (VID: None, PID: None, Manufacturer: None, Product: None)
[INFO] [1774741052.828816371] [serial_manager]: Identified device sensor board at port /dev/ttyS1
[INFO] [1774741052.829503599] [serial_manager]: New device detected: /dev/ttyS0 (n/a)
[INFO] [1774741052.830257266] [serial_manager]: Could not identify device at port /dev/ttyS0 (VID: None, PID: None, Manufacturer: None, Product: None)
[INFO] [1774741052.831021632] [serial_manager]: Identified device sensor board at port /dev/ttyS0
[INFO] [1774741057.749277994] [serial_manager]: New device detected: /dev/ttyS9 (n/a)
[INFO] [1774741057.750257213] [serial_manager]: Could not identify device at port /dev/ttyS9 (VID: None, PID: None, Manufacturer: None, Product: None)
[INFO] [1774741057.751248456] [serial_manager]: Identified device sensor board at port /dev/ttyS9
[INFO] [1774741057.752104388] [serial_manager]: New device detected: /dev/ttyS8 (n/a)
[INFO] [1774741057.753858762] [serial_manager]: Could not identify device at port /dev/ttyS8 (VID: None, PID: None, Manufacturer: None, Product: None)
[INFO] [1774741057.754617904] [serial_manager]: Identified device sensor board at port /dev/ttyS8
[INFO] [1774741057.755255872] [serial_manager]: New device detected: /dev/ttyS7 (n/a)
[INFO] [1774741057.756008120] [serial_manager]: Could not identify device at port /dev/ttyS7 (VID: None, PID: None, Manufacturer: None, Product: None)
[INFO] [1774741057.758045760] [serial_manager]: Identified device sensor board at port /dev/ttyS7
[INFO] [1774741057.758897123] [serial_manager]: New device detected: /dev/ttyS6 (n/a)
[INFO] [1774741057.759525980] [serial_manager]: Could not identify device at port /dev/ttyS6 (VID: None, PID: None, Manufacturer: None, Product: None)
[INFO] [1774741057.760204366] [serial_manager]: Identified device sensor board at port /dev/ttyS6
[INFO] [1774741057.760732566] [serial_manager]: New device detected: /dev/ttyS5 (n/a)
[INFO] [1774741057.762247328] [serial_manager]: Could not identify device at port /dev/ttyS5 (VID: None, PID: None, Manufacturer: None, Product: None)
[INFO] [1774741057.763174126] [serial_manager]: Identified device sensor board at port /dev/ttyS5
[INFO] [1774741057.763961362] [serial_manager]: New device detected: /dev/ttyS4 (n/a)
[INFO] [1774741057.764991059] [serial_manager]: Could not identify device at port /dev/ttyS4 (VID: None, PID: None, Manufacturer: None, Product: None)
[INFO] [1774741057.765685545] [serial_manager]: Identified device sensor board at port /dev/ttyS4
[INFO] [1774741057.766318117] [serial_manager]: New device detected: /dev/ttyS31 (n/a)
[INFO] [1774741057.766898517] [serial_manager]: Could not identify device at port /dev/ttyS31 (VID: None, PID: None, Manufacturer: None, Product: None)
[INFO] [1774741057.767570161] [serial_manager]: Identified device sensor board at port /dev/ttyS31
[INFO] [1774741057.768170592] [serial_manager]: New device detected: /dev/ttyS30 (n/a)
[INFO] [1774741057.768792756] [serial_manager]: Could not identify device at port /dev/ttyS30 (VID: None, PID: None, Manufacturer: None, Product: None)
[INFO] [1774741057.769528531] [serial_manager]: Identified device sensor board at port /dev/ttyS30
[INFO] [1774741057.770677327] [serial_manager]: New device detected: /dev/ttyS3 (n/a)
[INFO] [1774741057.771695525] [serial_manager]: Could not identify device at port /dev/ttyS3 (VID: None, PID: None, Manufacturer: None, Product: None)
[INFO] [1774741057.772581878] [serial_manager]: Identified device sensor board at port /dev/ttyS3
[INFO] [1774741057.773341714] [serial_manager]: New device detected: /dev/ttyS29 (n/a)
[INFO] [1774741057.774341349] [serial_manager]: Could not identify device at port /dev/ttyS29 (VID: None, PID: None, Manufacturer: None, Product: None)
[INFO] [1774741057.775105656] [serial_manager]: Identified device sensor board at port /dev/ttyS29
[INFO] [1774741057.775815721] [serial_manager]: New device detected: /dev/ttyS28 (n/a)
[INFO] [1774741057.776391412] [serial_manager]: Could not identify device at port /dev/ttyS28 (VID: None, PID: None, Manufacturer: None, Product: None)
[INFO] [1774741057.777095893] [serial_manager]: Identified device sensor board at port /dev/ttyS28
[INFO] [1774741057.777854294] [serial_manager]: New device detected: /dev/ttyS27 (n/a)
[INFO] [1774741057.778573954] [serial_manager]: Could not identify device at port /dev/ttyS27 (VID: None, PID: None, Manufacturer: None, Product: None)
[INFO] [1774741057.779288009] [serial_manager]: Identified device sensor board at port /dev/ttyS27
[INFO] [1774741057.780263279] [serial_manager]: New device detected: /dev/ttyS26 (n/a)
[INFO] [1774741057.781260146] [serial_manager]: Could not identify device at port /dev/ttyS26 (VID: None, PID: None, Manufacturer: None, Product: None)
[INFO] [1774741057.782191700] [serial_manager]: Identified device sensor board at port /dev/ttyS26
[INFO] [1774741057.783099716] [serial_manager]: New device detected: /dev/ttyS25 (n/a)
[INFO] [1774741057.784004346] [serial_manager]: Could not identify device at port /dev/ttyS25 (VID: None, PID: None, Manufacturer: None, Product: None)
[INFO] [1774741057.784909410] [serial_manager]: Identified device sensor board at port /dev/ttyS25
[INFO] [1774741057.785757684] [serial_manager]: New device detected: /dev/ttyS24 (n/a)
[INFO] [1774741057.786621027] [serial_manager]: Could not identify device at port /dev/ttyS24 (VID: None, PID: None, Manufacturer: None, Product: None)
[INFO] [1774741057.787456060] [serial_manager]: Identified device sensor board at port /dev/ttyS24
[INFO] [1774741057.788307318] [serial_manager]: New device detected: /dev/ttyS23 (n/a)
[INFO] [1774741057.789230487] [serial_manager]: Could not identify device at port /dev/ttyS23 (VID: None, PID: None, Manufacturer: None, Product: None)
[INFO] [1774741057.790082331] [serial_manager]: Identified device sensor board at port /dev/ttyS23
[INFO] [1774741057.791119756] [serial_manager]: New device detected: /dev/ttyS22 (n/a)
[INFO] [1774741057.792048277] [serial_manager]: Could not identify device at port /dev/ttyS22 (VID: None, PID: None, Manufacturer: None, Product: None)
[INFO] [1774741057.792905676] [serial_manager]: Identified device sensor board at port /dev/ttyS22
[INFO] [1774741057.793785667] [serial_manager]: New device detected: /dev/ttyS21 (n/a)
[INFO] [1774741057.794685939] [serial_manager]: Could not identify device at port /dev/ttyS21 (VID: None, PID: None, Manufacturer: None, Product: None)
[INFO] [1774741057.795567426] [serial_manager]: Identified device sensor board at port /dev/ttyS21
[INFO] [1774741057.796420310] [serial_manager]: New device detected: /dev/ttyS20 (n/a)
[INFO] [1774741057.797627321] [serial_manager]: Could not identify device at port /dev/ttyS20 (VID: None, PID: None, Manufacturer: None, Product: None)
[INFO] [1774741057.798936944] [serial_manager]: Identified device sensor board at port /dev/ttyS20
[INFO] [1774741057.800044141] [serial_manager]: New device detected: /dev/ttyS2 (n/a)
[INFO] [1774741057.801525089] [serial_manager]: Could not identify device at port /dev/ttyS2 (VID: None, PID: None, Manufacturer: None, Product: None)
[INFO] [1774741057.802990814] [serial_manager]: Identified device sensor board at port /dev/ttyS2
[INFO] [1774741057.804541011] [serial_manager]: New device detected: /dev/ttyS19 (n/a)
[INFO] [1774741057.805959730] [serial_manager]: Could not identify device at port /dev/ttyS19 (VID: None, PID: None, Manufacturer: None, Product: None)
[INFO] [1774741057.807402596] [serial_manager]: Identified device sensor board at port /dev/ttyS19
[INFO] [1774741057.808872635] [serial_manager]: New device detected: /dev/ttyS18 (n/a)
[INFO] [1774741057.809898738] [serial_manager]: Could not identify device at port /dev/ttyS18 (VID: None, PID: None, Manufacturer: None, Product: None)
[INFO] [1774741057.810998955] [serial_manager]: Identified device sensor board at port /dev/ttyS18
[INFO] [1774741057.812100837] [serial_manager]: New device detected: /dev/ttyS17 (n/a)
[INFO] [1774741057.813265756] [serial_manager]: Could not identify device at port /dev/ttyS17 (VID: None, PID: None, Manufacturer: None, Product: None)
[INFO] [1774741057.814377875] [serial_manager]: Identified device sensor board at port /dev/ttyS17
[INFO] [1774741057.815545899] [serial_manager]: New device detected: /dev/ttyS16 (n/a)
[INFO] [1774741057.817987637] [serial_manager]: Could not identify device at port /dev/ttyS16 (VID: None, PID: None, Manufacturer: None, Product: None)
[INFO] [1774741057.818745634] [serial_manager]: Identified device sensor board at port /dev/ttyS16
[INFO] [1774741057.819780723] [serial_manager]: New device detected: /dev/ttyS15 (n/a)
[INFO] [1774741057.820693608] [serial_manager]: Could not identify device at port /dev/ttyS15 (VID: None, PID: None, Manufacturer: None, Product: None)
[INFO] [1774741057.821524362] [serial_manager]: Identified device sensor board at port /dev/ttyS15
[INFO] [1774741057.822400811] [serial_manager]: New device detected: /dev/ttyS14 (n/a)
[INFO] [1774741057.823315532] [serial_manager]: Could not identify device at port /dev/ttyS14 (VID: None, PID: None, Manufacturer: None, Product: None)
[INFO] [1774741057.824282187] [serial_manager]: Identified device sensor board at port /dev/ttyS14
[INFO] [1774741057.825331045] [serial_manager]: New device detected: /dev/ttyS13 (n/a)
[INFO] [1774741057.826308040] [serial_manager]: Could not identify device at port /dev/ttyS13 (VID: None, PID: None, Manufacturer: None, Product: None)
[INFO] [1774741057.827078123] [serial_manager]: Identified device sensor board at port /dev/ttyS13
[INFO] [1774741057.827800798] [serial_manager]: New device detected: /dev/ttyS12 (n/a)
[INFO] [1774741057.828483955] [serial_manager]: Could not identify device at port /dev/ttyS12 (VID: None, PID: None, Manufacturer: None, Product: None)
[INFO] [1774741057.829184992] [serial_manager]: Identified device sensor board at port /dev/ttyS12
[INFO] [1774741057.829900455] [serial_manager]: New device detected: /dev/ttyS11 (n/a)
[INFO] [1774741057.830633147] [serial_manager]: Could not identify device at port /dev/ttyS11 (VID: None, PID: None, Manufacturer: None, Product: None)
[INFO] [1774741057.831392071] [serial_manager]: Identified device sensor board at port /dev/ttyS11
[INFO] [1774741057.832147215] [serial_manager]: New device detected: /dev/ttyS10 (n/a)
[INFO] [1774741057.833782509] [serial_manager]: Could not identify device at port /dev/ttyS10 (VID: None, PID: None, Manufacturer: None, Product: None)
[INFO] [1774741057.834564477] [serial_manager]: Identified device sensor board at port /dev/ttyS10
[INFO] [1774741057.835329487] [serial_manager]: New device detected: /dev/ttyS1 (n/a)
[INFO] [1774741057.837377290] [serial_manager]: Could not identify device at port /dev/ttyS1 (VID: None, PID: None, Manufacturer: None, Product: None)
[INFO] [1774741057.838187553] [serial_manager]: Identified device sensor board at port /dev/ttyS1
[INFO] [1774741057.838920304] [serial_manager]: New device detected: /dev/ttyS0 (n/a)
[INFO] [1774741057.839674968] [serial_manager]: Could not identify device at port /dev/ttyS0 (VID: None, PID: None, Manufacturer: None, Product: None)
[INFO] [1774741057.840370510] [serial_manager]: Identified device sensor board at port /dev/ttyS0
[INFO] [1774741062.753805040] [serial_manager]: New device detected: /dev/ttyS9 (n/a)
[INFO] [1774741062.755750140] [serial_manager]: Could not identify device at port /dev/ttyS9 (VID: None, PID: None, Manufacturer: None, Product: None)
[INFO] [1774741062.756660783] [serial_manager]: Identified device sensor board at port /dev/ttyS9
[INFO] [1774741062.757412593] [serial_manager]: New device detected: /dev/ttyS8 (n/a)
[INFO] [1774741062.758194717] [serial_manager]: Could not identify device at port /dev/ttyS8 (VID: None, PID: None, Manufacturer: None, Product: None)
[INFO] [1774741062.758930827] [serial_manager]: Identified device sensor board at port /dev/ttyS8
[INFO] [1774741062.759923935] [serial_manager]: New device detected: /dev/ttyS7 (n/a)
[INFO] [1774741062.761031689] [serial_manager]: Could not identify device at port /dev/ttyS7 (VID: None, PID: None, Manufacturer: None, Product: None)
[INFO] [1774741062.761831288] [serial_manager]: Identified device sensor board at port /dev/ttyS7
[INFO] [1774741062.762544585] [serial_manager]: New device detected: /dev/ttyS6 (n/a)
[INFO] [1774741062.763306601] [serial_manager]: Could not identify device at port /dev/ttyS6 (VID: None, PID: None, Manufacturer: None, Product: None)
[INFO] [1774741062.764711619] [serial_manager]: Identified device sensor board at port /dev/ttyS6
[INFO] [1774741062.765578954] [serial_manager]: New device detected: /dev/ttyS5 (n/a)
[INFO] [1774741062.766341138] [serial_manager]: Could not identify device at port /dev/ttyS5 (VID: None, PID: None, Manufacturer: None, Product: None)
[INFO] [1774741062.767150708] [serial_manager]: Identified device sensor board at port /dev/ttyS5
[INFO] [1774741062.767965602] [serial_manager]: New device detected: /dev/ttyS4 (n/a)
[INFO] [1774741062.768926412] [serial_manager]: Could not identify device at port /dev/ttyS4 (VID: None, PID: None, Manufacturer: None, Product: None)
[INFO] [1774741062.769722284] [serial_manager]: Identified device sensor board at port /dev/ttyS4
[INFO] [1774741062.771218499] [serial_manager]: New device detected: /dev/ttyS31 (n/a)
[INFO] [1774741062.772587904] [serial_manager]: Could not identify device at port /dev/ttyS31 (VID: None, PID: None, Manufacturer: None, Product: None)
[INFO] [1774741062.773440074] [serial_manager]: Identified device sensor board at port /dev/ttyS31
[INFO] [1774741062.774229857] [serial_manager]: New device detected: /dev/ttyS30 (n/a)
[INFO] [1774741062.774979258] [serial_manager]: Could not identify device at port /dev/ttyS30 (VID: None, PID: None, Manufacturer: None, Product: None)
[INFO] [1774741062.775697875] [serial_manager]: Identified device sensor board at port /dev/ttyS30
[INFO] [1774741062.776746187] [serial_manager]: New device detected: /dev/ttyS3 (n/a)
[INFO] [1774741062.777488719] [serial_manager]: Could not identify device at port /dev/ttyS3 (VID: None, PID: None, Manufacturer: None, Product: None)
[INFO] [1774741062.778186765] [serial_manager]: Identified device sensor board at port /dev/ttyS3
[INFO] [1774741062.778901801] [serial_manager]: New device detected: /dev/ttyS29 (n/a)
[INFO] [1774741062.779679441] [serial_manager]: Could not identify device at port /dev/ttyS29 (VID: None, PID: None, Manufacturer: None, Product: None)
[INFO] [1774741062.780372549] [serial_manager]: Identified device sensor board at port /dev/ttyS29
[INFO] [1774741062.781068338] [serial_manager]: New device detected: /dev/ttyS28 (n/a)
[INFO] [1774741062.782203256] [serial_manager]: Could not identify device at port /dev/ttyS28 (VID: None, PID: None, Manufacturer: None, Product: None)
[INFO] [1774741062.783043576] [serial_manager]: Identified device sensor board at port /dev/ttyS28
[INFO] [1774741062.783966895] [serial_manager]: New device detected: /dev/ttyS27 (n/a)
[INFO] [1774741062.784835055] [serial_manager]: Could not identify device at port /dev/ttyS27 (VID: None, PID: None, Manufacturer: None, Product: None)
[INFO] [1774741062.785703839] [serial_manager]: Identified device sensor board at port /dev/ttyS27
[INFO] [1774741062.786567615] [serial_manager]: New device detected: /dev/ttyS26 (n/a)
[INFO] [1774741062.787394069] [serial_manager]: Could not identify device at port /dev/ttyS26 (VID: None, PID: None, Manufacturer: None, Product: None)
[INFO] [1774741062.788277193] [serial_manager]: Identified device sensor board at port /dev/ttyS26
[INFO] [1774741062.789199731] [serial_manager]: New device detected: /dev/ttyS25 (n/a)
[INFO] [1774741062.790188777] [serial_manager]: Could not identify device at port /dev/ttyS25 (VID: None, PID: None, Manufacturer: None, Product: None)
[INFO] [1774741062.792669476] [serial_manager]: Identified device sensor board at port /dev/ttyS25
[INFO] [1774741062.793535818] [serial_manager]: New device detected: /dev/ttyS24 (n/a)
[INFO] [1774741062.794470780] [serial_manager]: Could not identify device at port /dev/ttyS24 (VID: None, PID: None, Manufacturer: None, Product: None)
[INFO] [1774741062.795417153] [serial_manager]: Identified device sensor board at port /dev/ttyS24
[INFO] [1774741062.796375391] [serial_manager]: New device detected: /dev/ttyS23 (n/a)
[INFO] [1774741062.797254995] [serial_manager]: Could not identify device at port /dev/ttyS23 (VID: None, PID: None, Manufacturer: None, Product: None)
[INFO] [1774741062.798265139] [serial_manager]: Identified device sensor board at port /dev/ttyS23
[INFO] [1774741062.799124115] [serial_manager]: New device detected: /dev/ttyS22 (n/a)
[INFO] [1774741062.800116059] [serial_manager]: Could not identify device at port /dev/ttyS22 (VID: None, PID: None, Manufacturer: None, Product: None)
[INFO] [1774741062.801450531] [serial_manager]: Identified device sensor board at port /dev/ttyS22
[INFO] [1774741062.804115033] [serial_manager]: New device detected: /dev/ttyS21 (n/a)
[INFO] [1774741062.804860723] [serial_manager]: Could not identify device at port /dev/ttyS21 (VID: None, PID: None, Manufacturer: None, Product: None)
[INFO] [1774741062.805524324] [serial_manager]: Identified device sensor board at port /dev/ttyS21
[INFO] [1774741062.806193876] [serial_manager]: New device detected: /dev/ttyS20 (n/a)
[INFO] [1774741062.806904573] [serial_manager]: Could not identify device at port /dev/ttyS20 (VID: None, PID: None, Manufacturer: None, Product: None)
[INFO] [1774741062.807542476] [serial_manager]: Identified device sensor board at port /dev/ttyS20
[INFO] [1774741062.808374085] [serial_manager]: New device detected: /dev/ttyS2 (n/a)
[INFO] [1774741062.809078707] [serial_manager]: Could not identify device at port /dev/ttyS2 (VID: None, PID: None, Manufacturer: None, Product: None)
[INFO] [1774741062.809773297] [serial_manager]: Identified device sensor board at port /dev/ttyS2
[INFO] [1774741062.810486199] [serial_manager]: New device detected: /dev/ttyS19 (n/a)
[INFO] [1774741062.811242258] [serial_manager]: Could not identify device at port /dev/ttyS19 (VID: None, PID: None, Manufacturer: None, Product: None)
[INFO] [1774741062.811997180] [serial_manager]: Identified device sensor board at port /dev/ttyS19
[INFO] [1774741062.812937196] [serial_manager]: New device detected: /dev/ttyS18 (n/a)
[INFO] [1774741062.814613058] [serial_manager]: Could not identify device at port /dev/ttyS18 (VID: None, PID: None, Manufacturer: None, Product: None)
[INFO] [1774741062.815339769] [serial_manager]: Identified device sensor board at port /dev/ttyS18
[INFO] [1774741062.816012424] [serial_manager]: New device detected: /dev/ttyS17 (n/a)
[INFO] [1774741062.816721145] [serial_manager]: Could not identify device at port /dev/ttyS17 (VID: None, PID: None, Manufacturer: None, Product: None)
[INFO] [1774741062.817395549] [serial_manager]: Identified device sensor board at port /dev/ttyS17
[INFO] [1774741062.818417028] [serial_manager]: New device detected: /dev/ttyS16 (n/a)
[INFO] [1774741062.819117208] [serial_manager]: Could not identify device at port /dev/ttyS16 (VID: None, PID: None, Manufacturer: None, Product: None)
[INFO] [1774741062.819869423] [serial_manager]: Identified device sensor board at port /dev/ttyS16
[INFO] [1774741062.820539916] [serial_manager]: New device detected: /dev/ttyS15 (n/a)
[INFO] [1774741062.821196174] [serial_manager]: Could not identify device at port /dev/ttyS15 (VID: None, PID: None, Manufacturer: None, Product: None)
[INFO] [1774741062.821843064] [serial_manager]: Identified device sensor board at port /dev/ttyS15
[INFO] [1774741062.822478259] [serial_manager]: New device detected: /dev/ttyS14 (n/a)
[INFO] [1774741062.823120582] [serial_manager]: Could not identify device at port /dev/ttyS14 (VID: None, PID: None, Manufacturer: None, Product: None)
[INFO] [1774741062.823764000] [serial_manager]: Identified device sensor board at port /dev/ttyS14
[INFO] [1774741062.824388726] [serial_manager]: New device detected: /dev/ttyS13 (n/a)
[INFO] [1774741062.825081211] [serial_manager]: Could not identify device at port /dev/ttyS13 (VID: None, PID: None, Manufacturer: None, Product: None)
[INFO] [1774741062.825851754] [serial_manager]: Identified device sensor board at port /dev/ttyS13
[INFO] [1774741062.826708433] [serial_manager]: New device detected: /dev/ttyS12 (n/a)
[INFO] [1774741062.827502066] [serial_manager]: Could not identify device at port /dev/ttyS12 (VID: None, PID: None, Manufacturer: None, Product: None)
[INFO] [1774741062.829672020] [serial_manager]: Identified device sensor board at port /dev/ttyS12
[INFO] [1774741062.830444276] [serial_manager]: New device detected: /dev/ttyS11 (n/a)
[INFO] [1774741062.832411095] [serial_manager]: Could not identify device at port /dev/ttyS11 (VID: None, PID: None, Manufacturer: None, Product: None)
[INFO] [1774741062.833191551] [serial_manager]: Identified device sensor board at port /dev/ttyS11
[INFO] [1774741062.833947312] [serial_manager]: New device detected: /dev/ttyS10 (n/a)
[INFO] [1774741062.834692640] [serial_manager]: Could not identify device at port /dev/ttyS10 (VID: None, PID: None, Manufacturer: None, Product: None)
[INFO] [1774741062.835525405] [serial_manager]: Identified device sensor board at port /dev/ttyS10
[INFO] [1774741062.836446176] [serial_manager]: New device detected: /dev/ttyS1 (n/a)
[INFO] [1774741062.837293680] [serial_manager]: Could not identify device at port /dev/ttyS1 (VID: None, PID: None, Manufacturer: None, Product: None)
[INFO] [1774741062.838111710] [serial_manager]: Identified device sensor board at port /dev/ttyS1
[INFO] [1774741062.838996619] [serial_manager]: New device detected: /dev/ttyS0 (n/a)
[INFO] [1774741062.839815313] [serial_manager]: Could not identify device at port /dev/ttyS0 (VID: None, PID: None, Manufacturer: None, Product: None)
[INFO] [1774741062.840704594] [serial_manager]: Identified device sensor board at port /dev/ttyS0
[INFO] [1774741067.754620683] [serial_manager]: New device detected: /dev/ttyS9 (n/a)
[INFO] [1774741067.755684737] [serial_manager]: Could not identify device at port /dev/ttyS9 (VID: None, PID: None, Manufacturer: None, Product: None)
[INFO] [1774741067.756309165] [serial_manager]: Identified device sensor board at port /dev/ttyS9
[INFO] [1774741067.757343148] [serial_manager]: New device detected: /dev/ttyS8 (n/a)
[INFO] [1774741067.758160471] [serial_manager]: Could not identify device at port /dev/ttyS8 (VID: None, PID: None, Manufacturer: None, Product: None)
[INFO] [1774741067.759007752] [serial_manager]: Identified device sensor board at port /dev/ttyS8
[INFO] [1774741067.759846612] [serial_manager]: New device detected: /dev/ttyS7 (n/a)
[INFO] [1774741067.760665650] [serial_manager]: Could not identify device at port /dev/ttyS7 (VID: None, PID: None, Manufacturer: None, Product: None)
[INFO] [1774741067.761417972] [serial_manager]: Identified device sensor board at port /dev/ttyS7
[INFO] [1774741067.762314179] [serial_manager]: New device detected: /dev/ttyS6 (n/a)
[INFO] [1774741067.762973421] [serial_manager]: Could not identify device at port /dev/ttyS6 (VID: None, PID: None, Manufacturer: None, Product: None)
[INFO] [1774741067.763567063] [serial_manager]: Identified device sensor board at port /dev/ttyS6
[INFO] [1774741067.764103615] [serial_manager]: New device detected: /dev/ttyS5 (n/a)
[INFO] [1774741067.764620474] [serial_manager]: Could not identify device at port /dev/ttyS5 (VID: None, PID: None, Manufacturer: None, Product: None)
[INFO] [1774741067.765083968] [serial_manager]: Identified device sensor board at port /dev/ttyS5
[INFO] [1774741067.765609779] [serial_manager]: New device detected: /dev/ttyS4 (n/a)
[INFO] [1774741067.766149723] [serial_manager]: Could not identify device at port /dev/ttyS4 (VID: None, PID: None, Manufacturer: None, Product: None)
[INFO] [1774741067.766881885] [serial_manager]: Identified device sensor board at port /dev/ttyS4
[INFO] [1774741067.767502590] [serial_manager]: New device detected: /dev/ttyS31 (n/a)
[INFO] [1774741067.768147542] [serial_manager]: Could not identify device at port /dev/ttyS31 (VID: None, PID: None, Manufacturer: None, Product: None)
[INFO] [1774741067.768751044] [serial_manager]: Identified device sensor board at port /dev/ttyS31
[INFO] [1774741067.769424261] [serial_manager]: New device detected: /dev/ttyS30 (n/a)
[INFO] [1774741067.770083921] [serial_manager]: Could not identify device at port /dev/ttyS30 (VID: None, PID: None, Manufacturer: None, Product: None)
[INFO] [1774741067.770900115] [serial_manager]: Identified device sensor board at port /dev/ttyS30
[INFO] [1774741067.771780107] [serial_manager]: New device detected: /dev/ttyS3 (n/a)
[INFO] [1774741067.772358531] [serial_manager]: Could not identify device at port /dev/ttyS3 (VID: None, PID: None, Manufacturer: None, Product: None)
[INFO] [1774741067.773007012] [serial_manager]: Identified device sensor board at port /dev/ttyS3
[INFO] [1774741067.773657431] [serial_manager]: New device detected: /dev/ttyS29 (n/a)
[INFO] [1774741067.774342459] [serial_manager]: Could not identify device at port /dev/ttyS29 (VID: None, PID: None, Manufacturer: None, Product: None)
[INFO] [1774741067.775044178] [serial_manager]: Identified device sensor board at port /dev/ttyS29
[INFO] [1774741067.775726580] [serial_manager]: New device detected: /dev/ttyS28 (n/a)
[INFO] [1774741067.776403053] [serial_manager]: Could not identify device at port /dev/ttyS28 (VID: None, PID: None, Manufacturer: None, Product: None)
[INFO] [1774741067.777141001] [serial_manager]: Identified device sensor board at port /dev/ttyS28
[INFO] [1774741067.777838448] [serial_manager]: New device detected: /dev/ttyS27 (n/a)
[INFO] [1774741067.778533359] [serial_manager]: Could not identify device at port /dev/ttyS27 (VID: None, PID: None, Manufacturer: None, Product: None)
[INFO] [1774741067.779234339] [serial_manager]: Identified device sensor board at port /dev/ttyS27
[INFO] [1774741067.779939695] [serial_manager]: New device detected: /dev/ttyS26 (n/a)
[INFO] [1774741067.780633757] [serial_manager]: Could not identify device at port /dev/ttyS26 (VID: None, PID: None, Manufacturer: None, Product: None)
[INFO] [1774741067.781344915] [serial_manager]: Identified device sensor board at port /dev/ttyS26
[INFO] [1774741067.782007383] [serial_manager]: New device detected: /dev/ttyS25 (n/a)
[INFO] [1774741067.782731117] [serial_manager]: Could not identify device at port /dev/ttyS25 (VID: None, PID: None, Manufacturer: None, Product: None)
[INFO] [1774741067.783470394] [serial_manager]: Identified device sensor board at port /dev/ttyS25
[INFO] [1774741067.784144034] [serial_manager]: New device detected: /dev/ttyS24 (n/a)
[INFO] [1774741067.784949957] [serial_manager]: Could not identify device at port /dev/ttyS24 (VID: None, PID: None, Manufacturer: None, Product: None)
[INFO] [1774741067.785677008] [serial_manager]: Identified device sensor board at port /dev/ttyS24
[INFO] [1774741067.786401624] [serial_manager]: New device detected: /dev/ttyS23 (n/a)
[INFO] [1774741067.787413324] [serial_manager]: Could not identify device at port /dev/ttyS23 (VID: None, PID: None, Manufacturer: None, Product: None)
[INFO] [1774741067.788108556] [serial_manager]: Identified device sensor board at port /dev/ttyS23
[INFO] [1774741067.788799097] [serial_manager]: New device detected: /dev/ttyS22 (n/a)
[INFO] [1774741067.789454859] [serial_manager]: Could not identify device at port /dev/ttyS22 (VID: None, PID: None, Manufacturer: None, Product: None)
[INFO] [1774741067.790125847] [serial_manager]: Identified device sensor board at port /dev/ttyS22
[INFO] [1774741067.790886734] [serial_manager]: New device detected: /dev/ttyS21 (n/a)
[INFO] [1774741067.791556820] [serial_manager]: Could not identify device at port /dev/ttyS21 (VID: None, PID: None, Manufacturer: None, Product: None)
[INFO] [1774741067.792254291] [serial_manager]: Identified device sensor board at port /dev/ttyS21
[INFO] [1774741067.792938039] [serial_manager]: New device detected: /dev/ttyS20 (n/a)
[INFO] [1774741067.793588845] [serial_manager]: Could not identify device at port /dev/ttyS20 (VID: None, PID: None, Manufacturer: None, Product: None)
[INFO] [1774741067.794441427] [serial_manager]: Identified device sensor board at port /dev/ttyS20
[INFO] [1774741067.795193944] [serial_manager]: New device detected: /dev/ttyS2 (n/a)
[INFO] [1774741067.795981902] [serial_manager]: Could not identify device at port /dev/ttyS2 (VID: None, PID: None, Manufacturer: None, Product: None)
[INFO] [1774741067.796733672] [serial_manager]: Identified device sensor board at port /dev/ttyS2
[INFO] [1774741067.797488561] [serial_manager]: New device detected: /dev/ttyS19 (n/a)
[INFO] [1774741067.798214885] [serial_manager]: Could not identify device at port /dev/ttyS19 (VID: None, PID: None, Manufacturer: None, Product: None)
[INFO] [1774741067.798943769] [serial_manager]: Identified device sensor board at port /dev/ttyS19
[INFO] [1774741067.799786775] [serial_manager]: New device detected: /dev/ttyS18 (n/a)
[INFO] [1774741067.800281659] [serial_manager]: Could not identify device at port /dev/ttyS18 (VID: None, PID: None, Manufacturer: None, Product: None)
[INFO] [1774741067.800790189] [serial_manager]: Identified device sensor board at port /dev/ttyS18
[INFO] [1774741067.801297178] [serial_manager]: New device detected: /dev/ttyS17 (n/a)
[INFO] [1774741067.801980246] [serial_manager]: Could not identify device at port /dev/ttyS17 (VID: None, PID: None, Manufacturer: None, Product: None)
[INFO] [1774741067.802903773] [serial_manager]: Identified device sensor board at port /dev/ttyS17
[INFO] [1774741067.803698113] [serial_manager]: New device detected: /dev/ttyS16 (n/a)
[INFO] [1774741067.804205199] [serial_manager]: Could not identify device at port /dev/ttyS16 (VID: None, PID: None, Manufacturer: None, Product: None)
[INFO] [1774741067.804688979] [serial_manager]: Identified device sensor board at port /dev/ttyS16
[INFO] [1774741067.805517536] [serial_manager]: New device detected: /dev/ttyS15 (n/a)
[INFO] [1774741067.806383431] [serial_manager]: Could not identify device at port /dev/ttyS15 (VID: None, PID: None, Manufacturer: None, Product: None)
[INFO] [1774741067.807076377] [serial_manager]: Identified device sensor board at port /dev/ttyS15
[INFO] [1774741067.807704716] [serial_manager]: New device detected: /dev/ttyS14 (n/a)
[INFO] [1774741067.808390182] [serial_manager]: Could not identify device at port /dev/ttyS14 (VID: None, PID: None, Manufacturer: None, Product: None)
[INFO] [1774741067.809062156] [serial_manager]: Identified device sensor board at port /dev/ttyS14
[INFO] [1774741067.809746369] [serial_manager]: New device detected: /dev/ttyS13 (n/a)
[INFO] [1774741067.810614189] [serial_manager]: Could not identify device at port /dev/ttyS13 (VID: None, PID: None, Manufacturer: None, Product: None)
[INFO] [1774741067.811473866] [serial_manager]: Identified device sensor board at port /dev/ttyS13
[INFO] [1774741067.812109634] [serial_manager]: New device detected: /dev/ttyS12 (n/a)
[INFO] [1774741067.812779187] [serial_manager]: Could not identify device at port /dev/ttyS12 (VID: None, PID: None, Manufacturer: None, Product: None)
[INFO] [1774741067.814093037] [serial_manager]: Identified device sensor board at port /dev/ttyS12
[INFO] [1774741067.814823904] [serial_manager]: New device detected: /dev/ttyS11 (n/a)
[INFO] [1774741067.815657004] [serial_manager]: Could not identify device at port /dev/ttyS11 (VID: None, PID: None, Manufacturer: None, Product: None)
[INFO] [1774741067.816523258] [serial_manager]: Identified device sensor board at port /dev/ttyS11
[INFO] [1774741067.817364523] [serial_manager]: New device detected: /dev/ttyS10 (n/a)
[INFO] [1774741067.818197112] [serial_manager]: Could not identify device at port /dev/ttyS10 (VID: None, PID: None, Manufacturer: None, Product: None)
[INFO] [1774741067.819088744] [serial_manager]: Identified device sensor board at port /dev/ttyS10
[INFO] [1774741067.819875217] [serial_manager]: New device detected: /dev/ttyS1 (n/a)
[INFO] [1774741067.821059727] [serial_manager]: Could not identify device at port /dev/ttyS1 (VID: None, PID: None, Manufacturer: None, Product: None)
[INFO] [1774741067.822302956] [serial_manager]: Identified device sensor board at port /dev/ttyS1
[INFO] [1774741067.823493761] [serial_manager]: New device detected: /dev/ttyS0 (n/a)
[INFO] [1774741067.824671903] [serial_manager]: Could not identify device at port /dev/ttyS0 (VID: None, PID: None, Manufacturer: None, Product: None)
[INFO] [1774741067.825827188] [serial_manager]: Identified device sensor board at port /dev/ttyS0
[INFO] [1774741072.749480212] [serial_manager]: New device detected: /dev/ttyS9 (n/a)
[INFO] [1774741072.750116151] [serial_manager]: Could not identify device at port /dev/ttyS9 (VID: None, PID: None, Manufacturer: None, Product: None)
[INFO] [1774741072.750758518] [serial_manager]: Identified device sensor board at port /dev/ttyS9
[INFO] [1774741072.751302203] [serial_manager]: New device detected: /dev/ttyS8 (n/a)
[INFO] [1774741072.751827024] [serial_manager]: Could not identify device at port /dev/ttyS8 (VID: None, PID: None, Manufacturer: None, Product: None)
[INFO] [1774741072.752336746] [serial_manager]: Identified device sensor board at port /dev/ttyS8
[INFO] [1774741072.752830014] [serial_manager]: New device detected: /dev/ttyS7 (n/a)
[INFO] [1774741072.753320947] [serial_manager]: Could not identify device at port /dev/ttyS7 (VID: None, PID: None, Manufacturer: None, Product: None)
[INFO] [1774741072.753820959] [serial_manager]: Identified device sensor board at port /dev/ttyS7
[INFO] [1774741072.754344467] [serial_manager]: New device detected: /dev/ttyS6 (n/a)
[INFO] [1774741072.754851143] [serial_manager]: Could not identify device at port /dev/ttyS6 (VID: None, PID: None, Manufacturer: None, Product: None)
[INFO] [1774741072.755455955] [serial_manager]: Identified device sensor board at port /dev/ttyS6
[INFO] [1774741072.756075730] [serial_manager]: New device detected: /dev/ttyS5 (n/a)
[INFO] [1774741072.756686541] [serial_manager]: Could not identify device at port /dev/ttyS5 (VID: None, PID: None, Manufacturer: None, Product: None)
[INFO] [1774741072.757278951] [serial_manager]: Identified device sensor board at port /dev/ttyS5
[INFO] [1774741072.758383812] [serial_manager]: New device detected: /dev/ttyS4 (n/a)
[INFO] [1774741072.759037002] [serial_manager]: Could not identify device at port /dev/ttyS4 (VID: None, PID: None, Manufacturer: None, Product: None)
[INFO] [1774741072.759551374] [serial_manager]: Identified device sensor board at port /dev/ttyS4
[INFO] [1774741072.760177464] [serial_manager]: New device detected: /dev/ttyS31 (n/a)
[INFO] [1774741072.760699088] [serial_manager]: Could not identify device at port /dev/ttyS31 (VID: None, PID: None, Manufacturer: None, Product: None)
[INFO] [1774741072.761211341] [serial_manager]: Identified device sensor board at port /dev/ttyS31
[INFO] [1774741072.761837649] [serial_manager]: New device detected: /dev/ttyS30 (n/a)
[INFO] [1774741072.762458222] [serial_manager]: Could not identify device at port /dev/ttyS30 (VID: None, PID: None, Manufacturer: None, Product: None)
[INFO] [1774741072.763239781] [serial_manager]: Identified device sensor board at port /dev/ttyS30
[INFO] [1774741072.764097344] [serial_manager]: New device detected: /dev/ttyS3 (n/a)
[INFO] [1774741072.764755859] [serial_manager]: Could not identify device at port /dev/ttyS3 (VID: None, PID: None, Manufacturer: None, Product: None)
[INFO] [1774741072.765406385] [serial_manager]: Identified device sensor board at port /dev/ttyS3
[INFO] [1774741072.766018551] [serial_manager]: New device detected: /dev/ttyS29 (n/a)
[INFO] [1774741072.767264727] [serial_manager]: Could not identify device at port /dev/ttyS29 (VID: None, PID: None, Manufacturer: None, Product: None)
[INFO] [1774741072.768081608] [serial_manager]: Identified device sensor board at port /dev/ttyS29
[INFO] [1774741072.768880648] [serial_manager]: New device detected: /dev/ttyS28 (n/a)
[INFO] [1774741072.769908220] [serial_manager]: Could not identify device at port /dev/ttyS28 (VID: None, PID: None, Manufacturer: None, Product: None)
[INFO] [1774741072.770921712] [serial_manager]: Identified device sensor board at port /dev/ttyS28
[INFO] [1774741072.771841317] [serial_manager]: New device detected: /dev/ttyS27 (n/a)
[INFO] [1774741072.772667703] [serial_manager]: Could not identify device at port /dev/ttyS27 (VID: None, PID: None, Manufacturer: None, Product: None)
[INFO] [1774741072.773426385] [serial_manager]: Identified device sensor board at port /dev/ttyS27
[INFO] [1774741072.774157559] [serial_manager]: New device detected: /dev/ttyS26 (n/a)
[INFO] [1774741072.775117267] [serial_manager]: Could not identify device at port /dev/ttyS26 (VID: None, PID: None, Manufacturer: None, Product: None)
[INFO] [1774741072.775920960] [serial_manager]: Identified device sensor board at port /dev/ttyS26
[INFO] [1774741072.777266308] [serial_manager]: New device detected: /dev/ttyS25 (n/a)
[INFO] [1774741072.778283471] [serial_manager]: Could not identify device at port /dev/ttyS25 (VID: None, PID: None, Manufacturer: None, Product: None)
[INFO] [1774741072.779014541] [serial_manager]: Identified device sensor board at port /dev/ttyS25
[INFO] [1774741072.779618515] [serial_manager]: New device detected: /dev/ttyS24 (n/a)
[INFO] [1774741072.780342363] [serial_manager]: Could not identify device at port /dev/ttyS24 (VID: None, PID: None, Manufacturer: None, Product: None)
[INFO] [1774741072.781149514] [serial_manager]: Identified device sensor board at port /dev/ttyS24
[INFO] [1774741072.781800139] [serial_manager]: New device detected: /dev/ttyS23 (n/a)
[INFO] [1774741072.782511860] [serial_manager]: Could not identify device at port /dev/ttyS23 (VID: None, PID: None, Manufacturer: None, Product: None)
[INFO] [1774741072.784350592] [serial_manager]: Identified device sensor board at port /dev/ttyS23
[INFO] [1774741072.785530118] [serial_manager]: New device detected: /dev/ttyS22 (n/a)
[INFO] [1774741072.787046054] [serial_manager]: Could not identify device at port /dev/ttyS22 (VID: None, PID: None, Manufacturer: None, Product: None)
[INFO] [1774741072.788298521] [serial_manager]: Identified device sensor board at port /dev/ttyS22
[INFO] [1774741072.789091465] [serial_manager]: New device detected: /dev/ttyS21 (n/a)
[INFO] [1774741072.789798363] [serial_manager]: Could not identify device at port /dev/ttyS21 (VID: None, PID: None, Manufacturer: None, Product: None)
[INFO] [1774741072.790548099] [serial_manager]: Identified device sensor board at port /dev/ttyS21
[INFO] [1774741072.791323347] [serial_manager]: New device detected: /dev/ttyS20 (n/a)
[INFO] [1774741072.792033951] [serial_manager]: Could not identify device at port /dev/ttyS20 (VID: None, PID: None, Manufacturer: None, Product: None)
[INFO] [1774741072.792621094] [serial_manager]: Identified device sensor board at port /dev/ttyS20
[INFO] [1774741072.793202089] [serial_manager]: New device detected: /dev/ttyS2 (n/a)
[INFO] [1774741072.793808506] [serial_manager]: Could not identify device at port /dev/ttyS2 (VID: None, PID: None, Manufacturer: None, Product: None)
[INFO] [1774741072.794462432] [serial_manager]: Identified device sensor board at port /dev/ttyS2
[INFO] [1774741072.795021129] [serial_manager]: New device detected: /dev/ttyS19 (n/a)
[INFO] [1774741072.795604182] [serial_manager]: Could not identify device at port /dev/ttyS19 (VID: None, PID: None, Manufacturer: None, Product: None)
[INFO] [1774741072.796242655] [serial_manager]: Identified device sensor board at port /dev/ttyS19
[INFO] [1774741072.796868322] [serial_manager]: New device detected: /dev/ttyS18 (n/a)
[INFO] [1774741072.797491938] [serial_manager]: Could not identify device at port /dev/ttyS18 (VID: None, PID: None, Manufacturer: None, Product: None)
[INFO] [1774741072.798183345] [serial_manager]: Identified device sensor board at port /dev/ttyS18
[INFO] [1774741072.798875353] [serial_manager]: New device detected: /dev/ttyS17 (n/a)
[INFO] [1774741072.799567262] [serial_manager]: Could not identify device at port /dev/ttyS17 (VID: None, PID: None, Manufacturer: None, Product: None)
[INFO] [1774741072.800285930] [serial_manager]: Identified device sensor board at port /dev/ttyS17
[INFO] [1774741072.800997302] [serial_manager]: New device detected: /dev/ttyS16 (n/a)
[INFO] [1774741072.801732688] [serial_manager]: Could not identify device at port /dev/ttyS16 (VID: None, PID: None, Manufacturer: None, Product: None)
[INFO] [1774741072.802448147] [serial_manager]: Identified device sensor board at port /dev/ttyS16
[INFO] [1774741072.803343514] [serial_manager]: New device detected: /dev/ttyS15 (n/a)
[INFO] [1774741072.804210931] [serial_manager]: Could not identify device at port /dev/ttyS15 (VID: None, PID: None, Manufacturer: None, Product: None)
[INFO] [1774741072.805039084] [serial_manager]: Identified device sensor board at port /dev/ttyS15
[INFO] [1774741072.805727116] [serial_manager]: New device detected: /dev/ttyS14 (n/a)
[INFO] [1774741072.806606311] [serial_manager]: Could not identify device at port /dev/ttyS14 (VID: None, PID: None, Manufacturer: None, Product: None)
[INFO] [1774741072.807466734] [serial_manager]: Identified device sensor board at port /dev/ttyS14
[INFO] [1774741072.808314896] [serial_manager]: New device detected: /dev/ttyS13 (n/a)
[INFO] [1774741072.808943395] [serial_manager]: Could not identify device at port /dev/ttyS13 (VID: None, PID: None, Manufacturer: None, Product: None)
[INFO] [1774741072.809541953] [serial_manager]: Identified device sensor board at port /dev/ttyS13
[INFO] [1774741072.810225686] [serial_manager]: New device detected: /dev/ttyS12 (n/a)
[INFO] [1774741072.811046758] [serial_manager]: Could not identify device at port /dev/ttyS12 (VID: None, PID: None, Manufacturer: None, Product: None)
[INFO] [1774741072.811937599] [serial_manager]: Identified device sensor board at port /dev/ttyS12
[INFO] [1774741072.812912638] [serial_manager]: New device detected: /dev/ttyS11 (n/a)
[INFO] [1774741072.813839326] [serial_manager]: Could not identify device at port /dev/ttyS11 (VID: None, PID: None, Manufacturer: None, Product: None)
[INFO] [1774741072.814900903] [serial_manager]: Identified device sensor board at port /dev/ttyS11
[INFO] [1774741072.815845070] [serial_manager]: New device detected: /dev/ttyS10 (n/a)
[INFO] [1774741072.816980668] [serial_manager]: Could not identify device at port /dev/ttyS10 (VID: None, PID: None, Manufacturer: None, Product: None)
[INFO] [1774741072.818111002] [serial_manager]: Identified device sensor board at port /dev/ttyS10
[INFO] [1774741072.819231113] [serial_manager]: New device detected: /dev/ttyS1 (n/a)
[INFO] [1774741072.820210235] [serial_manager]: Could not identify device at port /dev/ttyS1 (VID: None, PID: None, Manufacturer: None, Product: None)
[INFO] [1774741072.821042640] [serial_manager]: Identified device sensor board at port /dev/ttyS1
[INFO] [1774741072.821747239] [serial_manager]: New device detected: /dev/ttyS0 (n/a)
[INFO] [1774741072.822479984] [serial_manager]: Could not identify device at port /dev/ttyS0 (VID: None, PID: None, Manufacturer: None, Product: None)
[INFO] [1774741072.823423391] [serial_manager]: Identified device sensor board at port /dev/ttyS0
[INFO] [1774741077.758839913] [serial_manager]: New device detected: /dev/ttyS9 (n/a)
[INFO] [1774741077.760761390] [serial_manager]: Could not identify device at port /dev/ttyS9 (VID: None, PID: None, Manufacturer: None, Product: None)
[INFO] [1774741077.762391304] [serial_manager]: Identified device sensor board at port /dev/ttyS9
[INFO] [1774741077.763895320] [serial_manager]: New device detected: /dev/ttyS8 (n/a)
[INFO] [1774741077.765093623] [serial_manager]: Could not identify device at port /dev/ttyS8 (VID: None, PID: None, Manufacturer: None, Product: None)
[INFO] [1774741077.766264753] [serial_manager]: Identified device sensor board at port /dev/ttyS8
[INFO] [1774741077.767533231] [serial_manager]: New device detected: /dev/ttyS7 (n/a)
[INFO] [1774741077.768852889] [serial_manager]: Could not identify device at port /dev/ttyS7 (VID: None, PID: None, Manufacturer: None, Product: None)
[INFO] [1774741077.769933367] [serial_manager]: Identified device sensor board at port /dev/ttyS7
[INFO] [1774741077.771025678] [serial_manager]: New device detected: /dev/ttyS6 (n/a)
[INFO] [1774741077.772617346] [serial_manager]: Could not identify device at port /dev/ttyS6 (VID: None, PID: None, Manufacturer: None, Product: None)
[INFO] [1774741077.774158002] [serial_manager]: Identified device sensor board at port /dev/ttyS6
[INFO] [1774741077.775574652] [serial_manager]: New device detected: /dev/ttyS5 (n/a)
[INFO] [1774741077.776886665] [serial_manager]: Could not identify device at port /dev/ttyS5 (VID: None, PID: None, Manufacturer: None, Product: None)
[INFO] [1774741077.778291589] [serial_manager]: Identified device sensor board at port /dev/ttyS5
[INFO] [1774741077.779959386] [serial_manager]: New device detected: /dev/ttyS4 (n/a)
[INFO] [1774741077.781186770] [serial_manager]: Could not identify device at port /dev/ttyS4 (VID: None, PID: None, Manufacturer: None, Product: None)
[INFO] [1774741077.782480660] [serial_manager]: Identified device sensor board at port /dev/ttyS4
[INFO] [1774741077.783683242] [serial_manager]: New device detected: /dev/ttyS31 (n/a)
[INFO] [1774741077.784891511] [serial_manager]: Could not identify device at port /dev/ttyS31 (VID: None, PID: None, Manufacturer: None, Product: None)
[INFO] [1774741077.786145217] [serial_manager]: Identified device sensor board at port /dev/ttyS31
[INFO] [1774741077.787415416] [serial_manager]: New device detected: /dev/ttyS30 (n/a)
[INFO] [1774741077.789273481] [serial_manager]: Could not identify device at port /dev/ttyS30 (VID: None, PID: None, Manufacturer: None, Product: None)
[INFO] [1774741077.790350594] [serial_manager]: Identified device sensor board at port /dev/ttyS30
[INFO] [1774741077.791490658] [serial_manager]: New device detected: /dev/ttyS3 (n/a)
[INFO] [1774741077.792624807] [serial_manager]: Could not identify device at port /dev/ttyS3 (VID: None, PID: None, Manufacturer: None, Product: None)
[INFO] [1774741077.793613975] [serial_manager]: Identified device sensor board at port /dev/ttyS3
[INFO] [1774741077.794518011] [serial_manager]: New device detected: /dev/ttyS29 (n/a)
[INFO] [1774741077.795445775] [serial_manager]: Could not identify device at port /dev/ttyS29 (VID: None, PID: None, Manufacturer: None, Product: None)
[INFO] [1774741077.796460824] [serial_manager]: Identified device sensor board at port /dev/ttyS29
[INFO] [1774741077.797445106] [serial_manager]: New device detected: /dev/ttyS28 (n/a)
[INFO] [1774741077.798469351] [serial_manager]: Could not identify device at port /dev/ttyS28 (VID: None, PID: None, Manufacturer: None, Product: None)
[INFO] [1774741077.799485720] [serial_manager]: Identified device sensor board at port /dev/ttyS28
[INFO] [1774741077.800502821] [serial_manager]: New device detected: /dev/ttyS27 (n/a)
[INFO] [1774741077.801511099] [serial_manager]: Could not identify device at port /dev/ttyS27 (VID: None, PID: None, Manufacturer: None, Product: None)
[INFO] [1774741077.802516996] [serial_manager]: Identified device sensor board at port /dev/ttyS27
[INFO] [1774741077.803574017] [serial_manager]: New device detected: /dev/ttyS26 (n/a)
[INFO] [1774741077.804699204] [serial_manager]: Could not identify device at port /dev/ttyS26 (VID: None, PID: None, Manufacturer: None, Product: None)
[INFO] [1774741077.805782232] [serial_manager]: Identified device sensor board at port /dev/ttyS26
[INFO] [1774741077.806815087] [serial_manager]: New device detected: /dev/ttyS25 (n/a)
[INFO] [1774741077.807834055] [serial_manager]: Could not identify device at port /dev/ttyS25 (VID: None, PID: None, Manufacturer: None, Product: None)
[INFO] [1774741077.808838566] [serial_manager]: Identified device sensor board at port /dev/ttyS25
[INFO] [1774741077.809841085] [serial_manager]: New device detected: /dev/ttyS24 (n/a)
[INFO] [1774741077.810871945] [serial_manager]: Could not identify device at port /dev/ttyS24 (VID: None, PID: None, Manufacturer: None, Product: None)
[INFO] [1774741077.811821645] [serial_manager]: Identified device sensor board at port /dev/ttyS24
[INFO] [1774741077.812622823] [serial_manager]: New device detected: /dev/ttyS23 (n/a)
[INFO] [1774741077.813425060] [serial_manager]: Could not identify device at port /dev/ttyS23 (VID: None, PID: None, Manufacturer: None, Product: None)
[INFO] [1774741077.814203211] [serial_manager]: Identified device sensor board at port /dev/ttyS23
[INFO] [1774741077.815004427] [serial_manager]: New device detected: /dev/ttyS22 (n/a)
[INFO] [1774741077.815826082] [serial_manager]: Could not identify device at port /dev/ttyS22 (VID: None, PID: None, Manufacturer: None, Product: None)
[INFO] [1774741077.816665187] [serial_manager]: Identified device sensor board at port /dev/ttyS22
[INFO] [1774741077.817452763] [serial_manager]: New device detected: /dev/ttyS21 (n/a)
[INFO] [1774741077.818266119] [serial_manager]: Could not identify device at port /dev/ttyS21 (VID: None, PID: None, Manufacturer: None, Product: None)
[INFO] [1774741077.819266034] [serial_manager]: Identified device sensor board at port /dev/ttyS21
[INFO] [1774741077.820150528] [serial_manager]: New device detected: /dev/ttyS20 (n/a)
[INFO] [1774741077.821316193] [serial_manager]: Could not identify device at port /dev/ttyS20 (VID: None, PID: None, Manufacturer: None, Product: None)
[INFO] [1774741077.822217946] [serial_manager]: Identified device sensor board at port /dev/ttyS20
[INFO] [1774741077.823086671] [serial_manager]: New device detected: /dev/ttyS2 (n/a)
[INFO] [1774741077.823905344] [serial_manager]: Could not identify device at port /dev/ttyS2 (VID: None, PID: None, Manufacturer: None, Product: None)
[INFO] [1774741077.824749390] [serial_manager]: Identified device sensor board at port /dev/ttyS2
[INFO] [1774741077.825602518] [serial_manager]: New device detected: /dev/ttyS19 (n/a)
[INFO] [1774741077.826467898] [serial_manager]: Could not identify device at port /dev/ttyS19 (VID: None, PID: None, Manufacturer: None, Product: None)
[INFO] [1774741077.827351608] [serial_manager]: Identified device sensor board at port /dev/ttyS19
[INFO] [1774741077.829410267] [serial_manager]: New device detected: /dev/ttyS18 (n/a)
[INFO] [1774741077.830459831] [serial_manager]: Could not identify device at port /dev/ttyS18 (VID: None, PID: None, Manufacturer: None, Product: None)
[INFO] [1774741077.831676579] [serial_manager]: Identified device sensor board at port /dev/ttyS18
[INFO] [1774741077.832625711] [serial_manager]: New device detected: /dev/ttyS17 (n/a)
[INFO] [1774741077.833481562] [serial_manager]: Could not identify device at port /dev/ttyS17 (VID: None, PID: None, Manufacturer: None, Product: None)
[INFO] [1774741077.834297284] [serial_manager]: Identified device sensor board at port /dev/ttyS17
[INFO] [1774741077.835319042] [serial_manager]: New device detected: /dev/ttyS16 (n/a)
[INFO] [1774741077.836158839] [serial_manager]: Could not identify device at port /dev/ttyS16 (VID: None, PID: None, Manufacturer: None, Product: None)
[INFO] [1774741077.836985985] [serial_manager]: Identified device sensor board at port /dev/ttyS16
[INFO] [1774741077.837815813] [