[INFO] [1774742762.226323317] [serial_manager]: Starting Serial Manager Node
[INFO] [1774742765.237055453] [serial_manager]: Excluding port /dev/ttyS9 (Description: n/a, VID: None, PID: None, Manufacturer: None, Product: None)
[INFO] [1774742765.237708529] [serial_manager]: Excluding port /dev/ttyS7 (Description: n/a, VID: None, PID: None, Manufacturer: None, Product: None)
[INFO] [1774742765.238221549] [serial_manager]: Excluding port /dev/ttyS5 (Description: n/a, VID: None, PID: None, Manufacturer: None, Product: None)
[INFO] [1774742765.238729859] [serial_manager]: Excluding port /dev/ttyS31 (Description: n/a, VID: None, PID: None, Manufacturer: None, Product: None)
[INFO] [1774742765.239263068] [serial_manager]: Excluding port /dev/ttyS3 (Description: n/a, VID: None, PID: None, Manufacturer: None, Product: None)
[INFO] [1774742765.239819402] [serial_manager]: Excluding port /dev/ttyS28 (Description: n/a, VID: None, PID: None, Manufacturer: None, Product: None)
[INFO] [1774742765.240521918] [serial_manager]: Excluding port /dev/ttyS26 (Description: n/a, VID: None, PID: None, Manufacturer: None, Product: None)
[INFO] [1774742765.241282161] [serial_manager]: Excluding port /dev/ttyS24 (Description: n/a, VID: None, PID: None, Manufacturer: None, Product: None)
[INFO] [1774742765.241875111] [serial_manager]: Excluding port /dev/ttyS22 (Description: n/a, VID: None, PID: None, Manufacturer: None, Product: None)
[INFO] [1774742765.242390544] [serial_manager]: Excluding port /dev/ttyS20 (Description: n/a, VID: None, PID: None, Manufacturer: None, Product: None)
[INFO] [1774742765.242879293] [serial_manager]: Excluding port /dev/ttyS19 (Description: n/a, VID: None, PID: None, Manufacturer: None, Product: None)
[INFO] [1774742765.243526320] [serial_manager]: Excluding port /dev/ttyS17 (Description: n/a, VID: None, PID: None, Manufacturer: None, Product: None)
[INFO] [1774742765.244082507] [serial_manager]: Excluding port /dev/ttyS15 (Description: n/a, VID: None, PID: None, Manufacturer: None, Product: None)
[INFO] [1774742765.244587984] [serial_manager]: Excluding port /dev/ttyS13 (Description: n/a, VID: None, PID: None, Manufacturer: None, Product: None)
[INFO] [1774742765.245036739] [serial_manager]: Excluding port /dev/ttyS11 (Description: n/a, VID: None, PID: None, Manufacturer: None, Product: None)
[INFO] [1774742765.245505796] [serial_manager]: Excluding port /dev/ttyS1 (Description: n/a, VID: None, PID: None, Manufacturer: None, Product: None)
[INFO] [1774742765.245958094] [serial_manager]: Excluding port /dev/ttyUSB0 (Description: n/a, VID: None, PID: None, Manufacturer: None, Product: None)
[INFO] [1774742765.246501063] [serial_manager]: Found serial port: /dev/ttyS8 (Description: n/a, VID: None, PID: None, Manufacturer: None, Product: None)
[INFO] [1774742765.246975278] [serial_manager]: Found serial port: /dev/ttyS6 (Description: n/a, VID: None, PID: None, Manufacturer: None, Product: None)
[INFO] [1774742765.247530599] [serial_manager]: Found serial port: /dev/ttyS4 (Description: n/a, VID: None, PID: None, Manufacturer: None, Product: None)
[INFO] [1774742765.248145483] [serial_manager]: Found serial port: /dev/ttyS30 (Description: n/a, VID: None, PID: None, Manufacturer: None, Product: None)
[INFO] [1774742765.248877873] [serial_manager]: Found serial port: /dev/ttyS29 (Description: n/a, VID: None, PID: None, Manufacturer: None, Product: None)
[INFO] [1774742765.249740456] [serial_manager]: Found serial port: /dev/ttyS27 (Description: n/a, VID: None, PID: None, Manufacturer: None, Product: None)
[INFO] [1774742765.250491288] [serial_manager]: Found serial port: /dev/ttyS25 (Description: n/a, VID: None, PID: None, Manufacturer: None, Product: None)
[INFO] [1774742765.251044611] [serial_manager]: Found serial port: /dev/ttyS23 (Description: n/a, VID: None, PID: None, Manufacturer: None, Product: None)
[INFO] [1774742765.251544089] [serial_manager]: Found serial port: /dev/ttyS21 (Description: n/a, VID: None, PID: None, Manufacturer: None, Product: None)
[INFO] [1774742765.251998827] [serial_manager]: Found serial port: /dev/ttyS2 (Description: n/a, VID: None, PID: None, Manufacturer: None, Product: None)
[INFO] [1774742765.252551852] [serial_manager]: Found serial port: /dev/ttyS18 (Description: n/a, VID: None, PID: None, Manufacturer: None, Product: None)
[INFO] [1774742765.252998931] [serial_manager]: Found serial port: /dev/ttyS16 (Description: n/a, VID: None, PID: None, Manufacturer: None, Product: None)
[INFO] [1774742765.253533808] [serial_manager]: Found serial port: /dev/ttyS14 (Description: n/a, VID: None, PID: None, Manufacturer: None, Product: None)
[INFO] [1774742765.253982699] [serial_manager]: Found serial port: /dev/ttyS12 (Description: n/a, VID: None, PID: None, Manufacturer: None, Product: None)
[INFO] [1774742765.254462734] [serial_manager]: Found serial port: /dev/ttyS10 (Description: n/a, VID: None, PID: None, Manufacturer: None, Product: None)
[INFO] [1774742765.255095136] [serial_manager]: Found serial port: /dev/ttyS0 (Description: n/a, VID: None, PID: None, Manufacturer: None, Product: None)
[INFO] [1774742768.240868307] [serial_manager]: Excluding port /dev/ttyS9 (Description: n/a, VID: None, PID: None, Manufacturer: None, Product: None)
[INFO] [1774742768.241964380] [serial_manager]: Excluding port /dev/ttyS7 (Description: n/a, VID: None, PID: None, Manufacturer: None, Product: None)
[INFO] [1774742768.242736897] [serial_manager]: Excluding port /dev/ttyS5 (Description: n/a, VID: None, PID: None, Manufacturer: None, Product: None)
[INFO] [1774742768.243488499] [serial_manager]: Excluding port /dev/ttyS31 (Description: n/a, VID: None, PID: None, Manufacturer: None, Product: None)
[INFO] [1774742768.245341710] [serial_manager]: Excluding port /dev/ttyS3 (Description: n/a, VID: None, PID: None, Manufacturer: None, Product: None)
[INFO] [1774742768.246063969] [serial_manager]: Excluding port /dev/ttyS28 (Description: n/a, VID: None, PID: None, Manufacturer: None, Product: None)
[INFO] [1774742768.246672877] [serial_manager]: Excluding port /dev/ttyS26 (Description: n/a, VID: None, PID: None, Manufacturer: None, Product: None)
[INFO] [1774742768.247434640] [serial_manager]: Excluding port /dev/ttyS24 (Description: n/a, VID: None, PID: None, Manufacturer: None, Product: None)
[INFO] [1774742768.248045920] [serial_manager]: Excluding port /dev/ttyS22 (Description: n/a, VID: None, PID: None, Manufacturer: None, Product: None)
[INFO] [1774742768.248706078] [serial_manager]: Excluding port /dev/ttyS20 (Description: n/a, VID: None, PID: None, Manufacturer: None, Product: None)
[INFO] [1774742768.249280892] [serial_manager]: Excluding port /dev/ttyS19 (Description: n/a, VID: None, PID: None, Manufacturer: None, Product: None)
[INFO] [1774742768.249695298] [serial_manager]: Excluding port /dev/ttyS17 (Description: n/a, VID: None, PID: None, Manufacturer: None, Product: None)
[INFO] [1774742768.250221026] [serial_manager]: Excluding port /dev/ttyS15 (Description: n/a, VID: None, PID: None, Manufacturer: None, Product: None)
[INFO] [1774742768.250940371] [serial_manager]: Excluding port /dev/ttyS13 (Description: n/a, VID: None, PID: None, Manufacturer: None, Product: None)
[INFO] [1774742768.251624001] [serial_manager]: Excluding port /dev/ttyS11 (Description: n/a, VID: None, PID: None, Manufacturer: None, Product: None)
[INFO] [1774742768.252230962] [serial_manager]: Excluding port /dev/ttyS1 (Description: n/a, VID: None, PID: None, Manufacturer: None, Product: None)
[INFO] [1774742768.252935313] [serial_manager]: Excluding port /dev/ttyUSB0 (Description: n/a, VID: None, PID: None, Manufacturer: None, Product: None)
[INFO] [1774742768.253521816] [serial_manager]: Found serial port: /dev/ttyS8 (Description: n/a, VID: None, PID: None, Manufacturer: None, Product: None)
[INFO] [1774742768.254229064] [serial_manager]: Found serial port: /dev/ttyS6 (Description: n/a, VID: None, PID: None, Manufacturer: None, Product: None)
[INFO] [1774742768.254842002] [serial_manager]: Found serial port: /dev/ttyS4 (Description: n/a, VID: None, PID: None, Manufacturer: None, Product: None)
[INFO] [1774742768.255443671] [serial_manager]: Found serial port: /dev/ttyS30 (Description: n/a, VID: None, PID: None, Manufacturer: None, Product: None)
[INFO] [1774742768.256154581] [serial_manager]: Found serial port: /dev/ttyS29 (Description: n/a, VID: None, PID: None, Manufacturer: None, Product: None)
[INFO] [1774742768.256754159] [serial_manager]: Found serial port: /dev/ttyS27 (Description: n/a, VID: None, PID: None, Manufacturer: None, Product: None)
[INFO] [1774742768.257448569] [serial_manager]: Found serial port: /dev/ttyS25 (Description: n/a, VID: None, PID: None, Manufacturer: None, Product: None)
[INFO] [1774742768.258082431] [serial_manager]: Found serial port: /dev/ttyS23 (Description: n/a, VID: None, PID: None, Manufacturer: None, Product: None)
[INFO] [1774742768.258642023] [serial_manager]: Found serial port: /dev/ttyS21 (Description: n/a, VID: None, PID: None, Manufacturer: None, Product: None)
[INFO] [1774742768.259357295] [serial_manager]: Found serial port: /dev/ttyS2 (Description: n/a, VID: None, PID: None, Manufacturer: None, Product: None)
[INFO] [1774742768.260202279] [serial_manager]: Found serial port: /dev/ttyS18 (Description: n/a, VID: None, PID: None, Manufacturer: None, Product: None)
[INFO] [1774742768.260935460] [serial_manager]: Found serial port: /dev/ttyS16 (Description: n/a, VID: None, PID: None, Manufacturer: None, Product: None)
[INFO] [1774742768.261594987] [serial_manager]: Found serial port: /dev/ttyS14 (Description: n/a, VID: None, PID: None, Manufacturer: None, Product: None)
[INFO] [1774742768.262145157] [serial_manager]: Found serial port: /dev/ttyS12 (Description: n/a, VID: None, PID: None, Manufacturer: None, Product: None)
[INFO] [1774742768.262758729] [serial_manager]: Found serial port: /dev/ttyS10 (Description: n/a, VID: None, PID: None, Manufacturer: None, Product: None)
[INFO] [1774742768.263332698] [serial_manager]: Found serial port: /dev/ttyS0 (Description: n/a, VID: None, PID: None, Manufacturer: None, Product: None)
[INFO] [1774742771.235937714] [serial_manager]: Excluding port /dev/ttyS9 (Description: n/a, VID: None, PID: None, Manufacturer: None, Product: None)
[INFO] [1774742771.236599282] [serial_manager]: Excluding port /dev/ttyS7 (Description: n/a, VID: None, PID: None, Manufacturer: None, Product: None)
[INFO] [1774742771.237088114] [serial_manager]: Excluding port /dev/ttyS5 (Description: n/a, VID: None, PID: None, Manufacturer: None, Product: None)
[INFO] [1774742771.237605700] [serial_manager]: Excluding port /dev/ttyS31 (Description: n/a, VID: None, PID: None, Manufacturer: None, Product: None)
[INFO] [1774742771.238127445] [serial_manager]: Excluding port /dev/ttyS3 (Description: n/a, VID: None, PID: None, Manufacturer: None, Product: None)
[INFO] [1774742771.238660982] [serial_manager]: Excluding port /dev/ttyS28 (Description: n/a, VID: None, PID: None, Manufacturer: None, Product: None)
[INFO] [1774742771.239153569] [serial_manager]: Excluding port /dev/ttyS26 (Description: n/a, VID: None, PID: None, Manufacturer: None, Product: None)
[INFO] [1774742771.239671804] [serial_manager]: Excluding port /dev/ttyS24 (Description: n/a, VID: None, PID: None, Manufacturer: None, Product: None)
[INFO] [1774742771.240168164] [serial_manager]: Excluding port /dev/ttyS22 (Description: n/a, VID: None, PID: None, Manufacturer: None, Product: None)
[INFO] [1774742771.240692939] [serial_manager]: Excluding port /dev/ttyS20 (Description: n/a, VID: None, PID: None, Manufacturer: None, Product: None)
[INFO] [1774742771.241165750] [serial_manager]: Excluding port /dev/ttyS19 (Description: n/a, VID: None, PID: None, Manufacturer: None, Product: None)
[INFO] [1774742771.241678137] [serial_manager]: Excluding port /dev/ttyS17 (Description: n/a, VID: None, PID: None, Manufacturer: None, Product: None)
[INFO] [1774742771.242410575] [serial_manager]: Excluding port /dev/ttyS15 (Description: n/a, VID: None, PID: None, Manufacturer: None, Product: None)
[INFO] [1774742771.243083316] [serial_manager]: Excluding port /dev/ttyS13 (Description: n/a, VID: None, PID: None, Manufacturer: None, Product: None)
[INFO] [1774742771.243647252] [serial_manager]: Excluding port /dev/ttyS11 (Description: n/a, VID: None, PID: None, Manufacturer: None, Product: None)
[INFO] [1774742771.244448668] [serial_manager]: Excluding port /dev/ttyS1 (Description: n/a, VID: None, PID: None, Manufacturer: None, Product: None)
[INFO] [1774742771.245086213] [serial_manager]: Excluding port /dev/ttyUSB0 (Description: n/a, VID: None, PID: None, Manufacturer: None, Product: None)
[INFO] [1774742771.245681010] [serial_manager]: Found serial port: /dev/ttyS8 (Description: n/a, VID: None, PID: None, Manufacturer: None, Product: None)
[INFO] [1774742771.246220644] [serial_manager]: Found serial port: /dev/ttyS6 (Description: n/a, VID: None, PID: None, Manufacturer: None, Product: None)
[INFO] [1774742771.246779822] [serial_manager]: Found serial port: /dev/ttyS4 (Description: n/a, VID: None, PID: None, Manufacturer: None, Product: None)
[INFO] [1774742771.247338709] [serial_manager]: Found serial port: /dev/ttyS30 (Description: n/a, VID: None, PID: None, Manufacturer: None, Product: None)
[INFO] [1774742771.248020922] [serial_manager]: Found serial port: /dev/ttyS29 (Description: n/a, VID: None, PID: None, Manufacturer: None, Product: None)
[INFO] [1774742771.248723273] [serial_manager]: Found serial port: /dev/ttyS27 (Description: n/a, VID: None, PID: None, Manufacturer: None, Product: None)
[INFO] [1774742771.249284344] [serial_manager]: Found serial port: /dev/ttyS25 (Description: n/a, VID: None, PID: None, Manufacturer: None, Product: None)
[INFO] [1774742771.249919398] [serial_manager]: Found serial port: /dev/ttyS23 (Description: n/a, VID: None, PID: None, Manufacturer: None, Product: None)
[INFO] [1774742771.250331588] [serial_manager]: Found serial port: /dev/ttyS21 (Description: n/a, VID: None, PID: None, Manufacturer: None, Product: None)
[INFO] [1774742771.250708198] [serial_manager]: Found serial port: /dev/ttyS2 (Description: n/a, VID: None, PID: None, Manufacturer: None, Product: None)
[INFO] [1774742771.251084583] [serial_manager]: Found serial port: /dev/ttyS18 (Description: n/a, VID: None, PID: None, Manufacturer: None, Product: None)
[INFO] [1774742771.251607603] [serial_manager]: Found serial port: /dev/ttyS16 (Description: n/a, VID: None, PID: None, Manufacturer: None, Product: None)
[INFO] [1774742771.252149854] [serial_manager]: Found serial port: /dev/ttyS14 (Description: n/a, VID: None, PID: None, Manufacturer: None, Product: None)
[INFO] [1774742771.252760959] [serial_manager]: Found serial port: /dev/ttyS12 (Description: n/a, VID: None, PID: None, Manufacturer: None, Product: None)
[INFO] [1774742771.253462644] [serial_manager]: Found serial port: /dev/ttyS10 (Description: n/a, VID: None, PID: None, Manufacturer: None, Product: None)
[INFO] [1774742771.254131925] [serial_manager]: Found serial port: /dev/ttyS0 (Description: n/a, VID: None, PID: None, Manufacturer: None, Product: None)
[INFO] [1774742774.238441748] [serial_manager]: Excluding port /dev/ttyS9 (Description: n/a, VID: None, PID: None, Manufacturer: None, Product: None)
[INFO] [1774742774.239171214] [serial_manager]: Excluding port /dev/ttyS7 (Description: n/a, VID: None, PID: None, Manufacturer: None, Product: None)
[INFO] [1774742774.239901156] [serial_manager]: Excluding port /dev/ttyS5 (Description: n/a, VID: None, PID: None, Manufacturer: None, Product: None)
[INFO] [1774742774.240658604] [serial_manager]: Excluding port /dev/ttyS31 (Description: n/a, VID: None, PID: None, Manufacturer: None, Product: None)
[INFO] [1774742774.241399974] [serial_manager]: Excluding port /dev/ttyS3 (Description: n/a, VID: None, PID: None, Manufacturer: None, Product: None)
[INFO] [1774742774.242182906] [serial_manager]: Excluding port /dev/ttyS28 (Description: n/a, VID: None, PID: None, Manufacturer: None, Product: None)
[INFO] [1774742774.242928359] [serial_manager]: Excluding port /dev/ttyS26 (Description: n/a, VID: None, PID: None, Manufacturer: None, Product: None)
[INFO] [1774742774.243776999] [serial_manager]: Excluding port /dev/ttyS24 (Description: n/a, VID: None, PID: None, Manufacturer: None, Product: None)
[INFO] [1774742774.244946860] [serial_manager]: Excluding port /dev/ttyS22 (Description: n/a, VID: None, PID: None, Manufacturer: None, Product: None)
[INFO] [1774742774.245945571] [serial_manager]: Excluding port /dev/ttyS20 (Description: n/a, VID: None, PID: None, Manufacturer: None, Product: None)
[INFO] [1774742774.246620634] [serial_manager]: Excluding port /dev/ttyS19 (Description: n/a, VID: None, PID: None, Manufacturer: None, Product: None)
[INFO] [1774742774.247294233] [serial_manager]: Excluding port /dev/ttyS17 (Description: n/a, VID: None, PID: None, Manufacturer: None, Product: None)
[INFO] [1774742774.248057670] [serial_manager]: Excluding port /dev/ttyS15 (Description: n/a, VID: None, PID: None, Manufacturer: None, Product: None)
[INFO] [1774742774.248937759] [serial_manager]: Excluding port /dev/ttyS13 (Description: n/a, VID: None, PID: None, Manufacturer: None, Product: None)
[INFO] [1774742774.249746889] [serial_manager]: Excluding port /dev/ttyS11 (Description: n/a, VID: None, PID: None, Manufacturer: None, Product: None)
[INFO] [1774742774.250519517] [serial_manager]: Excluding port /dev/ttyS1 (Description: n/a, VID: None, PID: None, Manufacturer: None, Product: None)
[INFO] [1774742774.251270171] [serial_manager]: Excluding port /dev/ttyUSB0 (Description: n/a, VID: None, PID: None, Manufacturer: None, Product: None)
[INFO] [1774742774.252003327] [serial_manager]: Found serial port: /dev/ttyS8 (Description: n/a, VID: None, PID: None, Manufacturer: None, Product: None)
[INFO] [1774742774.252713710] [serial_manager]: Found serial port: /dev/ttyS6 (Description: n/a, VID: None, PID: None, Manufacturer: None, Product: None)
[INFO] [1774742774.253440913] [serial_manager]: Found serial port: /dev/ttyS4 (Description: n/a, VID: None, PID: None, Manufacturer: None, Product: None)
[INFO] [1774742774.254133109] [serial_manager]: Found serial port: /dev/ttyS30 (Description: n/a, VID: None, PID: None, Manufacturer: None, Product: None)
[INFO] [1774742774.254853766] [serial_manager]: Found serial port: /dev/ttyS29 (Description: n/a, VID: None, PID: None, Manufacturer: None, Product: None)
[INFO] [1774742774.255551225] [serial_manager]: Found serial port: /dev/ttyS27 (Description: n/a, VID: None, PID: None, Manufacturer: None, Product: None)
[INFO] [1774742774.256338120] [serial_manager]: Found serial port: /dev/ttyS25 (Description: n/a, VID: None, PID: None, Manufacturer: None, Product: None)
[INFO] [1774742774.256999191] [serial_manager]: Found serial port: /dev/ttyS23 (Description: n/a, VID: None, PID: None, Manufacturer: None, Product: None)
[INFO] [1774742774.257896489] [serial_manager]: Found serial port: /dev/ttyS21 (Description: n/a, VID: None, PID: None, Manufacturer: None, Product: None)
[INFO] [1774742774.258750012] [serial_manager]: Found serial port: /dev/ttyS2 (Description: n/a, VID: None, PID: None, Manufacturer: None, Product: None)
[INFO] [1774742774.259758773] [serial_manager]: Found serial port: /dev/ttyS18 (Description: n/a, VID: None, PID: None, Manufacturer: None, Product: None)
[INFO] [1774742774.260447549] [serial_manager]: Found serial port: /dev/ttyS16 (Description: n/a, VID: None, PID: None, Manufacturer: None, Product: None)
[INFO] [1774742774.261125626] [serial_manager]: Found serial port: /dev/ttyS14 (Description: n/a, VID: None, PID: None, Manufacturer: None, Product: None)
[INFO] [1774742774.261818706] [serial_manager]: Found serial port: /dev/ttyS12 (Description: n/a, VID: None, PID: None, Manufacturer: None, Product: None)
[INFO] [1774742774.262508259] [serial_manager]: Found serial port: /dev/ttyS10 (Description: n/a, VID: None, PID: None, Manufacturer: None, Product: None)
[INFO] [1774742774.263185033] [serial_manager]: Found serial port: /dev/ttyS0 (Description: n/a, VID: None, PID: None, Manufacturer: None, Product: None)
[INFO] [1774742777.236304700] [serial_manager]: Excluding port /dev/ttyS9 (Description: n/a, VID: None, PID: None, Manufacturer: None, Product: None)
[INFO] [1774742777.236953960] [serial_manager]: Excluding port /dev/ttyS7 (Description: n/a, VID: None, PID: None, Manufacturer: None, Product: None)
[INFO] [1774742777.237602738] [serial_manager]: Excluding port /dev/ttyS5 (Description: n/a, VID: None, PID: None, Manufacturer: None, Product: None)
[INFO] [1774742777.238155696] [serial_manager]: Excluding port /dev/ttyS31 (Description: n/a, VID: None, PID: None, Manufacturer: None, Product: None)
[INFO] [1774742777.238738874] [serial_manager]: Excluding port /dev/ttyS3 (Description: n/a, VID: None, PID: None, Manufacturer: None, Product: None)
[INFO] [1774742777.239278170] [serial_manager]: Excluding port /dev/ttyS28 (Description: n/a, VID: None, PID: None, Manufacturer: None, Product: None)
[INFO] [1774742777.239809941] [serial_manager]: Excluding port /dev/ttyS26 (Description: n/a, VID: None, PID: None, Manufacturer: None, Product: None)
[INFO] [1774742777.240315966] [serial_manager]: Excluding port /dev/ttyS24 (Description: n/a, VID: None, PID: None, Manufacturer: None, Product: None)
[INFO] [1774742777.240792909] [serial_manager]: Excluding port /dev/ttyS22 (Description: n/a, VID: None, PID: None, Manufacturer: None, Product: None)
[INFO] [1774742777.241302187] [serial_manager]: Excluding port /dev/ttyS20 (Description: n/a, VID: None, PID: None, Manufacturer: None, Product: None)
[INFO] [1774742777.241966283] [serial_manager]: Excluding port /dev/ttyS19 (Description: n/a, VID: None, PID: None, Manufacturer: None, Product: None)
[INFO] [1774742777.242759186] [serial_manager]: Excluding port /dev/ttyS17 (Description: n/a, VID: None, PID: None, Manufacturer: None, Product: None)
[INFO] [1774742777.243426847] [serial_manager]: Excluding port /dev/ttyS15 (Description: n/a, VID: None, PID: None, Manufacturer: None, Product: None)
[INFO] [1774742777.244101596] [serial_manager]: Excluding port /dev/ttyS13 (Description: n/a, VID: None, PID: None, Manufacturer: None, Product: None)
[INFO] [1774742777.244752301] [serial_manager]: Excluding port /dev/ttyS11 (Description: n/a, VID: None, PID: None, Manufacturer: None, Product: None)
[INFO] [1774742777.245444016] [serial_manager]: Excluding port /dev/ttyS1 (Description: n/a, VID: None, PID: None, Manufacturer: None, Product: None)
[INFO] [1774742777.246012423] [serial_manager]: Excluding port /dev/ttyUSB0 (Description: n/a, VID: None, PID: None, Manufacturer: None, Product: None)
[INFO] [1774742777.246566568] [serial_manager]: Found serial port: /dev/ttyS8 (Description: n/a, VID: None, PID: None, Manufacturer: None, Product: None)
[INFO] [1774742777.247110299] [serial_manager]: Found serial port: /dev/ttyS6 (Description: n/a, VID: None, PID: None, Manufacturer: None, Product: None)
[INFO] [1774742777.247625216] [serial_manager]: Found serial port: /dev/ttyS4 (Description: n/a, VID: None, PID: None, Manufacturer: None, Product: None)
[INFO] [1774742777.248352721] [serial_manager]: Found serial port: /dev/ttyS30 (Description: n/a, VID: None, PID: None, Manufacturer: None, Product: None)
[INFO] [1774742777.249019456] [serial_manager]: Found serial port: /dev/ttyS29 (Description: n/a, VID: None, PID: None, Manufacturer: None, Product: None)
[INFO] [1774742777.249674825] [serial_manager]: Found serial port: /dev/ttyS27 (Description: n/a, VID: None, PID: None, Manufacturer: None, Product: None)
[INFO] [1774742777.250363507] [serial_manager]: Found serial port: /dev/ttyS25 (Description: n/a, VID: None, PID: None, Manufacturer: None, Product: None)
[INFO] [1774742777.251018347] [serial_manager]: Found serial port: /dev/ttyS23 (Description: n/a, VID: None, PID: None, Manufacturer: None, Product: None)
[INFO] [1774742777.251724070] [serial_manager]: Found serial port: /dev/ttyS21 (Description: n/a, VID: None, PID: None, Manufacturer: None, Product: None)
[INFO] [1774742777.252454199] [serial_manager]: Found serial port: /dev/ttyS2 (Description: n/a, VID: None, PID: None, Manufacturer: None, Product: None)
[INFO] [1774742777.253190017] [serial_manager]: Found serial port: /dev/ttyS18 (Description: n/a, VID: None, PID: None, Manufacturer: None, Product: None)
[INFO] [1774742777.253920806] [serial_manager]: Found serial port: /dev/ttyS16 (Description: n/a, VID: None, PID: None, Manufacturer: None, Product: None)
[INFO] [1774742777.254699980] [serial_manager]: Found serial port: /dev/ttyS14 (Description: n/a, VID: None, PID: None, Manufacturer: None, Product: None)
[INFO] [1774742777.255449315] [serial_manager]: Found serial port: /dev/ttyS12 (Description: n/a, VID: None, PID: None, Manufacturer: None, Product: None)
[INFO] [1774742777.256211411] [serial_manager]: Found serial port: /dev/ttyS10 (Description: n/a, VID: None, PID: None, Manufacturer: None, Product: None)
[INFO] [1774742777.256941386] [serial_manager]: Found serial port: /dev/ttyS0 (Description: n/a, VID: None, PID: None, Manufacturer: None, Product: None)
[INFO] [1774742780.237299598] [serial_manager]: Excluding port /dev/ttyS9 (Description: n/a, VID: None, PID: None, Manufacturer: None, Product: None)
[INFO] [1774742780.238066123] [serial_manager]: Excluding port /dev/ttyS7 (Description: n/a, VID: None, PID: None, Manufacturer: None, Product: None)
[INFO] [1774742780.238718536] [serial_manager]: Excluding port /dev/ttyS5 (Description: n/a, VID: None, PID: None, Manufacturer: None, Product: None)
[INFO] [1774742780.239372890] [serial_manager]: Excluding port /dev/ttyS31 (Description: n/a, VID: None, PID: None, Manufacturer: None, Product: None)
[INFO] [1774742780.240009462] [serial_manager]: Excluding port /dev/ttyS3 (Description: n/a, VID: None, PID: None, Manufacturer: None, Product: None)
[INFO] [1774742780.240652240] [serial_manager]: Excluding port /dev/ttyS28 (Description: n/a, VID: None, PID: None, Manufacturer: None, Product: None)
[INFO] [1774742780.241281144] [serial_manager]: Excluding port /dev/ttyS26 (Description: n/a, VID: None, PID: None, Manufacturer: None, Product: None)
[INFO] [1774742780.241864407] [serial_manager]: Excluding port /dev/ttyS24 (Description: n/a, VID: None, PID: None, Manufacturer: None, Product: None)
[INFO] [1774742780.242427692] [serial_manager]: Excluding port /dev/ttyS22 (Description: n/a, VID: None, PID: None, Manufacturer: None, Product: None)
[INFO] [1774742780.242975512] [serial_manager]: Excluding port /dev/ttyS20 (Description: n/a, VID: None, PID: None, Manufacturer: None, Product: None)
[INFO] [1774742780.243853448] [serial_manager]: Excluding port /dev/ttyS19 (Description: n/a, VID: None, PID: None, Manufacturer: None, Product: None)
[INFO] [1774742780.244786184] [serial_manager]: Excluding port /dev/ttyS17 (Description: n/a, VID: None, PID: None, Manufacturer: None, Product: None)
[INFO] [1774742780.245647300] [serial_manager]: Excluding port /dev/ttyS15 (Description: n/a, VID: None, PID: None, Manufacturer: None, Product: None)
[INFO] [1774742780.246508690] [serial_manager]: Excluding port /dev/ttyS13 (Description: n/a, VID: None, PID: None, Manufacturer: None, Product: None)
[INFO] [1774742780.247388981] [serial_manager]: Excluding port /dev/ttyS11 (Description: n/a, VID: None, PID: None, Manufacturer: None, Product: None)
[INFO] [1774742780.248196339] [serial_manager]: Excluding port /dev/ttyS1 (Description: n/a, VID: None, PID: None, Manufacturer: None, Product: None)
[INFO] [1774742780.249003959] [serial_manager]: Excluding port /dev/ttyUSB0 (Description: n/a, VID: None, PID: None, Manufacturer: None, Product: None)
[INFO] [1774742780.249832466] [serial_manager]: Found serial port: /dev/ttyS8 (Description: n/a, VID: None, PID: None, Manufacturer: None, Product: None)
[INFO] [1774742780.250629510] [serial_manager]: Found serial port: /dev/ttyS6 (Description: n/a, VID: None, PID: None, Manufacturer: None, Product: None)
[INFO] [1774742780.251415479] [serial_manager]: Found serial port: /dev/ttyS4 (Description: n/a, VID: None, PID: None, Manufacturer: None, Product: None)
[INFO] [1774742780.252194845] [serial_manager]: Found serial port: /dev/ttyS30 (Description: n/a, VID: None, PID: None, Manufacturer: None, Product: None)
[INFO] [1774742780.252973370] [serial_manager]: Found serial port: /dev/ttyS29 (Description: n/a, VID: None, PID: None, Manufacturer: None, Product: None)
[INFO] [1774742780.253742665] [serial_manager]: Found serial port: /dev/ttyS27 (Description: n/a, VID: None, PID: None, Manufacturer: None, Product: None)
[INFO] [1774742780.255537013] [serial_manager]: Found serial port: /dev/ttyS25 (Description: n/a, VID: None, PID: None, Manufacturer: None, Product: None)
[INFO] [1774742780.256474861] [serial_manager]: Found serial port: /dev/ttyS23 (Description: n/a, VID: None, PID: None, Manufacturer: None, Product: None)
[INFO] [1774742780.257173826] [serial_manager]: Found serial port: /dev/ttyS21 (Description: n/a, VID: None, PID: None, Manufacturer: None, Product: None)
[INFO] [1774742780.257720445] [serial_manager]: Found serial port: /dev/ttyS2 (Description: n/a, VID: None, PID: None, Manufacturer: None, Product: None)
[INFO] [1774742780.258203684] [serial_manager]: Found serial port: /dev/ttyS18 (Description: n/a, VID: None, PID: None, Manufacturer: None, Product: None)
[INFO] [1774742780.258904600] [serial_manager]: Found serial port: /dev/ttyS16 (Description: n/a, VID: None, PID: None, Manufacturer: None, Product: None)
[INFO] [1774742780.259615572] [serial_manager]: Found serial port: /dev/ttyS14 (Description: n/a, VID: None, PID: None, Manufacturer: None, Product: None)
[INFO] [1774742780.260310659] [serial_manager]: Found serial port: /dev/ttyS12 (Description: n/a, VID: None, PID: None, Manufacturer: None, Product: None)
[INFO] [1774742780.260997389] [serial_manager]: Found serial port: /dev/ttyS10 (Description: n/a, VID: None, PID: None, Manufacturer: None, Product: None)
[INFO] [1774742780.261692311] [serial_manager]: Found serial port: /dev/ttyS0 (Description: n/a, VID: None, PID: None, Manufacturer: None, Product: None)
[INFO] [1774742783.237226490] [serial_manager]: Excluding port /dev/ttyS9 (Description: n/a, VID: None, PID: None, Manufacturer: None, Product: None)
[INFO] [1774742783.237913204] [serial_manager]: Excluding port /dev/ttyS7 (Description: n/a, VID: None, PID: None, Manufacturer: None, Product: None)
[INFO] [1774742783.238518857] [serial_manager]: Excluding port /dev/ttyS5 (Description: n/a, VID: None, PID: None, Manufacturer: None, Product: None)
[INFO] [1774742783.239082848] [serial_manager]: Excluding port /dev/ttyS31 (Description: n/a, VID: None, PID: None, Manufacturer: None, Product: None)
[INFO] [1774742783.239678738] [serial_manager]: Excluding port /dev/ttyS3 (Description: n/a, VID: None, PID: None, Manufacturer: None, Product: None)
[INFO] [1774742783.240289043] [serial_manager]: Excluding port /dev/ttyS28 (Description: n/a, VID: None, PID: None, Manufacturer: None, Product: None)
[INFO] [1774742783.240853920] [serial_manager]: Excluding port /dev/ttyS26 (Description: n/a, VID: None, PID: None, Manufacturer: None, Product: None)
[INFO] [1774742783.241416382] [serial_manager]: Excluding port /dev/ttyS24 (Description: n/a, VID: None, PID: None, Manufacturer: None, Product: None)
[INFO] [1774742783.242004442] [serial_manager]: Excluding port /dev/ttyS22 (Description: n/a, VID: None, PID: None, Manufacturer: None, Product: None)
[INFO] [1774742783.242845466] [serial_manager]: Excluding port /dev/ttyS20 (Description: n/a, VID: None, PID: None, Manufacturer: None, Product: None)
[INFO] [1774742783.243759933] [serial_manager]: Excluding port /dev/ttyS19 (Description: n/a, VID: None, PID: None, Manufacturer: None, Product: None)
[INFO] [1774742783.244628330] [serial_manager]: Excluding port /dev/ttyS17 (Description: n/a, VID: None, PID: None, Manufacturer: None, Product: None)
[INFO] [1774742783.245453144] [serial_manager]: Excluding port /dev/ttyS15 (Description: n/a, VID: None, PID: None, Manufacturer: None, Product: None)
[INFO] [1774742783.246331907] [serial_manager]: Excluding port /dev/ttyS13 (Description: n/a, VID: None, PID: None, Manufacturer: None, Product: None)
[INFO] [1774742783.247151097] [serial_manager]: Excluding port /dev/ttyS11 (Description: n/a, VID: None, PID: None, Manufacturer: None, Product: None)
[INFO] [1774742783.247986860] [serial_manager]: Excluding port /dev/ttyS1 (Description: n/a, VID: None, PID: None, Manufacturer: None, Product: None)
[INFO] [1774742783.248798386] [serial_manager]: Excluding port /dev/ttyUSB0 (Description: n/a, VID: None, PID: None, Manufacturer: None, Product: None)
[INFO] [1774742783.249635271] [serial_manager]: Found serial port: /dev/ttyS8 (Description: n/a, VID: None, PID: None, Manufacturer: None, Product: None)
[INFO] [1774742783.250412399] [serial_manager]: Found serial port: /dev/ttyS6 (Description: n/a, VID: None, PID: None, Manufacturer: None, Product: None)
[INFO] [1774742783.251173444] [serial_manager]: Found serial port: /dev/ttyS4 (Description: n/a, VID: None, PID: None, Manufacturer: None, Product: None)
[INFO] [1774742783.251964945] [serial_manager]: Found serial port: /dev/ttyS30 (Description: n/a, VID: None, PID: None, Manufacturer: None, Product: None)
[INFO] [1774742783.252744372] [serial_manager]: Found serial port: /dev/ttyS29 (Description: n/a, VID: None, PID: None, Manufacturer: None, Product: None)
[INFO] [1774742783.253506320] [serial_manager]: Found serial port: /dev/ttyS27 (Description: n/a, VID: None, PID: None, Manufacturer: None, Product: None)
[INFO] [1774742783.254291484] [serial_manager]: Found serial port: /dev/ttyS25 (Description: n/a, VID: None, PID: None, Manufacturer: None, Product: None)
[INFO] [1774742783.255054795] [serial_manager]: Found serial port: /dev/ttyS23 (Description: n/a, VID: None, PID: None, Manufacturer: None, Product: None)
[INFO] [1774742783.255742801] [serial_manager]: Found serial port: /dev/ttyS21 (Description: n/a, VID: None, PID: None, Manufacturer: None, Product: None)
[INFO] [1774742783.256338122] [serial_manager]: Found serial port: /dev/ttyS2 (Description: n/a, VID: None, PID: None, Manufacturer: None, Product: None)
[INFO] [1774742783.256940183] [serial_manager]: Found serial port: /dev/ttyS18 (Description: n/a, VID: None, PID: None, Manufacturer: None, Product: None)
[INFO] [1774742783.257612191] [serial_manager]: Found serial port: /dev/ttyS16 (Description: n/a, VID: None, PID: None, Manufacturer: None, Product: None)
[INFO] [1774742783.258306428] [serial_manager]: Found serial port: /dev/ttyS14 (Description: n/a, VID: None, PID: None, Manufacturer: None, Product: None)
[INFO] [1774742783.258990333] [serial_manager]: Found serial port: /dev/ttyS12 (Description: n/a, VID: None, PID: None, Manufacturer: None, Product: None)
[INFO] [1774742783.259564509] [serial_manager]: Found serial port: /dev/ttyS10 (Description: n/a, VID: None, PID: None, Manufacturer: None, Product: None)
[INFO] [1774742783.260218786] [serial_manager]: Found serial port: /dev/ttyS0 (Description: n/a, VID: None, PID: None, Manufacturer: None, Product: None)
[INFO] [1774742786.238452249] [serial_manager]: Excluding port /dev/ttyS9 (Description: n/a, VID: None, PID: None, Manufacturer: None, Product: None)
[INFO] [1774742786.239146218] [serial_manager]: Excluding port /dev/ttyS7 (Description: n/a, VID: None, PID: None, Manufacturer: None, Product: None)
[INFO] [1774742786.239786490] [serial_manager]: Excluding port /dev/ttyS5 (Description: n/a, VID: None, PID: None, Manufacturer: None, Product: None)
[INFO] [1774742786.240489195] [serial_manager]: Excluding port /dev/ttyS31 (Description: n/a, VID: None, PID: None, Manufacturer: None, Product: None)
[INFO] [1774742786.241166685] [serial_manager]: Excluding port /dev/ttyS3 (Description: n/a, VID: None, PID: None, Manufacturer: None, Product: None)
[INFO] [1774742786.241863766] [serial_manager]: Excluding port /dev/ttyS28 (Description: n/a, VID: None, PID: None, Manufacturer: None, Product: None)
[INFO] [1774742786.242645651] [serial_manager]: Excluding port /dev/ttyS26 (Description: n/a, VID: None, PID: None, Manufacturer: None, Product: None)
[INFO] [1774742786.243353464] [serial_manager]: Excluding port /dev/ttyS24 (Description: n/a, VID: None, PID: None, Manufacturer: None, Product: None)
[INFO] [1774742786.244229877] [serial_manager]: Excluding port /dev/ttyS22 (Description: n/a, VID: None, PID: None, Manufacturer: None, Product: None)
[INFO] [1774742786.244795114] [serial_manager]: Excluding port /dev/ttyS20 (Description: n/a, VID: None, PID: None, Manufacturer: None, Product: None)
[INFO] [1774742786.245379320] [serial_manager]: Excluding port /dev/ttyS19 (Description: n/a, VID: None, PID: None, Manufacturer: None, Product: None)
[INFO] [1774742786.246405306] [serial_manager]: Excluding port /dev/ttyS17 (Description: n/a, VID: None, PID: None, Manufacturer: None, Product: None)
[INFO] [1774742786.247034373] [serial_manager]: Excluding port /dev/ttyS15 (Description: n/a, VID: None, PID: None, Manufacturer: None, Product: None)
[INFO] [1774742786.247626444] [serial_manager]: Excluding port /dev/ttyS13 (Description: n/a, VID: None, PID: None, Manufacturer: None, Product: None)
[INFO] [1774742786.248202717] [serial_manager]: Excluding port /dev/ttyS11 (Description: n/a, VID: None, PID: None, Manufacturer: None, Product: None)
[INFO] [1774742786.248902401] [serial_manager]: Excluding port /dev/ttyS1 (Description: n/a, VID: None, PID: None, Manufacturer: None, Product: None)
[INFO] [1774742786.249591472] [serial_manager]: Excluding port /dev/ttyUSB0 (Description: n/a, VID: None, PID: None, Manufacturer: None, Product: None)
[INFO] [1774742786.250340980] [serial_manager]: Found serial port: /dev/ttyS8 (Description: n/a, VID: None, PID: None, Manufacturer: None, Product: None)
[INFO] [1774742786.251237075] [serial_manager]: Found serial port: /dev/ttyS6 (Description: n/a, VID: None, PID: None, Manufacturer: None, Product: None)
[INFO] [1774742786.252033589] [serial_manager]: Found serial port: /dev/ttyS4 (Description: n/a, VID: None, PID: None, Manufacturer: None, Product: None)
[INFO] [1774742786.252819603] [serial_manager]: Found serial port: /dev/ttyS30 (Description: n/a, VID: None, PID: None, Manufacturer: None, Product: None)
[INFO] [1774742786.253544323] [serial_manager]: Found serial port: /dev/ttyS29 (Description: n/a, VID: None, PID: None, Manufacturer: None, Product: None)
[INFO] [1774742786.254230299] [serial_manager]: Found serial port: /dev/ttyS27 (Description: n/a, VID: None, PID: None, Manufacturer: None, Product: None)
[INFO] [1774742786.255166804] [serial_manager]: Found serial port: /dev/ttyS25 (Description: n/a, VID: None, PID: None, Manufacturer: None, Product: None)
[INFO] [1774742786.256022481] [serial_manager]: Found serial port: /dev/ttyS23 (Description: n/a, VID: None, PID: None, Manufacturer: None, Product: None)
[INFO] [1774742786.256916345] [serial_manager]: Found serial port: /dev/ttyS21 (Description: n/a, VID: None, PID: None, Manufacturer: None, Product: None)
[INFO] [1774742786.257873975] [serial_manager]: Found serial port: /dev/ttyS2 (Description: n/a, VID: None, PID: None, Manufacturer: None, Product: None)
[INFO] [1774742786.258688188] [serial_manager]: Found serial port: /dev/ttyS18 (Description: n/a, VID: None, PID: None, Manufacturer: None, Product: None)
[INFO] [1774742786.259466152] [serial_manager]: Found serial port: /dev/ttyS16 (Description: n/a, VID: None, PID: None, Manufacturer: None, Product: None)
[INFO] [1774742786.260144935] [serial_manager]: Found serial port: /dev/ttyS14 (Description: n/a, VID: None, PID: None, Manufacturer: None, Product: None)
[INFO] [1774742786.260839520] [serial_manager]: Found serial port: /dev/ttyS12 (Description: n/a, VID: None, PID: None, Manufacturer: None, Product: None)
[INFO] [1774742786.261619441] [serial_manager]: Found serial port: /dev/ttyS10 (Description: n/a, VID: None, PID: None, Manufacturer: None, Product: None)
[INFO] [1774742786.262416281] [serial_manager]: Found serial port: /dev/ttyS0 (Description: n/a, VID: None, PID: None, Manufacturer: None, Product: None)
[INFO] [1774742789.238535033] [serial_manager]: Excluding port /dev/ttyS9 (Description: n/a, VID: None, PID: None, Manufacturer: None, Product: None)
[INFO] [1774742789.239286176] [serial_manager]: Excluding port /dev/ttyS7 (Description: n/a, VID: None, PID: None, Manufacturer: None, Product: None)
[INFO] [1774742789.239980157] [serial_manager]: Excluding port /dev/ttyS5 (Description: n/a, VID: None, PID: None, Manufacturer: None, Product: None)
[INFO] [1774742789.240790324] [serial_manager]: Excluding port /dev/ttyS31 (Description: n/a, VID: None, PID: None, Manufacturer: None, Product: None)
[INFO] [1774742789.241690796] [serial_manager]: Excluding port /dev/ttyS3 (Description: n/a, VID: None, PID: None, Manufacturer: None, Product: None)
[INFO] [1774742789.242469109] [serial_manager]: Excluding port /dev/ttyS28 (Description: n/a, VID: None, PID: None, Manufacturer: None, Product: None)
[INFO] [1774742789.243109906] [serial_manager]: Excluding port /dev/ttyS26 (Description: n/a, VID: None, PID: None, Manufacturer: None, Product: None)
[INFO] [1774742789.243908587] [serial_manager]: Excluding port /dev/ttyS24 (Description: n/a, VID: None, PID: None, Manufacturer: None, Product: None)
[INFO] [1774742789.244947458] [serial_manager]: Excluding port /dev/ttyS22 (Description: n/a, VID: None, PID: None, Manufacturer: None, Product: None)
[INFO] [1774742789.245970510] [serial_manager]: Excluding port /dev/ttyS20 (Description: n/a, VID: None, PID: None, Manufacturer: None, Product: None)
[INFO] [1774742789.246973369] [serial_manager]: Excluding port /dev/ttyS19 (Description: n/a, VID: None, PID: None, Manufacturer: None, Product: None)
[INFO] [1774742789.247925789] [serial_manager]: Excluding port /dev/ttyS17 (Description: n/a, VID: None, PID: None, Manufacturer: None, Product: None)
[INFO] [1774742789.248862466] [serial_manager]: Excluding port /dev/ttyS15 (Description: n/a, VID: None, PID: None, Manufacturer: None, Product: None)
[INFO] [1774742789.249830374] [serial_manager]: Excluding port /dev/ttyS13 (Description: n/a, VID: None, PID: None, Manufacturer: None, Product: None)
[INFO] [1774742789.250811874] [serial_manager]: Excluding port /dev/ttyS11 (Description: n/a, VID: None, PID: None, Manufacturer: None, Product: None)
[INFO] [1774742789.251761923] [serial_manager]: Excluding port /dev/ttyS1 (Description: n/a, VID: None, PID: None, Manufacturer: None, Product: None)
[INFO] [1774742789.252700156] [serial_manager]: Excluding port /dev/ttyUSB0 (Description: n/a, VID: None, PID: None, Manufacturer: None, Product: None)
[INFO] [1774742789.253635386] [serial_manager]: Found serial port: /dev/ttyS8 (Description: n/a, VID: None, PID: None, Manufacturer: None, Product: None)
[INFO] [1774742789.254543175] [serial_manager]: Found serial port: /dev/ttyS6 (Description: n/a, VID: None, PID: None, Manufacturer: None, Product: None)
[INFO] [1774742789.255458411] [serial_manager]: Found serial port: /dev/ttyS4 (Description: n/a, VID: None, PID: None, Manufacturer: None, Product: None)
[INFO] [1774742789.256296627] [serial_manager]: Found serial port: /dev/ttyS30 (Description: n/a, VID: None, PID: None, Manufacturer: None, Product: None)
[INFO] [1774742789.257052968] [serial_manager]: Found serial port: /dev/ttyS29 (Description: n/a, VID: None, PID: None, Manufacturer: None, Product: None)
[INFO] [1774742789.257819067] [serial_manager]: Found serial port: /dev/ttyS27 (Description: n/a, VID: None, PID: None, Manufacturer: None, Product: None)
[INFO] [1774742789.258629412] [serial_manager]: Found serial port: /dev/ttyS25 (Description: n/a, VID: None, PID: None, Manufacturer: None, Product: None)
[INFO] [1774742789.259355771] [serial_manager]: Found serial port: /dev/ttyS23 (Description: n/a, VID: None, PID: None, Manufacturer: None, Product: None)
[INFO] [1774742789.259957648] [serial_manager]: Found serial port: /dev/ttyS21 (Description: n/a, VID: None, PID: None, Manufacturer: None, Product: None)
[INFO] [1774742789.260560546] [serial_manager]: Found serial port: /dev/ttyS2 (Description: n/a, VID: None, PID: None, Manufacturer: None, Product: None)
[INFO] [1774742789.261198044] [serial_manager]: Found serial port: /dev/ttyS18 (Description: n/a, VID: None, PID: None, Manufacturer: None, Product: None)
[INFO] [1774742789.261928484] [serial_manager]: Found serial port: /dev/ttyS16 (Description: n/a, VID: None, PID: None, Manufacturer: None, Product: None)
[INFO] [1774742789.262660044] [serial_manager]: Found serial port: /dev/ttyS14 (Description: n/a, VID: None, PID: None, Manufacturer: None, Product: None)
[INFO] [1774742789.263400130] [serial_manager]: Found serial port: /dev/ttyS12 (Description: n/a, VID: None, PID: None, Manufacturer: None, Product: None)
[INFO] [1774742789.264169784] [serial_manager]: Found serial port: /dev/ttyS10 (Description: n/a, VID: None, PID: None, Manufacturer: None, Product: None)
[INFO] [1774742789.265052897] [serial_manager]: Found serial port: /dev/ttyS0 (Description: n/a, VID: None, PID: None, Manufacturer: None, Product: None)
[INFO] [1774742792.242322505] [serial_manager]: Excluding port /dev/ttyS9 (Description: n/a, VID: None, PID: None, Manufacturer: None, Product: None)
[INFO] [1774742792.243103857] [serial_manager]: Excluding port /dev/ttyS7 (Description: n/a, VID: None, PID: None, Manufacturer: None, Product: None)
[INFO] [1774742792.243889158] [serial_manager]: Excluding port /dev/ttyS5 (Description: n/a, VID: None, PID: None, Manufacturer: None, Product: None)
[INFO] [1774742792.244710066] [serial_manager]: Excluding port /dev/ttyS31 (Description: n/a, VID: None, PID: None, Manufacturer: None, Product: None)
[INFO] [1774742792.245603018] [serial_manager]: Excluding port /dev/ttyS3 (Description: n/a, VID: None, PID: None, Manufacturer: None, Product: None)
[INFO] [1774742792.246414138] [serial_manager]: Excluding port /dev/ttyS28 (Description: n/a, VID: None, PID: None, Manufacturer: None, Product: None)
[INFO] [1774742792.247111725] [serial_manager]: Excluding port /dev/ttyS26 (Description: n/a, VID: None, PID: None, Manufacturer: None, Product: None)
[INFO] [1774742792.247795836] [serial_manager]: Excluding port /dev/ttyS24 (Description: n/a, VID: None, PID: None, Manufacturer: None, Product: None)
[INFO] [1774742792.248605138] [serial_manager]: Excluding port /dev/ttyS22 (Description: n/a, VID: None, PID: None, Manufacturer: None, Product: None)
[INFO] [1774742792.249452671] [serial_manager]: Excluding port /dev/ttyS20 (Description: n/a, VID: None, PID: None, Manufacturer: None, Product: None)
[INFO] [1774742792.250355755] [serial_manager]: Excluding port /dev/ttyS19 (Description: n/a, VID: None, PID: None, Manufacturer: None, Product: None)
[INFO] [1774742792.251239100] [serial_manager]: Excluding port /dev/ttyS17 (Description: n/a, VID: None, PID: None, Manufacturer: None, Product: None)
[INFO] [1774742792.252034237] [serial_manager]: Excluding port /dev/ttyS15 (Description: n/a, VID: None, PID: None, Manufacturer: None, Product: None)
[INFO] [1774742792.252867525] [serial_manager]: Excluding port /dev/ttyS13 (Description: n/a, VID: None, PID: None, Manufacturer: None, Product: None)
[INFO] [1774742792.253627928] [serial_manager]: Excluding port /dev/ttyS11 (Description: n/a, VID: None, PID: None, Manufacturer: None, Product: None)
[INFO] [1774742792.254403972] [serial_manager]: Excluding port /dev/ttyS1 (Description: n/a, VID: None, PID: None, Manufacturer: None, Product: None)
[INFO] [1774742792.255160786] [serial_manager]: Excluding port /dev/ttyUSB0 (Description: n/a, VID: None, PID: None, Manufacturer: None, Product: None)
[INFO] [1774742792.256207208] [serial_manager]: Found serial port: /dev/ttyS8 (Description: n/a, VID: None, PID: None, Manufacturer: None, Product: None)
[INFO] [1774742792.257177973] [serial_manager]: Found serial port: /dev/ttyS6 (Description: n/a, VID: None, PID: None, Manufacturer: None, Product: None)
[INFO] [1774742792.257954568] [serial_manager]: Found serial port: /dev/ttyS4 (Description: n/a, VID: None, PID: None, Manufacturer: None, Product: None)
[INFO] [1774742792.258834241] [serial_manager]: Found serial port: /dev/ttyS30 (Description: n/a, VID: None, PID: None, Manufacturer: None, Product: None)
[INFO] [1774742792.259702250] [serial_manager]: Found serial port: /dev/ttyS29 (Description: n/a, VID: None, PID: None, Manufacturer: None, Product: None)
[INFO] [1774742792.260460519] [serial_manager]: Found serial port: /dev/ttyS27 (Description: n/a, VID: None, PID: None, Manufacturer: None, Product: None)
[INFO] [1774742792.261330932] [serial_manager]: Found serial port: /dev/ttyS25 (Description: n/a, VID: None, PID: None, Manufacturer: None, Product: None)
[INFO] [1774742792.262066006] [serial_manager]: Found serial port: /dev/ttyS23 (Description: n/a, VID: None, PID: None, Manufacturer: None, Product: None)
[INFO] [1774742792.263387943] [serial_manager]: Found serial port: /dev/ttyS21 (Description: n/a, VID: None, PID: None, Manufacturer: None, Product: None)
[INFO] [1774742792.264208636] [serial_manager]: Found serial port: /dev/ttyS2 (Description: n/a, VID: None, PID: None, Manufacturer: None, Product: None)
[INFO] [1774742792.265193874] [serial_manager]: Found serial port: /dev/ttyS18 (Description: n/a, VID: None, PID: None, Manufacturer: None, Product: None)
[INFO] [1774742792.266058497] [serial_manager]: Found serial port: /dev/ttyS16 (Description: n/a, VID: None, PID: None, Manufacturer: None, Product: None)
[INFO] [1774742792.266643868] [serial_manager]: Found serial port: /dev/ttyS14 (Description: n/a, VID: None, PID: None, Manufacturer: None, Product: None)
[INFO] [1774742792.267173194] [serial_manager]: Found serial port: /dev/ttyS12 (Description: n/a, VID: None, PID: None, Manufacturer: None, Product: None)
[INFO] [1774742792.267752391] [serial_manager]: Found serial port: /dev/ttyS10 (Description: n/a, VID: None, PID: None, Manufacturer: None, Product: None)
[INFO] [1774742792.268456639] [serial_manager]: Found serial port: /dev/ttyS0 (Description: n/a, VID: None, PID: None, Manufacturer: None, Product: None)
[INFO] [1774742795.239809366] [serial_manager]: Excluding port /dev/ttyS9 (Description: n/a, VID: None, PID: None, Manufacturer: None, Product: None)
[INFO] [1774742795.240631703] [serial_manager]: Excluding port /dev/ttyS7 (Description: n/a, VID: None, PID: None, Manufacturer: None, Product: None)
[INFO] [1774742795.241529533] [serial_manager]: Excluding port /dev/ttyS5 (Description: n/a, VID: None, PID: None, Manufacturer: None, Product: None)
[INFO] [1774742795.242385541] [serial_manager]: Excluding port /dev/ttyS31 (Description: n/a, VID: None, PID: None, Manufacturer: None, Product: None)
[INFO] [1774742795.243161390] [serial_manager]: Excluding port /dev/ttyS3 (Description: n/a, VID: None, PID: None, Manufacturer: None, Product: None)
[INFO] [1774742795.243993583] [serial_manager]: Excluding port /dev/ttyS28 (Description: n/a, VID: None, PID: None, Manufacturer: None, Product: None)
[INFO] [1774742795.244735451] [serial_manager]: Excluding port /dev/ttyS26 (Description: n/a, VID: None, PID: None, Manufacturer: None, Product: None)
[INFO] [1774742795.245550694] [serial_manager]: Excluding port /dev/ttyS24 (Description: n/a, VID: None, PID: None, Manufacturer: None, Product: None)
[INFO] [1774742795.246665773] [serial_manager]: Excluding port /dev/ttyS22 (Description: n/a, VID: None, PID: None, Manufacturer: None, Product: None)
[INFO] [1774742795.248698152] [serial_manager]: Excluding port /dev/ttyS20 (Description: n/a, VID: None, PID: None, Manufacturer: None, Product: None)
[INFO] [1774742795.249568626] [serial_manager]: Excluding port /dev/ttyS19 (Description: n/a, VID: None, PID: None, Manufacturer: None, Product: None)
[INFO] [1774742795.250478683] [serial_manager]: Excluding port /dev/ttyS17 (Description: n/a, VID: None, PID: None, Manufacturer: None, Product: None)
[INFO] [1774742795.251364197] [serial_manager]: Excluding port /dev/ttyS15 (Description: n/a, VID: None, PID: None, Manufacturer: None, Product: None)
[INFO] [1774742795.252361167] [serial_manager]: Excluding port /dev/ttyS13 (Description: n/a, VID: None, PID: None, Manufacturer: None, Product: None)
[INFO] [1774742795.253439989] [serial_manager]: Excluding port /dev/ttyS11 (Description: n/a, VID: None, PID: None, Manufacturer: None, Product: None)
[INFO] [1774742795.254385686] [serial_manager]: Excluding port /dev/ttyS1 (Description: n/a, VID: None, PID: None, Manufacturer: None, Product: None)
[INFO] [1774742795.255201150] [serial_manager]: Excluding port /dev/ttyUSB0 (Description: n/a, VID: None, PID: None, Manufacturer: None, Product: None)
[INFO] [1774742795.256012360] [serial_manager]: Found serial port: /dev/ttyS8 (Description: n/a, VID: None, PID: None, Manufacturer: None, Product: None)
[INFO] [1774742795.256799983] [serial_manager]: Found serial port: /dev/ttyS6 (Description: n/a, VID: None, PID: None, Manufacturer: None, Product: None)
[INFO] [1774742795.257681046] [serial_manager]: Found serial port: /dev/ttyS4 (Description: n/a, VID: None, PID: None, Manufacturer: None, Product: None)
[INFO] [1774742795.258496198] [serial_manager]: Found serial port: /dev/ttyS30 (Description: n/a, VID: None, PID: None, Manufacturer: None, Product: None)
[INFO] [1774742795.259508845] [serial_manager]: Found serial port: /dev/ttyS29 (Description: n/a, VID: None, PID: None, Manufacturer: None, Product: None)
[INFO] [1774742795.260504789] [serial_manager]: Found serial port: /dev/ttyS27 (Description: n/a, VID: None, PID: None, Manufacturer: None, Product: None)
[INFO] [1774742795.261430325] [serial_manager]: Found serial port: /dev/ttyS25 (Description: n/a, VID: None, PID: None, Manufacturer: None, Product: None)
[INFO] [1774742795.262323998] [serial_manager]: Found serial port: /dev/ttyS23 (Description: n/a, VID: None, PID: None, Manufacturer: None, Product: None)
[INFO] [1774742795.263124402] [serial_manager]: Found serial port: /dev/ttyS21 (Description: n/a, VID: None, PID: None, Manufacturer: None, Product: None)
[INFO] [1774742795.263955649] [serial_manager]: Found serial port: /dev/ttyS2 (Description: n/a, VID: None, PID: None, Manufacturer: None, Product: None)
[INFO] [1774742795.264786819] [serial_manager]: Found serial port: /dev/ttyS18 (Description: n/a, VID: None, PID: None, Manufacturer: None, Product: None)
[INFO] [1774742795.265632452] [serial_manager]: Found serial port: /dev/ttyS16 (Description: n/a, VID: None, PID: None, Manufacturer: None, Product: None)
[INFO] [1774742795.266487196] [serial_manager]: Found serial port: /dev/ttyS14 (Description: n/a, VID: None, PID: None, Manufacturer: None, Product: None)
[INFO] [1774742795.267342949] [serial_manager]: Found serial port: /dev/ttyS12 (Description: n/a, VID: None, PID: None, Manufacturer: None, Product: None)
[INFO] [1774742795.268194513] [serial_manager]: Found serial port: /dev/ttyS10 (Description: n/a, VID: None, PID: None, Manufacturer: None, Product: None)
[INFO] [1774742795.269048263] [serial_manager]: Found serial port: /dev/ttyS0 (Description: n/a, VID: None, PID: None, Manufacturer: None, Product: None)
[INFO] [1774742798.242157197] [serial_manager]: Excluding port /dev/ttyS9 (Description: n/a, VID: None, PID: None, Manufacturer: None, Product: None)
[INFO] [1774742798.243165381] [serial_manager]: Excluding port /dev/ttyS7 (Description: n/a, VID: None, PID: None, Manufacturer: None, Product: None)
[INFO] [1774742798.244185248] [serial_manager]: Excluding port /dev/ttyS5 (Description: n/a, VID: None, PID: None, Manufacturer: None, Product: None)
[INFO] [1774742798.245160731] [serial_manager]: Excluding port /dev/ttyS31 (Description: n/a, VID: None, PID: None, Manufacturer: None, Product: None)
[INFO] [1774742798.246134754] [serial_manager]: Excluding port /dev/ttyS3 (Description: n/a, VID: None, PID: None, Manufacturer: None, Product: None)
[INFO] [1774742798.247125489] [serial_manager]: Excluding port /dev/ttyS28 (Description: n/a, VID: None, PID: None, Manufacturer: None, Product: None)
[INFO] [1774742798.248062708] [serial_manager]: Excluding port /dev/ttyS26 (Description: n/a, VID: None, PID: None, Manufacturer: None, Product: None)
[INFO] [1774742798.249240940] [serial_manager]: Excluding port /dev/ttyS24 (Description: n/a, VID: None, PID: None, Manufacturer: None, Product: None)
[INFO] [1774742798.250207048] [serial_manager]: Excluding port /dev/ttyS22 (Description: n/a, VID: None, PID: None, Manufacturer: None, Product: None)
[INFO] [1774742798.251170364] [serial_manager]: Excluding port /dev/ttyS20 (Description: n/a, VID: None, PID: None, Manufacturer: None, Product: None)
[INFO] [1774742798.252168667] [serial_manager]: Excluding port /dev/ttyS19 (Description: n/a, VID: None, PID: None, Manufacturer: None, Product: None)
[INFO] [1774742798.253498609] [serial_manager]: Excluding port /dev/ttyS17 (Description: n/a, VID: None, PID: None, Manufacturer: None, Product: None)
[INFO] [1774742798.254790405] [serial_manager]: Excluding port /dev/ttyS15 (Description: n/a, VID: None, PID: None, Manufacturer: None, Product: None)
[INFO] [1774742798.256406510] [serial_manager]: Excluding port /dev/ttyS13 (Description: n/a, VID: None, PID: None, Manufacturer: None, Product: None)
[INFO] [1774742798.257363822] [serial_manager]: Excluding port /dev/ttyS11 (Description: n/a, VID: None, PID: None, Manufacturer: None, Product: None)
[INFO] [1774742798.258365099] [serial_manager]: Excluding port /dev/ttyS1 (Description: n/a, VID: None, PID: None, Manufacturer: None, Product: None)
[INFO] [1774742798.259633197] [serial_manager]: Excluding port /dev/ttyUSB0 (Description: n/a, VID: None, PID: None, Manufacturer: None, Product: None)
[INFO] [1774742798.260879335] [serial_manager]: Found serial port: /dev/ttyS8 (Description: n/a, VID: None, PID: None, Manufacturer: None, Product: None)
[INFO] [1774742798.262105387] [serial_manager]: Found serial port: /dev/ttyS6 (Description: n/a, VID: None, PID: None, Manufacturer: None, Product: None)
[INFO] [1774742798.263358348] [serial_manager]: Found serial port: /dev/ttyS4 (Description: n/a, VID: None, PID: None, Manufacturer: None, Product: None)
[INFO] [1774742798.264535230] [serial_manager]: Found serial port: /dev/ttyS30 (Description: n/a, VID: None, PID: None, Manufacturer: None, Product: None)
[INFO] [1774742798.265758558] [serial_manager]: Found serial port: /dev/ttyS29 (Description: n/a, VID: None, PID: None, Manufacturer: None, Product: None)
[INFO] [1774742798.266910859] [serial_manager]: Found serial port: /dev/ttyS27 (Description: n/a, VID: None, PID: None, Manufacturer: None, Product: None)
[INFO] [1774742798.268054416] [serial_manager]: Found serial port: /dev/ttyS25 (Description: n/a, VID: None, PID: None, Manufacturer: None, Product: None)
[INFO] [1774742798.269512556] [serial_manager]: Found serial port: /dev/ttyS23 (Description: n/a, VID: None, PID: None, Manufacturer: None, Product: None)
[INFO] [1774742798.270491221] [serial_manager]: Found serial port: /dev/ttyS21 (Description: n/a, VID: None, PID: None, Manufacturer: None, Product: None)
[INFO] [1774742798.271471612] [serial_manager]: Found serial port: /dev/ttyS2 (Description: n/a, VID: None, PID: None, Manufacturer: None, Product: None)
[INFO] [1774742798.272392768] [serial_manager]: Found serial port: /dev/ttyS18 (Description: n/a, VID: None, PID: None, Manufacturer: None, Product: None)
[INFO] [1774742798.273202856] [serial_manager]: Found serial port: /dev/ttyS16 (Description: n/a, VID: None, PID: None, Manufacturer: None, Product: None)
[INFO] [1774742798.273961716] [serial_manager]: Found serial port: /dev/ttyS14 (Description: n/a, VID: None, PID: None, Manufacturer: None, Product: None)
[INFO] [1774742798.274689947] [serial_manager]: Found serial port: /dev/ttyS12 (Description: n/a, VID: None, PID: None, Manufacturer: None, Product: None)
[INFO] [1774742798.275429122] [serial_manager]: Found serial port: /dev/ttyS10 (Description: n/a, VID: None, PID: None, Manufacturer: None, Product: None)
[INFO] [1774742798.276146069] [serial_manager]: Found serial port: /dev/ttyS0 (Description: n/a, VID: None, PID: None, Manufacturer: None, Product: None)
[INFO] [1774742801.236590884] [serial_manager]: Excluding port /dev/ttyS9 (Description: n/a, VID: None, PID: None, Manufacturer: None, Product: None)
[INFO] [1774742801.237231932] [serial_manager]: Excluding port /dev/ttyS7 (Description: n/a, VID: None, PID: None, Manufacturer: None, Product: None)
[INFO] [1774742801.237831131] [serial_manager]: Excluding port /dev/ttyS5 (Description: n/a, VID: None, PID: None, Manufacturer: None, Product: None)
[INFO] [1774742801.238392700] [serial_manager]: Excluding port /dev/ttyS31 (Description: n/a, VID: None, PID: None, Manufacturer: None, Product: None)
[INFO] [1774742801.238969788] [serial_manager]: Excluding port /dev/ttyS3 (Description: n/a, VID: None, PID: None, Manufacturer: None, Product: None)
[INFO] [1774742801.239578353] [serial_manager]: Excluding port /dev/ttyS28 (Description: n/a, VID: None, PID: None, Manufacturer: None, Product: None)
[INFO] [1774742801.240183906] [serial_manager]: Excluding port /dev/ttyS26 (Description: n/a, VID: None, PID: None, Manufacturer: None, Product: None)
[INFO] [1774742801.240772689] [serial_manager]: Excluding port /dev/ttyS24 (Description: n/a, VID: None, PID: None, Manufacturer: None, Product: None)
[INFO] [1774742801.241220830] [serial_manager]: Excluding port /dev/ttyS22 (Description: n/a, VID: None, PID: None, Manufacturer: None, Product: None)
[INFO] [1774742801.241838958] [serial_manager]: Excluding port /dev/ttyS20 (Description: n/a, VID: None, PID: None, Manufacturer: None, Product: None)
[INFO] [1774742801.242545010] [serial_manager]: Excluding port /dev/ttyS19 (Description: n/a, VID: None, PID: None, Manufacturer: None, Product: None)
[INFO] [1774742801.243333267] [serial_manager]: Excluding port /dev/ttyS17 (Description: n/a, VID: None, PID: None, Manufacturer: None, Product: None)
[INFO] [1774742801.243852004] [serial_manager]: Excluding port /dev/ttyS15 (Description: n/a, VID: None, PID: None, Manufacturer: None, Product: None)
[INFO] [1774742801.244477590] [serial_manager]: Excluding port /dev/ttyS13 (Description: n/a, VID: None, PID: None, Manufacturer: None, Product: None)
[INFO] [1774742801.244993218] [serial_manager]: Excluding port /dev/ttyS11 (Description: n/a, VID: None, PID: None, Manufacturer: None, Product: None)
[INFO] [1774742801.245446284] [serial_manager]: Excluding port /dev/ttyS1 (Description: n/a, VID: None, PID: None, Manufacturer: None, Product: None)
[INFO] [1774742801.245935915] [serial_manager]: Excluding port /dev/ttyUSB0 (Description: n/a, VID: None, PID: None, Manufacturer: None, Product: None)
[INFO] [1774742801.246518345] [serial_manager]: Found serial port: /dev/ttyS8 (Description: n/a, VID: None, PID: None, Manufacturer: None, Product: None)
[INFO] [1774742801.246967695] [serial_manager]: Found serial port: /dev/ttyS6 (Description: n/a, VID: None, PID: None, Manufacturer: None, Product: None)
[INFO] [1774742801.247426937] [serial_manager]: Found serial port: /dev/ttyS4 (Description: n/a, VID: None, PID: None, Manufacturer: None, Product: None)
[INFO] [1774742801.247868503] [serial_manager]: Found serial port: /dev/ttyS30 (Description: n/a, VID: None, PID: None, Manufacturer: None, Product: None)
[INFO] [1774742801.248407920] [serial_manager]: Found serial port: /dev/ttyS29 (Description: n/a, VID: None, PID: None, Manufacturer: None, Product: None)
[INFO] [1774742801.249140230] [serial_manager]: Found serial port: /dev/ttyS27 (Description: n/a, VID: None, PID: None, Manufacturer: None, Product: None)
[INFO] [1774742801.249759112] [serial_manager]: Found serial port: /dev/ttyS25 (Description: n/a, VID: None, PID: None, Manufacturer: None, Product: None)
[INFO] [1774742801.250365103] [serial_manager]: Found serial port: /dev/ttyS23 (Description: n/a, VID: None, PID: None, Manufacturer: None, Product: None)
[INFO] [1774742801.251030417] [serial_manager]: Found serial port: /dev/ttyS21 (Description: n/a, VID: None, PID: None, Manufacturer: None, Product: None)
[INFO] [1774742801.251675518] [serial_manager]: Found serial port: /dev/ttyS2 (Description: n/a, VID: None, PID: None, Manufacturer: None, Product: None)
[INFO] [1774742801.252519088] [serial_manager]: Found serial port: /dev/ttyS18 (Description: n/a, VID: None, PID: None, Manufacturer: None, Product: None)
[INFO] [1774742801.253234169] [serial_manager]: Found serial port: /dev/ttyS16 (Description: n/a, VID: None, PID: None, Manufacturer: None, Product: None)
[INFO] [1774742801.253799449] [serial_manager]: Found serial port: /dev/ttyS14 (Description: n/a, VID: None, PID: None, Manufacturer: None, Product: None)
[INFO] [1774742801.254232085] [serial_manager]: Found serial port: /dev/ttyS12 (Description: n/a, VID: None, PID: None, Manufacturer: None, Product: None)
[INFO] [1774742801.254652882] [serial_manager]: Found serial port: /dev/ttyS10 (Description: n/a, VID: None, PID: None, Manufacturer: None, Product: None)
[INFO] [1774742801.255205271] [serial_manager]: Found serial port: /dev/ttyS0 (Description: n/a, VID: None, PID: None, Manufacturer: None, Product: None)
[INFO] [1774742804.241268243] [serial_manager]: Excluding port /dev/ttyS9 (Description: n/a, VID: None, PID: None, Manufacturer: None, Product: None)
[INFO] [1774742804.242356048] [serial_manager]: Excluding port /dev/ttyS7 (Description: n/a, VID: None, PID: None, Manufacturer: None, Product: None)
[INFO] [1774742804.243384512] [serial_manager]: Excluding port /dev/ttyS5 (Description: n/a, VID: None, PID: None, Manufacturer: None, Product: None)
[INFO] [1774742804.244617299] [serial_manager]: Excluding port /dev/ttyS31 (Description: n/a, VID: None, PID: None, Manufacturer: None, Product: None)
[INFO] [1774742804.245752563] [serial_manager]: Excluding port /dev/ttyS3 (Description: n/a, VID: None, PID: None, Manufacturer: None, Product: None)
[INFO] [1774742804.246765345] [serial_manager]: Excluding port /dev/ttyS28 (Description: n/a, VID: None, PID: None, Manufacturer: None, Product: None)
[INFO] [1774742804.247884033] [serial_manager]: Excluding port /dev/ttyS26 (Description: n/a, VID: None, PID: None, Manufacturer: None, Product: None)
[INFO] [1774742804.249099561] [serial_manager]: Excluding port /dev/ttyS24 (Description: n/a, VID: None, PID: None, Manufacturer: None, Product: None)
[INFO] [1774742804.249975575] [serial_manager]: Excluding port /dev/ttyS22 (Description: n/a, VID: None, PID: None, Manufacturer: None, Product: None)
[INFO] [1774742804.250928225] [serial_manager]: Excluding port /dev/ttyS20 (Description: n/a, VID: None, PID: None, Manufacturer: None, Product: None)
[INFO] [1774742804.251749260] [serial_manager]: Excluding port /dev/ttyS19 (Description: n/a, VID: None, PID: None, Manufacturer: None, Product: None)
[INFO] [1774742804.252570620] [serial_manager]: Excluding port /dev/ttyS17 (Description: n/a, VID: None, PID: None, Manufacturer: None, Product: None)
[INFO] [1774742804.253301748] [serial_manager]: Excluding port /dev/ttyS15 (Description: n/a, VID: None, PID: None, Manufacturer: None, Product: None)
[INFO] [1774742804.254076041] [serial_manager]: Excluding port /dev/ttyS13 (Description: n/a, VID: None, PID: None, Manufacturer: None, Product: None)
[INFO] [1774742804.255297858] [serial_manager]: Excluding port /dev/ttyS11 (Description: n/a, VID: None, PID: None, Manufacturer: None, Product: None)
[INFO] [1774742804.256242615] [serial_manager]: Excluding port /dev/ttyS1 (Description: n/a, VID: None, PID: None, Manufacturer: None, Product: None)
[INFO] [1774742804.257070291] [serial_manager]: Excluding port /dev/ttyUSB0 (Description: n/a, VID: None, PID: None, Manufacturer: None, Product: None)
[INFO] [1774742804.257903364] [serial_manager]: Found serial port: /dev/ttyS8 (Description: n/a, VID: None, PID: None, Manufacturer: None, Product: None)
[INFO] [1774742804.258812215] [serial_manager]: Found serial port: /dev/ttyS6 (Description: n/a, VID: None, PID: None, Manufacturer: None, Product: None)
[INFO] [1774742804.259666430] [serial_manager]: Found serial port: /dev/ttyS4 (Description: n/a, VID: None, PID: None, Manufacturer: None, Product: None)
[INFO] [1774742804.260787903] [serial_manager]: Found serial port: /dev/ttyS30 (Description: n/a, VID: None, PID: None, Manufacturer: None, Product: None)
[INFO] [1774742804.261827900] [serial_manager]: Found serial port: /dev/ttyS29 (Description: n/a, VID: None, PID: None, Manufacturer: None, Product: None)
[INFO] [1774742804.264386879] [serial_manager]: Found serial port: /dev/ttyS27 (Description: n/a, VID: None, PID: None, Manufacturer: None, Product: None)
[INFO] [1774742804.265147601] [serial_manager]: Found serial port: /dev/ttyS25 (Description: n/a, VID: None, PID: None, Manufacturer: None, Product: None)
[INFO] [1774742804.265881850] [serial_manager]: Found serial port: /dev/ttyS23 (Description: n/a, VID: None, PID: None, Manufacturer: None, Product: None)
[INFO] [1774742804.266643743] [serial_manager]: Found serial port: /dev/ttyS21 (Description: n/a, VID: None, PID: None, Manufacturer: None, Product: None)
[INFO] [1774742804.267432883] [serial_manager]: Found serial port: /dev/ttyS2 (Description: n/a, VID: None, PID: None, Manufacturer: None, Product: None)
[INFO] [1774742804.268209719] [serial_manager]: Found serial port: /dev/ttyS18 (Description: n/a, VID: None, PID: None, Manufacturer: None, Product: None)
[INFO] [1774742804.269840578] [serial_manager]: Found serial port: /dev/ttyS16 (Description: n/a, VID: None, PID: None, Manufacturer: None, Product: None)
[INFO] [1774742804.270538308] [serial_manager]: Found serial port: /dev/ttyS14 (Description: n/a, VID: None, PID: None, Manufacturer: None, Product: None)
[INFO] [1774742804.271227171] [serial_manager]: Found serial port: /dev/ttyS12 (Description: n/a, VID: None, PID: None, Manufacturer: None, Product: None)
[INFO] [1774742804.275323094] [serial_manager]: Found serial port: /dev/ttyS10 (Description: n/a, VID: None, PID: None, Manufacturer: None, Product: None)
[INFO] [1774742804.276047509] [serial_manager]: Found serial port: /dev/ttyS0 (Description: n/a, VID: None, PID: None, Manufacturer: None, Product: None)
[INFO] [1774742807.249126988] [serial_manager]: Excluding port /dev/ttyS9 (Description: n/a, VID: None, PID: None, Manufacturer: None, Product: None)
[INFO] [1774742807.250242139] [serial_manager]: Excluding port /dev/ttyS7 (Description: n/a, VID: None, PID: None, Manufacturer: None, Product: None)
[INFO] [1774742807.252527150] [serial_manager]: Excluding port /dev/ttyS5 (Description: n/a, VID: None, PID: None, Manufacturer: None, Product: None)
[INFO] [1774742807.253979084] [serial_manager]: Excluding port /dev/ttyS31 (Description: n/a, VID: None, PID: None, Manufacturer: None, Product: None)
[INFO] [1774742807.255037293] [serial_manager]: Excluding port /dev/ttyS3 (Description: n/a, VID: None, PID: None, Manufacturer: None, Product: None)
[INFO] [1774742807.255899927] [serial_manager]: Excluding port /dev/ttyS28 (Description: n/a, VID: None, PID: None, Manufacturer: None, Product: None)
[INFO] [1774742807.256572987] [serial_manager]: Excluding port /dev/ttyS26 (Description: n/a, VID: None, PID: None, Manufacturer: None, Product: None)
[INFO] [1774742807.257245067] [serial_manager]: Excluding port /dev/ttyS24 (Description: n/a, VID: None, PID: None, Manufacturer: None, Product: None)
[INFO] [1774742807.257909006] [serial_manager]: Excluding port /dev/ttyS22 (Description: n/a, VID: None, PID: None, Manufacturer: None, Product: None)
[INFO] [1774742807.258542826] [serial_manager]: Excluding port /dev/ttyS20 (Description: n/a, VID: None, PID: None, Manufacturer: None, Product: None)
[INFO] [1774742807.259097198] [serial_manager]: Excluding port /dev/ttyS19 (Description: n/a, VID: None, PID: None, Manufacturer: None, Product: None)
[INFO] [1774742807.259679337] [serial_manager]: Excluding port /dev/ttyS17 (Description: n/a, VID: None, PID: None, Manufacturer: None, Product: None)
[INFO] [1774742807.260436430] [serial_manager]: Excluding port /dev/ttyS15 (Description: n/a, VID: None, PID: None, Manufacturer: None, Product: None)
[INFO] [1774742807.261119076] [serial_manager]: Excluding port /dev/ttyS13 (Description: n/a, VID: None, PID: None, Manufacturer: None, Product: None)
[INFO] [1774742807.261696679] [serial_manager]: Excluding port /dev/ttyS11 (Description: n/a, VID: None, PID: None, Manufacturer: None, Product: None)
[INFO] [1774742807.262479014] [serial_manager]: Excluding port /dev/ttyS1 (Description: n/a, VID: None, PID: None, Manufacturer: None, Product: None)
[INFO] [1774742807.263141805] [serial_manager]: Excluding port /dev/ttyUSB0 (Description: n/a, VID: None, PID: None, Manufacturer: None, Product: None)
[INFO] [1774742807.263838392] [serial_manager]: Found serial port: /dev/ttyS8 (Description: n/a, VID: None, PID: None, Manufacturer: None, Product: None)
[INFO] [1774742807.264554465] [serial_manager]: Found serial port: /dev/ttyS6 (Description: n/a, VID: None, PID: None, Manufacturer: None, Product: None)
[INFO] [1774742807.265292603] [serial_manager]: Found serial port: /dev/ttyS4 (Description: n/a, VID: None, PID: None, Manufacturer: None, Product: None)
[INFO] [1774742807.266032860] [serial_manager]: Found serial port: /dev/ttyS30 (Description: n/a, VID: None, PID: None, Manufacturer: None, Product: None)
[INFO] [1774742807.266929861] [serial_manager]: Found serial port: /dev/ttyS29 (Description: n/a, VID: None, PID: None, Manufacturer: None, Product: None)
[INFO] [1774742807.267734043] [serial_manager]: Found serial port: /dev/ttyS27 (Description: n/a, VID: None, PID: None, Manufacturer: None, Product: None)
[INFO] [1774742807.268678845] [serial_manager]: Found serial port: /dev/ttyS25 (Description: n/a, VID: None, PID: None, Manufacturer: None, Product: None)
[INFO] [1774742807.269497683] [serial_manager]: Found serial port: /dev/ttyS23 (Description: n/a, VID: None, PID: None, Manufacturer: None, Product: None)
[INFO] [1774742807.270301998] [serial_manager]: Found serial port: /dev/ttyS21 (Description: n/a, VID: None, PID: None, Manufacturer: None, Product: None)
[INFO] [1774742807.271049261] [serial_manager]: Found serial port: /dev/ttyS2 (Description: n/a, VID: None, PID: None, Manufacturer: None, Product: None)
[INFO] [1774742807.271821957] [serial_manager]: Found serial port: /dev/ttyS18 (Description: n/a, VID: None, PID: None, Manufacturer: None, Product: None)
[INFO] [1774742807.272564604] [serial_manager]: Found serial port: /dev/ttyS16 (Description: n/a, VID: None, PID: None, Manufacturer: None, Product: None)
[INFO] [1774742807.273298234] [serial_manager]: Found serial port: /dev/ttyS14 (Description: n/a, VID: None, PID: None, Manufacturer: None, Product: None)
[INFO] [1774742807.274102690] [serial_manager]: Found serial port: /dev/ttyS12 (Description: n/a, VID: None, PID: None, Manufacturer: None, Product: None)
[INFO] [1774742807.274960391] [serial_manager]: Found serial port: /dev/ttyS10 (Description: n/a, VID: None, PID: None, Manufacturer: None, Product: None)
[INFO] [1774742807.275778606] [serial_manager]: Found serial port: /dev/ttyS0 (Description: n/a, VID: None, PID: None, Manufacturer: None, Product: None)
[INFO] [1774742810.238853123] [serial_manager]: Excluding port /dev/ttyS9 (Description: n/a, VID: None, PID: None, Manufacturer: None, Product: None)
[INFO] [1774742810.239632547] [serial_manager]: Excluding port /dev/ttyS7 (Description: n/a, VID: None, PID: None, Manufacturer: None, Product: None)
[INFO] [1774742810.240368485] [serial_manager]: Excluding port /dev/ttyS5 (Description: n/a, VID: None, PID: None, Manufacturer: None, Product: None)
[INFO] [1774742810.241083282] [serial_manager]: Excluding port /dev/ttyS31 (Description: n/a, VID: None, PID: None, Manufacturer: None, Product: None)
[INFO] [1774742810.241794748] [serial_manager]: Excluding port /dev/ttyS3 (Description: n/a, VID: None, PID: None, Manufacturer: None, Product: None)
[INFO] [1774742810.242552468] [serial_manager]: Excluding port /dev/ttyS28 (Description: n/a, VID: None, PID: None, Manufacturer: None, Product: None)
[INFO] [1774742810.243244924] [serial_manager]: Excluding port /dev/ttyS26 (Description: n/a, VID: None, PID: None, Manufacturer: None, Product: None)
[INFO] [1774742810.243943819] [serial_manager]: Excluding port /dev/ttyS24 (Description: n/a, VID: None, PID: None, Manufacturer: None, Product: None)
[INFO] [1774742810.244720528] [serial_manager]: Excluding port /dev/ttyS22 (Description: n/a, VID: None, PID: None, Manufacturer: None, Product: None)
[INFO] [1774742810.245573660] [serial_manager]: Excluding port /dev/ttyS20 (Description: n/a, VID: None, PID: None, Manufacturer: None, Product: None)
[INFO] [1774742810.246512940] [serial_manager]: Excluding port /dev/ttyS19 (Description: n/a, VID: None, PID: None, Manufacturer: None, Product: None)
[INFO] [1774742810.247371972] [serial_manager]: Excluding port /dev/ttyS17 (Description: n/a, VID: None, PID: None, Manufacturer: None, Product: None)
[INFO] [1774742810.249899142] [serial_manager]: Excluding port /dev/ttyS15 (Description: n/a, VID: None, PID: None, Manufacturer: None, Product: None)
[INFO] [1774742810.250678864] [serial_manager]: Excluding port /dev/ttyS13 (Description: n/a, VID: None, PID: None, Manufacturer: None, Product: None)
[INFO] [1774742810.251443038] [serial_manager]: Excluding port /dev/ttyS11 (Description: n/a, VID: None, PID: None, Manufacturer: None, Product: None)
[INFO] [1774742810.252201801] [serial_manager]: Excluding port /dev/ttyS1 (Description: n/a, VID: None, PID: None, Manufacturer: None, Product: None)
[INFO] [1774742810.254025898] [serial_manager]: Excluding port /dev/ttyUSB0 (Description: n/a, VID: None, PID: None, Manufacturer: None, Product: None)
[INFO] [1774742810.254732453] [serial_manager]: Found serial port: /dev/ttyS8 (Description: n/a, VID: None, PID: None, Manufacturer: None, Product: None)
[INFO] [1774742810.257741295] [serial_manager]: Found serial port: /dev/ttyS6 (Description: n/a, VID: None, PID: None, Manufacturer: None, Product: None)
[INFO] [1774742810.258890498] [serial_manager]: Found serial port: /dev/ttyS4 (Description: n/a, VID: None, PID: None, Manufacturer: None, Product: None)
[INFO] [1774742810.259587796] [serial_manager]: Found serial port: /dev/ttyS30 (Description: n/a, VID: None, PID: None, Manufacturer: None, Product: None)
[INFO] [1774742810.260331202] [serial_manager]: Found serial port: /dev/ttyS29 (Description: n/a, VID: None, PID: None, Manufacturer: None, Product: None)
[INFO] [1774742810.261052383] [serial_manager]: Found serial port: /dev/ttyS27 (Description: n/a, VID: None, PID: None, Manufacturer: None, Product: None)
[INFO] [1774742810.261780157] [serial_manager]: Found serial port: /dev/ttyS25 (Description: n/a, VID: None, PID: None, Manufacturer: None, Product: None)
[INFO] [1774742810.262455218] [serial_manager]: Found serial port: /dev/ttyS23 (Description: n/a, VID: None, PID: None, Manufacturer: None, Product: None)
[INFO] [1774742810.263119243] [serial_manager]: Found serial port: /dev/ttyS21 (Description: n/a, VID: None, PID: None, Manufacturer: None, Product: None)
[INFO] [1774742810.264286657] [serial_manager]: Found serial port: /dev/ttyS2 (Description: n/a, VID: None, PID: None, Manufacturer: None, Product: None)
[INFO] [1774742810.265132283] [serial_manager]: Found serial port: /dev/ttyS18 (Description: n/a, VID: None, PID: None, Manufacturer: None, Product: None)
[INFO] [1774742810.265863231] [serial_manager]: Found serial port: /dev/ttyS16 (Description: n/a, VID: None, PID: None, Manufacturer: None, Product: None)
[INFO] [1774742810.266598333] [serial_manager]: Found serial port: /dev/ttyS14 (Description: n/a, VID: None, PID: None, Manufacturer: None, Product: None)
[INFO] [1774742810.267189313] [serial_manager]: Found serial port: /dev/ttyS12 (Description: n/a, VID: None, PID: None, Manufacturer: None, Product: None)
[INFO] [1774742810.267793790] [serial_manager]: Found serial port: /dev/ttyS10 (Description: n/a, VID: None, PID: None, Manufacturer: None, Product: None)
[INFO] [1774742810.268494609] [serial_manager]: Found serial port: /dev/ttyS0 (Description: n/a, VID: None, PID: None, Manufacturer: None, Product: None)
[INFO] [1774742813.252785221] [serial_manager]: Excluding port /dev/ttyS9 (Description: n/a, VID: None, PID: None, Manufacturer: None, Product: None)
[INFO] [1774742813.253567260] [serial_manager]: Excluding port /dev/ttyS7 (Description: n/a, VID: None, PID: None, Manufacturer: None, Product: None)
[INFO] [1774742813.254331644] [serial_manager]: Excluding port /dev/ttyS5 (Description: n/a, VID: None, PID: None, Manufacturer: None, Product: None)
[INFO] [1774742813.255057781] [serial_manager]: Excluding port /dev/ttyS31 (Description: n/a, VID: None, PID: None, Manufacturer: None, Product: None)
[INFO] [1774742813.255733169] [serial_manager]: Excluding port /dev/ttyS3 (Description: n/a, VID: None, PID: None, Manufacturer: None, Product: None)
[INFO] [1774742813.256402351] [serial_manager]: Excluding port /dev/ttyS28 (Description: n/a, VID: None, PID: None, Manufacturer: None, Product: None)
[INFO] [1774742813.257133069] [serial_manager]: Excluding port /dev/ttyS26 (Description: n/a, VID: None, PID: None, Manufacturer: None, Product: None)
[INFO] [1774742813.257923800] [serial_manager]: Excluding port /dev/ttyS24 (Description: n/a, VID: None, PID: None, Manufacturer: None, Product: None)
[INFO] [1774742813.258690398] [serial_manager]: Excluding port /dev/ttyS22 (Description: n/a, VID: None, PID: None, Manufacturer: None, Product: None)
[INFO] [1774742813.259728006] [serial_manager]: Excluding port /dev/ttyS20 (Description: n/a, VID: None, PID: None, Manufacturer: None, Product: None)
[INFO] [1774742813.260481598] [serial_manager]: Excluding port /dev/ttyS19 (Description: n/a, VID: None, PID: None, Manufacturer: None, Product: None)
[INFO] [1774742813.261227381] [serial_manager]: Excluding port /dev/ttyS17 (Description: n/a, VID: None, PID: None, Manufacturer: None, Product: None)
[INFO] [1774742813.261971511] [serial_manager]: Excluding port /dev/ttyS15 (Description: n/a, VID: None, PID: None, Manufacturer: None, Product: None)
[INFO] [1774742813.262689574] [serial_manager]: Excluding port /dev/ttyS13 (Description: n/a, VID: None, PID: None, Manufacturer: None, Product: None)
[INFO] [1774742813.263420353] [serial_manager]: Excluding port /dev/ttyS11 (Description: n/a, VID: None, PID: None, Manufacturer: None, Product: None)
[INFO] [1774742813.264160407] [serial_manager]: Excluding port /dev/ttyS1 (Description: n/a, VID: None, PID: None, Manufacturer: None, Product: None)
[INFO] [1774742813.264917842] [serial_manager]: Excluding port /dev/ttyUSB0 (Description: n/a, VID: None, PID: None, Manufacturer: None, Product: None)
[INFO] [1774742813.265663594] [serial_manager]: Found serial port: /dev/ttyS8 (Description: n/a, VID: None, PID: None, Manufacturer: None, Product: None)
[INFO] [1774742813.266409745] [serial_manager]: Found serial port: /dev/ttyS6 (Description: n/a, VID: None, PID: None, Manufacturer: None, Product: None)
[INFO] [1774742813.267146520] [serial_manager]: Found serial port: /dev/ttyS4 (Description: n/a, VID: None, PID: None, Manufacturer: None, Product: None)
[INFO] [1774742813.267868338] [serial_manager]: Found serial port: /dev/ttyS30 (Description: n/a, VID: None, PID: None, Manufacturer: None, Product: None)
[INFO] [1774742813.268588951] [serial_manager]: Found serial port: /dev/ttyS29 (Description: n/a, VID: None, PID: None, Manufacturer: None, Product: None)
[INFO] [1774742813.269336039] [serial_manager]: Found serial port: /dev/ttyS27 (Description: n/a, VID: None, PID: None, Manufacturer: None, Product: None)
[INFO] [1774742813.270040992] [serial_manager]: Found serial port: /dev/ttyS25 (Description: n/a, VID: None, PID: None, Manufacturer: None, Product: None)
[INFO] [1774742813.270779228] [serial_manager]: Found serial port: /dev/ttyS23 (Description: n/a, VID: None, PID: None, Manufacturer: None, Product: None)
[INFO] [1774742813.271491504] [serial_manager]: Found serial port: /dev/ttyS21 (Description: n/a, VID: None, PID: None, Manufacturer: None, Product: None)
[INFO] [1774742813.272197077] [serial_manager]: Found serial port: /dev/ttyS2 (Description: n/a, VID: None, PID: None, Manufacturer: None, Product: None)
[INFO] [1774742813.272907135] [serial_manager]: Found serial port: /dev/ttyS18 (Description: n/a, VID: None, PID: None, Manufacturer: None, Product: None)
[INFO] [1774742813.273646984] [serial_manager]: Found serial port: /dev/ttyS16 (Description: n/a, VID: None, PID: None, Manufacturer: None, Product: None)
[INFO] [1774742813.274381183] [serial_manager]: Found serial port: /dev/ttyS14 (Description: n/a, VID: None, PID: None, Manufacturer: None, Product: None)
[INFO] [1774742813.275096015] [serial_manager]: Found serial port: /dev/ttyS12 (Description: n/a, VID: None, PID: None, Manufacturer: None, Product: None)
[INFO] [1774742813.275822137] [serial_manager]: Found serial port: /dev/ttyS10 (Description: n/a, VID: None, PID: None, Manufacturer: None, Product: None)
[INFO] [1774742813.276547135] [serial_manager]: Found serial port: /dev/ttyS0 (Description: n/a, VID: None, PID: None, Manufacturer: None, Product: None)
[INFO] [1774742816.238702642] [serial_manager]: Excluding port /dev/ttyS9 (Description: n/a, VID: None, PID: None, Manufacturer: None, Product: None)
[INFO] [1774742816.239611129] [serial_manager]: Excluding port /dev/ttyS7 (Description: n/a, VID: None, PID: None, Manufacturer: None, Product: None)
[INFO] [1774742816.240528205] [serial_manager]: Excluding port /dev/ttyS5 (Description: n/a, VID: None, PID: None, Manufacturer: None, Product: None)
[INFO] [1774742816.241239128] [serial_manager]: Excluding port /dev/ttyS31 (Description: n/a, VID: None, PID: None, Manufacturer: None, Product: None)
[INFO] [1774742816.241998903] [serial_manager]: Excluding port /dev/ttyS3 (Description: n/a, VID: None, PID: None, Manufacturer: None, Product: None)
[INFO] [1774742816.242724932] [serial_manager]: Excluding port /dev/ttyS28 (Description: n/a, VID: None, PID: None, Manufacturer: None, Product: None)
[INFO] [1774742816.243413033] [serial_manager]: Excluding port /dev/ttyS26 (Description: n/a, VID: None, PID: None, Manufacturer: None, Product: None)
[INFO] [1774742816.244124498] [serial_manager]: Excluding port /dev/ttyS24 (Description: n/a, VID: None, PID: None, Manufacturer: None, Product: None)
[INFO] [1774742816.245048703] [serial_manager]: Excluding port /dev/ttyS22 (Description: n/a, VID: None, PID: None, Manufacturer: None, Product: None)
[INFO] [1774742816.246083198] [serial_manager]: Excluding port /dev/ttyS20 (Description: n/a, VID: None, PID: None, Manufacturer: None, Product: None)
[INFO] [1774742816.247084079] [serial_manager]: Excluding port /dev/ttyS19 (Description: n/a, VID: None, PID: None, Manufacturer: None, Product: None)
[INFO] [1774742816.247853087] [serial_manager]: Excluding port /dev/ttyS17 (Description: n/a, VID: None, PID: None, Manufacturer: None, Product: None)
[INFO] [1774742816.248790204] [serial_manager]: Excluding port /dev/ttyS15 (Description: n/a, VID: None, PID: None, Manufacturer: None, Product: None)
[INFO] [1774742816.249598612] [serial_manager]: Excluding port /dev/ttyS13 (Description: n/a, VID: None, PID: None, Manufacturer: None, Product: None)
[INFO] [1774742816.250308968] [serial_manager]: Excluding port /dev/ttyS11 (Description: n/a, VID: None, PID: None, Manufacturer: None, Product: None)
[INFO] [1774742816.251043497] [serial_manager]: Excluding port /dev/ttyS1 (Description: n/a, VID: None, PID: None, Manufacturer: None, Product: None)
[INFO] [1774742816.251753357] [serial_manager]: Excluding port /dev/ttyUSB0 (Description: n/a, VID: None, PID: None, Manufacturer: None, Product: None)
[INFO] [1774742816.252454409] [serial_manager]: Found serial port: /dev/ttyS8 (Description: n/a, VID: None, PID: None, Manufacturer: None, Product: None)
[INFO] [1774742816.253117415] [serial_manager]: Found serial port: /dev/ttyS6 (Description: n/a, VID: None, PID: None, Manufacturer: None, Product: None)
[INFO] [1774742816.253779031] [serial_manager]: Found serial port: /dev/ttyS4 (Description: n/a, VID: None, PID: None, Manufacturer: None, Product: None)
[INFO] [1774742816.254449768] [serial_manager]: Found serial port: /dev/ttyS30 (Description: n/a, VID: None, PID: None, Manufacturer: None, Product: None)
[INFO] [1774742816.255097029] [serial_manager]: Found serial port: /dev/ttyS29 (Description: n/a, VID: None, PID: None, Manufacturer: None, Product: None)
[INFO] [1774742816.255758187] [serial_manager]: Found serial port: /dev/ttyS27 (Description: n/a, VID: None, PID: None, Manufacturer: None, Product: None)
[INFO] [1774742816.256420773] [serial_manager]: Found serial port: /dev/ttyS25 (Description: n/a, VID: None, PID: None, Manufacturer: None, Product: None)
[INFO] [1774742816.257086236] [serial_manager]: Found serial port: /dev/ttyS23 (Description: n/a, VID: None, PID: None, Manufacturer: None, Product: None)
[INFO] [1774742816.257745197] [serial_manager]: Found serial port: /dev/ttyS21 (Description: n/a, VID: None, PID: None, Manufacturer: None, Product: None)
[INFO] [1774742816.258411208] [serial_manager]: Found serial port: /dev/ttyS2 (Description: n/a, VID: None, PID: None, Manufacturer: None, Product: None)
[INFO] [1774742816.259101830] [serial_manager]: Found serial port: /dev/ttyS18 (Description: n/a, VID: None, PID: None, Manufacturer: None, Product: None)
[INFO] [1774742816.259810458] [serial_manager]: Found serial port: /dev/ttyS16 (Description: n/a, VID: None, PID: None, Manufacturer: None, Product: None)
[INFO] [1774742816.260816788] [serial_manager]: Found serial port: /dev/ttyS14 (Description: n/a, VID: None, PID: None, Manufacturer: None, Product: None)
[INFO] [1774742816.261510830] [serial_manager]: Found serial port: /dev/ttyS12 (Description: n/a, VID: None, PID: None, Manufacturer: None, Product: None)
[INFO] [1774742816.262187714] [serial_manager]: Found serial port: /dev/ttyS10 (Description: n/a, VID: None, PID: None, Manufacturer: None, Product: None)
[INFO] [1774742816.262901376] [serial_manager]: Found serial port: /dev/ttyS0 (Description: n/a, VID: None, PID: None, Manufacturer: None, Product: None)
[INFO] [1774742819.241115689] [serial_manager]: Excluding port /dev/ttyS9 (Description: n/a, VID: None, PID: None, Manufacturer: None, Product: None)
[INFO] [1774742819.241999859] [serial_manager]: Excluding port /dev/ttyS7 (Description: n/a, VID: None, PID: None, Manufacturer: None, Product: None)
[INFO] [1774742819.242737268] [serial_manager]: Excluding port /dev/ttyS5 (Description: n/a, VID: None, PID: None, Manufacturer: None, Product: None)
[INFO] [1774742819.243478493] [serial_manager]: Excluding port /dev/ttyS31 (Description: n/a, VID: None, PID: None, Manufacturer: None, Product: None)
[INFO] [1774742819.244190159] [serial_manager]: Excluding port /dev/ttyS3 (Description: n/a, VID: None, PID: None, Manufacturer: None, Product: None)
[INFO] [1774742819.244909069] [serial_manager]: Excluding port /dev/ttyS28 (Description: n/a, VID: None, PID: None, Manufacturer: None, Product: None)
[INFO] [1774742819.245612839] [serial_manager]: Excluding port /dev/ttyS26 (Description: n/a, VID: None, PID: None, Manufacturer: None, Product: None)
[INFO] [1774742819.246312585] [serial_manager]: Excluding port /dev/ttyS24 (Description: n/a, VID: None, PID: None, Manufacturer: None, Product: None)
[INFO] [1774742819.246997242] [serial_manager]: Excluding port /dev/ttyS22 (Description: n/a, VID: None, PID: None, Manufacturer: None, Product: None)
[INFO] [1774742819.247666451] [serial_manager]: Excluding port /dev/ttyS20 (Description: n/a, VID: None, PID: None, Manufacturer: None, Product: None)
[INFO] [1774742819.248941316] [serial_manager]: Excluding port /dev/ttyS19 (Description: n/a, VID: None, PID: None, Manufacturer: None, Product: None)
[INFO] [1774742819.249729995] [serial_manager]: Excluding port /dev/ttyS17 (Description: n/a, VID: None, PID: None, Manufacturer: None, Product: None)
[INFO] [1774742819.250577833] [serial_manager]: Excluding port /dev/ttyS15 (Description: n/a, VID: None, PID: None, Manufacturer: None, Product: None)
[INFO] [1774742819.251286493] [serial_manager]: Excluding port /dev/ttyS13 (Description: n/a, VID: None, PID: None, Manufacturer: None, Product: None)
[INFO] [1774742819.251951479] [serial_manager]: Excluding port /dev/ttyS11 (Description: n/a, VID: None, PID: None, Manufacturer: None, Product: None)
[INFO] [1774742819.252621380] [serial_manager]: Excluding port /dev/ttyS1 (Description: n/a, VID: None, PID: None, Manufacturer: None, Product: None)
[INFO] [1774742819.253290124] [serial_manager]: Excluding port /dev/ttyUSB0 (Description: n/a, VID: None, PID: None, Manufacturer: None, Product: None)
[INFO] [1774742819.253953165] [serial_manager]: Found serial port: /dev/ttyS8 (Description: n/a, VID: None, PID: None, Manufacturer: None, Product: None)
[INFO] [1774742819.254611451] [serial_manager]: Found serial port: /dev/ttyS6 (Description: n/a, VID: None, PID: None, Manufacturer: None, Product: None)
[INFO] [1774742819.255246676] [serial_manager]: Found serial port: /dev/ttyS4 (Description: n/a, VID: None, PID: None, Manufacturer: None, Product: None)
[INFO] [1774742819.255892631] [serial_manager]: Found serial port: /dev/ttyS30 (Description: n/a, VID: None, PID: None, Manufacturer: None, Product: None)
[INFO] [1774742819.256544281] [serial_manager]: Found serial port: /dev/ttyS29 (Description: n/a, VID: None, PID: None, Manufacturer: None, Product: None)
[INFO] [1774742819.257165074] [serial_manager]: Found serial port: /dev/ttyS27 (Description: n/a, VID: None, PID: None, Manufacturer: None, Product: None)
[INFO] [1774742819.258093559] [serial_manager]: Found serial port: /dev/ttyS25 (Description: n/a, VID: None, PID: None, Manufacturer: None, Product: None)
[INFO] [1774742819.258978068] [serial_manager]: Found serial port: /dev/ttyS23 (Description: n/a, VID: None, PID: None, Manufacturer: None, Product: None)
[INFO] [1774742819.259647123] [serial_manager]: Found serial port: /dev/ttyS21 (Description: n/a, VID: None, PID: None, Manufacturer: None, Product: None)
[INFO] [1774742819.260411020] [serial_manager]: Found serial port: /dev/ttyS2 (Description: n/a, VID: None, PID: None, Manufacturer: None, Product: None)
[INFO] [1774742819.261075027] [serial_manager]: Found serial port: /dev/ttyS18 (Description: n/a, VID: None, PID: None, Manufacturer: None, Product: None)
[INFO] [1774742819.261721818] [serial_manager]: Found serial port: /dev/ttyS16 (Description: n/a, VID: None, PID: None, Manufacturer: None, Product: None)
[INFO] [1774742819.262361033] [serial_manager]: Found serial port: /dev/ttyS14 (Description: n/a, VID: None, PID: None, Manufacturer: None, Product: None)
[INFO] [1774742819.262993081] [serial_manager]: Found serial port: /dev/ttyS12 (Description: n/a, VID: None, PID: None, Manufacturer: None, Product: None)
[INFO] [1774742819.263637795] [serial_manager]: Found serial port: /dev/ttyS10 (Description: n/a, VID: None, PID: None, Manufacturer: None, Product: None)
[INFO] [1774742819.264238297] [serial_manager]: Found serial port: /dev/ttyS0 (Description: n/a, VID: None, PID: None, Manufacturer: None, Product: None)
[INFO] [1774742822.242813294] [serial_manager]: Excluding port /dev/ttyS9 (Description: n/a, VID: None, PID: None, Manufacturer: None, Product: None)
[INFO] [1774742822.243761109] [serial_manager]: Excluding port /dev/ttyS7 (Description: n/a, VID: None, PID: None, Manufacturer: None, Product: None)
[INFO] [1774742822.244557286] [serial_manager]: Excluding port /dev/ttyS5 (Description: n/a, VID: None, PID: None, Manufacturer: None, Product: None)
[INFO] [1774742822.245319092] [serial_manager]: Excluding port /dev/ttyS31 (Description: n/a, VID: None, PID: None, Manufacturer: None, Product: None)
[INFO] [1774742822.246006064] [serial_manager]: Excluding port /dev/ttyS3 (Description: n/a, VID: None, PID: None, Manufacturer: None, Product: None)
[INFO] [1774742822.246684092] [serial_manager]: Excluding port /dev/ttyS28 (Description: n/a, VID: None, PID: None, Manufacturer: None, Product: None)
[INFO] [1774742822.247436638] [serial_manager]: Excluding port /dev/ttyS26 (Description: n/a, VID: None, PID: None, Manufacturer: None, Product: None)
[INFO] [1774742822.248375054] [serial_manager]: Excluding port /dev/ttyS24 (Description: n/a, VID: None, PID: None, Manufacturer: None, Product: None)
[INFO] [1774742822.249981264] [serial_manager]: Excluding port /dev/ttyS22 (Description: n/a, VID: None, PID: None, Manufacturer: None, Product: None)
[INFO] [1774742822.250995142] [serial_manager]: Excluding port /dev/ttyS20 (Description: n/a, VID: None, PID: None, Manufacturer: None, Product: None)
[INFO] [1774742822.252001163] [serial_manager]: Excluding port /dev/ttyS19 (Description: n/a, VID: None, PID: None, Manufacturer: None, Product: None)
[INFO] [1774742822.252859600] [serial_manager]: Excluding port /dev/ttyS17 (Description: n/a, VID: None, PID: None, Manufacturer: None, Product: None)
[INFO] [1774742822.253618669] [serial_manager]: Excluding port /dev/ttyS15 (Description: n/a, VID: None, PID: None, Manufacturer: None, Product: None)
[INFO] [1774742822.254332209] [serial_manager]: Excluding port /dev/ttyS13 (Description: n/a, VID: None, PID: None, Manufacturer: None, Product: None)
[INFO] [1774742822.255102704] [serial_manager]: Excluding port /dev/ttyS11 (Description: n/a, VID: None, PID: None, Manufacturer: None, Product: None)
[INFO] [1774742822.256451150] [serial_manager]: Excluding port /dev/ttyS1 (Description: n/a, VID: None, PID: None, Manufacturer: None, Product: None)
[INFO] [1774742822.257374891] [serial_manager]: Excluding port /dev/ttyUSB0 (Description: n/a, VID: None, PID: None, Manufacturer: None, Product: None)
[INFO] [1774742822.258242905] [serial_manager]: Found serial port: /dev/ttyS8 (Description: n/a, VID: None, PID: None, Manufacturer: None, Product: None)
[INFO] [1774742822.258972884] [serial_manager]: Found serial port: /dev/ttyS6 (Description: n/a, VID: None, PID: None, Manufacturer: None, Product: None)
[INFO] [1774742822.259785574] [serial_manager]: Found serial port: /dev/ttyS4 (Description: n/a, VID: None, PID: None, Manufacturer: None, Product: None)
[INFO] [1774742822.260551961] [serial_manager]: Found serial port: /dev/ttyS30 (Description: n/a, VID: None, PID: None, Manufacturer: None, Product: None)
[INFO] [1774742822.261307168] [serial_manager]: Found serial port: /dev/ttyS29 (Description: n/a, VID: None, PID: None, Manufacturer: None, Product: None)
[INFO] [1774742822.262397697] [serial_manager]: Found serial port: /dev/ttyS27 (Description: n/a, VID: None, PID: None, Manufacturer: None, Product: None)
[INFO] [1774742822.263207751] [serial_manager]: Found serial port: /dev/ttyS25 (Description: n/a, VID: None, PID: None, Manufacturer: None, Product: None)
[INFO] [1774742822.263926708] [serial_manager]: Found serial port: /dev/ttyS23 (Description: n/a, VID: None, PID: None, Manufacturer: None, Product: None)
[INFO] [1774742822.264646456] [serial_manager]: Found serial port: /dev/ttyS21 (Description: n/a, VID: None, PID: None, Manufacturer: None, Product: None)
[INFO] [1774742822.265383909] [serial_manager]: Found serial port: /dev/ttyS2 (Description: n/a, VID: None, PID: None, Manufacturer: None, Product: None)
[INFO] [1774742822.266178109] [serial_manager]: Found serial port: /dev/ttyS18 (Description: n/a, VID: None, PID: None, Manufacturer: None, Product: None)
[INFO] [1774742822.266937847] [serial_manager]: Found serial port: /dev/ttyS16 (Description: n/a, VID: None, PID: None, Manufacturer: None, Product: None)
[INFO] [1774742822.267711146] [serial_manager]: Found serial port: /dev/ttyS14 (Description: n/a, VID: None, PID: None, Manufacturer: None, Product: None)
[INFO] [1774742822.268815367] [serial_manager]: Found serial port: /dev/ttyS12 (Description: n/a, VID: None, PID: None, Manufacturer: None, Product: None)
[INFO] [1774742822.269584353] [serial_manager]: Found serial port: /dev/ttyS10 (Description: n/a, VID: None, PID: None, Manufacturer: None, Product: None)
[INFO] [1774742822.270233899] [serial_manager]: Found serial port: /dev/ttyS0 (Description: n/a, VID: None, PID: None, Manufacturer: None, Product: None)
[INFO] [1774742825.240119227] [serial_manager]: Excluding port /dev/ttyS9 (Description: n/a, VID: None, PID: None, Manufacturer: None, Product: None)
[INFO] [1774742825.241127452] [serial_manager]: Excluding port /dev/ttyS7 (Description: n/a, VID: None, PID: None, Manufacturer: None, Product: None)
[INFO] [1774742825.241966738] [serial_manager]: Excluding port /dev/ttyS5 (Description: n/a, VID: None, PID: None, Manufacturer: None, Product: None)
[INFO] [1774742825.242809347] [serial_manager]: Excluding port /dev/ttyS31 (Description: n/a, VID: None, PID: None, Manufacturer: None, Product: None)
[INFO] [1774742825.243762187] [serial_manager]: Excluding port /dev/ttyS3 (Description: n/a, VID: None, PID: None, Manufacturer: None, Product: None)
[INFO] [1774742825.244625289] [serial_manager]: Excluding port /dev/ttyS28 (Description: n/a, VID: None, PID: None, Manufacturer: None, Product: None)
[INFO] [1774742825.245859444] [serial_manager]: Excluding port /dev/ttyS26 (Description: n/a, VID: None, PID: None, Manufacturer: None, Product: None)
[INFO] [1774742825.247030075] [serial_manager]: Excluding port /dev/ttyS24 (Description: n/a, VID: None, PID: None, Manufacturer: None, Product: None)
[INFO] [1774742825.248527264] [serial_manager]: Excluding port /dev/ttyS22 (Description: n/a, VID: None, PID: None, Manufacturer: None, Product: None)
[INFO] [1774742825.249578510] [serial_manager]: Excluding port /dev/ttyS20 (Description: n/a, VID: None, PID: None, Manufacturer: None, Product: None)
[INFO] [1774742825.251848805] [serial_manager]: Excluding port /dev/ttyS19 (Description: n/a, VID: None, PID: None, Manufacturer: None, Product: None)
[INFO] [1774742825.252904504] [serial_manager]: Excluding port /dev/ttyS17 (Description: n/a, VID: None, PID: None, Manufacturer: None, Product: None)
[INFO] [1774742825.253822999] [serial_manager]: Excluding port /dev/ttyS15 (Description: n/a, VID: None, PID: None, Manufacturer: None, Product: None)
[INFO] [1774742825.254770794] [serial_manager]: Excluding port /dev/ttyS13 (Description: n/a, VID: None, PID: None, Manufacturer: None, Product: None)
[INFO] [1774742825.255542041] [serial_manager]: Excluding port /dev/ttyS11 (Description: n/a, VID: None, PID: None, Manufacturer: None, Product: None)
[INFO] [1774742825.256143175] [serial_manager]: Excluding port /dev/ttyS1 (Description: n/a, VID: None, PID: None, Manufacturer: None, Product: None)
[INFO] [1774742825.256869374] [serial_manager]: Excluding port /dev/ttyUSB0 (Description: n/a, VID: None, PID: None, Manufacturer: None, Product: None)
[INFO] [1774742825.257584503] [serial_manager]: Found serial port: /dev/ttyS8 (Description: n/a, VID: None, PID: None, Manufacturer: None, Product: None)
[INFO] [1774742825.258229959] [serial_manager]: Found serial port: /dev/ttyS6 (Description: n/a, VID: None, PID: None, Manufacturer: None, Product: None)
[INFO] [1774742825.258834299] [serial_manager]: Found serial port: /dev/ttyS4 (Description: n/a, VID: None, PID: None, Manufacturer: None, Product: None)
[INFO] [1774742825.259417096] [serial_manager]: Found serial port: /dev/ttyS30 (Description: n/a, VID: None, PID: None, Manufacturer: None, Product: None)
[INFO] [1774742825.260112706] [serial_manager]: Found serial port: /dev/ttyS29 (Description: n/a, VID: None, PID: None, Manufacturer: None, Product: None)
[INFO] [1774742825.260960030] [serial_manager]: Found serial port: /dev/ttyS27 (Description: n/a, VID: None, PID: None, Manufacturer: None, Product: None)
[INFO] [1774742825.261654098] [serial_manager]: Found serial port: /dev/ttyS25 (Description: n/a, VID: None, PID: None, Manufacturer: None, Product: None)
[INFO] [1774742825.262278190] [serial_manager]: Found serial port: /dev/ttyS23 (Description: n/a, VID: None, PID: None, Manufacturer: None, Product: None)
[INFO] [1774742825.262816412] [serial_manager]: Found serial port: /dev/ttyS21 (Description: n/a, VID: None, PID: None, Manufacturer: None, Product: None)
[INFO] [1774742825.263369790] [serial_manager]: Found serial port: /dev/ttyS2 (Description: n/a, VID: None, PID: None, Manufacturer: None, Product: None)
[INFO] [1774742825.263906449] [serial_manager]: Found serial port: /dev/ttyS18 (Description: n/a, VID: None, PID: None, Manufacturer: None, Product: None)
[INFO] [1774742825.264439796] [serial_manager]: Found serial port: /dev/ttyS16 (Description: n/a, VID: None, PID: None, Manufacturer: None, Product: None)
[INFO] [1774742825.265096867] [serial_manager]: Found serial port: /dev/ttyS14 (Description: n/a, VID: None, PID: None, Manufacturer: None, Product: None)
[INFO] [1774742825.265771406] [serial_manager]: Found serial port: /dev/ttyS12 (Description: n/a, VID: None, PID: None, Manufacturer: None, Product: None)
[INFO] [1774742825.266328422] [serial_manager]: Found serial port: /dev/ttyS10 (Description: n/a, VID: None, PID: None, Manufacturer: None, Product: None)
[INFO] [1774742825.267025450] [serial_manager]: Found serial port: /dev/ttyS0 (Description: n/a, VID: None, PID: None, Manufacturer: None, Product: None)
[INFO] [1774742828.239464309] [serial_manager]: Excluding port /dev/ttyS9 (Description: n/a, VID: None, PID: None, Manufacturer: None, Product: None)
[INFO] [1774742828.240124546] [serial_manager]: Excluding port /dev/ttyS7 (Description: n/a, VID: None, PID: None, Manufacturer: None, Product: None)
[INFO] [1774742828.240809186] [serial_manager]: Excluding port /dev/ttyS5 (Description: n/a, VID: None, PID: None, Manufacturer: None, Product: None)
[INFO] [1774742828.241444700] [serial_manager]: Excluding port /dev/ttyS31 (Description: n/a, VID: None, PID: None, Manufacturer: None, Product: None)
[INFO] [1774742828.242155848] [serial_manager]: Excluding port /dev/ttyS3 (Description: n/a, VID: None, PID: None, Manufacturer: None, Product: None)
[INFO] [1774742828.242958009] [serial_manager]: Excluding port /dev/ttyS28 (Description: n/a, VID: None, PID: None, Manufacturer: None, Product: None)
[INFO] [1774742828.243736628] [serial_manager]: Excluding port /dev/ttyS26 (Description: n/a, VID: None, PID: None, Manufacturer: None, Product: None)
[INFO] [1774742828.244552687] [serial_manager]: Excluding port /dev/ttyS24 (Description: n/a, VID: None, PID: None, Manufacturer: None, Product: None)
[INFO] [1774742828.245282442] [serial_manager]: Excluding port /dev/ttyS22 (Description: n/a, VID: None, PID: None, Manufacturer: None, Product: None)
[INFO] [1774742828.246008402] [serial_manager]: Excluding port /dev/ttyS20 (Description: n/a, VID: None, PID: None, Manufacturer: None, Product: None)
[INFO] [1774742828.246792332] [serial_manager]: Excluding port /dev/ttyS19 (Description: n/a, VID: None, PID: None, Manufacturer: None, Product: None)
[INFO] [1774742828.247657291] [serial_manager]: Excluding port /dev/ttyS17 (Description: n/a, VID: None, PID: None, Manufacturer: None, Product: None)
[INFO] [1774742828.248503865] [serial_manager]: Excluding port /dev/ttyS15 (Description: n/a, VID: None, PID: None, Manufacturer: None, Product: None)
[INFO] [1774742828.249244188] [serial_manager]: Excluding port /dev/ttyS13 (Description: n/a, VID: None, PID: None, Manufacturer: None, Product: None)
[INFO] [1774742828.249984294] [serial_manager]: Excluding port /dev/ttyS11 (Description: n/a, VID: None, PID: None, Manufacturer: None, Product: None)
[INFO] [1774742828.250775963] [serial_manager]: Excluding port /dev/ttyS1 (Description: n/a, VID: None, PID: None, Manufacturer: None, Product: None)
[INFO] [1774742828.251589314] [serial_manager]: Excluding port /dev/ttyUSB0 (Description: n/a, VID: None, PID: None, Manufacturer: None, Product: None)
[INFO] [1774742828.252354358] [serial_manager]: Found serial port: /dev/ttyS8 (Description: n/a, VID: None, PID: None, Manufacturer: None, Product: None)
[INFO] [1774742828.253119729] [serial_manager]: Found serial port: /dev/ttyS6 (Description: n/a, VID: None, PID: None, Manufacturer: None, Product: None)
[INFO] [1774742828.253867408] [serial_manager]: Found serial port: /dev/ttyS4 (Description: n/a, VID: None, PID: None, Manufacturer: None, Product: None)
[INFO] [1774742828.254593347] [serial_manager]: Found serial port: /dev/ttyS30 (Description: n/a, VID: None, PID: None, Manufacturer: None, Product: None)
[INFO] [1774742828.255297707] [serial_manager]: Found serial port: /dev/ttyS29 (Description: n/a, VID: None, PID: None, Manufacturer: None, Product: None)
[INFO] [1774742828.255989344] [serial_manager]: Found serial port: /dev/ttyS27 (Description: n/a, VID: None, PID: None, Manufacturer: None, Product: None)
[INFO] [1774742828.256727131] [serial_manager]: Found serial port: /dev/ttyS25 (Description: n/a, VID: None, PID: None, Manufacturer: None, Product: None)
[INFO] [1774742828.257428653] [serial_manager]: Found serial port: /dev/ttyS23 (Description: n/a, VID: None, PID: None, Manufacturer: None, Product: None)
[INFO] [1774742828.257972229] [serial_manager]: Found serial port: /dev/ttyS21 (Description: n/a, VID: None, PID: None, Manufacturer: None, Product: None)
[INFO] [1774742828.258446925] [serial_manager]: Found serial port: /dev/ttyS2 (Description: n/a, VID: None, PID: None, Manufacturer: None, Product: None)
[INFO] [1774742828.258933189] [serial_manager]: Found serial port: /dev/ttyS18 (Description: n/a, VID: None, PID: None, Manufacturer: None, Product: None)
[INFO] [1774742828.259413233] [serial_manager]: Found serial port: /dev/ttyS16 (Description: n/a, VID: None, PID: None, Manufacturer: None, Product: None)
[INFO] [1774742828.259870603] [serial_manager]: Found serial port: /dev/ttyS14 (Description: n/a, VID: None, PID: None, Manufacturer: None, Product: None)
[INFO] [1774742828.260435730] [serial_manager]: Found serial port: /dev/ttyS12 (Description: n/a, VID: None, PID: None, Manufacturer: None, Product: None)
[INFO] [1774742828.261368725] [serial_manager]: Found serial port: /dev/ttyS10 (Description: n/a, VID: None, PID: None, Manufacturer: None, Product: None)
[INFO] [1774742828.261919770] [serial_manager]: Found serial port: /dev/ttyS0 (Description: n/a, VID: None, PID: None, Manufacturer: None, Product: None)
[INFO] [1774742831.241235528] [serial_manager]: Excluding port /dev/ttyS9 (Description: n/a, VID: None, PID: None, Manufacturer: None, Product: None)
[INFO] [1774742831.242164623] [serial_manager]: Excluding port /dev/ttyS7 (Description: n/a, VID: None, PID: None, Manufacturer: None, Product: None)
[INFO] [1774742831.243007272] [serial_manager]: Excluding port /dev/ttyS5 (Description: n/a, VID: None, PID: None, Manufacturer: None, Product: None)
[INFO] [1774742831.243814672] [serial_manager]: Excluding port /dev/ttyS31 (Description: n/a, VID: None, PID: None, Manufacturer: None, Product: None)
[INFO] [1774742831.244612322] [serial_manager]: Excluding port /dev/ttyS3 (Description: n/a, VID: None, PID: None, Manufacturer: None, Product: None)
[INFO] [1774742831.245375241] [serial_manager]: Excluding port /dev/ttyS28 (Description: n/a, VID: None, PID: None, Manufacturer: None, Product: None)
[INFO] [1774742831.246106014] [serial_manager]: Excluding port /dev/ttyS26 (Description: n/a, VID: None, PID: None, Manufacturer: None, Product: None)
[INFO] [1774742831.246986497] [serial_manager]: Excluding port /dev/ttyS24 (Description: n/a, VID: None, PID: None, Manufacturer: None, Product: None)
[INFO] [1774742831.248029656] [serial_manager]: Excluding port /dev/ttyS22 (Description: n/a, VID: None, PID: None, Manufacturer: None, Product: None)
[INFO] [1774742831.249038991] [serial_manager]: Excluding port /dev/ttyS20 (Description: n/a, VID: None, PID: None, Manufacturer: None, Product: None)
[INFO] [1774742831.249942045] [serial_manager]: Excluding port /dev/ttyS19 (Description: n/a, VID: None, PID: None, Manufacturer: None, Product: None)
[INFO] [1774742831.250820844] [serial_manager]: Excluding port /dev/ttyS17 (Description: n/a, VID: None, PID: None, Manufacturer: None, Product: None)
[INFO] [1774742831.251631275] [serial_manager]: Excluding port /dev/ttyS15 (Description: n/a, VID: None, PID: None, Manufacturer: None, Product: None)
[INFO] [1774742831.252504421] [serial_manager]: Excluding port /dev/ttyS13 (Description: n/a, VID: None, PID: None, Manufacturer: None, Product: None)
[INFO] [1774742831.253498196] [serial_manager]: Excluding port /dev/ttyS11 (Description: n/a, VID: None, PID: None, Manufacturer: None, Product: None)
[INFO] [1774742831.254538466] [serial_manager]: Excluding port /dev/ttyS1 (Description: n/a, VID: None, PID: None, Manufacturer: None, Product: None)
[INFO] [1774742831.255420534] [serial_manager]: Excluding port /dev/ttyUSB0 (Description: n/a, VID: None, PID: None, Manufacturer: None, Product: None)
[INFO] [1774742831.256371030] [serial_manager]: Found serial port: /dev/ttyS8 (Description: n/a, VID: None, PID: None, Manufacturer: None, Product: None)
[INFO] [1774742831.257436701] [serial_manager]: Found serial port: /dev/ttyS6 (Description: n/a, VID: None, PID: None, Manufacturer: None, Product: None)
[INFO] [1774742831.258564272] [serial_manager]: Found serial port: /dev/ttyS4 (Description: n/a, VID: None, PID: None, Manufacturer: None, Product: None)
[INFO] [1774742831.259595137] [serial_manager]: Found serial port: /dev/ttyS30 (Description: n/a, VID: None, PID: None, Manufacturer: None, Product: None)
[INFO] [1774742831.260514572] [serial_manager]: Found serial port: /dev/ttyS29 (Description: n/a, VID: None, PID: None, Manufacturer: None, Product: None)
[INFO] [1774742831.261348809] [serial_manager]: Found serial port: /dev/ttyS27 (Description: n/a, VID: None, PID: None, Manufacturer: None, Product: None)
[INFO] [1774742831.262075762] [serial_manager]: Found serial port: /dev/ttyS25 (Description: n/a, VID: None, PID: None, Manufacturer: None, Product: None)
[INFO] [1774742831.262755169] [serial_manager]: Found serial port: /dev/ttyS23 (Description: n/a, VID: None, PID: None, Manufacturer: None, Product: None)
[INFO] [1774742831.263590862] [serial_manager]: Found serial port: /dev/ttyS21 (Description: n/a, VID: None, PID: None, Manufacturer: None, Product: None)
[INFO] [1774742831.264390129] [serial_manager]: Found serial port: /dev/ttyS2 (Description: n/a, VID: None, PID: None, Manufacturer: None, Product: None)
[INFO] [1774742831.265163662] [serial_manager]: Found serial port: /dev/ttyS18 (Description: n/a, VID: None, PID: None, Manufacturer: None, Product: None)
[INFO] [1774742831.265930572] [serial_manager]: Found serial port: /dev/ttyS16 (Description: n/a, VID: None, PID: None, Manufacturer: None, Product: None)
[INFO] [1774742831.266692383] [serial_manager]: Found serial port: /dev/ttyS14 (Description: n/a, VID: None, PID: None, Manufacturer: None, Product: None)
[INFO] [1774742831.267465385] [serial_manager]: Found serial port: /dev/ttyS12 (Description: n/a, VID: None, PID: None, Manufacturer: None, Product: None)
[INFO] [1774742831.268204821] [serial_manager]: Found serial port: /dev/ttyS10 (Description: n/a, VID: None, PID: None, Manufacturer: None, Product: None)
[INFO] [1774742831.269035631] [serial_manager]: Found serial port: /dev/ttyS0 (Description: n/a, VID: None, PID: None, Manufacturer: None, Product: None)
[INFO] [1774742834.245555491] [serial_manager]: Excluding port /dev/ttyS9 (Description: n/a, VID: None, PID: None, Manufacturer: None, Product: None)
[INFO] [1774742834.246406922] [serial_manager]: Excluding port /dev/ttyS7 (Description: n/a, VID: None, PID: None, Manufacturer: None, Product: None)
[INFO] [1774742834.247289711] [serial_manager]: Excluding port /dev/ttyS5 (Description: n/a, VID: None, PID: None, Manufacturer: None, Product: None)
[INFO] [1774742834.248039657] [serial_manager]: Excluding port /dev/ttyS31 (Description: n/a, VID: None, PID: None, Manufacturer: None, Product: None)
[INFO] [1774742834.248972642] [serial_manager]: Excluding port /dev/ttyS3 (Description: n/a, VID: None, PID: None, Manufacturer: None, Product: None)
[INFO] [1774742834.249765584] [serial_manager]: Excluding port /dev/ttyS28 (Description: n/a, VID: None, PID: None, Manufacturer: None, Product: None)
[INFO] [1774742834.250555477] [serial_manager]: Excluding port /dev/ttyS26 (Description: n/a, VID: None, PID: None, Manufacturer: None, Product: None)
[INFO] [1774742834.251365861] [serial_manager]: Excluding port /dev/ttyS24 (Description: n/a, VID: None, PID: None, Manufacturer: None, Product: None)
[INFO] [1774742834.252178888] [serial_manager]: Excluding port /dev/ttyS22 (Description: n/a, VID: None, PID: None, Manufacturer: None, Product: None)
[INFO] [1774742834.253005755] [serial_manager]: Excluding port /dev/ttyS20 (Description: n/a, VID: None, PID: None, Manufacturer: None, Product: None)
[INFO] [1774742834.253822182] [serial_manager]: Excluding port /dev/ttyS19 (Description: n/a, VID: None, PID: None, Manufacturer: None, Product: None)
[INFO] [1774742834.254574935] [serial_manager]: Excluding port /dev/ttyS17 (Description: n/a, VID: None, PID: None, Manufacturer: None, Product: None)
[INFO] [1774742834.255402857] [serial_manager]: Excluding port /dev/ttyS15 (Description: n/a, VID: None, PID: None, Manufacturer: None, Product: None)
[INFO] [1774742834.256199189] [serial_manager]: Excluding port /dev/ttyS13 (Description: n/a, VID: None, PID: None, Manufacturer: None, Product: None)
[INFO] [1774742834.256963219] [serial_manager]: Excluding port /dev/ttyS11 (Description: n/a, VID: None, PID: None, Manufacturer: None, Product: None)
[INFO] [1774742834.257733869] [serial_manager]: Excluding port /dev/ttyS1 (Description: n/a, VID: None, PID: None, Manufacturer: None, Product: None)
[INFO] [1774742834.258528223] [serial_manager]: Excluding port /dev/ttyUSB0 (Description: n/a, VID: None, PID: None, Manufacturer: None, Product: None)
[INFO] [1774742834.259706383] [serial_manager]: Found serial port: /dev/ttyS8 (Description: n/a, VID: None, PID: None, Manufacturer: None, Product: None)
[INFO] [1774742834.260370414] [serial_manager]: Found serial port: /dev/ttyS6 (Description: n/a, VID: None, PID: None, Manufacturer: None, Product: None)
[INFO] [1774742834.261504768] [serial_manager]: Found serial port: /dev/ttyS4 (Description: n/a, VID: None, PID: None, Manufacturer: None, Product: None)
[INFO] [1774742834.262231176] [serial_manager]: Found serial port: /dev/ttyS30 (Description: n/a, VID: None, PID: None, Manufacturer: None, Product: None)
[INFO] [1774742834.262976330] [serial_manager]: Found serial port: /dev/ttyS29 (Description: n/a, VID: None, PID: None, Manufacturer: None, Product: None)
[INFO] [1774742834.263738964] [serial_manager]: Found serial port: /dev/ttyS27 (Description: n/a, VID: None, PID: None, Manufacturer: None, Product: None)
[INFO] [1774742834.264531206] [serial_manager]: Found serial port: /dev/ttyS25 (Description: n/a, VID: None, PID: None, Manufacturer: None, Product: None)
[INFO] [1774742834.265665469] [serial_manager]: Found serial port: /dev/ttyS23 (Description: n/a, VID: None, PID: None, Manufacturer: None, Product: None)
[INFO] [1774742834.266513169] [serial_manager]: Found serial port: /dev/ttyS21 (Description: n/a, VID: None, PID: None, Manufacturer: None, Product: None)
[INFO] [1774742834.267314163] [serial_manager]: Found serial port: /dev/ttyS2 (Description: n/a, VID: None, PID: None, Manufacturer: None, Product: None)
[INFO] [1774742834.268075059] [serial_manager]: Found serial port: /dev/ttyS18 (Description: n/a, VID: None, PID: None, Manufacturer: None, Product: None)
[INFO] [1774742834.268855404] [serial_manager]: Found serial port: /dev/ttyS16 (Description: n/a, VID: None, PID: None, Manufacturer: None, Product: None)
[INFO] [1774742834.269662343] [serial_manager]: Found serial port: /dev/ttyS14 (Description: n/a, VID: None, PID: None, Manufacturer: None, Product: None)
[INFO] [1774742834.270458508] [serial_manager]: Found serial port: /dev/ttyS12 (Description: n/a, VID: None, PID: None, Manufacturer: None, Product: None)
[INFO] [1774742834.271240187] [serial_manager]: Found serial port: /dev/ttyS10 (Description: n/a, VID: None, PID: None, Manufacturer: None, Product: None)
[INFO] [1774742834.272683229] [serial_manager]: Found serial port: /dev/ttyS0 (Description: n/a, VID: None, PID: None, Manufacturer: None, Product: None)
[INFO] [1774742837.239690453] [serial_manager]: Excluding port /dev/ttyS9 (Description: n/a, VID: None, PID: None, Manufacturer: None, Product: None)
[INFO] [1774742837.240819002] [serial_manager]: Excluding port /dev/ttyS7 (Description: n/a, VID: None, PID: None, Manufacturer: None, Product: None)
[INFO] [1774742837.241676904] [serial_manager]: Excluding port /dev/ttyS5 (Description: n/a, VID: None, PID: None, Manufacturer: None, Product: None)
[INFO] [1774742837.242392731] [serial_manager]: Excluding port /dev/ttyS31 (Description: n/a, VID: None, PID: None, Manufacturer: None, Product: None)
[INFO] [1774742837.243096274] [serial_manager]: Excluding port /dev/ttyS3 (Description: n/a, VID: None, PID: None, Manufacturer: None, Product: None)
[INFO] [1774742837.243777078] [serial_manager]: Excluding port /dev/ttyS28 (Description: n/a, VID: None, PID: None, Manufacturer: None, Product: None)
[INFO] [1774742837.244436651] [serial_manager]: Excluding port /dev/ttyS26 (Description: n/a, VID: None, PID: None, Manufacturer: None, Product: None)
[INFO] [1774742837.245109838] [serial_manager]: Excluding port /dev/ttyS24 (Description: n/a, VID: None, PID: None, Manufacturer: None, Product: None)
[INFO] [1774742837.246036682] [serial_manager]: Excluding port /dev/ttyS22 (Description: n/a, VID: None, PID: None, Manufacturer: None, Product: None)
[INFO] [1774742837.247794840] [serial_manager]: Excluding port /dev/ttyS20 (Description: n/a, VID: None, PID: None, Manufacturer: None, Product: None)
[INFO] [1774742837.249111307] [serial_manager]: Excluding port /dev/ttyS19 (Description: n/a, VID: None, PID: None, Manufacturer: None, Product: None)
[INFO] [1774742837.250355966] [serial_manager]: Excluding port /dev/ttyS17 (Description: n/a, VID: None, PID: None, Manufacturer: None, Product: None)
[INFO] [1774742837.250983954] [serial_manager]: Excluding port /dev/ttyS15 (Description: n/a, VID: None, PID: None, Manufacturer: None, Product: None)
[INFO] [1774742837.251923598] [serial_manager]: Excluding port /dev/ttyS13 (Description: n/a, VID: None, PID: None, Manufacturer: None, Product: None)
[INFO] [1774742837.252876440] [serial_manager]: Excluding port /dev/ttyS11 (Description: n/a, VID: None, PID: None, Manufacturer: None, Product: None)
[INFO] [1774742837.253617954] [serial_manager]: Excluding port /dev/ttyS1 (Description: n/a, VID: None, PID: None, Manufacturer: None, Product: None)
[INFO] [1774742837.254336303] [serial_manager]: Excluding port /dev/ttyUSB0 (Description: n/a, VID: None, PID: None, Manufacturer: None, Product: None)
[INFO] [1774742837.255162555] [serial_manager]: Found serial port: /dev/ttyS8 (Description: n/a, VID: None, PID: None, Manufacturer: None, Product: None)
[INFO] [1774742837.256000598] [serial_manager]: Found serial port: /dev/ttyS6 (Description: n/a, VID: None, PID: None, Manufacturer: None, Product: None)
[INFO] [1774742837.256814429] [serial_manager]: Found serial port: /dev/ttyS4 (Description: n/a, VID: None, PID: None, Manufacturer: None, Product: None)
[INFO] [1774742837.257784489] [serial_manager]: Found serial port: /dev/ttyS30 (Description: n/a, VID: None, PID: None, Manufacturer: None, Product: None)
[INFO] [1774742837.258725677] [serial_manager]: Found serial port: /dev/ttyS29 (Description: n/a, VID: None, PID: None, Manufacturer: None, Product: None)
[INFO] [1774742837.259550646] [serial_manager]: Found serial port: /dev/ttyS27 (Description: n/a, VID: None, PID: None, Manufacturer: None, Product: None)
[INFO] [1774742837.260287222] [serial_manager]: Found serial port: /dev/ttyS25 (Description: n/a, VID: None, PID: None, Manufacturer: None, Product: None)
[INFO] [1774742837.260975341] [serial_manager]: Found serial port: /dev/ttyS23 (Description: n/a, VID: None, PID: None, Manufacturer: None, Product: None)
[INFO] [1774742837.261728133] [serial_manager]: Found serial port: /dev/ttyS21 (Description: n/a, VID: None, PID: None, Manufacturer: None, Product: None)
[INFO] [1774742837.262447723] [serial_manager]: Found serial port: /dev/ttyS2 (Description: n/a, VID: None, PID: None, Manufacturer: None, Product: None)
[INFO] [1774742837.263134929] [serial_manager]: Found serial port: /dev/ttyS18 (Description: n/a, VID: None, PID: None, Manufacturer: None, Product: None)
[INFO] [1774742837.263872676] [serial_manager]: Found serial port: /dev/ttyS16 (Description: n/a, VID: None, PID: None, Manufacturer: None, Product: None)
[INFO] [1774742837.264680170] [serial_manager]: Found serial port: /dev/ttyS14 (Description: n/a, VID: None, PID: None, Manufacturer: None, Product: None)
[INFO] [1774742837.265434065] [serial_manager]: Found serial port: /dev/ttyS12 (Description: n/a, VID: None, PID: None, Manufacturer: None, Product: None)
[INFO] [1774742837.266115052] [serial_manager]: Found serial port: /dev/ttyS10 (Description: n/a, VID: None, PID: None, Manufacturer: None, Product: None)
[INFO] [1774742837.266834325] [serial_manager]: Found serial port: /dev/ttyS0 (Description: n/a, VID: None, PID: None, Manufacturer: None, Product: None)
[INFO] [1774742840.242588560] [serial_manager]: Excluding port /dev/ttyS9 (Description: n/a, VID: None, PID: None, Manufacturer: None, Product: None)
[INFO] [1774742840.243650776] [serial_manager]: Excluding port /dev/ttyS7 (Description: n/a, VID: None, PID: None, Manufacturer: None, Product: None)
[INFO] [1774742840.244674584] [serial_manager]: Excluding port /dev/ttyS5 (Description: n/a, VID: None, PID: None, Manufacturer: None, Product: None)
[INFO] [1774742840.245724305] [serial_manager]: Excluding port /dev/ttyS31 (Description: n/a, VID: None, PID: None, Manufacturer: None, Product: None)
[INFO] [1774742840.246714532] [serial_manager]: Excluding port /dev/ttyS3 (Description: n/a, VID: None, PID: None, Manufacturer: None, Product: None)
[INFO] [1774742840.247729437] [serial_manager]: Excluding port /dev/ttyS28 (Description: n/a, VID: None, PID: None, Manufacturer: None, Product: None)
[INFO] [1774742840.248754445] [serial_manager]: Excluding port /dev/ttyS26 (Description: n/a, VID: None, PID: None, Manufacturer: None, Product: None)
[INFO] [1774742840.250189949] [serial_manager]: Excluding port /dev/ttyS24 (Description: n/a, VID: None, PID: None, Manufacturer: None, Product: None)
[INFO] [1774742840.251594378] [serial_manager]: Excluding port /dev/ttyS22 (Description: n/a, VID: None, PID: None, Manufacturer: None, Product: None)
[INFO] [1774742840.252602588] [serial_manager]: Excluding port /dev/ttyS20 (Description: n/a, VID: None, PID: None, Manufacturer: None, Product: None)
[INFO] [1774742840.253906495] [serial_manager]: Excluding port /dev/ttyS19 (Description: n/a, VID: None, PID: None, Manufacturer: None, Product: None)
[INFO] [1774742840.254892052] [serial_manager]: Excluding port /dev/ttyS17 (Description: n/a, VID: None, PID: None, Manufacturer: None, Product: None)
[INFO] [1774742840.255845894] [serial_manager]: Excluding port /dev/ttyS15 (Description: n/a, VID: None, PID: None, Manufacturer: None, Product: None)
[INFO] [1774742840.256803293] [serial_manager]: Excluding port /dev/ttyS13 (Description: n/a, VID: None, PID: None, Manufacturer: None, Product: None)
[INFO] [1774742840.257590825] [serial_manager]: Excluding port /dev/ttyS11 (Description: n/a, VID: None, PID: None, Manufacturer: None, Product: None)
[INFO] [1774742840.258512190] [serial_manager]: Excluding port /dev/ttyS1 (Description: n/a, VID: None, PID: None, Manufacturer: None, Product: None)
[INFO] [1774742840.259411793] [serial_manager]: Excluding port /dev/ttyUSB0 (Description: n/a, VID: None, PID: None, Manufacturer: None, Product: None)
[INFO] [1774742840.260292874] [serial_manager]: Found serial port: /dev/ttyS8 (Description: n/a, VID: None, PID: None, Manufacturer: None, Product: None)
[INFO] [1774742840.261088717] [serial_manager]: Found serial port: /dev/ttyS6 (Description: n/a, VID: None, PID: None, Manufacturer: None, Product: None)
[INFO] [1774742840.261865971] [serial_manager]: Found serial port: /dev/ttyS4 (Description: n/a, VID: None, PID: None, Manufacturer: None, Product: None)
[INFO] [1774742840.262683683] [serial_manager]: Found serial port: /dev/ttyS30 (Description: n/a, VID: None, PID: None, Manufacturer: None, Product: None)
[INFO] [1774742840.263471393] [serial_manager]: Found serial port: /dev/ttyS29 (Description: n/a, VID: None, PID: None, Manufacturer: None, Product: None)
[INFO] [1774742840.264364082] [serial_manager]: Found serial port: /dev/ttyS27 (Description: n/a, VID: None, PID: None, Manufacturer: None, Product: None)
[INFO] [1774742840.265323754] [serial_manager]: Found serial port: /dev/ttyS25 (Description: n/a, VID: None, PID: None, Manufacturer: None, Product: None)
[INFO] [1774742840.266088228] [serial_manager]: Found serial port: /dev/ttyS23 (Description: n/a, VID: None, PID: None, Manufacturer: None, Product: None)
[INFO] [1774742840.266833163] [serial_manager]: Found serial port: /dev/ttyS21 (Description: n/a, VID: None, PID: None, Manufacturer: None, Product: None)
[INFO] [1774742840.267573532] [serial_manager]: Found serial port: /dev/ttyS2 (Description: n/a, VID: None, PID: None, Manufacturer: None, Product: None)
[INFO] [1774742840.268245646] [serial_manager]: Found serial port: /dev/ttyS18 (Description: n/a, VID: None, PID: None, Manufacturer: None, Product: None)
[INFO] [1774742840.268907169] [serial_manager]: Found serial port: /dev/ttyS16 (Description: n/a, VID: None, PID: None, Manufacturer: None, Product: None)
[INFO] [1774742840.269601808] [serial_manager]: Found serial port: /dev/ttyS14 (Description: n/a, VID: None, PID: None, Manufacturer: None, Product: None)
[INFO] [1774742840.270306173] [serial_manager]: Found serial port: /dev/ttyS12 (Description: n/a, VID: None, PID: None, Manufacturer: None, Product: None)
[INFO] [1774742840.271033372] [serial_manager]: Found serial port: /dev/ttyS10 (Description: n/a, VID: None, PID: None, Manufacturer: None, Product: None)
[INFO] [1774742840.271752026] [serial_manager]: Found serial port: /dev/ttyS0 (Description: n/a, VID: None, PID: None, Manufacturer: None, Product: None)
[INFO] [1774742843.238980475] [serial_manager]: Excluding port /dev/ttyS9 (Description: n/a, VID: None, PID: None, Manufacturer: None, Product: None)
[INFO] [1774742843.239975497] [serial_manager]: Excluding port /dev/ttyS7 (Description: n/a, VID: None, PID: None, Manufacturer: None, Product: None)
[INFO] [1774742843.240842451] [serial_manager]: Excluding port /dev/ttyS5 (Description: n/a, VID: None, PID: None, Manufacturer: None, Product: None)
[INFO] [1774742843.241663959] [serial_manager]: Excluding port /dev/ttyS31 (Description: n/a, VID: None, PID: None, Manufacturer: None, Product: None)
[INFO] [1774742843.242493710] [serial_manager]: Excluding port /dev/ttyS3 (Description: n/a, VID: None, PID: None, Manufacturer: None, Product: None)
[INFO] [1774742843.243434265] [serial_manager]: Excluding port /dev/ttyS28 (Description: n/a, VID: None, PID: None, Manufacturer: None, Product: None)
[INFO] [1774742843.244324202] [serial_manager]: Excluding port /dev/ttyS26 (Description: n/a, VID: None, PID: None, Manufacturer: None, Product: None)
[INFO] [1774742843.245210193] [serial_manager]: Excluding port /dev/ttyS24 (Description: n/a, VID: None, PID: None, Manufacturer: None, Product: None)
[INFO] [1774742843.246130186] [serial_manager]: Excluding port /dev/ttyS22 (Description: n/a, VID: None, PID: None, Manufacturer: None, Product: None)
[INFO] [1774742843.246925066] [serial_manager]: Excluding port /dev/ttyS20 (Description: n/a, VID: None, PID: None, Manufacturer: None, Product: None)
[INFO] [1774742843.247780518] [serial_manager]: Excluding port /dev/ttyS19 (Description: n/a, VID: None, PID: None, Manufacturer: None, Product: None)
[INFO] [1774742843.248725341] [serial_manager]: Excluding port /dev/ttyS17 (Description: n/a, VID: None, PID: None, Manufacturer: None, Product: None)
[INFO] [1774742843.249645037] [serial_manager]: Excluding port /dev/ttyS15 (Description: n/a, VID: None, PID: None, Manufacturer: None, Product: None)
[INFO] [1774742843.250452788] [serial_manager]: Excluding port /dev/ttyS13 (Description: n/a, VID: None, PID: None, Manufacturer: None, Product: None)
[INFO] [1774742843.251273870] [serial_manager]: Excluding port /dev/ttyS11 (Description: n/a, VID: None, PID: None, Manufacturer: None, Product: None)
[INFO] [1774742843.252252093] [serial_manager]: Excluding port /dev/ttyS1 (Description: n/a, VID: None, PID: None, Manufacturer: None, Product: None)
[INFO] [1774742843.253468292] [serial_manager]: Excluding port /dev/ttyUSB0 (Description: n/a, VID: None, PID: None, Manufacturer: None, Product: None)
[INFO] [1774742843.254392607] [serial_manager]: Found serial port: /dev/ttyS8 (Description: n/a, VID: None, PID: None, Manufacturer: None, Product: None)
[INFO] [1774742843.255340007] [serial_manager]: Found serial port: /dev/ttyS6 (Description: n/a, VID: None, PID: None, Manufacturer: None, Product: None)
[INFO] [1774742843.256208700] [serial_manager]: Found serial port: /dev/ttyS4 (Description: n/a, VID: None, PID: None, Manufacturer: None, Product: None)
[INFO] [1774742843.257223661] [serial_manager]: Found serial port: /dev/ttyS30 (Description: n/a, VID: None, PID: None, Manufacturer: None, Product: None)
[INFO] [1774742843.258048059] [serial_manager]: Found serial port: /dev/ttyS29 (Description: n/a, VID: None, PID: None, Manufacturer: None, Product: None)
[INFO] [1774742843.258996629] [serial_manager]: Found serial port: /dev/ttyS27 (Description: n/a, VID: None, PID: None, Manufacturer: None, Product: None)
[INFO] [1774742843.259992231] [serial_manager]: Found serial port: /dev/ttyS25 (Description: n/a, VID: None, PID: None, Manufacturer: None, Product: None)
[INFO] [1774742843.260957594] [serial_manager]: Found serial port: /dev/ttyS23 (Description: n/a, VID: None, PID: None, Manufacturer: None, Product: None)
[INFO] [1774742843.261940107] [serial_manager]: Found serial port: /dev/ttyS21 (Description: n/a, VID: None, PID: None, Manufacturer: None, Product: None)
[INFO] [1774742843.262901155] [serial_manager]: Found serial port: /dev/ttyS2 (Description: n/a, VID: None, PID: None, Manufacturer: None, Product: None)
[INFO] [1774742843.265744098] [serial_manager]: Found serial port: /dev/ttyS18 (Description: n/a, VID: None, PID: None, Manufacturer: None, Product: None)
[INFO] [1774742843.266545318] [serial_manager]: Found serial port: /dev/ttyS16 (Description: n/a, VID: None, PID: None, Manufacturer: None, Product: None)
[INFO] [1774742843.267194576] [serial_manager]: Found serial port: /dev/ttyS14 (Description: n/a, VID: None, PID: None, Manufacturer: None, Product: None)
[INFO] [1774742843.267765583] [serial_manager]: Found serial port: /dev/ttyS12 (Description: n/a, VID: None, PID: None, Manufacturer: None, Product: None)
[INFO] [1774742843.268309535] [serial_manager]: Found serial port: /dev/ttyS10 (Description: n/a, VID: None, PID: None, Manufacturer: None, Product: None)
[INFO] [1774742843.268975913] [serial_manager]: Found serial port: /dev/ttyS0 (Description: n/a, VID: None, PID: None, Manufacturer: None, Product: None)
[INFO] [1774742846.238821596] [serial_manager]: Excluding port /dev/ttyS9 (Description: n/a, VID: None, PID: None, Manufacturer: None, Product: None)
[INFO] [1774742846.239613680] [serial_manager]: Excluding port /dev/ttyS7 (Description: n/a, VID: None, PID: None, Manufacturer: None, Product: None)
[INFO] [1774742846.240347853] [serial_manager]: Excluding port /dev/ttyS5 (Description: n/a, VID: None, PID: None, Manufacturer: None, Product: None)
[INFO] [1774742846.241038529] [serial_manager]: Excluding port /dev/ttyS31 (Description: n/a, VID: None, PID: None, Manufacturer: None, Product: None)
[INFO] [1774742846.241767296] [serial_manager]: Excluding port /dev/ttyS3 (Description: n/a, VID: None, PID: None, Manufacturer: None, Product: None)
[INFO] [1774742846.242528546] [serial_manager]: Excluding port /dev/ttyS28 (Description: n/a, VID: None, PID: None, Manufacturer: None, Product: None)
[INFO] [1774742846.243351759] [serial_manager]: Excluding port /dev/ttyS26 (Description: n/a, VID: None, PID: None, Manufacturer: None, Product: None)
[INFO] [1774742846.244197972] [serial_manager]: Excluding port /dev/ttyS24 (Description: n/a, VID: None, PID: None, Manufacturer: None, Product: None)
[INFO] [1774742846.244972574] [serial_manager]: Excluding port /dev/ttyS22 (Description: n/a, VID: None, PID: None, Manufacturer: None, Product: None)
[INFO] [1774742846.245906621] [serial_manager]: Excluding port /dev/ttyS20 (Description: n/a, VID: None, PID: None, Manufacturer: None, Product: None)
[INFO] [1774742846.246760194] [serial_manager]: Excluding port /dev/ttyS19 (Description: n/a, VID: None, PID: None, Manufacturer: None, Product: None)
[INFO] [1774742846.247542554] [serial_manager]: Excluding port /dev/ttyS17 (Description: n/a, VID: None, PID: None, Manufacturer: None, Product: None)
[INFO] [1774742846.248228339] [serial_manager]: Excluding port /dev/ttyS15 (Description: n/a, VID: None, PID: None, Manufacturer: None, Product: None)
[INFO] [1774742846.248924537] [serial_manager]: Excluding port /dev/ttyS13 (Description: n/a, VID: None, PID: None, Manufacturer: None, Product: None)
[INFO] [1774742846.249612858] [serial_manager]: Excluding port /dev/ttyS11 (Description: n/a, VID: None, PID: None, Manufacturer: None, Product: None)
[INFO] [1774742846.250300615] [serial_manager]: Excluding port /dev/ttyS1 (Description: n/a, VID: None, PID: None, Manufacturer: None, Product: None)
[INFO] [1774742846.251071946] [serial_manager]: Excluding port /dev/ttyUSB0 (Description: n/a, VID: None, PID: None, Manufacturer: None, Product: None)
[INFO] [1774742846.252065900] [serial_manager]: Found serial port: /dev/ttyS8 (Description: n/a, VID: None, PID: None, Manufacturer: None, Product: None)
[INFO] [1774742846.253164674] [serial_manager]: Found serial port: /dev/ttyS6 (Description: n/a, VID: None, PID: None, Manufacturer: None, Product: None)
[INFO] [1774742846.254186516] [serial_manager]: Found serial port: /dev/ttyS4 (Description: n/a, VID: None, PID: None, Manufacturer: None, Product: None)
[INFO] [1774742846.255187866] [serial_manager]: Found serial port: /dev/ttyS30 (Description: n/a, VID: None, PID: None, Manufacturer: None, Product: None)
[INFO] [1774742846.256326459] [serial_manager]: Found serial port: /dev/ttyS29 (Description: n/a, VID: None, PID: None, Manufacturer: None, Product: None)
[INFO] [1774742846.257336230] [serial_manager]: Found serial port: /dev/ttyS27 (Description: n/a, VID: None, PID: None, Manufacturer: None, Product: None)
[INFO] [1774742846.258334588] [serial_manager]: Found serial port: /dev/ttyS25 (Description: n/a, VID: None, PID: None, Manufacturer: None, Product: None)
[INFO] [1774742846.259083974] [serial_manager]: Found serial port: /dev/ttyS23 (Description: n/a, VID: None, PID: None, Manufacturer: None, Product: None)
[INFO] [1774742846.259943208] [serial_manager]: Found serial port: /dev/ttyS21 (Description: n/a, VID: None, PID: None, Manufacturer: None, Product: None)
[INFO] [1774742846.260939208] [serial_manager]: Found serial port: /dev/ttyS2 (Description: n/a, VID: None, PID: None, Manufacturer: None, Product: None)
[INFO] [1774742846.261994161] [serial_manager]: Found serial port: /dev/ttyS18 (Description: n/a, VID: None, PID: None, Manufacturer: None, Product: None)
[INFO] [1774742846.262858871] [serial_manager]: Found serial port: /dev/ttyS16 (Description: n/a, VID: None, PID: None, Manufacturer: None, Product: None)
[INFO] [1774742846.264533189] [serial_manager]: Found serial port: /dev/ttyS14 (Description: n/a, VID: None, PID: None, Manufacturer: None, Product: None)
[INFO] [1774742846.265560644] [serial_manager]: Found serial port: /dev/ttyS12 (Description: n/a, VID: None, PID: None, Manufacturer: None, Product: None)
[INFO] [1774742846.266280986] [serial_manager]: Found serial port: /dev/ttyS10 (Description: n/a, VID: None, PID: None, Manufacturer: None, Product: None)
[INFO] [1774742846.266986956] [serial_manager]: Found serial port: /dev/ttyS0 (Description: n/a, VID: None, PID: None, Manufacturer: None, Product: None)
[INFO] [1774742849.240191183] [serial_manager]: Excluding port /dev/ttyS9 (Description: n/a, VID: None, PID: None, Manufacturer: None, Product: None)
[INFO] [1774742849.241023009] [serial_manager]: Excluding port /dev/ttyS7 (Description: n/a, VID: None, PID: None, Manufacturer: None, Product: None)
[INFO] [1774742849.241795838] [serial_manager]: Excluding port /dev/ttyS5 (Description: n/a, VID: None, PID: None, Manufacturer: None, Product: None)
[INFO] [1774742849.242548286] [serial_manager]: Excluding port /dev/ttyS31 (Description: n/a, VID: None, PID: None, Manufacturer: None, Product: None)
[INFO] [1774742849.243234735] [serial_manager]: Excluding port /dev/ttyS3 (Description: n/a, VID: None, PID: None, Manufacturer: None, Product: None)
[INFO] [1774742849.243975493] [serial_manager]: Excluding port /dev/ttyS28 (Description: n/a, VID: None, PID: None, Manufacturer: None, Product: None)
[INFO] [1774742849.244938880] [serial_manager]: Excluding port /dev/ttyS26 (Description: n/a, VID: None, PID: None, Manufacturer: None, Product: None)
[INFO] [1774742849.245996365] [serial_manager]: Excluding port /dev/ttyS24 (Description: n/a, VID: None, PID: None, Manufacturer: None, Product: None)
[INFO] [1774742849.246868177] [serial_manager]: Excluding port /dev/ttyS22 (Description: n/a, VID: None, PID: None, Manufacturer: None, Product: None)
[INFO] [1774742849.247767224] [serial_manager]: Excluding port /dev/ttyS20 (Description: n/a, VID: None, PID: None, Manufacturer: None, Product: None)
[INFO] [1774742849.248530730] [serial_manager]: Excluding port /dev/ttyS19 (Description: n/a, VID: None, PID: None, Manufacturer: None, Product: None)
[INFO] [1774742849.249243951] [serial_manager]: Excluding port /dev/ttyS17 (Description: n/a, VID: None, PID: None, Manufacturer: None, Product: None)
[INFO] [1774742849.249971814] [serial_manager]: Excluding port /dev/ttyS15 (Description: n/a, VID: None, PID: None, Manufacturer: None, Product: None)
[INFO] [1774742849.250688694] [serial_manager]: Excluding port /dev/ttyS13 (Description: n/a, VID: None, PID: None, Manufacturer: None, Product: None)
[INFO] [1774742849.251452599] [serial_manager]: Excluding port /dev/ttyS11 (Description: n/a, VID: None, PID: None, Manufacturer: None, Product: None)
[INFO] [1774742849.252289129] [serial_manager]: Excluding port /dev/ttyS1 (Description: n/a, VID: None, PID: None, Manufacturer: None, Product: None)
[INFO] [1774742849.253207810] [serial_manager]: Excluding port /dev/ttyUSB0 (Description: n/a, VID: None, PID: None, Manufacturer: None, Product: None)
[INFO] [1774742849.253969370] [serial_manager]: Found serial port: /dev/ttyS8 (Description: n/a, VID: None, PID: None, Manufacturer: None, Product: None)
[INFO] [1774742849.254782114] [serial_manager]: Found serial port: /dev/ttyS6 (Description: n/a, VID: None, PID: None, Manufacturer: None, Product: None)
[INFO] [1774742849.255523970] [serial_manager]: Found serial port: /dev/ttyS4 (Description: n/a, VID: None, PID: None, Manufacturer: None, Product: None)
[INFO] [1774742849.256218306] [serial_manager]: Found serial port: /dev/ttyS30 (Description: n/a, VID: None, PID: None, Manufacturer: None, Product: None)
[INFO] [1774742849.256948180] [serial_manager]: Found serial port: /dev/ttyS29 (Description: n/a, VID: None, PID: None, Manufacturer: None, Product: None)
[INFO] [1774742849.257665286] [serial_manager]: Found serial port: /dev/ttyS27 (Description: n/a, VID: None, PID: None, Manufacturer: None, Product: None)
[INFO] [1774742849.258394322] [serial_manager]: Found serial port: /dev/ttyS25 (Description: n/a, VID: None, PID: None, Manufacturer: None, Product: None)
[INFO] [1774742849.259329800] [serial_manager]: Found serial port: /dev/ttyS23 (Description: n/a, VID: None, PID: None, Manufacturer: None, Product: None)
[INFO] [1774742849.260416494] [serial_manager]: Found serial port: /dev/ttyS21 (Description: n/a, VID: None, PID: None, Manufacturer: None, Product: None)
[INFO] [1774742849.261124838] [serial_manager]: Found serial port: /dev/ttyS2 (Description: n/a, VID: None, PID: None, Manufacturer: None, Product: None)
[INFO] [1774742849.262103831] [serial_manager]: Found serial port: /dev/ttyS18 (Description: n/a, VID: None, PID: None, Manufacturer: None, Product: None)
[INFO] [1774742849.263024852] [serial_manager]: Found serial port: /dev/ttyS16 (Description: n/a, VID: None, PID: None, Manufacturer: None, Product: None)
[INFO] [1774742849.263875712] [serial_manager]: Found serial port: /dev/ttyS14 (Description: n/a, VID: None, PID: None, Manufacturer: None, Product: None)
[INFO] [1774742849.264707033] [serial_manager]: Found serial port: /dev/ttyS12 (Description: n/a, VID: None, PID: None, Manufacturer: None, Product: None)
[INFO] [1774742849.265633738] [serial_manager]: Found serial port: /dev/ttyS10 (Description: n/a, VID: None, PID: None, Manufacturer: None, Product: None)
[INFO] [1774742849.266454664] [serial_manager]: Found serial port: /dev/ttyS0 (Description: n/a, VID: None, PID: None, Manufacturer: None, Product: None)
[INFO] [1774742852.242929935] [serial_manager]: Excluding port /dev/ttyS9 (Description: n/a, VID: None, PID: None, Manufacturer: None, Product: None)
[INFO] [1774742852.243711844] [serial_manager]: Excluding port /dev/ttyS7 (Description: n/a, VID: None, PID: None, Manufacturer: None, Product: None)
[INFO] [1774742852.244554921] [serial_manager]: Excluding port /dev/ttyS5 (Description: n/a, VID: None, PID: None, Manufacturer: None, Product: None)
[INFO] [1774742852.245285670] [serial_manager]: Excluding port /dev/ttyS31 (Description: n/a, VID: None, PID: None, Manufacturer: None, Product: None)
[INFO] [1774742852.245868597] [serial_manager]: Excluding port /dev/ttyS3 (Description: n/a, VID: None, PID: None, Manufacturer: None, Product: None)
[INFO] [1774742852.246669554] [serial_manager]: Excluding port /dev/ttyS28 (Description: n/a, VID: None, PID: None, Manufacturer: None, Product: None)
[INFO] [1774742852.247245274] [serial_manager]: Excluding port /dev/ttyS26 (Description: n/a, VID: None, PID: None, Manufacturer: None, Product: None)
[INFO] [1774742852.248008486] [serial_manager]: Excluding port /dev/ttyS24 (Description: n/a, VID: None, PID: None, Manufacturer: None, Product: None)
[INFO] [1774742852.248936877] [serial_manager]: Excluding port /dev/ttyS22 (Description: n/a, VID: None, PID: None, Manufacturer: None, Product: None)
[INFO] [1774742852.250015378] [serial_manager]: Excluding port /dev/ttyS20 (Description: n/a, VID: None, PID: None, Manufacturer: None, Product: None)
[INFO] [1774742852.250858271] [serial_manager]: Excluding port /dev/ttyS19 (Description: n/a, VID: None, PID: None, Manufacturer: None, Product: None)
[INFO] [1774742852.251551204] [serial_manager]: Excluding port /dev/ttyS17 (Description: n/a, VID: None, PID: None, Manufacturer: None, Product: None)
[INFO] [1774742852.252489826] [serial_manager]: Excluding port /dev/ttyS15 (Description: n/a, VID: None, PID: None, Manufacturer: None, Product: None)
[INFO] [1774742852.253329575] [serial_manager]: Excluding port /dev/ttyS13 (Description: n/a, VID: None, PID: None, Manufacturer: None, Product: None)
[INFO] [1774742852.254041282] [serial_manager]: Excluding port /dev/ttyS11 (Description: n/a, VID: None, PID: None, Manufacturer: None, Product: None)
[INFO] [1774742852.254712970] [serial_manager]: Excluding port /dev/ttyS1 (Description: n/a, VID: None, PID: None, Manufacturer: None, Product: None)
[INFO] [1774742852.255199275] [serial_manager]: Excluding port /dev/ttyUSB0 (Description: n/a, VID: None, PID: None, Manufacturer: None, Product: None)
[INFO] [1774742852.255881566] [serial_manager]: Found serial port: /dev/ttyS8 (Description: n/a, VID: None, PID: None, Manufacturer: None, Product: None)
[INFO] [1774742852.256574267] [serial_manager]: Found serial port: /dev/ttyS6 (Description: n/a, VID: None, PID: None, Manufacturer: None, Product: None)
[INFO] [1774742852.257104452] [serial_manager]: Found serial port: /dev/ttyS4 (Description: n/a, VID: None, PID: None, Manufacturer: None, Product: None)
[INFO] [1774742852.257575796] [serial_manager]: Found serial port: /dev/ttyS30 (Description: n/a, VID: None, PID: None, Manufacturer: None, Product: None)
[INFO] [1774742852.258092551] [serial_manager]: Found serial port: /dev/ttyS29 (Description: n/a, VID: None, PID: None, Manufacturer: None, Product: None)
[INFO] [1774742852.258616593] [serial_manager]: Found serial port: /dev/ttyS27 (Description: n/a, VID: None, PID: None, Manufacturer: None, Product: None)
[INFO] [1774742852.259171589] [serial_manager]: Found serial port: /dev/ttyS25 (Description: n/a, VID: None, PID: None, Manufacturer: None, Product: None)
[INFO] [1774742852.259847678] [serial_manager]: Found serial port: /dev/ttyS23 (Description: n/a, VID: None, PID: None, Manufacturer: None, Product: None)
[INFO] [1774742852.260542733] [serial_manager]: Found serial port: /dev/ttyS21 (Description: n/a, VID: None, PID: None, Manufacturer: None, Product: None)
[INFO] [1774742852.261296463] [serial_manager]: Found serial port: /dev/ttyS2 (Description: n/a, VID: None, PID: None, Manufacturer: None, Product: None)
[INFO] [1774742852.262146920] [serial_manager]: Found serial port: /dev/ttyS18 (Description: n/a, VID: None, PID: None, Manufacturer: None, Product: None)
[INFO] [1774742852.262988343] [serial_manager]: Found serial port: /dev/ttyS16 (Description: n/a, VID: None, PID: None, Manufacturer: None, Product: None)
[INFO] [1774742852.263696426] [serial_manager]: Found serial port: /dev/ttyS14 (Description: n/a, VID: None, PID: None, Manufacturer: None, Product: None)
[INFO] [1774742852.264352385] [serial_manager]: Found serial port: /dev/ttyS12 (Description: n/a, VID: None, PID: None, Manufacturer: None, Product: None)
[INFO] [1774742852.265152873] [serial_manager]: Found serial port: /dev/ttyS10 (Description: n/a, VID: None, PID: None, Manufacturer: None, Product: None)
[INFO] [1774742852.265805182] [serial_manager]: Found serial port: /dev/ttyS0 (Description: n/a, VID: None, PID: None, Manufacturer: None, Product: None)
[INFO] [1774742855.239676637] [serial_manager]: Excluding port /dev/ttyS9 (Description: n/a, VID: None, PID: None, Manufacturer: None, Product: None)
[INFO] [1774742855.240568637] [serial_manager]: Excluding port /dev/ttyS7 (Description: n/a, VID: None, PID: None, Manufacturer: None, Product: None)
[INFO] [1774742855.241343281] [serial_manager]: Excluding port /dev/ttyS5 (Description: n/a, VID: None, PID: None, Manufacturer: None, Product: None)
[INFO] [1774742855.242263707] [serial_manager]: Excluding port /dev/ttyS31 (Description: n/a, VID: None, PID: None, Manufacturer: None, Product: None)
[INFO] [1774742855.242974594] [serial_manager]: Excluding port /dev/ttyS3 (Description: n/a, VID: None, PID: None, Manufacturer: None, Product: None)
[INFO] [1774742855.243755582] [serial_manager]: Excluding port /dev/ttyS28 (Description: n/a, VID: None, PID: None, Manufacturer: None, Product: None)
[INFO] [1774742855.244499547] [serial_manager]: Excluding port /dev/ttyS26 (Description: n/a, VID: None, PID: None, Manufacturer: None, Product: None)
[INFO] [1774742855.245211087] [serial_manager]: Excluding port /dev/ttyS24 (Description: n/a, VID: None, PID: None, Manufacturer: None, Product: None)
[INFO] [1774742855.245907124] [serial_manager]: Excluding port /dev/ttyS22 (Description: n/a, VID: None, PID: None, Manufacturer: None, Product: None)
[INFO] [1774742855.246578218] [serial_manager]: Excluding port /dev/ttyS20 (Description: n/a, VID: None, PID: None, Manufacturer: None, Product: None)
[INFO] [1774742855.247230824] [serial_manager]: Excluding port /dev/ttyS19 (Description: n/a, VID: None, PID: None, Manufacturer: None, Product: None)
[INFO] [1774742855.247884529] [serial_manager]: Excluding port /dev/ttyS17 (Description: n/a, VID: None, PID: None, Manufacturer: None, Product: None)
[INFO] [1774742855.248633395] [serial_manager]: Excluding port /dev/ttyS15 (Description: n/a, VID: None, PID: None, Manufacturer: None, Product: None)
[INFO] [1774742855.249498280] [serial_manager]: Excluding port /dev/ttyS13 (Description: n/a, VID: None, PID: None, Manufacturer: None, Product: None)
[INFO] [1774742855.250592752] [serial_manager]: Excluding port /dev/ttyS11 (Description: n/a, VID: None, PID: None, Manufacturer: None, Product: None)
[INFO] [1774742855.251638436] [serial_manager]: Excluding port /dev/ttyS1 (Description: n/a, VID: None, PID: None, Manufacturer: None, Product: None)
[INFO] [1774742855.252634248] [serial_manager]: Excluding port /dev/ttyUSB0 (Description: n/a, VID: None, PID: None, Manufacturer: None, Product: None)
[INFO] [1774742855.253631157] [serial_manager]: Found serial port: /dev/ttyS8 (Description: n/a, VID: None, PID: None, Manufacturer: None, Product: None)
[INFO] [1774742855.254426806] [serial_manager]: Found serial port: /dev/ttyS6 (Description: n/a, VID: None, PID: None, Manufacturer: None, Product: None)
[INFO] [1774742855.255185982] [serial_manager]: Found serial port: /dev/ttyS4 (Description: n/a, VID: None, PID: None, Manufacturer: None, Product: None)
[INFO] [1774742855.255975942] [serial_manager]: Found serial port: /dev/ttyS30 (Description: n/a, VID: None, PID: None, Manufacturer: None, Product: None)
[INFO] [1774742855.256865549] [serial_manager]: Found serial port: /dev/ttyS29 (Description: n/a, VID: None, PID: None, Manufacturer: None, Product: None)
[INFO] [1774742855.257722459] [serial_manager]: Found serial port: /dev/ttyS27 (Description: n/a, VID: None, PID: None, Manufacturer: None, Product: None)
[INFO] [1774742855.258586677] [serial_manager]: Found serial port: /dev/ttyS25 (Description: n/a, VID: None, PID: None, Manufacturer: None, Product: None)
[INFO] [1774742855.259434402] [serial_manager]: Found serial port: /dev/ttyS23 (Description: n/a, VID: None, PID: None, Manufacturer: None, Product: None)
[INFO] [1774742855.260295820] [serial_manager]: Found serial port: /dev/ttyS21 (Description: n/a, VID: None, PID: None, Manufacturer: None, Product: None)
[INFO] [1774742855.261148041] [serial_manager]: Found serial port: /dev/ttyS2 (Description: n/a, VID: None, PID: None, Manufacturer: None, Product: None)
[INFO] [1774742855.262007472] [serial_manager]: Found serial port: /dev/ttyS18 (Description: n/a, VID: None, PID: None, Manufacturer: None, Product: None)
[INFO] [1774742855.262886482] [serial_manager]: Found serial port: /dev/ttyS16 (Description: n/a, VID: None, PID: None, Manufacturer: None, Product: None)
[INFO] [1774