[0.000000] (-) TimerEvent: {}
[0.000786] (-) JobUnselected: {'identifier': 'vehicle_navigation'}
[0.001067] (-) JobUnselected: {'identifier': 'vehicle_networking'}
[0.001512] (-) JobUnselected: {'identifier': 'vehicle_simulation'}
[0.001671] (-) JobUnselected: {'identifier': 'vehicle_string_converter'}
[0.001726] (vehicle_interfaces) JobQueued: {'identifier': 'vehicle_interfaces', 'dependencies': OrderedDict()}
[0.001783] (vehicle_interfaces) JobStarted: {'identifier': 'vehicle_interfaces'}
[0.031790] (vehicle_interfaces) JobProgress: {'identifier': 'vehicle_interfaces', 'progress': 'cmake'}
[0.034354] (vehicle_interfaces) JobProgress: {'identifier': 'vehicle_interfaces', 'progress': 'build'}
[0.034510] (vehicle_interfaces) Command: {'cmd': ['/usr/bin/cmake', '--build', '/root/build/vehicle_interfaces', '--', '-j4', '-l4'], 'cwd': '/root/build/vehicle_interfaces', 'env': OrderedDict([('HOSTNAME', '2a33c685da1f'), ('SHLVL', '1'), ('LD_LIBRARY_PATH', '/root/install/vehicle_interfaces/lib:/opt/ros/foxy/opt/yaml_cpp_vendor/lib:/opt/ros/foxy/opt/rviz_ogre_vendor/lib:/opt/ros/foxy/lib/x86_64-linux-gnu:/opt/ros/foxy/lib'), ('HOME', '/root'), ('OLDPWD', '/'), ('ROS_PYTHON_VERSION', '3'), ('COLCON_PREFIX_PATH', '/root/install'), ('ROS_DISTRO', 'foxy'), ('_', '/usr/bin/colcon'), ('ROS_VERSION', '2'), ('TERM', 'xterm'), ('ROS_LOCALHOST_ONLY', '0'), ('QT_X11_NO_MITSHM', '1'), ('PATH', '/opt/ros/foxy/bin:/usr/local/sbin:/usr/local/bin:/usr/sbin:/usr/bin:/sbin:/bin'), ('DISPLAY', ':0.0'), ('LANG', 'C.UTF-8'), ('AMENT_PREFIX_PATH', '/root/install/vehicle_interfaces:/root/install/vehicle_string_converter:/root/install/vehicle_simulation:/opt/ros/foxy'), ('DEBIAN_FRONTEND', 'noninteractive'), ('PWD', '/root/build/vehicle_interfaces'), ('LC_ALL', 'C.UTF-8'), ('PYTHONPATH', '/root/install/vehicle_interfaces/lib/python3.8/site-packages:/root/install/vehicle_string_converter/lib/python3.8/site-packages:/root/install/vehicle_simulation/lib/python3.8/site-packages:/opt/ros/foxy/lib/python3.8/site-packages'), ('COLCON', '1'), ('CMAKE_PREFIX_PATH', '/root/install/vehicle_interfaces:/root/install/vehicle_string_converter:/root/install/vehicle_simulation:/opt/ros/foxy')]), 'shell': False}
[0.099701] (-) TimerEvent: {}
[0.155964] (vehicle_interfaces) StdoutLine: {'line': b'-- Found ament_cmake: 0.9.12 (/opt/ros/foxy/share/ament_cmake/cmake)\n'}
[0.188215] (vehicle_interfaces) StdoutLine: {'line': b'-- Found PythonInterp: /usr/bin/python3 (found suitable version "3.8.10", minimum required is "3") \n'}
[0.188556] (vehicle_interfaces) StdoutLine: {'line': b'-- Using PYTHON_EXECUTABLE: /usr/bin/python3\n'}
[0.199769] (-) TimerEvent: {}
[0.300113] (-) TimerEvent: {}
[0.400465] (-) TimerEvent: {}
[0.435477] (vehicle_interfaces) StdoutLine: {'line': b'-- Found rosidl_default_generators: 1.0.1 (/opt/ros/foxy/share/rosidl_default_generators/cmake)\n'}
[0.440635] (vehicle_interfaces) StdoutLine: {'line': b'-- Using all available rosidl_typesupport_c: rosidl_typesupport_fastrtps_c;rosidl_typesupport_introspection_c\n'}
[0.446728] (vehicle_interfaces) StdoutLine: {'line': b'-- Found rosidl_adapter: 1.3.1 (/opt/ros/foxy/share/rosidl_adapter/cmake)\n'}
[0.500610] (-) TimerEvent: {}
[0.601722] (-) TimerEvent: {}
[0.698940] (vehicle_interfaces) StdoutLine: {'line': b'-- Using all available rosidl_typesupport_cpp: rosidl_typesupport_fastrtps_cpp;rosidl_typesupport_introspection_cpp\n'}
[0.701815] (-) TimerEvent: {}
[0.744915] (vehicle_interfaces) StdoutLine: {'line': b'-- Found std_msgs: 2.0.5 (/opt/ros/foxy/share/std_msgs/cmake)\n'}
[0.800256] (vehicle_interfaces) StdoutLine: {'line': b'-- Found sensor_msgs: 2.0.5 (/opt/ros/foxy/share/sensor_msgs/cmake)\n'}
[0.801910] (-) TimerEvent: {}
[0.902229] (-) TimerEvent: {}
[1.004609] (-) TimerEvent: {}
[1.008655] (vehicle_interfaces) StdoutLine: {'line': b'-- Found PythonInterp: /usr/bin/python3 (found version "3.8.10") \n'}
[1.104686] (-) TimerEvent: {}
[1.205018] (-) TimerEvent: {}
[1.305365] (-) TimerEvent: {}
[1.405743] (-) TimerEvent: {}
[1.416040] (vehicle_interfaces) StdoutLine: {'line': b'-- Found ament_cmake_ros: 0.9.2 (/opt/ros/foxy/share/ament_cmake_ros/cmake)\n'}
[1.505861] (-) TimerEvent: {}
[1.606221] (-) TimerEvent: {}
[1.706572] (-) TimerEvent: {}
[1.806951] (-) TimerEvent: {}
[1.889696] (vehicle_interfaces) StdoutLine: {'line': b'-- Using all available rosidl_typesupport_c: rosidl_typesupport_fastrtps_c;rosidl_typesupport_introspection_c\n'}
[1.907066] (-) TimerEvent: {}
[2.007397] (-) TimerEvent: {}
[2.107765] (-) TimerEvent: {}
[2.161840] (vehicle_interfaces) StdoutLine: {'line': b'-- Using all available rosidl_typesupport_cpp: rosidl_typesupport_fastrtps_cpp;rosidl_typesupport_introspection_cpp\n'}
[2.201334] (vehicle_interfaces) StdoutLine: {'line': b'-- Found PythonInterp: /usr/bin/python3 (found suitable version "3.8.10", minimum required is "3.5") \n'}
[2.202440] (vehicle_interfaces) StdoutLine: {'line': b'-- Found python_cmake_module: 0.8.1 (/opt/ros/foxy/share/python_cmake_module/cmake)\n'}
[2.207866] (-) TimerEvent: {}
[2.247730] (vehicle_interfaces) StdoutLine: {'line': b'-- Using PYTHON_EXECUTABLE: /usr/bin/python3\n'}
[2.248281] (vehicle_interfaces) StdoutLine: {'line': b'-- Using PYTHON_INCLUDE_DIRS: /usr/include/python3.8\n'}
[2.248849] (vehicle_interfaces) StdoutLine: {'line': b'-- Using PYTHON_LIBRARIES: /usr/lib/x86_64-linux-gnu/libpython3.8.so\n'}
[2.307987] (-) TimerEvent: {}
[2.397284] (vehicle_interfaces) StdoutLine: {'line': b'-- Found ament_lint_auto: 0.9.8 (/opt/ros/foxy/share/ament_lint_auto/cmake)\n'}
[2.411613] (-) TimerEvent: {}
[2.442340] (vehicle_interfaces) StdoutLine: {'line': b"-- Added test 'copyright' to check source files copyright and LICENSE\n"}
[2.451496] (vehicle_interfaces) StdoutLine: {'line': b"-- Added test 'lint_cmake' to check CMake code style\n"}
[2.451865] (vehicle_interfaces) StdoutLine: {'line': b"-- Added test 'xmllint' to check XML markup files\n"}
[2.469339] (vehicle_interfaces) StdoutLine: {'line': b'-- Configuring done\n'}
[2.512867] (-) TimerEvent: {}
[2.614832] (-) TimerEvent: {}
[2.715269] (-) TimerEvent: {}
[2.815658] (-) TimerEvent: {}
[2.873746] (vehicle_interfaces) StdoutLine: {'line': b'-- Generating done\n'}
[2.874424] (vehicle_interfaces) StdoutLine: {'line': b'-- Build files have been written to: /root/build/vehicle_interfaces\n'}
[2.915846] (-) TimerEvent: {}
[2.918687] (vehicle_interfaces) StdoutLine: {'line': b'[  0%] \x1b[34m\x1b[1mGenerating C++ code for ROS interfaces\x1b[0m\n'}
[2.921109] (vehicle_interfaces) StdoutLine: {'line': b'[  1%] \x1b[34m\x1b[1mGenerating C code for ROS interfaces\x1b[0m\n'}
[3.016562] (-) TimerEvent: {}
[3.120621] (-) TimerEvent: {}
[3.221687] (-) TimerEvent: {}
[3.324547] (-) TimerEvent: {}
[3.425339] (-) TimerEvent: {}
[3.525909] (-) TimerEvent: {}
[3.626272] (-) TimerEvent: {}
[3.728364] (-) TimerEvent: {}
[3.829176] (-) TimerEvent: {}
[3.930737] (-) TimerEvent: {}
[4.031343] (-) TimerEvent: {}
[4.131724] (-) TimerEvent: {}
[4.232097] (-) TimerEvent: {}
[4.332484] (-) TimerEvent: {}
[4.432978] (-) TimerEvent: {}
[4.535564] (-) TimerEvent: {}
[4.636471] (-) TimerEvent: {}
[4.739046] (-) TimerEvent: {}
[4.839424] (-) TimerEvent: {}
[4.940055] (-) TimerEvent: {}
[5.040560] (-) TimerEvent: {}
[5.141689] (-) TimerEvent: {}
[5.243557] (-) TimerEvent: {}
[5.344271] (-) TimerEvent: {}
[5.444812] (-) TimerEvent: {}
[5.545561] (-) TimerEvent: {}
[5.646192] (-) TimerEvent: {}
[5.746566] (-) TimerEvent: {}
[5.846951] (-) TimerEvent: {}
[5.949461] (-) TimerEvent: {}
[6.049825] (-) TimerEvent: {}
[6.150753] (-) TimerEvent: {}
[6.253865] (-) TimerEvent: {}
[6.354533] (-) TimerEvent: {}
[6.455173] (-) TimerEvent: {}
[6.555849] (-) TimerEvent: {}
[6.656643] (-) TimerEvent: {}
[6.758562] (-) TimerEvent: {}
[6.859075] (-) TimerEvent: {}
[6.960383] (-) TimerEvent: {}
[7.063397] (-) TimerEvent: {}
[7.165327] (-) TimerEvent: {}
[7.267239] (-) TimerEvent: {}
[7.368785] (-) TimerEvent: {}
[7.470567] (-) TimerEvent: {}
[7.567326] (vehicle_interfaces) StdoutLine: {'line': b'[  1%] Built target vehicle_interfaces__cpp\n'}
[7.570686] (-) TimerEvent: {}
[7.601741] (vehicle_interfaces) StdoutLine: {'line': b'[  2%] \x1b[34m\x1b[1mGenerating C++ type support dispatch for ROS interfaces\x1b[0m\n'}
[7.602147] (vehicle_interfaces) StdoutLine: {'line': b'\x1b[35m\x1b[1mScanning dependencies of target vehicle_interfaces__rosidl_generator_c\x1b[0m\n'}
[7.608734] (vehicle_interfaces) StdoutLine: {'line': b'[  2%] \x1b[34m\x1b[1mGenerating C++ introspection for ROS interfaces\x1b[0m\n'}
[7.627186] (vehicle_interfaces) StdoutLine: {'line': b'[  3%] \x1b[34m\x1b[1mGenerating C++ type support for eProsima Fast-RTPS\x1b[0m\n'}
[7.670818] (-) TimerEvent: {}
[7.722819] (vehicle_interfaces) StdoutLine: {'line': b'[  4%] \x1b[32mBuilding C object CMakeFiles/vehicle_interfaces__rosidl_generator_c.dir/rosidl_generator_c/vehicle_interfaces/srv/detail/get_serial_port__functions.c.o\x1b[0m\n'}
[7.772352] (-) TimerEvent: {}
[7.884202] (-) TimerEvent: {}
[7.987612] (-) TimerEvent: {}
[8.124238] (vehicle_interfaces) StdoutLine: {'line': b'[  4%] \x1b[32mBuilding C object CMakeFiles/vehicle_interfaces__rosidl_generator_c.dir/rosidl_generator_c/vehicle_interfaces/srv/detail/reset_serial_port__functions.c.o\x1b[0m\n'}
[8.124673] (-) TimerEvent: {}
[8.225553] (-) TimerEvent: {}
[8.326153] (-) TimerEvent: {}
[8.427588] (-) TimerEvent: {}
[8.460383] (vehicle_interfaces) StdoutLine: {'line': b'[  5%] \x1b[32mBuilding C object CMakeFiles/vehicle_interfaces__rosidl_generator_c.dir/rosidl_generator_c/vehicle_interfaces/srv/detail/get_device_status__functions.c.o\x1b[0m\n'}
[8.527706] (-) TimerEvent: {}
[8.628425] (-) TimerEvent: {}
[8.729128] (-) TimerEvent: {}
[8.742047] (vehicle_interfaces) StdoutLine: {'line': b'[  6%] \x1b[32mBuilding C object CMakeFiles/vehicle_interfaces__rosidl_generator_c.dir/rosidl_generator_c/vehicle_interfaces/msg/detail/sensor_data__functions.c.o\x1b[0m\n'}
[8.829245] (-) TimerEvent: {}
[8.929973] (-) TimerEvent: {}
[9.007543] (vehicle_interfaces) StdoutLine: {'line': b'[  7%] \x1b[32mBuilding C object CMakeFiles/vehicle_interfaces__rosidl_generator_c.dir/rosidl_generator_c/vehicle_interfaces/msg/detail/control_data__functions.c.o\x1b[0m\n'}
[9.030561] (-) TimerEvent: {}
[9.131651] (-) TimerEvent: {}
[9.232290] (-) TimerEvent: {}
[9.335563] (vehicle_interfaces) StdoutLine: {'line': b'[  8%] \x1b[32mBuilding C object CMakeFiles/vehicle_interfaces__rosidl_generator_c.dir/rosidl_generator_c/vehicle_interfaces/msg/detail/encoder_data__functions.c.o\x1b[0m\n'}
[9.335879] (-) TimerEvent: {}
[9.436176] (-) TimerEvent: {}
[9.536566] (-) TimerEvent: {}
[9.631547] (vehicle_interfaces) StdoutLine: {'line': b'[  8%] \x1b[32mBuilding C object CMakeFiles/vehicle_interfaces__rosidl_generator_c.dir/rosidl_generator_c/vehicle_interfaces/msg/detail/gps_data__functions.c.o\x1b[0m\n'}
[9.636665] (-) TimerEvent: {}
[9.738125] (-) TimerEvent: {}
[9.840896] (-) TimerEvent: {}
[9.941539] (-) TimerEvent: {}
[10.004537] (vehicle_interfaces) StdoutLine: {'line': b'[  9%] \x1b[32mBuilding C object CMakeFiles/vehicle_interfaces__rosidl_generator_c.dir/rosidl_generator_c/vehicle_interfaces/msg/detail/ir_data__functions.c.o\x1b[0m\n'}
[10.041661] (-) TimerEvent: {}
[10.142410] (-) TimerEvent: {}
[10.244427] (-) TimerEvent: {}
[10.345606] (-) TimerEvent: {}
[10.348383] (vehicle_interfaces) StdoutLine: {'line': b'[ 10%] \x1b[32mBuilding C object CMakeFiles/vehicle_interfaces__rosidl_generator_c.dir/rosidl_generator_c/vehicle_interfaces/msg/detail/mpu_data__functions.c.o\x1b[0m\n'}
[10.445706] (-) TimerEvent: {}
[10.458828] (vehicle_interfaces) StdoutLine: {'line': b'[ 11%] \x1b[32mBuilding C object CMakeFiles/vehicle_interfaces__rosidl_generator_c.dir/rosidl_generator_c/vehicle_interfaces/msg/detail/qmc_data__functions.c.o\x1b[0m\n'}
[10.545810] (-) TimerEvent: {}
[10.646149] (-) TimerEvent: {}
[10.748551] (-) TimerEvent: {}
[10.827657] (vehicle_interfaces) StdoutLine: {'line': b'[ 12%] \x1b[32mBuilding C object CMakeFiles/vehicle_interfaces__rosidl_generator_c.dir/rosidl_generator_c/vehicle_interfaces/msg/detail/temperature_data__functions.c.o\x1b[0m\n'}
[10.848658] (-) TimerEvent: {}
[10.948683] (vehicle_interfaces) StdoutLine: {'line': b'[ 12%] \x1b[32mBuilding C object CMakeFiles/vehicle_interfaces__rosidl_generator_c.dir/rosidl_generator_c/vehicle_interfaces/msg/detail/to_f_data__functions.c.o\x1b[0m\n'}
[10.950168] (-) TimerEvent: {}
[11.052556] (-) TimerEvent: {}
[11.098325] (vehicle_interfaces) StdoutLine: {'line': b'[ 13%] \x1b[32mBuilding C object CMakeFiles/vehicle_interfaces__rosidl_generator_c.dir/rosidl_generator_c/vehicle_interfaces/msg/detail/ultrasonic_data__functions.c.o\x1b[0m\n'}
[11.152663] (-) TimerEvent: {}
[11.235062] (vehicle_interfaces) StdoutLine: {'line': b'[ 14%] \x1b[32m\x1b[1mLinking C shared library libvehicle_interfaces__rosidl_generator_c.so\x1b[0m\n'}
[11.252774] (-) TimerEvent: {}
[11.292070] (vehicle_interfaces) StdoutLine: {'line': b'\x1b[35m\x1b[1mScanning dependencies of target vehicle_interfaces__rosidl_typesupport_cpp\x1b[0m\n'}
[11.354551] (-) TimerEvent: {}
[11.374900] (vehicle_interfaces) StdoutLine: {'line': b'[ 15%] \x1b[32mBuilding CXX object CMakeFiles/vehicle_interfaces__rosidl_typesupport_cpp.dir/rosidl_typesupport_cpp/vehicle_interfaces/srv/get_serial_port__type_support.cpp.o\x1b[0m\n'}
[11.419300] (vehicle_interfaces) StdoutLine: {'line': b'[ 15%] Built target vehicle_interfaces__rosidl_generator_c\n'}
[11.454662] (-) TimerEvent: {}
[11.458602] (vehicle_interfaces) StdoutLine: {'line': b'[ 16%] \x1b[34m\x1b[1mGenerating C introspection for ROS interfaces\x1b[0m\n'}
[11.554865] (-) TimerEvent: {}
[11.655238] (-) TimerEvent: {}
[11.755581] (-) TimerEvent: {}
[11.856906] (-) TimerEvent: {}
[11.957893] (-) TimerEvent: {}
[12.060553] (-) TimerEvent: {}
[12.161334] (-) TimerEvent: {}
[12.262483] (-) TimerEvent: {}
[12.310942] (vehicle_interfaces) StdoutLine: {'line': b'\x1b[35m\x1b[1mScanning dependencies of target vehicle_interfaces__rosidl_typesupport_introspection_cpp\x1b[0m\n'}
[12.311236] (vehicle_interfaces) StdoutLine: {'line': b'[ 17%] \x1b[32mBuilding CXX object CMakeFiles/vehicle_interfaces__rosidl_typesupport_cpp.dir/rosidl_typesupport_cpp/vehicle_interfaces/srv/reset_serial_port__type_support.cpp.o\x1b[0m\n'}
[12.363156] (-) TimerEvent: {}
[12.472143] (-) TimerEvent: {}
[12.516377] (vehicle_interfaces) StdoutLine: {'line': b'\x1b[35m\x1b[1mScanning dependencies of target vehicle_interfaces__rosidl_typesupport_fastrtps_cpp\x1b[0m\n'}
[12.572248] (-) TimerEvent: {}
[12.596783] (vehicle_interfaces) StdoutLine: {'line': b'[ 18%] \x1b[32mBuilding CXX object CMakeFiles/vehicle_interfaces__rosidl_typesupport_introspection_cpp.dir/rosidl_typesupport_introspection_cpp/vehicle_interfaces/srv/detail/get_serial_port__type_support.cpp.o\x1b[0m\n'}
[12.673606] (-) TimerEvent: {}
[12.712387] (vehicle_interfaces) StdoutLine: {'line': b'[ 19%] \x1b[32mBuilding CXX object CMakeFiles/vehicle_interfaces__rosidl_typesupport_fastrtps_cpp.dir/rosidl_typesupport_fastrtps_cpp/vehicle_interfaces/srv/detail/dds_fastrtps/get_serial_port__type_support.cpp.o\x1b[0m\n'}
[12.778025] (-) TimerEvent: {}
[12.892653] (-) TimerEvent: {}
[12.994442] (-) TimerEvent: {}
[13.095715] (-) TimerEvent: {}
[13.197596] (-) TimerEvent: {}
[13.310749] (-) TimerEvent: {}
[13.412564] (-) TimerEvent: {}
[13.517308] (-) TimerEvent: {}
[13.609517] (vehicle_interfaces) StdoutLine: {'line': b'[ 19%] \x1b[32mBuilding CXX object CMakeFiles/vehicle_interfaces__rosidl_typesupport_cpp.dir/rosidl_typesupport_cpp/vehicle_interfaces/srv/get_device_status__type_support.cpp.o\x1b[0m\n'}
[13.622509] (-) TimerEvent: {}
[13.723683] (-) TimerEvent: {}
[13.824586] (-) TimerEvent: {}
[13.927581] (-) TimerEvent: {}
[14.028509] (-) TimerEvent: {}
[14.062198] (vehicle_interfaces) StdoutLine: {'line': b'[ 20%] \x1b[32mBuilding CXX object CMakeFiles/vehicle_interfaces__rosidl_typesupport_fastrtps_cpp.dir/rosidl_typesupport_fastrtps_cpp/vehicle_interfaces/srv/detail/dds_fastrtps/reset_serial_port__type_support.cpp.o\x1b[0m\n'}
[14.128628] (-) TimerEvent: {}
[14.229330] (-) TimerEvent: {}
[14.272830] (vehicle_interfaces) StdoutLine: {'line': b'[ 21%] \x1b[32mBuilding CXX object CMakeFiles/vehicle_interfaces__rosidl_typesupport_introspection_cpp.dir/rosidl_typesupport_introspection_cpp/vehicle_interfaces/srv/detail/reset_serial_port__type_support.cpp.o\x1b[0m\n'}
[14.329441] (-) TimerEvent: {}
[14.465434] (-) TimerEvent: {}
[14.567560] (-) TimerEvent: {}
[14.674998] (-) TimerEvent: {}
[14.777551] (-) TimerEvent: {}
[14.877916] (-) TimerEvent: {}
[14.978267] (-) TimerEvent: {}
[15.078688] (-) TimerEvent: {}
[15.180283] (-) TimerEvent: {}
[15.200974] (vehicle_interfaces) StdoutLine: {'line': b'[ 22%] \x1b[32mBuilding CXX object CMakeFiles/vehicle_interfaces__rosidl_typesupport_cpp.dir/rosidl_typesupport_cpp/vehicle_interfaces/msg/sensor_data__type_support.cpp.o\x1b[0m\n'}
[15.255612] (vehicle_interfaces) StdoutLine: {'line': b'[ 23%] \x1b[32mBuilding CXX object CMakeFiles/vehicle_interfaces__rosidl_typesupport_fastrtps_cpp.dir/rosidl_typesupport_fastrtps_cpp/vehicle_interfaces/srv/detail/dds_fastrtps/get_device_status__type_support.cpp.o\x1b[0m\n'}
[15.280401] (-) TimerEvent: {}
[15.372224] (vehicle_interfaces) StdoutLine: {'line': b'[ 24%] \x1b[32mBuilding CXX object CMakeFiles/vehicle_interfaces__rosidl_typesupport_introspection_cpp.dir/rosidl_typesupport_introspection_cpp/vehicle_interfaces/srv/detail/get_device_status__type_support.cpp.o\x1b[0m\n'}
[15.380527] (-) TimerEvent: {}
[15.481661] (-) TimerEvent: {}
[15.595694] (-) TimerEvent: {}
[15.696643] (-) TimerEvent: {}
[15.797546] (-) TimerEvent: {}
[15.900579] (-) TimerEvent: {}
[16.001014] (-) TimerEvent: {}
[16.102112] (-) TimerEvent: {}
[16.202875] (-) TimerEvent: {}
[16.212007] (vehicle_interfaces) StdoutLine: {'line': b'[ 25%] \x1b[32mBuilding CXX object CMakeFiles/vehicle_interfaces__rosidl_typesupport_introspection_cpp.dir/rosidl_typesupport_introspection_cpp/vehicle_interfaces/msg/detail/sensor_data__type_support.cpp.o\x1b[0m\n'}
[16.332781] (-) TimerEvent: {}
[16.436574] (-) TimerEvent: {}
[16.483809] (vehicle_interfaces) StdoutLine: {'line': b'[ 26%] \x1b[32mBuilding CXX object CMakeFiles/vehicle_interfaces__rosidl_typesupport_cpp.dir/rosidl_typesupport_cpp/vehicle_interfaces/msg/control_data__type_support.cpp.o\x1b[0m\n'}
[16.536699] (-) TimerEvent: {}
[16.639635] (-) TimerEvent: {}
[16.741346] (-) TimerEvent: {}
[16.843198] (-) TimerEvent: {}
[16.883181] (vehicle_interfaces) StdoutLine: {'line': b'\x1b[35m\x1b[1mScanning dependencies of target vehicle_interfaces__rosidl_typesupport_introspection_c\x1b[0m\n'}
[16.943327] (-) TimerEvent: {}
[17.094257] (-) TimerEvent: {}
[17.134591] (vehicle_interfaces) StdoutLine: {'line': b'[ 27%] \x1b[32mBuilding C object CMakeFiles/vehicle_interfaces__rosidl_typesupport_introspection_c.dir/rosidl_typesupport_introspection_c/vehicle_interfaces/srv/detail/get_serial_port__type_support.c.o\x1b[0m\n'}
[17.169695] (vehicle_interfaces) StdoutLine: {'line': b'[ 27%] \x1b[32mBuilding CXX object CMakeFiles/vehicle_interfaces__rosidl_typesupport_fastrtps_cpp.dir/rosidl_typesupport_fastrtps_cpp/vehicle_interfaces/msg/detail/dds_fastrtps/sensor_data__type_support.cpp.o\x1b[0m\n'}
[17.194389] (-) TimerEvent: {}
[17.297571] (-) TimerEvent: {}
[17.397967] (-) TimerEvent: {}
[17.498385] (-) TimerEvent: {}
[17.598826] (-) TimerEvent: {}
[17.654661] (vehicle_interfaces) StdoutLine: {'line': b'[ 28%] \x1b[32mBuilding C object CMakeFiles/vehicle_interfaces__rosidl_typesupport_introspection_c.dir/rosidl_typesupport_introspection_c/vehicle_interfaces/srv/detail/reset_serial_port__type_support.c.o\x1b[0m\n'}
[17.698952] (-) TimerEvent: {}
[17.751355] (vehicle_interfaces) StdoutLine: {'line': b'[ 28%] \x1b[32mBuilding C object CMakeFiles/vehicle_interfaces__rosidl_typesupport_introspection_c.dir/rosidl_typesupport_introspection_c/vehicle_interfaces/srv/detail/get_device_status__type_support.c.o\x1b[0m\n'}
[17.797642] (vehicle_interfaces) StdoutLine: {'line': b'[ 29%] \x1b[32mBuilding CXX object CMakeFiles/vehicle_interfaces__rosidl_typesupport_cpp.dir/rosidl_typesupport_cpp/vehicle_interfaces/msg/encoder_data__type_support.cpp.o\x1b[0m\n'}
[17.799059] (-) TimerEvent: {}
[17.892251] (vehicle_interfaces) StdoutLine: {'line': b'[ 30%] \x1b[32mBuilding C object CMakeFiles/vehicle_interfaces__rosidl_typesupport_introspection_c.dir/rosidl_typesupport_introspection_c/vehicle_interfaces/msg/detail/sensor_data__type_support.c.o\x1b[0m\n'}
[17.899198] (-) TimerEvent: {}
[18.000641] (-) TimerEvent: {}
[18.110260] (-) TimerEvent: {}
[18.137225] (vehicle_interfaces) StdoutLine: {'line': b'[ 31%] \x1b[32mBuilding C object CMakeFiles/vehicle_interfaces__rosidl_typesupport_introspection_c.dir/rosidl_typesupport_introspection_c/vehicle_interfaces/msg/detail/control_data__type_support.c.o\x1b[0m\n'}
[18.224049] (-) TimerEvent: {}
[18.319577] (vehicle_interfaces) StdoutLine: {'line': b'[ 32%] \x1b[32mBuilding C object CMakeFiles/vehicle_interfaces__rosidl_typesupport_introspection_c.dir/rosidl_typesupport_introspection_c/vehicle_interfaces/msg/detail/encoder_data__type_support.c.o\x1b[0m\n'}
[18.324259] (-) TimerEvent: {}
[18.448575] (vehicle_interfaces) StdoutLine: {'line': b'[ 33%] \x1b[32mBuilding C object CMakeFiles/vehicle_interfaces__rosidl_typesupport_introspection_c.dir/rosidl_typesupport_introspection_c/vehicle_interfaces/msg/detail/gps_data__type_support.c.o\x1b[0m\n'}
[18.450113] (-) TimerEvent: {}
[18.555578] (-) TimerEvent: {}
[18.561311] (vehicle_interfaces) StdoutLine: {'line': b'[ 33%] \x1b[32mBuilding C object CMakeFiles/vehicle_interfaces__rosidl_typesupport_introspection_c.dir/rosidl_typesupport_introspection_c/vehicle_interfaces/msg/detail/ir_data__type_support.c.o\x1b[0m\n'}
[18.580395] (vehicle_interfaces) StdoutLine: {'line': b'[ 33%] \x1b[32mBuilding CXX object CMakeFiles/vehicle_interfaces__rosidl_typesupport_introspection_cpp.dir/rosidl_typesupport_introspection_cpp/vehicle_interfaces/msg/detail/control_data__type_support.cpp.o\x1b[0m\n'}
[18.588110] (vehicle_interfaces) StdoutLine: {'line': b'[ 34%] \x1b[32mBuilding CXX object CMakeFiles/vehicle_interfaces__rosidl_typesupport_cpp.dir/rosidl_typesupport_cpp/vehicle_interfaces/msg/gps_data__type_support.cpp.o\x1b[0m\n'}
[18.663615] (-) TimerEvent: {}
[18.690540] (vehicle_interfaces) StdoutLine: {'line': b'[ 35%] \x1b[32mBuilding C object CMakeFiles/vehicle_interfaces__rosidl_typesupport_introspection_c.dir/rosidl_typesupport_introspection_c/vehicle_interfaces/msg/detail/mpu_data__type_support.c.o\x1b[0m\n'}
[18.764579] (-) TimerEvent: {}
[18.865024] (-) TimerEvent: {}
[18.932830] (vehicle_interfaces) StdoutLine: {'line': b'[ 36%] \x1b[32mBuilding C object CMakeFiles/vehicle_interfaces__rosidl_typesupport_introspection_c.dir/rosidl_typesupport_introspection_c/vehicle_interfaces/msg/detail/qmc_data__type_support.c.o\x1b[0m\n'}
[18.965145] (-) TimerEvent: {}
[19.068919] (-) TimerEvent: {}
[19.116665] (vehicle_interfaces) StdoutLine: {'line': b'[ 37%] \x1b[32mBuilding C object CMakeFiles/vehicle_interfaces__rosidl_typesupport_introspection_c.dir/rosidl_typesupport_introspection_c/vehicle_interfaces/msg/detail/temperature_data__type_support.c.o\x1b[0m\n'}
[19.169041] (-) TimerEvent: {}
[19.215030] (vehicle_interfaces) StdoutLine: {'line': b'[ 38%] \x1b[32mBuilding C object CMakeFiles/vehicle_interfaces__rosidl_typesupport_introspection_c.dir/rosidl_typesupport_introspection_c/vehicle_interfaces/msg/detail/to_f_data__type_support.c.o\x1b[0m\n'}
[19.274197] (-) TimerEvent: {}
[19.375133] (-) TimerEvent: {}
[19.379610] (vehicle_interfaces) StdoutLine: {'line': b'[ 38%] \x1b[32mBuilding C object CMakeFiles/vehicle_interfaces__rosidl_typesupport_introspection_c.dir/rosidl_typesupport_introspection_c/vehicle_interfaces/msg/detail/ultrasonic_data__type_support.c.o\x1b[0m\n'}
[19.475274] (-) TimerEvent: {}
[19.485651] (vehicle_interfaces) StdoutLine: {'line': b'[ 38%] \x1b[32mBuilding CXX object CMakeFiles/vehicle_interfaces__rosidl_typesupport_cpp.dir/rosidl_typesupport_cpp/vehicle_interfaces/msg/ir_data__type_support.cpp.o\x1b[0m\n'}
[19.499751] (vehicle_interfaces) StdoutLine: {'line': b'[ 39%] \x1b[32mBuilding CXX object CMakeFiles/vehicle_interfaces__rosidl_typesupport_fastrtps_cpp.dir/rosidl_typesupport_fastrtps_cpp/vehicle_interfaces/msg/detail/dds_fastrtps/control_data__type_support.cpp.o\x1b[0m\n'}
[19.503242] (vehicle_interfaces) StdoutLine: {'line': b'[ 40%] \x1b[32m\x1b[1mLinking C shared library libvehicle_interfaces__rosidl_typesupport_introspection_c.so\x1b[0m\n'}
[19.531805] (vehicle_interfaces) StdoutLine: {'line': b'[ 41%] \x1b[32mBuilding CXX object CMakeFiles/vehicle_interfaces__rosidl_typesupport_introspection_cpp.dir/rosidl_typesupport_introspection_cpp/vehicle_interfaces/msg/detail/encoder_data__type_support.cpp.o\x1b[0m\n'}
[19.575387] (-) TimerEvent: {}
[19.592529] (vehicle_interfaces) StdoutLine: {'line': b'[ 41%] Built target vehicle_interfaces__rosidl_typesupport_introspection_c\n'}
[19.613707] (vehicle_interfaces) StdoutLine: {'line': b'[ 42%] \x1b[32mBuilding CXX object CMakeFiles/vehicle_interfaces__rosidl_typesupport_introspection_cpp.dir/rosidl_typesupport_introspection_cpp/vehicle_interfaces/msg/detail/gps_data__type_support.cpp.o\x1b[0m\n'}
[19.675523] (-) TimerEvent: {}
[19.777579] (-) TimerEvent: {}
[19.878040] (-) TimerEvent: {}
[20.023475] (-) TimerEvent: {}
[20.126300] (-) TimerEvent: {}
[20.206920] (vehicle_interfaces) StdoutLine: {'line': b'[ 43%] \x1b[32mBuilding CXX object CMakeFiles/vehicle_interfaces__rosidl_typesupport_cpp.dir/rosidl_typesupport_cpp/vehicle_interfaces/msg/mpu_data__type_support.cpp.o\x1b[0m\n'}
[20.227589] (-) TimerEvent: {}
[20.285328] (vehicle_interfaces) StdoutLine: {'line': b'[ 44%] \x1b[32mBuilding CXX object CMakeFiles/vehicle_interfaces__rosidl_typesupport_fastrtps_cpp.dir/rosidl_typesupport_fastrtps_cpp/vehicle_interfaces/msg/detail/dds_fastrtps/encoder_data__type_support.cpp.o\x1b[0m\n'}
[20.321319] (vehicle_interfaces) StdoutLine: {'line': b'[ 45%] \x1b[32mBuilding CXX object CMakeFiles/vehicle_interfaces__rosidl_typesupport_introspection_cpp.dir/rosidl_typesupport_introspection_cpp/vehicle_interfaces/msg/detail/ir_data__type_support.cpp.o\x1b[0m\n'}
[20.327706] (-) TimerEvent: {}
[20.428476] (-) TimerEvent: {}
[20.523323] (vehicle_interfaces) StdoutLine: {'line': b'[ 46%] \x1b[32mBuilding CXX object CMakeFiles/vehicle_interfaces__rosidl_typesupport_cpp.dir/rosidl_typesupport_cpp/vehicle_interfaces/msg/qmc_data__type_support.cpp.o\x1b[0m\n'}
[20.528612] (-) TimerEvent: {}
[20.629376] (-) TimerEvent: {}
[20.730968] (-) TimerEvent: {}
[20.832016] (-) TimerEvent: {}
[20.933581] (-) TimerEvent: {}
[21.034315] (-) TimerEvent: {}
[21.132210] (vehicle_interfaces) StdoutLine: {'line': b'[ 47%] \x1b[34m\x1b[1mGenerating C type support dispatch for ROS interfaces\x1b[0m\n'}
[21.135371] (-) TimerEvent: {}
[21.141082] (vehicle_interfaces) StdoutLine: {'line': b'[ 48%] \x1b[32mBuilding CXX object CMakeFiles/vehicle_interfaces__rosidl_typesupport_introspection_cpp.dir/rosidl_typesupport_introspection_cpp/vehicle_interfaces/msg/detail/mpu_data__type_support.cpp.o\x1b[0m\n'}
[21.235559] (-) TimerEvent: {}
[21.338904] (-) TimerEvent: {}
[21.406061] (vehicle_interfaces) StdoutLine: {'line': b'[ 49%] \x1b[32mBuilding CXX object CMakeFiles/vehicle_interfaces__rosidl_typesupport_cpp.dir/rosidl_typesupport_cpp/vehicle_interfaces/msg/temperature_data__type_support.cpp.o\x1b[0m\n'}
[21.439323] (-) TimerEvent: {}
[21.541369] (-) TimerEvent: {}
[21.566153] (vehicle_interfaces) StdoutLine: {'line': b'[ 50%] \x1b[32mBuilding CXX object CMakeFiles/vehicle_interfaces__rosidl_typesupport_fastrtps_cpp.dir/rosidl_typesupport_fastrtps_cpp/vehicle_interfaces/msg/detail/dds_fastrtps/gps_data__type_support.cpp.o\x1b[0m\n'}
[21.641674] (-) TimerEvent: {}
[21.747730] (-) TimerEvent: {}
[21.850022] (-) TimerEvent: {}
[21.955579] (-) TimerEvent: {}
[22.056023] (-) TimerEvent: {}
[22.156722] (-) TimerEvent: {}
[22.157802] (vehicle_interfaces) StdoutLine: {'line': b'[ 50%] \x1b[32mBuilding CXX object CMakeFiles/vehicle_interfaces__rosidl_typesupport_introspection_cpp.dir/rosidl_typesupport_introspection_cpp/vehicle_interfaces/msg/detail/qmc_data__type_support.cpp.o\x1b[0m\n'}
[22.256838] (-) TimerEvent: {}
[22.358145] (-) TimerEvent: {}
[22.410656] (vehicle_interfaces) StdoutLine: {'line': b'[ 51%] \x1b[32mBuilding CXX object CMakeFiles/vehicle_interfaces__rosidl_typesupport_cpp.dir/rosidl_typesupport_cpp/vehicle_interfaces/msg/to_f_data__type_support.cpp.o\x1b[0m\n'}
[22.458265] (-) TimerEvent: {}
[22.559387] (-) TimerEvent: {}
[22.663365] (-) TimerEvent: {}
[22.764519] (-) TimerEvent: {}
[22.823600] (vehicle_interfaces) StdoutLine: {'line': b'[ 52%] \x1b[32mBuilding CXX object CMakeFiles/vehicle_interfaces__rosidl_typesupport_fastrtps_cpp.dir/rosidl_typesupport_fastrtps_cpp/vehicle_interfaces/msg/detail/dds_fastrtps/ir_data__type_support.cpp.o\x1b[0m\n'}
[22.864620] (-) TimerEvent: {}
[22.965273] (-) TimerEvent: {}
[22.982677] (vehicle_interfaces) StdoutLine: {'line': b'[ 53%] \x1b[32mBuilding CXX object CMakeFiles/vehicle_interfaces__rosidl_typesupport_introspection_cpp.dir/rosidl_typesupport_introspection_cpp/vehicle_interfaces/msg/detail/temperature_data__type_support.cpp.o\x1b[0m\n'}
[23.065381] (-) TimerEvent: {}
[23.166828] (-) TimerEvent: {}
[23.268342] (-) TimerEvent: {}
[23.356989] (vehicle_interfaces) StdoutLine: {'line': b'[ 53%] \x1b[32mBuilding CXX object CMakeFiles/vehicle_interfaces__rosidl_typesupport_cpp.dir/rosidl_typesupport_cpp/vehicle_interfaces/msg/ultrasonic_data__type_support.cpp.o\x1b[0m\n'}
[23.368474] (-) TimerEvent: {}
[23.469506] (-) TimerEvent: {}
[23.570194] (-) TimerEvent: {}
[23.671519] (-) TimerEvent: {}
[23.772657] (-) TimerEvent: {}
[23.860653] (vehicle_interfaces) StdoutLine: {'line': b'[ 54%] \x1b[32mBuilding CXX object CMakeFiles/vehicle_interfaces__rosidl_typesupport_introspection_cpp.dir/rosidl_typesupport_introspection_cpp/vehicle_interfaces/msg/detail/to_f_data__type_support.cpp.o\x1b[0m\n'}
[23.872776] (-) TimerEvent: {}
[23.975065] (-) TimerEvent: {}
[24.069633] (vehicle_interfaces) StdoutLine: {'line': b'[ 54%] \x1b[32mBuilding CXX object CMakeFiles/vehicle_interfaces__rosidl_typesupport_fastrtps_cpp.dir/rosidl_typesupport_fastrtps_cpp/vehicle_interfaces/msg/detail/dds_fastrtps/mpu_data__type_support.cpp.o\x1b[0m\n'}
[24.075191] (-) TimerEvent: {}
[24.177649] (-) TimerEvent: {}
[24.253804] (vehicle_interfaces) StdoutLine: {'line': b'[ 55%] \x1b[32m\x1b[1mLinking CXX shared library libvehicle_interfaces__rosidl_typesupport_cpp.so\x1b[0m\n'}
[24.277141] (-) TimerEvent: {}
[24.377573] (-) TimerEvent: {}
[24.480455] (-) TimerEvent: {}
[24.525582] (vehicle_interfaces) StdoutLine: {'line': b'[ 55%] Built target vehicle_interfaces__rosidl_typesupport_cpp\n'}
[24.580585] (-) TimerEvent: {}
[24.662138] (vehicle_interfaces) StdoutLine: {'line': b'[ 56%] \x1b[32mBuilding CXX object CMakeFiles/vehicle_interfaces__rosidl_typesupport_introspection_cpp.dir/rosidl_typesupport_introspection_cpp/vehicle_interfaces/msg/detail/ultrasonic_data__type_support.cpp.o\x1b[0m\n'}
[24.680709] (-) TimerEvent: {}
[24.781578] (-) TimerEvent: {}
[24.890501] (-) TimerEvent: {}
[24.994142] (vehicle_interfaces) StdoutLine: {'line': b'\x1b[35m\x1b[1mScanning dependencies of target vehicle_interfaces__rosidl_typesupport_c\x1b[0m\n'}
[24.998877] (-) TimerEvent: {}
[25.124425] (-) TimerEvent: {}
[25.253668] (-) TimerEvent: {}
[25.292774] (vehicle_interfaces) StdoutLine: {'line': b'[ 56%] \x1b[32mBuilding CXX object CMakeFiles/vehicle_interfaces__rosidl_typesupport_c.dir/rosidl_typesupport_c/vehicle_interfaces/srv/get_serial_port__type_support.cpp.o\x1b[0m\n'}
[25.354553] (-) TimerEvent: {}
[25.361884] (vehicle_interfaces) StdoutLine: {'line': b'[ 57%] \x1b[32mBuilding CXX object CMakeFiles/vehicle_interfaces__rosidl_typesupport_fastrtps_cpp.dir/rosidl_typesupport_fastrtps_cpp/vehicle_interfaces/msg/detail/dds_fastrtps/qmc_data__type_support.cpp.o\x1b[0m\n'}
[25.418544] (vehicle_interfaces) StdoutLine: {'line': b'[ 58%] \x1b[32mBuilding CXX object CMakeFiles/vehicle_interfaces__rosidl_typesupport_c.dir/rosidl_typesupport_c/vehicle_interfaces/srv/reset_serial_port__type_support.cpp.o\x1b[0m\n'}
[25.455023] (-) TimerEvent: {}
[25.556295] (-) TimerEvent: {}
[25.617020] (vehicle_interfaces) StdoutLine: {'line': b'[ 59%] \x1b[32mBuilding CXX object CMakeFiles/vehicle_interfaces__rosidl_typesupport_c.dir/rosidl_typesupport_c/vehicle_interfaces/srv/get_device_status__type_support.cpp.o\x1b[0m\n'}
[25.669625] (-) TimerEvent: {}
[25.787661] (-) TimerEvent: {}
[25.890064] (-) TimerEvent: {}
[25.898881] (vehicle_interfaces) StdoutLine: {'line': b'[ 60%] \x1b[32mBuilding CXX object CMakeFiles/vehicle_interfaces__rosidl_typesupport_c.dir/rosidl_typesupport_c/vehicle_interfaces/msg/sensor_data__type_support.cpp.o\x1b[0m\n'}
[25.990199] (-) TimerEvent: {}
[26.026023] (vehicle_interfaces) StdoutLine: {'line': b'[ 61%] \x1b[32m\x1b[1mLinking CXX shared library libvehicle_interfaces__rosidl_typesupport_introspection_cpp.so\x1b[0m\n'}
[26.072557] (vehicle_interfaces) StdoutLine: {'line': b'[ 62%] \x1b[32mBuilding CXX object CMakeFiles/vehicle_interfaces__rosidl_typesupport_c.dir/rosidl_typesupport_c/vehicle_interfaces/msg/control_data__type_support.cpp.o\x1b[0m\n'}
[26.090322] (-) TimerEvent: {}
[26.183320] (vehicle_interfaces) StdoutLine: {'line': b'[ 62%] \x1b[32mBuilding CXX object CMakeFiles/vehicle_interfaces__rosidl_typesupport_c.dir/rosidl_typesupport_c/vehicle_interfaces/msg/encoder_data__type_support.cpp.o\x1b[0m\n'}
[26.190467] (-) TimerEvent: {}
[26.274378] (vehicle_interfaces) StdoutLine: {'line': b'[ 63%] \x1b[32mBuilding CXX object CMakeFiles/vehicle_interfaces__rosidl_typesupport_c.dir/rosidl_typesupport_c/vehicle_interfaces/msg/gps_data__type_support.cpp.o\x1b[0m\n'}
[26.290665] (-) TimerEvent: {}
[26.304800] (vehicle_interfaces) StdoutLine: {'line': b'[ 63%] Built target vehicle_interfaces__rosidl_typesupport_introspection_cpp\n'}
[26.347478] (vehicle_interfaces) StdoutLine: {'line': b'[ 64%] \x1b[32mBuilding CXX object CMakeFiles/vehicle_interfaces__rosidl_typesupport_c.dir/rosidl_typesupport_c/vehicle_interfaces/msg/ir_data__type_support.cpp.o\x1b[0m\n'}
[26.390768] (-) TimerEvent: {}
[26.407005] (vehicle_interfaces) StdoutLine: {'line': b'[ 65%] \x1b[32mBuilding CXX object CMakeFiles/vehicle_interfaces__rosidl_typesupport_c.dir/rosidl_typesupport_c/vehicle_interfaces/msg/mpu_data__type_support.cpp.o\x1b[0m\n'}
[26.461841] (vehicle_interfaces) StdoutLine: {'line': b'[ 66%] \x1b[32mBuilding CXX object CMakeFiles/vehicle_interfaces__rosidl_typesupport_c.dir/rosidl_typesupport_c/vehicle_interfaces/msg/qmc_data__type_support.cpp.o\x1b[0m\n'}
[26.490902] (-) TimerEvent: {}
[26.507875] (vehicle_interfaces) StdoutLine: {'line': b'[ 66%] \x1b[32mBuilding CXX object CMakeFiles/vehicle_interfaces__rosidl_typesupport_c.dir/rosidl_typesupport_c/vehicle_interfaces/msg/temperature_data__type_support.cpp.o\x1b[0m\n'}
[26.568770] (vehicle_interfaces) StdoutLine: {'line': b'[ 67%] \x1b[32mBuilding CXX object CMakeFiles/vehicle_interfaces__rosidl_typesupport_c.dir/rosidl_typesupport_c/vehicle_interfaces/msg/to_f_data__type_support.cpp.o\x1b[0m\n'}
[26.591021] (-) TimerEvent: {}
[26.620345] (vehicle_interfaces) StdoutLine: {'line': b'[ 68%] \x1b[32mBuilding CXX object CMakeFiles/vehicle_interfaces__rosidl_typesupport_c.dir/rosidl_typesupport_c/vehicle_interfaces/msg/ultrasonic_data__type_support.cpp.o\x1b[0m\n'}
[26.675091] (vehicle_interfaces) StdoutLine: {'line': b'[ 69%] \x1b[32m\x1b[1mLinking CXX shared library libvehicle_interfaces__rosidl_typesupport_c.so\x1b[0m\n'}
[26.679487] (vehicle_interfaces) StdoutLine: {'line': b'[ 70%] \x1b[32mBuilding CXX object CMakeFiles/vehicle_interfaces__rosidl_typesupport_fastrtps_cpp.dir/rosidl_typesupport_fastrtps_cpp/vehicle_interfaces/msg/detail/dds_fastrtps/to_f_data__type_support.cpp.o\x1b[0m\n'}
[26.691134] (-) TimerEvent: {}
[26.756171] (vehicle_interfaces) StdoutLine: {'line': b'[ 70%] Built target vehicle_interfaces__rosidl_typesupport_c\n'}
[26.791247] (-) TimerEvent: {}
[26.891608] (-) TimerEvent: {}
[26.991963] (-) TimerEvent: {}
[27.092336] (-) TimerEvent: {}
[27.193146] (-) TimerEvent: {}
[27.281029] (vehicle_interfaces) StdoutLine: {'line': b'[ 71%] \x1b[32mBuilding CXX object CMakeFiles/vehicle_interfaces__rosidl_typesupport_fastrtps_cpp.dir/rosidl_typesupport_fastrtps_cpp/vehicle_interfaces/msg/detail/dds_fastrtps/ultrasonic_data__type_support.cpp.o\x1b[0m\n'}
[27.293264] (-) TimerEvent: {}
[27.393706] (-) TimerEvent: {}
[27.494087] (-) TimerEvent: {}
[27.594445] (-) TimerEvent: {}
[27.694814] (-) TimerEvent: {}
[27.795204] (-) TimerEvent: {}
[27.893990] (vehicle_interfaces) StdoutLine: {'line': b'[ 72%] \x1b[32mBuilding CXX object CMakeFiles/vehicle_interfaces__rosidl_typesupport_fastrtps_cpp.dir/rosidl_typesupport_fastrtps_cpp/vehicle_interfaces/msg/detail/dds_fastrtps/temperature_data__type_support.cpp.o\x1b[0m\n'}
[27.895284] (-) TimerEvent: {}
[27.995643] (-) TimerEvent: {}
[28.095973] (-) TimerEvent: {}
[28.196314] (-) TimerEvent: {}
[28.296710] (-) TimerEvent: {}
[28.397204] (-) TimerEvent: {}
[28.497633] (-) TimerEvent: {}
[28.527559] (vehicle_interfaces) StdoutLine: {'line': b'[ 72%] \x1b[32m\x1b[1mLinking CXX shared library libvehicle_interfaces__rosidl_typesupport_fastrtps_cpp.so\x1b[0m\n'}
[28.597771] (-) TimerEvent: {}
[28.696087] (vehicle_interfaces) StdoutLine: {'line': b'[ 72%] Built target vehicle_interfaces__rosidl_typesupport_fastrtps_cpp\n'}
[28.697854] (-) TimerEvent: {}
[28.734656] (vehicle_interfaces) StdoutLine: {'line': b'[ 73%] \x1b[34m\x1b[1mGenerating C type support for eProsima Fast-RTPS\x1b[0m\n'}
[28.798000] (-) TimerEvent: {}
[28.898336] (-) TimerEvent: {}
[28.998670] (-) TimerEvent: {}
[29.098993] (-) TimerEvent: {}
[29.199316] (-) TimerEvent: {}
[29.299652] (-) TimerEvent: {}
[29.399984] (-) TimerEvent: {}
[29.500324] (-) TimerEvent: {}
[29.600676] (-) TimerEvent: {}
[29.700996] (-) TimerEvent: {}
[29.801337] (-) TimerEvent: {}
[29.901921] (-) TimerEvent: {}
[30.002227] (-) TimerEvent: {}
[30.102563] (-) TimerEvent: {}
[30.202983] (-) TimerEvent: {}
[30.303319] (-) TimerEvent: {}
[30.403639] (-) TimerEvent: {}
[30.504026] (-) TimerEvent: {}
[30.604362] (-) TimerEvent: {}
[30.704717] (-) TimerEvent: {}
[30.776172] (vehicle_interfaces) StdoutLine: {'line': b'\x1b[35m\x1b[1mScanning dependencies of target vehicle_interfaces__rosidl_typesupport_fastrtps_c\x1b[0m\n'}
[30.804826] (-) TimerEvent: {}
[30.862914] (vehicle_interfaces) StdoutLine: {'line': b'[ 74%] \x1b[32mBuilding CXX object CMakeFiles/vehicle_interfaces__rosidl_typesupport_fastrtps_c.dir/rosidl_typesupport_fastrtps_c/vehicle_interfaces/srv/detail/get_serial_port__type_support_c.cpp.o\x1b[0m\n'}
[30.904930] (-) TimerEvent: {}
[31.005229] (-) TimerEvent: {}
[31.105677] (-) TimerEvent: {}
[31.207482] (-) TimerEvent: {}
[31.308073] (-) TimerEvent: {}
[31.408440] (-) TimerEvent: {}
[31.509055] (-) TimerEvent: {}
[31.559732] (vehicle_interfaces) StdoutLine: {'line': b'[ 75%] \x1b[32mBuilding CXX object CMakeFiles/vehicle_interfaces__rosidl_typesupport_fastrtps_c.dir/rosidl_typesupport_fastrtps_c/vehicle_interfaces/msg/detail/sensor_data__type_support_c.cpp.o\x1b[0m\n'}
[31.609134] (-) TimerEvent: {}
[31.709521] (-) TimerEvent: {}
[31.809931] (-) TimerEvent: {}
[31.910342] (-) TimerEvent: {}
[32.010765] (-) TimerEvent: {}
[32.086658] (vehicle_interfaces) StdoutLine: {'line': b'[ 76%] \x1b[32mBuilding CXX object CMakeFiles/vehicle_interfaces__rosidl_typesupport_fastrtps_c.dir/rosidl_typesupport_fastrtps_c/vehicle_interfaces/msg/detail/control_data__type_support_c.cpp.o\x1b[0m\n'}
[32.110880] (-) TimerEvent: {}
[32.211284] (-) TimerEvent: {}
[32.311740] (-) TimerEvent: {}
[32.412131] (-) TimerEvent: {}
[32.512538] (-) TimerEvent: {}
[32.600614] (vehicle_interfaces) StdoutLine: {'line': b'[ 77%] \x1b[32mBuilding CXX object CMakeFiles/vehicle_interfaces__rosidl_typesupport_fastrtps_c.dir/rosidl_typesupport_fastrtps_c/vehicle_interfaces/msg/detail/encoder_data__type_support_c.cpp.o\x1b[0m\n'}
[32.612643] (-) TimerEvent: {}
[32.713021] (-) TimerEvent: {}
[32.813433] (-) TimerEvent: {}
[32.913844] (-) TimerEvent: {}
[33.014281] (-) TimerEvent: {}
[33.111892] (vehicle_interfaces) StdoutLine: {'line': b'[ 77%] \x1b[32mBuilding CXX object CMakeFiles/vehicle_interfaces__rosidl_typesupport_fastrtps_c.dir/rosidl_typesupport_fastrtps_c/vehicle_interfaces/msg/detail/gps_data__type_support_c.cpp.o\x1b[0m\n'}
[33.114390] (-) TimerEvent: {}
[33.214733] (-) TimerEvent: {}
[33.315143] (-) TimerEvent: {}
[33.415538] (-) TimerEvent: {}
[33.515879] (-) TimerEvent: {}
[33.616209] (-) TimerEvent: {}
[33.677567] (vehicle_interfaces) StdoutLine: {'line': b'[ 78%] \x1b[32mBuilding CXX object CMakeFiles/vehicle_interfaces__rosidl_typesupport_fastrtps_c.dir/rosidl_typesupport_fastrtps_c/vehicle_interfaces/msg/detail/ir_data__type_support_c.cpp.o\x1b[0m\n'}
[33.716327] (-) TimerEvent: {}
[33.816741] (-) TimerEvent: {}
[33.918001] (-) TimerEvent: {}
[34.018466] (-) TimerEvent: {}
[34.118952] (-) TimerEvent: {}
[34.219328] (-) TimerEvent: {}
[34.319749] (-) TimerEvent: {}
[34.337427] (vehicle_interfaces) StdoutLine: {'line': b'[ 79%] \x1b[32mBuilding CXX object CMakeFiles/vehicle_interfaces__rosidl_typesupport_fastrtps_c.dir/rosidl_typesupport_fastrtps_c/vehicle_interfaces/msg/detail/mpu_data__type_support_c.cpp.o\x1b[0m\n'}
[34.419872] (-) TimerEvent: {}
[34.520280] (-) TimerEvent: {}
[34.620704] (-) TimerEvent: {}
[34.721111] (-) TimerEvent: {}
[34.821525] (-) TimerEvent: {}
[34.850009] (vehicle_interfaces) StdoutLine: {'line': b'[ 80%] \x1b[32mBuilding CXX object CMakeFiles/vehicle_interfaces__rosidl_typesupport_fastrtps_c.dir/rosidl_typesupport_fastrtps_c/vehicle_interfaces/msg/detail/qmc_data__type_support_c.cpp.o\x1b[0m\n'}
[34.921626] (-) TimerEvent: {}
[35.021953] (-) TimerEvent: {}
[35.122288] (-) TimerEvent: {}
[35.222652] (-) TimerEvent: {}
[35.323001] (-) TimerEvent: {}
[35.366127] (vehicle_interfaces) StdoutLine: {'line': b'[ 81%] \x1b[32mBuilding CXX object CMakeFiles/vehicle_interfaces__rosidl_typesupport_fastrtps_c.dir/rosidl_typesupport_fastrtps_c/vehicle_interfaces/msg/detail/temperature_data__type_support_c.cpp.o\x1b[0m\n'}
[35.423126] (-) TimerEvent: {}
[35.523520] (-) TimerEvent: {}
[35.623960] (-) TimerEvent: {}
[35.724389] (-) TimerEvent: {}
[35.824771] (-) TimerEvent: {}
[35.883215] (vehicle_interfaces) StdoutLine: {'line': b'[ 81%] \x1b[32mBuilding CXX object CMakeFiles/vehicle_interfaces__rosidl_typesupport_fastrtps_c.dir/rosidl_typesupport_fastrtps_c/vehicle_interfaces/msg/detail/to_f_data__type_support_c.cpp.o\x1b[0m\n'}
[35.924893] (-) TimerEvent: {}
[36.025246] (-) TimerEvent: {}
[36.125570] (-) TimerEvent: {}
[36.225910] (-) TimerEvent: {}
[36.326259] (-) TimerEvent: {}
[36.390391] (vehicle_interfaces) StdoutLine: {'line': b'[ 82%] \x1b[32mBuilding CXX object CMakeFiles/vehicle_interfaces__rosidl_typesupport_fastrtps_c.dir/rosidl_typesupport_fastrtps_c/vehicle_interfaces/msg/detail/ultrasonic_data__type_support_c.cpp.o\x1b[0m\n'}
[36.426371] (-) TimerEvent: {}
[36.526745] (-) TimerEvent: {}
[36.627171] (-) TimerEvent: {}
[36.727526] (-) TimerEvent: {}
[36.827884] (-) TimerEvent: {}
[36.898447] (vehicle_interfaces) StdoutLine: {'line': b'[ 83%] \x1b[32mBuilding CXX object CMakeFiles/vehicle_interfaces__rosidl_typesupport_fastrtps_c.dir/rosidl_typesupport_fastrtps_c/vehicle_interfaces/srv/detail/get_device_status__type_support_c.cpp.o\x1b[0m\n'}
[36.927993] (-) TimerEvent: {}
[37.028340] (-) TimerEvent: {}
[37.128688] (-) TimerEvent: {}
[37.229049] (-) TimerEvent: {}
[37.329414] (-) TimerEvent: {}
[37.429845] (-) TimerEvent: {}
[37.478960] (vehicle_interfaces) StdoutLine: {'line': b'[ 83%] \x1b[32mBuilding CXX object CMakeFiles/vehicle_interfaces__rosidl_typesupport_fastrtps_c.dir/rosidl_typesupport_fastrtps_c/vehicle_interfaces/srv/detail/reset_serial_port__type_support_c.cpp.o\x1b[0m\n'}
[37.530061] (-) TimerEvent: {}
[37.630382] (-) TimerEvent: {}
[37.730737] (-) TimerEvent: {}
[37.831050] (-) TimerEvent: {}
[37.931369] (-) TimerEvent: {}
[38.003156] (vehicle_interfaces) StdoutLine: {'line': b'[ 84%] \x1b[32m\x1b[1mLinking CXX shared library libvehicle_interfaces__rosidl_typesupport_fastrtps_c.so\x1b[0m\n'}
[38.031498] (-) TimerEvent: {}
[38.132472] (-) TimerEvent: {}
[38.212155] (vehicle_interfaces) StdoutLine: {'line': b'[ 84%] Built target vehicle_interfaces__rosidl_typesupport_fastrtps_c\n'}
[38.232580] (-) TimerEvent: {}
[38.255528] (vehicle_interfaces) StdoutLine: {'line': b'[ 84%] Built target vehicle_interfaces\n'}
[38.298920] (vehicle_interfaces) StdoutLine: {'line': b'[ 85%] \x1b[34m\x1b[1mGenerating Python code for ROS interfaces\x1b[0m\n'}
[38.332684] (-) TimerEvent: {}
[38.433022] (-) TimerEvent: {}
[38.533315] (-) TimerEvent: {}
[38.633629] (-) TimerEvent: {}
[38.733961] (-) TimerEvent: {}
[38.834465] (-) TimerEvent: {}
[38.934795] (-) TimerEvent: {}
[39.035094] (-) TimerEvent: {}
[39.135415] (-) TimerEvent: {}
[39.235755] (-) TimerEvent: {}
[39.336060] (-) TimerEvent: {}
[39.436372] (-) TimerEvent: {}
[39.536679] (-) TimerEvent: {}
[39.637003] (-) TimerEvent: {}
[39.737402] (-) TimerEvent: {}
[39.837777] (-) TimerEvent: {}
[39.938090] (-) TimerEvent: {}
[40.038414] (-) TimerEvent: {}
[40.138754] (-) TimerEvent: {}
[40.239062] (-) TimerEvent: {}
[40.339369] (-) TimerEvent: {}
[40.439670] (-) TimerEvent: {}
[40.539976] (-) TimerEvent: {}
[40.640290] (-) TimerEvent: {}
[40.740559] (-) TimerEvent: {}
[40.840858] (-) TimerEvent: {}
[40.941172] (-) TimerEvent: {}
[41.041527] (-) TimerEvent: {}
[41.141841] (-) TimerEvent: {}
[41.242146] (-) TimerEvent: {}
[41.342451] (-) TimerEvent: {}
[41.442814] (-) TimerEvent: {}
[41.543148] (-) TimerEvent: {}
[41.643454] (-) TimerEvent: {}
[41.743798] (-) TimerEvent: {}
[41.844146] (-) TimerEvent: {}
[41.945211] (-) TimerEvent: {}
[42.045587] (-) TimerEvent: {}
[42.146282] (-) TimerEvent: {}
[42.246630] (-) TimerEvent: {}
[42.346972] (-) TimerEvent: {}
[42.365584] (vehicle_interfaces) StdoutLine: {'line': b'[ 85%] Built target vehicle_interfaces__py\n'}
[42.396013] (vehicle_interfaces) StdoutLine: {'line': b'\x1b[35m\x1b[1mScanning dependencies of target vehicle_interfaces__python\x1b[0m\n'}
[42.447090] (-) TimerEvent: {}
[42.452015] (vehicle_interfaces) StdoutLine: {'line': b'[ 86%] \x1b[32mBuilding C object CMakeFiles/vehicle_interfaces__python.dir/rosidl_generator_py/vehicle_interfaces/srv/_get_serial_port_s.c.o\x1b[0m\n'}
[42.547201] (-) TimerEvent: {}
[42.632480] (vehicle_interfaces) StdoutLine: {'line': b'[ 87%] \x1b[32mBuilding C object CMakeFiles/vehicle_interfaces__python.dir/rosidl_generator_py/vehicle_interfaces/msg/_sensor_data_s.c.o\x1b[0m\n'}
[42.647308] (-) TimerEvent: {}
[42.747676] (-) TimerEvent: {}
[42.827609] (vehicle_interfaces) StdoutLine: {'line': b'[ 88%] \x1b[32mBuilding C object CMakeFiles/vehicle_interfaces__python.dir/rosidl_generator_py/vehicle_interfaces/msg/_control_data_s.c.o\x1b[0m\n'}
[42.847837] (-) TimerEvent: {}
[42.948893] (-) TimerEvent: {}
[43.013719] (vehicle_interfaces) StdoutLine: {'line': b'[ 89%] \x1b[32mBuilding C object CMakeFiles/vehicle_interfaces__python.dir/rosidl_generator_py/vehicle_interfaces/msg/_encoder_data_s.c.o\x1b[0m\n'}
[43.049010] (-) TimerEvent: {}
[43.141539] (vehicle_interfaces) StdoutLine: {'line': b'[ 90%] \x1b[32mBuilding C object CMakeFiles/vehicle_interfaces__python.dir/rosidl_generator_py/vehicle_interfaces/msg/_gps_data_s.c.o\x1b[0m\n'}
[43.149128] (-) TimerEvent: {}
[43.249544] (-) TimerEvent: {}
[43.274797] (vehicle_interfaces) StdoutLine: {'line': b'[ 90%] \x1b[32mBuilding C object CMakeFiles/vehicle_interfaces__python.dir/rosidl_generator_py/vehicle_interfaces/msg/_ir_data_s.c.o\x1b[0m\n'}
[43.349664] (-) TimerEvent: {}
[43.398383] (vehicle_interfaces) StdoutLine: {'line': b'[ 91%] \x1b[32mBuilding C object CMakeFiles/vehicle_interfaces__python.dir/rosidl_generator_py/vehicle_interfaces/msg/_mpu_data_s.c.o\x1b[0m\n'}
[43.449782] (-) TimerEvent: {}
[43.523706] (vehicle_interfaces) StdoutLine: {'line': b'[ 92%] \x1b[32mBuilding C object CMakeFiles/vehicle_interfaces__python.dir/rosidl_generator_py/vehicle_interfaces/msg/_qmc_data_s.c.o\x1b[0m\n'}
[43.549908] (-) TimerEvent: {}
[43.650329] (-) TimerEvent: {}
[43.653176] (vehicle_interfaces) StdoutLine: {'line': b'[ 93%] \x1b[32mBuilding C object CMakeFiles/vehicle_interfaces__python.dir/rosidl_generator_py/vehicle_interfaces/msg/_temperature_data_s.c.o\x1b[0m\n'}
[43.750466] (-) TimerEvent: {}
[43.795580] (vehicle_interfaces) StdoutLine: {'line': b'[ 94%] \x1b[32mBuilding C object CMakeFiles/vehicle_interfaces__python.dir/rosidl_generator_py/vehicle_interfaces/msg/_to_f_data_s.c.o\x1b[0m\n'}
[43.850585] (-) TimerEvent: {}
[43.917963] (vehicle_interfaces) StdoutLine: {'line': b'[ 94%] \x1b[32mBuilding C object CMakeFiles/vehicle_interfaces__python.dir/rosidl_generator_py/vehicle_interfaces/msg/_ultrasonic_data_s.c.o\x1b[0m\n'}
[43.950697] (-) TimerEvent: {}
[44.041419] (vehicle_interfaces) StdoutLine: {'line': b'[ 94%] \x1b[32mBuilding C object CMakeFiles/vehicle_interfaces__python.dir/rosidl_generator_py/vehicle_interfaces/srv/_get_device_status_s.c.o\x1b[0m\n'}
[44.050806] (-) TimerEvent: {}
[44.151156] (-) TimerEvent: {}
[44.176461] (vehicle_interfaces) StdoutLine: {'line': b'[ 95%] \x1b[32mBuilding C object CMakeFiles/vehicle_interfaces__python.dir/rosidl_generator_py/vehicle_interfaces/srv/_reset_serial_port_s.c.o\x1b[0m\n'}
[44.251275] (-) TimerEvent: {}
[44.305221] (vehicle_interfaces) StdoutLine: {'line': b'[ 96%] \x1b[32m\x1b[1mLinking C shared library rosidl_generator_py/vehicle_interfaces/libvehicle_interfaces__python.so\x1b[0m\n'}
[44.351416] (-) TimerEvent: {}
[44.384014] (vehicle_interfaces) StdoutLine: {'line': b'[ 96%] Built target vehicle_interfaces__python\n'}
[44.401340] (vehicle_interfaces) StdoutLine: {'line': b'\x1b[35m\x1b[1mScanning dependencies of target vehicle_interfaces__rosidl_typesupport_c__pyext\x1b[0m\n'}
[44.433674] (vehicle_interfaces) StdoutLine: {'line': b'[ 97%] \x1b[32mBuilding C object CMakeFiles/vehicle_interfaces__rosidl_typesupport_c__pyext.dir/rosidl_generator_py/vehicle_interfaces/_vehicle_interfaces_s.ep.rosidl_typesupport_c.c.o\x1b[0m\n'}
[44.451552] (-) TimerEvent: {}
[44.551942] (-) TimerEvent: {}
[44.638355] (vehicle_interfaces) StdoutLine: {'line': b'[ 97%] \x1b[32m\x1b[1mLinking C shared library rosidl_generator_py/vehicle_interfaces/vehicle_interfaces_s__rosidl_typesupport_c.cpython-38-x86_64-linux-gnu.so\x1b[0m\n'}
[44.652059] (-) TimerEvent: {}
[44.707357] (vehicle_interfaces) StdoutLine: {'line': b'[ 97%] Built target vehicle_interfaces__rosidl_typesupport_c__pyext\n'}
[44.724359] (vehicle_interfaces) StdoutLine: {'line': b'\x1b[35m\x1b[1mScanning dependencies of target vehicle_interfaces__rosidl_typesupport_introspection_c__pyext\x1b[0m\n'}
[44.752162] (-) TimerEvent: {}
[44.752737] (vehicle_interfaces) StdoutLine: {'line': b'[ 98%] \x1b[32mBuilding C object CMakeFiles/vehicle_interfaces__rosidl_typesupport_introspection_c__pyext.dir/rosidl_generator_py/vehicle_interfaces/_vehicle_interfaces_s.ep.rosidl_typesupport_introspection_c.c.o\x1b[0m\n'}
[44.852282] (-) TimerEvent: {}
[44.952700] (-) TimerEvent: {}
[44.954005] (vehicle_interfaces) StdoutLine: {'line': b'[ 99%] \x1b[32m\x1b[1mLinking C shared library rosidl_generator_py/vehicle_interfaces/vehicle_interfaces_s__rosidl_typesupport_introspection_c.cpython-38-x86_64-linux-gnu.so\x1b[0m\n'}
[45.027472] (vehicle_interfaces) StdoutLine: {'line': b'[ 99%] Built target vehicle_interfaces__rosidl_typesupport_introspection_c__pyext\n'}
[45.044722] (vehicle_interfaces) StdoutLine: {'line': b'\x1b[35m\x1b[1mScanning dependencies of target vehicle_interfaces__rosidl_typesupport_fastrtps_c__pyext\x1b[0m\n'}
[45.052804] (-) TimerEvent: {}
[45.082123] (vehicle_interfaces) StdoutLine: {'line': b'[100%] \x1b[32mBuilding C object CMakeFiles/vehicle_interfaces__rosidl_typesupport_fastrtps_c__pyext.dir/rosidl_generator_py/vehicle_interfaces/_vehicle_interfaces_s.ep.rosidl_typesupport_fastrtps_c.c.o\x1b[0m\n'}
[45.152943] (-) TimerEvent: {}
[45.253322] (-) TimerEvent: {}
[45.305216] (vehicle_interfaces) StdoutLine: {'line': b'[100%] \x1b[32m\x1b[1mLinking CXX shared library rosidl_generator_py/vehicle_interfaces/vehicle_interfaces_s__rosidl_typesupport_fastrtps_c.cpython-38-x86_64-linux-gnu.so\x1b[0m\n'}
[45.353440] (-) TimerEvent: {}
[45.417236] (vehicle_interfaces) StdoutLine: {'line': b'[100%] Built target vehicle_interfaces__rosidl_typesupport_fastrtps_c__pyext\n'}
[45.434104] (vehicle_interfaces) CommandEnded: {'returncode': 0}
[45.453607] (-) TimerEvent: {}
[45.554010] (-) TimerEvent: {}
[45.654291] (-) TimerEvent: {}
[45.754548] (-) TimerEvent: {}
[45.804270] (vehicle_interfaces) JobProgress: {'identifier': 'vehicle_interfaces', 'progress': 'install'}
[45.819757] (vehicle_interfaces) Command: {'cmd': ['/usr/bin/cmake', '--install', '/root/build/vehicle_interfaces'], 'cwd': '/root/build/vehicle_interfaces', 'env': OrderedDict([('HOSTNAME', '2a33c685da1f'), ('SHLVL', '1'), ('LD_LIBRARY_PATH', '/root/install/vehicle_interfaces/lib:/opt/ros/foxy/opt/yaml_cpp_vendor/lib:/opt/ros/foxy/opt/rviz_ogre_vendor/lib:/opt/ros/foxy/lib/x86_64-linux-gnu:/opt/ros/foxy/lib'), ('HOME', '/root'), ('OLDPWD', '/'), ('ROS_PYTHON_VERSION', '3'), ('COLCON_PREFIX_PATH', '/root/install'), ('ROS_DISTRO', 'foxy'), ('_', '/usr/bin/colcon'), ('ROS_VERSION', '2'), ('TERM', 'xterm'), ('ROS_LOCALHOST_ONLY', '0'), ('QT_X11_NO_MITSHM', '1'), ('PATH', '/opt/ros/foxy/bin:/usr/local/sbin:/usr/local/bin:/usr/sbin:/usr/bin:/sbin:/bin'), ('DISPLAY', ':0.0'), ('LANG', 'C.UTF-8'), ('AMENT_PREFIX_PATH', '/root/install/vehicle_interfaces:/root/install/vehicle_string_converter:/root/install/vehicle_simulation:/opt/ros/foxy'), ('DEBIAN_FRONTEND', 'noninteractive'), ('PWD', '/root/build/vehicle_interfaces'), ('LC_ALL', 'C.UTF-8'), ('PYTHONPATH', '/root/install/vehicle_interfaces/lib/python3.8/site-packages:/root/install/vehicle_string_converter/lib/python3.8/site-packages:/root/install/vehicle_simulation/lib/python3.8/site-packages:/opt/ros/foxy/lib/python3.8/site-packages'), ('COLCON', '1'), ('CMAKE_PREFIX_PATH', '/root/install/vehicle_interfaces:/root/install/vehicle_string_converter:/root/install/vehicle_simulation:/opt/ros/foxy')]), 'shell': False}
[45.833986] (vehicle_interfaces) StdoutLine: {'line': b'-- Install configuration: ""\n'}
[45.834282] (vehicle_interfaces) StdoutLine: {'line': b'-- Up-to-date: /root/install/vehicle_interfaces/share/ament_index/resource_index/rosidl_interfaces/vehicle_interfaces\n'}
[45.834484] (vehicle_interfaces) StdoutLine: {'line': b'-- Up-to-date: /root/install/vehicle_interfaces/include/vehicle_interfaces\n'}
[45.834584] (vehicle_interfaces) StdoutLine: {'line': b'-- Up-to-date: /root/install/vehicle_interfaces/include/vehicle_interfaces/msg\n'}
[45.834668] (vehicle_interfaces) StdoutLine: {'line': b'-- Installing: /root/install/vehicle_interfaces/include/vehicle_interfaces/msg/ultrasonic_data.h\n'}
[45.834884] (vehicle_interfaces) StdoutLine: {'line': b'-- Installing: /root/install/vehicle_interfaces/include/vehicle_interfaces/msg/qmc_data.h\n'}
[45.835156] (vehicle_interfaces) StdoutLine: {'line': b'-- Installing: /root/install/vehicle_interfaces/include/vehicle_interfaces/msg/temperature_data.h\n'}
[45.835417] (vehicle_interfaces) StdoutLine: {'line': b'-- Installing: /root/install/vehicle_interfaces/include/vehicle_interfaces/msg/mpu_data.h\n'}
[45.835680] (vehicle_interfaces) StdoutLine: {'line': b'-- Installing: /root/install/vehicle_interfaces/include/vehicle_interfaces/msg/sensor_data.h\n'}
[45.835945] (vehicle_interfaces) StdoutLine: {'line': b'-- Installing: /root/install/vehicle_interfaces/include/vehicle_interfaces/msg/encoder_data.h\n'}
[45.836185] (vehicle_interfaces) StdoutLine: {'line': b'-- Up-to-date: /root/install/vehicle_interfaces/include/vehicle_interfaces/msg/rosidl_generator_c__visibility_control.h\n'}
[45.836325] (vehicle_interfaces) StdoutLine: {'line': b'-- Installing: /root/install/vehicle_interfaces/include/vehicle_interfaces/msg/gps_data.h\n'}
[45.836472] (vehicle_interfaces) StdoutLine: {'line': b'-- Installing: /root/install/vehicle_interfaces/include/vehicle_interfaces/msg/to_f_data.h\n'}
[45.836743] (vehicle_interfaces) StdoutLine: {'line': b'-- Installing: /root/install/vehicle_interfaces/include/vehicle_interfaces/msg/control_data.h\n'}
[45.837002] (vehicle_interfaces) StdoutLine: {'line': b'-- Installing: /root/install/vehicle_interfaces/include/vehicle_interfaces/msg/ir_data.h\n'}
[45.837213] (vehicle_interfaces) StdoutLine: {'line': b'-- Up-to-date: /root/install/vehicle_interfaces/include/vehicle_interfaces/msg/detail\n'}
[45.837352] (vehicle_interfaces) StdoutLine: {'line': b'-- Installing: /root/install/vehicle_interfaces/include/vehicle_interfaces/msg/detail/to_f_data__struct.h\n'}
[45.837785] (vehicle_interfaces) StdoutLine: {'line': b'-- Installing: /root/install/vehicle_interfaces/include/vehicle_interfaces/msg/detail/temperature_data__functions.h\n'}
[45.837977] (vehicle_interfaces) StdoutLine: {'line': b'-- Installing: /root/install/vehicle_interfaces/include/vehicle_interfaces/msg/detail/temperature_data__struct.h\n'}
[45.838161] (vehicle_interfaces) StdoutLine: {'line': b'-- Installing: /root/install/vehicle_interfaces/include/vehicle_interfaces/msg/detail/mpu_data__functions.c\n'}
[45.838417] (vehicle_interfaces) StdoutLine: {'line': b'-- Installing: /root/install/vehicle_interfaces/include/vehicle_interfaces/msg/detail/ultrasonic_data__type_support.h\n'}
[45.838624] (vehicle_interfaces) StdoutLine: {'line': b'-- Installing: /root/install/vehicle_interfaces/include/vehicle_interfaces/msg/detail/control_data__type_support.h\n'}
[45.838810] (vehicle_interfaces) StdoutLine: {'line': b'-- Installing: /root/install/vehicle_interfaces/include/vehicle_interfaces/msg/detail/to_f_data__functions.c\n'}
[45.839053] (vehicle_interfaces) StdoutLine: {'line': b'-- Installing: /root/install/vehicle_interfaces/include/vehicle_interfaces/msg/detail/qmc_data__type_support.h\n'}
[45.839235] (vehicle_interfaces) StdoutLine: {'line': b'-- Installing: /root/install/vehicle_interfaces/include/vehicle_interfaces/msg/detail/ir_data__functions.c\n'}
[45.839476] (vehicle_interfaces) StdoutLine: {'line': b'-- Installing: /root/install/vehicle_interfaces/include/vehicle_interfaces/msg/detail/gps_data__struct.h\n'}
[45.839699] (vehicle_interfaces) StdoutLine: {'line': b'-- Installing: /root/install/vehicle_interfaces/include/vehicle_interfaces/msg/detail/gps_data__functions.h\n'}
[45.839878] (vehicle_interfaces) StdoutLine: {'line': b'-- Installing: /root/install/vehicle_interfaces/include/vehicle_interfaces/msg/detail/sensor_data__struct.h\n'}
[45.840061] (vehicle_interfaces) StdoutLine: {'line': b'-- Installing: /root/install/vehicle_interfaces/include/vehicle_interfaces/msg/detail/ir_data__struct.h\n'}
[45.840240] (vehicle_interfaces) StdoutLine: {'line': b'-- Installing: /root/install/vehicle_interfaces/include/vehicle_interfaces/msg/detail/sensor_data__functions.c\n'}
[45.840653] (vehicle_interfaces) StdoutLine: {'line': b'-- Installing: /root/install/vehicle_interfaces/include/vehicle_interfaces/msg/detail/mpu_data__struct.h\n'}
[45.840804] (vehicle_interfaces) StdoutLine: {'line': b'-- Installing: /root/install/vehicle_interfaces/include/vehicle_interfaces/msg/detail/mpu_data__functions.h\n'}
[45.840966] (vehicle_interfaces) StdoutLine: {'line': b'-- Installing: /root/install/vehicle_interfaces/include/vehicle_interfaces/msg/detail/temperature_data__type_support.h\n'}
[45.841149] (vehicle_interfaces) StdoutLine: {'line': b'-- Installing: /root/install/vehicle_interfaces/include/vehicle_interfaces/msg/detail/ir_data__type_support.h\n'}
[45.841341] (vehicle_interfaces) StdoutLine: {'line': b'-- Installing: /root/install/vehicle_interfaces/include/vehicle_interfaces/msg/detail/mpu_data__type_support.h\n'}
[45.841534] (vehicle_interfaces) StdoutLine: {'line': b'-- Installing: /root/install/vehicle_interfaces/include/vehicle_interfaces/msg/detail/ultrasonic_data__struct.h\n'}
[45.841843] (vehicle_interfaces) StdoutLine: {'line': b'-- Installing: /root/install/vehicle_interfaces/include/vehicle_interfaces/msg/detail/control_data__struct.h\n'}
[45.842036] (vehicle_interfaces) StdoutLine: {'line': b'-- Installing: /root/install/vehicle_interfaces/include/vehicle_interfaces/msg/detail/control_data__functions.c\n'}
[45.842336] (vehicle_interfaces) StdoutLine: {'line': b'-- Installing: /root/install/vehicle_interfaces/include/vehicle_interfaces/msg/detail/temperature_data__functions.c\n'}
[45.842639] (vehicle_interfaces) StdoutLine: {'line': b'-- Installing: /root/install/vehicle_interfaces/include/vehicle_interfaces/msg/detail/gps_data__functions.c\n'}
[45.842922] (vehicle_interfaces) StdoutLine: {'line': b'-- Installing: /root/install/vehicle_interfaces/include/vehicle_interfaces/msg/detail/qmc_data__functions.h\n'}
[45.843091] (vehicle_interfaces) StdoutLine: {'line': b'-- Installing: /root/install/vehicle_interfaces/include/vehicle_interfaces/msg/detail/sensor_data__type_support.h\n'}
[45.843273] (vehicle_interfaces) StdoutLine: {'line': b'-- Installing: /root/install/vehicle_interfaces/include/vehicle_interfaces/msg/detail/control_data__functions.h\n'}
[45.843457] (vehicle_interfaces) StdoutLine: {'line': b'-- Installing: /root/install/vehicle_interfaces/include/vehicle_interfaces/msg/detail/ultrasonic_data__functions.c\n'}
[45.843793] (vehicle_interfaces) StdoutLine: {'line': b'-- Installing: /root/install/vehicle_interfaces/include/vehicle_interfaces/msg/detail/sensor_data__functions.h\n'}
[45.844024] (vehicle_interfaces) StdoutLine: {'line': b'-- Installing: /root/install/vehicle_interfaces/include/vehicle_interfaces/msg/detail/encoder_data__functions.c\n'}
[45.844275] (vehicle_interfaces) StdoutLine: {'line': b'-- Installing: /root/install/vehicle_interfaces/include/vehicle_interfaces/msg/detail/gps_data__type_support.h\n'}
[45.844463] (vehicle_interfaces) StdoutLine: {'line': b'-- Installing: /root/install/vehicle_interfaces/include/vehicle_interfaces/msg/detail/ir_data__functions.h\n'}
[45.844674] (vehicle_interfaces) StdoutLine: {'line': b'-- Installing: /root/install/vehicle_interfaces/include/vehicle_interfaces/msg/detail/to_f_data__functions.h\n'}
[45.844867] (vehicle_interfaces) StdoutLine: {'line': b'-- Installing: /root/install/vehicle_interfaces/include/vehicle_interfaces/msg/detail/encoder_data__type_support.h\n'}
[45.845049] (vehicle_interfaces) StdoutLine: {'line': b'-- Installing: /root/install/vehicle_interfaces/include/vehicle_interfaces/msg/detail/ultrasonic_data__functions.h\n'}
[45.845237] (vehicle_interfaces) StdoutLine: {'line': b'-- Installing: /root/install/vehicle_interfaces/include/vehicle_interfaces/msg/detail/to_f_data__type_support.h\n'}
[45.845431] (vehicle_interfaces) StdoutLine: {'line': b'-- Installing: /root/install/vehicle_interfaces/include/vehicle_interfaces/msg/detail/qmc_data__functions.c\n'}
[45.845720] (vehicle_interfaces) StdoutLine: {'line': b'-- Installing: /root/install/vehicle_interfaces/include/vehicle_interfaces/msg/detail/qmc_data__struct.h\n'}
[45.845917] (vehicle_interfaces) StdoutLine: {'line': b'-- Installing: /root/install/vehicle_interfaces/include/vehicle_interfaces/msg/detail/encoder_data__functions.h\n'}
[45.846110] (vehicle_interfaces) StdoutLine: {'line': b'-- Installing: /root/install/vehicle_interfaces/include/vehicle_interfaces/msg/detail/encoder_data__struct.h\n'}
[45.846297] (vehicle_interfaces) StdoutLine: {'line': b'-- Up-to-date: /root/install/vehicle_interfaces/include/vehicle_interfaces/srv\n'}
[45.846445] (vehicle_interfaces) StdoutLine: {'line': b'-- Installing: /root/install/vehicle_interfaces/include/vehicle_interfaces/srv/get_device_status.h\n'}
[45.846854] (vehicle_interfaces) StdoutLine: {'line': b'-- Installing: /root/install/vehicle_interfaces/include/vehicle_interfaces/srv/reset_serial_port.h\n'}
[45.847027] (vehicle_interfaces) StdoutLine: {'line': b'-- Installing: /root/install/vehicle_interfaces/include/vehicle_interfaces/srv/get_serial_port.h\n'}
[45.847207] (vehicle_interfaces) StdoutLine: {'line': b'-- Up-to-date: /root/install/vehicle_interfaces/include/vehicle_interfaces/srv/detail\n'}
[45.847297] (vehicle_interfaces) StdoutLine: {'line': b'-- Installing: /root/install/vehicle_interfaces/include/vehicle_interfaces/srv/detail/reset_serial_port__functions.c\n'}
[45.847610] (vehicle_interfaces) StdoutLine: {'line': b'-- Installing: /root/install/vehicle_interfaces/include/vehicle_interfaces/srv/detail/get_serial_port__functions.c\n'}
[45.847907] (vehicle_interfaces) StdoutLine: {'line': b'-- Installing: /root/install/vehicle_interfaces/include/vehicle_interfaces/srv/detail/reset_serial_port__type_support.h\n'}
[45.848088] (vehicle_interfaces) StdoutLine: {'line': b'-- Installing: /root/install/vehicle_interfaces/include/vehicle_interfaces/srv/detail/get_serial_port__functions.h\n'}
[45.848293] (vehicle_interfaces) StdoutLine: {'line': b'-- Installing: /root/install/vehicle_interfaces/include/vehicle_interfaces/srv/detail/get_device_status__struct.h\n'}
[45.848464] (vehicle_interfaces) StdoutLine: {'line': b'-- Installing: /root/install/vehicle_interfaces/include/vehicle_interfaces/srv/detail/reset_serial_port__functions.h\n'}
[45.848676] (vehicle_interfaces) StdoutLine: {'line': b'-- Installing: /root/install/vehicle_interfaces/include/vehicle_interfaces/srv/detail/get_serial_port__type_support.h\n'}
[45.848853] (vehicle_interfaces) StdoutLine: {'line': b'-- Installing: /root/install/vehicle_interfaces/include/vehicle_interfaces/srv/detail/get_device_status__functions.h\n'}
[45.849045] (vehicle_interfaces) StdoutLine: {'line': b'-- Installing: /root/install/vehicle_interfaces/include/vehicle_interfaces/srv/detail/get_serial_port__struct.h\n'}
[45.849231] (vehicle_interfaces) StdoutLine: {'line': b'-- Installing: /root/install/vehicle_interfaces/include/vehicle_interfaces/srv/detail/get_device_status__functions.c\n'}
[45.849542] (vehicle_interfaces) StdoutLine: {'line': b'-- Installing: /root/install/vehicle_interfaces/include/vehicle_interfaces/srv/detail/get_device_status__type_support.h\n'}
[45.849752] (vehicle_interfaces) StdoutLine: {'line': b'-- Installing: /root/install/vehicle_interfaces/include/vehicle_interfaces/srv/detail/reset_serial_port__struct.h\n'}
[45.850067] (vehicle_interfaces) StdoutLine: {'line': b'-- Up-to-date: /root/install/vehicle_interfaces/share/vehicle_interfaces/environment/library_path.sh\n'}
[45.850204] (vehicle_interfaces) StdoutLine: {'line': b'-- Installing: /root/install/vehicle_interfaces/share/vehicle_interfaces/environment/library_path.dsv\n'}
[45.851397] (vehicle_interfaces) StdoutLine: {'line': b'-- Installing: /root/install/vehicle_interfaces/lib/libvehicle_interfaces__rosidl_generator_c.so\n'}
[45.852283] (vehicle_interfaces) StdoutLine: {'line': b'-- Set runtime path of "/root/install/vehicle_interfaces/lib/libvehicle_interfaces__rosidl_generator_c.so" to ""\n'}
[45.852432] (vehicle_interfaces) StdoutLine: {'line': b'-- Up-to-date: /root/install/vehicle_interfaces/include/vehicle_interfaces\n'}
[45.852595] (vehicle_interfaces) StdoutLine: {'line': b'-- Up-to-date: /root/install/vehicle_interfaces/include/vehicle_interfaces/msg\n'}
[45.852778] (vehicle_interfaces) StdoutLine: {'line': b'-- Up-to-date: /root/install/vehicle_interfaces/include/vehicle_interfaces/msg/detail\n'}
[45.852883] (vehicle_interfaces) StdoutLine: {'line': b'-- Installing: /root/install/vehicle_interfaces/include/vehicle_interfaces/msg/detail/encoder_data__rosidl_typesupport_fastrtps_c.h\n'}
[45.853011] (vehicle_interfaces) StdoutLine: {'line': b'-- Installing: /root/install/vehicle_interfaces/include/vehicle_interfaces/msg/detail/qmc_data__rosidl_typesupport_fastrtps_c.h\n'}
[45.853138] (vehicle_interfaces) StdoutLine: {'line': b'-- Installing: /root/install/vehicle_interfaces/include/vehicle_interfaces/msg/detail/control_data__rosidl_typesupport_fastrtps_c.h\n'}
[45.853305] (vehicle_interfaces) StdoutLine: {'line': b'-- Installing: /root/install/vehicle_interfaces/include/vehicle_interfaces/msg/detail/to_f_data__rosidl_typesupport_fastrtps_c.h\n'}
[45.853517] (vehicle_interfaces) StdoutLine: {'line': b'-- Installing: /root/install/vehicle_interfaces/include/vehicle_interfaces/msg/detail/ultrasonic_data__rosidl_typesupport_fastrtps_c.h\n'}
[45.853700] (vehicle_interfaces) StdoutLine: {'line': b'-- Installing: /root/install/vehicle_interfaces/include/vehicle_interfaces/msg/detail/sensor_data__rosidl_typesupport_fastrtps_c.h\n'}
[45.853892] (vehicle_interfaces) StdoutLine: {'line': b'-- Installing: /root/install/vehicle_interfaces/include/vehicle_interfaces/msg/detail/temperature_data__rosidl_typesupport_fastrtps_c.h\n'}
[45.854076] (vehicle_interfaces) StdoutLine: {'line': b'-- Installing: /root/install/vehicle_interfaces/include/vehicle_interfaces/msg/detail/ir_data__rosidl_typesupport_fastrtps_c.h\n'}
[45.854263] (vehicle_interfaces) StdoutLine: {'line': b'-- Installing: /root/install/vehicle_interfaces/include/vehicle_interfaces/msg/detail/mpu_data__rosidl_typesupport_fastrtps_c.h\n'}
[45.854451] (vehicle_interfaces) StdoutLine: {'line': b'-- Installing: /root/install/vehicle_interfaces/include/vehicle_interfaces/msg/detail/gps_data__rosidl_typesupport_fastrtps_c.h\n'}
[45.854559] (-) TimerEvent: {}
[45.854782] (vehicle_interfaces) StdoutLine: {'line': b'-- Up-to-date: /root/install/vehicle_interfaces/include/vehicle_interfaces/msg/rosidl_typesupport_fastrtps_c__visibility_control.h\n'}
[45.854985] (vehicle_interfaces) StdoutLine: {'line': b'-- Up-to-date: /root/install/vehicle_interfaces/include/vehicle_interfaces/srv\n'}
[45.855071] (vehicle_interfaces) StdoutLine: {'line': b'-- Up-to-date: /root/install/vehicle_interfaces/include/vehicle_interfaces/srv/detail\n'}
[45.855208] (vehicle_interfaces) StdoutLine: {'line': b'-- Installing: /root/install/vehicle_interfaces/include/vehicle_interfaces/srv/detail/reset_serial_port__rosidl_typesupport_fastrtps_c.h\n'}
[45.855300] (vehicle_interfaces) StdoutLine: {'line': b'-- Installing: /root/install/vehicle_interfaces/include/vehicle_interfaces/srv/detail/get_device_status__rosidl_typesupport_fastrtps_c.h\n'}
[45.855422] (vehicle_interfaces) StdoutLine: {'line': b'-- Installing: /root/install/vehicle_interfaces/include/vehicle_interfaces/srv/detail/get_serial_port__rosidl_typesupport_fastrtps_c.h\n'}
[45.856304] (vehicle_interfaces) StdoutLine: {'line': b'-- Installing: /root/install/vehicle_interfaces/lib/libvehicle_interfaces__rosidl_typesupport_fastrtps_c.so\n'}
[45.857423] (vehicle_interfaces) StdoutLine: {'line': b'-- Set runtime path of "/root/install/vehicle_interfaces/lib/libvehicle_interfaces__rosidl_typesupport_fastrtps_c.so" to ""\n'}
[45.857611] (vehicle_interfaces) StdoutLine: {'line': b'-- Up-to-date: /root/install/vehicle_interfaces/include/vehicle_interfaces\n'}
[45.857849] (vehicle_interfaces) StdoutLine: {'line': b'-- Up-to-date: /root/install/vehicle_interfaces/include/vehicle_interfaces/msg\n'}
[45.858077] (vehicle_interfaces) StdoutLine: {'line': b'-- Up-to-date: /root/install/vehicle_interfaces/include/vehicle_interfaces/msg/rosidl_typesupport_fastrtps_cpp__visibility_control.h\n'}
[45.858173] (vehicle_interfaces) StdoutLine: {'line': b'-- Up-to-date: /root/install/vehicle_interfaces/include/vehicle_interfaces/msg/detail\n'}
[45.858294] (vehicle_interfaces) StdoutLine: {'line': b'-- Installing: /root/install/vehicle_interfaces/include/vehicle_interfaces/msg/detail/ir_data__rosidl_typesupport_fastrtps_cpp.hpp\n'}
[45.858384] (vehicle_interfaces) StdoutLine: {'line': b'-- Installing: /root/install/vehicle_interfaces/include/vehicle_interfaces/msg/detail/encoder_data__rosidl_typesupport_fastrtps_cpp.hpp\n'}
[45.858583] (vehicle_interfaces) StdoutLine: {'line': b'-- Installing: /root/install/vehicle_interfaces/include/vehicle_interfaces/msg/detail/mpu_data__rosidl_typesupport_fastrtps_cpp.hpp\n'}
[45.858849] (vehicle_interfaces) StdoutLine: {'line': b'-- Installing: /root/install/vehicle_interfaces/include/vehicle_interfaces/msg/detail/qmc_data__rosidl_typesupport_fastrtps_cpp.hpp\n'}
[45.859123] (vehicle_interfaces) StdoutLine: {'line': b'-- Installing: /root/install/vehicle_interfaces/include/vehicle_interfaces/msg/detail/ultrasonic_data__rosidl_typesupport_fastrtps_cpp.hpp\n'}
[45.859323] (vehicle_interfaces) StdoutLine: {'line': b'-- Installing: /root/install/vehicle_interfaces/include/vehicle_interfaces/msg/detail/sensor_data__rosidl_typesupport_fastrtps_cpp.hpp\n'}
[45.859599] (vehicle_interfaces) StdoutLine: {'line': b'-- Installing: /root/install/vehicle_interfaces/include/vehicle_interfaces/msg/detail/control_data__rosidl_typesupport_fastrtps_cpp.hpp\n'}
[45.859852] (vehicle_interfaces) StdoutLine: {'line': b'-- Installing: /root/install/vehicle_interfaces/include/vehicle_interfaces/msg/detail/to_f_data__rosidl_typesupport_fastrtps_cpp.hpp\n'}
[45.860041] (vehicle_interfaces) StdoutLine: {'line': b'-- Installing: /root/install/vehicle_interfaces/include/vehicle_interfaces/msg/detail/temperature_data__rosidl_typesupport_fastrtps_cpp.hpp\n'}
[45.860231] (vehicle_interfaces) StdoutLine: {'line': b'-- Up-to-date: /root/install/vehicle_interfaces/include/vehicle_interfaces/msg/detail/dds_fastrtps\n'}
[45.860368] (vehicle_interfaces) StdoutLine: {'line': b'-- Installing: /root/install/vehicle_interfaces/include/vehicle_interfaces/msg/detail/gps_data__rosidl_typesupport_fastrtps_cpp.hpp\n'}
[45.860604] (vehicle_interfaces) StdoutLine: {'line': b'-- Up-to-date: /root/install/vehicle_interfaces/include/vehicle_interfaces/srv\n'}
[45.860830] (vehicle_interfaces) StdoutLine: {'line': b'-- Up-to-date: /root/install/vehicle_interfaces/include/vehicle_interfaces/srv/detail\n'}
[45.860974] (vehicle_interfaces) StdoutLine: {'line': b'-- Installing: /root/install/vehicle_interfaces/include/vehicle_interfaces/srv/detail/get_device_status__rosidl_typesupport_fastrtps_cpp.hpp\n'}
[45.861385] (vehicle_interfaces) StdoutLine: {'line': b'-- Installing: /root/install/vehicle_interfaces/include/vehicle_interfaces/srv/detail/get_serial_port__rosidl_typesupport_fastrtps_cpp.hpp\n'}
[45.861930] (vehicle_interfaces) StdoutLine: {'line': b'-- Installing: /root/install/vehicle_interfaces/include/vehicle_interfaces/srv/detail/reset_serial_port__rosidl_typesupport_fastrtps_cpp.hpp\n'}
[45.862682] (vehicle_interfaces) StdoutLine: {'line': b'-- Up-to-date: /root/install/vehicle_interfaces/include/vehicle_interfaces/srv/detail/dds_fastrtps\n'}
[45.865078] (vehicle_interfaces) StdoutLine: {'line': b'-- Installing: /root/install/vehicle_interfaces/lib/libvehicle_interfaces__rosidl_typesupport_fastrtps_cpp.so\n'}
[45.865333] (vehicle_interfaces) StdoutLine: {'line': b'-- Set runtime path of "/root/install/vehicle_interfaces/lib/libvehicle_interfaces__rosidl_typesupport_fastrtps_cpp.so" to ""\n'}
[45.865519] (vehicle_interfaces) StdoutLine: {'line': b'-- Up-to-date: /root/install/vehicle_interfaces/include/vehicle_interfaces\n'}
[45.865812] (vehicle_interfaces) StdoutLine: {'line': b'-- Up-to-date: /root/install/vehicle_interfaces/include/vehicle_interfaces/msg\n'}
[45.866073] (vehicle_interfaces) StdoutLine: {'line': b'-- Up-to-date: /root/install/vehicle_interfaces/include/vehicle_interfaces/msg/rosidl_typesupport_introspection_c__visibility_control.h\n'}
[45.866306] (vehicle_interfaces) StdoutLine: {'line': b'-- Up-to-date: /root/install/vehicle_interfaces/include/vehicle_interfaces/msg/detail\n'}
[45.866647] (vehicle_interfaces) StdoutLine: {'line': b'-- Installing: /root/install/vehicle_interfaces/include/vehicle_interfaces/msg/detail/gps_data__rosidl_typesupport_introspection_c.h\n'}
[45.867258] (vehicle_interfaces) StdoutLine: {'line': b'-- Installing: /root/install/vehicle_interfaces/include/vehicle_interfaces/msg/detail/mpu_data__type_support.c\n'}
[45.868025] (vehicle_interfaces) StdoutLine: {'line': b'-- Installing: /root/install/vehicle_interfaces/include/vehicle_interfaces/msg/detail/qmc_data__rosidl_typesupport_introspection_c.h\n'}
[45.868469] (vehicle_interfaces) StdoutLine: {'line': b'-- Installing: /root/install/vehicle_interfaces/include/vehicle_interfaces/msg/detail/ultrasonic_data__rosidl_typesupport_introspection_c.h\n'}
[45.869071] (vehicle_interfaces) StdoutLine: {'line': b'-- Installing: /root/install/vehicle_interfaces/include/vehicle_interfaces/msg/detail/gps_data__type_support.c\n'}
[45.869431] (vehicle_interfaces) StdoutLine: {'line': b'-- Installing: /root/install/vehicle_interfaces/include/vehicle_interfaces/msg/detail/control_data__rosidl_typesupport_introspection_c.h\n'}
[45.870054] (vehicle_interfaces) StdoutLine: {'line': b'-- Installing: /root/install/vehicle_interfaces/include/vehicle_interfaces/msg/detail/control_data__type_support.c\n'}
[45.870400] (vehicle_interfaces) StdoutLine: {'line': b'-- Installing: /root/install/vehicle_interfaces/include/vehicle_interfaces/msg/detail/ir_data__rosidl_typesupport_introspection_c.h\n'}
[45.870981] (vehicle_interfaces) StdoutLine: {'line': b'-- Installing: /root/install/vehicle_interfaces/include/vehicle_interfaces/msg/detail/to_f_data__rosidl_typesupport_introspection_c.h\n'}
[45.871305] (vehicle_interfaces) StdoutLine: {'line': b'-- Installing: /root/install/vehicle_interfaces/include/vehicle_interfaces/msg/detail/mpu_data__rosidl_typesupport_introspection_c.h\n'}
[45.871874] (vehicle_interfaces) StdoutLine: {'line': b'-- Installing: /root/install/vehicle_interfaces/include/vehicle_interfaces/msg/detail/ir_data__type_support.c\n'}
[45.872206] (vehicle_interfaces) StdoutLine: {'line': b'-- Installing: /root/install/vehicle_interfaces/include/vehicle_interfaces/msg/detail/temperature_data__rosidl_typesupport_introspection_c.h\n'}
[45.872869] (vehicle_interfaces) StdoutLine: {'line': b'-- Installing: /root/install/vehicle_interfaces/include/vehicle_interfaces/msg/detail/encoder_data__rosidl_typesupport_introspection_c.h\n'}
[45.873231] (vehicle_interfaces) StdoutLine: {'line': b'-- Installing: /root/install/vehicle_interfaces/include/vehicle_interfaces/msg/detail/ultrasonic_data__type_support.c\n'}
[45.873831] (vehicle_interfaces) StdoutLine: {'line': b'-- Installing: /root/install/vehicle_interfaces/include/vehicle_interfaces/msg/detail/encoder_data__type_support.c\n'}
[45.874179] (vehicle_interfaces) StdoutLine: {'line': b'-- Installing: /root/install/vehicle_interfaces/include/vehicle_interfaces/msg/detail/temperature_data__type_support.c\n'}
[45.874789] (vehicle_interfaces) StdoutLine: {'line': b'-- Installing: /root/install/vehicle_interfaces/include/vehicle_interfaces/msg/detail/qmc_data__type_support.c\n'}
[45.875126] (vehicle_interfaces) StdoutLine: {'line': b'-- Installing: /root/install/vehicle_interfaces/include/vehicle_interfaces/msg/detail/to_f_data__type_support.c\n'}
[45.875706] (vehicle_interfaces) StdoutLine: {'line': b'-- Installing: /root/install/vehicle_interfaces/include/vehicle_interfaces/msg/detail/sensor_data__rosidl_typesupport_introspection_c.h\n'}
[45.876129] (vehicle_interfaces) StdoutLine: {'line': b'-- Installing: /root/install/vehicle_interfaces/include/vehicle_interfaces/msg/detail/sensor_data__type_support.c\n'}
[45.876734] (vehicle_interfaces) StdoutLine: {'line': b'-- Up-to-date: /root/install/vehicle_interfaces/include/vehicle_interfaces/srv\n'}
[45.877261] (vehicle_interfaces) StdoutLine: {'line': b'-- Up-to-date: /root/install/vehicle_interfaces/include/vehicle_interfaces/srv/detail\n'}
[45.877404] (vehicle_interfaces) StdoutLine: {'line': b'-- Installing: /root/install/vehicle_interfaces/include/vehicle_interfaces/srv/detail/get_serial_port__type_support.c\n'}
[45.878070] (vehicle_interfaces) StdoutLine: {'line': b'-- Installing: /root/install/vehicle_interfaces/include/vehicle_interfaces/srv/detail/reset_serial_port__rosidl_typesupport_introspection_c.h\n'}
[45.878300] (vehicle_interfaces) StdoutLine: {'line': b'-- Installing: /root/install/vehicle_interfaces/include/vehicle_interfaces/srv/detail/reset_serial_port__type_support.c\n'}
[45.878693] (vehicle_interfaces) StdoutLine: {'line': b'-- Installing: /root/install/vehicle_interfaces/include/vehicle_interfaces/srv/detail/get_serial_port__rosidl_typesupport_introspection_c.h\n'}
[45.879302] (vehicle_interfaces) StdoutLine: {'line': b'-- Installing: /root/install/vehicle_interfaces/include/vehicle_interfaces/srv/detail/get_device_status__rosidl_typesupport_introspection_c.h\n'}
[45.879661] (vehicle_interfaces) StdoutLine: {'line': b'-- Installing: /root/install/vehicle_interfaces/include/vehicle_interfaces/srv/detail/get_device_status__type_support.c\n'}
[45.882337] (vehicle_interfaces) StdoutLine: {'line': b'-- Installing: /root/install/vehicle_interfaces/lib/libvehicle_interfaces__rosidl_typesupport_introspection_c.so\n'}
[45.882568] (vehicle_interfaces) StdoutLine: {'line': b'-- Set runtime path of "/root/install/vehicle_interfaces/lib/libvehicle_interfaces__rosidl_typesupport_introspection_c.so" to ""\n'}
[45.883105] (vehicle_interfaces) StdoutLine: {'line': b'-- Installing: /root/install/vehicle_interfaces/lib/libvehicle_interfaces__rosidl_typesupport_c.so\n'}
[45.884084] (vehicle_interfaces) StdoutLine: {'line': b'-- Set runtime path of "/root/install/vehicle_interfaces/lib/libvehicle_interfaces__rosidl_typesupport_c.so" to ""\n'}
[45.884486] (vehicle_interfaces) StdoutLine: {'line': b'-- Up-to-date: /root/install/vehicle_interfaces/include/vehicle_interfaces\n'}
[45.884820] (vehicle_interfaces) StdoutLine: {'line': b'-- Up-to-date: /root/install/vehicle_interfaces/include/vehicle_interfaces/msg\n'}
[45.885224] (vehicle_interfaces) StdoutLine: {'line': b'-- Installing: /root/install/vehicle_interfaces/include/vehicle_interfaces/msg/mpu_data.hpp\n'}
[45.885604] (vehicle_interfaces) StdoutLine: {'line': b'-- Installing: /root/install/vehicle_interfaces/include/vehicle_interfaces/msg/to_f_data.hpp\n'}
[45.886196] (vehicle_interfaces) StdoutLine: {'line': b'-- Installing: /root/install/vehicle_interfaces/include/vehicle_interfaces/msg/ir_data.hpp\n'}
[45.886583] (vehicle_interfaces) StdoutLine: {'line': b'-- Installing: /root/install/vehicle_interfaces/include/vehicle_interfaces/msg/control_data.hpp\n'}
[45.887200] (vehicle_interfaces) StdoutLine: {'line': b'-- Up-to-date: /root/install/vehicle_interfaces/include/vehicle_interfaces/msg/rosidl_generator_cpp__visibility_control.hpp\n'}
[45.887385] (vehicle_interfaces) StdoutLine: {'line': b'-- Installing: /root/install/vehicle_interfaces/include/vehicle_interfaces/msg/ultrasonic_data.hpp\n'}
[45.887805] (vehicle_interfaces) StdoutLine: {'line': b'-- Installing: /root/install/vehicle_interfaces/include/vehicle_interfaces/msg/encoder_data.hpp\n'}
[45.888287] (vehicle_interfaces) StdoutLine: {'line': b'-- Installing: /root/install/vehicle_interfaces/include/vehicle_interfaces/msg/gps_data.hpp\n'}
[45.888594] (vehicle_interfaces) StdoutLine: {'line': b'-- Installing: /root/install/vehicle_interfaces/include/vehicle_interfaces/msg/temperature_data.hpp\n'}
[45.889262] (vehicle_interfaces) StdoutLine: {'line': b'-- Installing: /root/install/vehicle_interfaces/include/vehicle_interfaces/msg/qmc_data.hpp\n'}
[45.889609] (vehicle_interfaces) StdoutLine: {'line': b'-- Up-to-date: /root/install/vehicle_interfaces/include/vehicle_interfaces/msg/detail\n'}
[45.890034] (vehicle_interfaces) StdoutLine: {'line': b'-- Installing: /root/install/vehicle_interfaces/include/vehicle_interfaces/msg/detail/control_data__builder.hpp\n'}
[45.890374] (vehicle_interfaces) StdoutLine: {'line': b'-- Installing: /root/install/vehicle_interfaces/include/vehicle_interfaces/msg/detail/mpu_data__type_support.hpp\n'}
[45.891036] (vehicle_interfaces) StdoutLine: {'line': b'-- Installing: /root/install/vehicle_interfaces/include/vehicle_interfaces/msg/detail/encoder_data__builder.hpp\n'}
[45.891428] (vehicle_interfaces) StdoutLine: {'line': b'-- Installing: /root/install/vehicle_interfaces/include/vehicle_interfaces/msg/detail/ultrasonic_data__traits.hpp\n'}
[45.892126] (vehicle_interfaces) StdoutLine: {'line': b'-- Installing: /root/install/vehicle_interfaces/include/vehicle_interfaces/msg/detail/to_f_data__builder.hpp\n'}
[45.892698] (vehicle_interfaces) StdoutLine: {'line': b'-- Installing: /root/install/vehicle_interfaces/include/vehicle_interfaces/msg/detail/control_data__type_support.hpp\n'}
[45.893354] (vehicle_interfaces) StdoutLine: {'line': b'-- Installing: /root/install/vehicle_interfaces/include/vehicle_interfaces/msg/detail/mpu_data__builder.hpp\n'}
[45.894004] (vehicle_interfaces) StdoutLine: {'line': b'-- Installing: /root/install/vehicle_interfaces/include/vehicle_interfaces/msg/detail/gps_data__builder.hpp\n'}
[45.894624] (vehicle_interfaces) StdoutLine: {'line': b'-- Installing: /root/install/vehicle_interfaces/include/vehicle_interfaces/msg/detail/sensor_data__traits.hpp\n'}
[45.895117] (vehicle_interfaces) StdoutLine: {'line': b'-- Installing: /root/install/vehicle_interfaces/include/vehicle_interfaces/msg/detail/temperature_data__type_support.hpp\n'}
[45.896711] (vehicle_interfaces) StdoutLine: {'line': b'-- Installing: /root/install/vehicle_interfaces/include/vehicle_interfaces/msg/detail/ir_data__builder.hpp\n'}
[45.896985] (vehicle_interfaces) StdoutLine: {'line': b'-- Installing: /root/install/vehicle_interfaces/include/vehicle_interfaces/msg/detail/sensor_data__builder.hpp\n'}
[45.897267] (vehicle_interfaces) StdoutLine: {'line': b'-- Installing: /root/install/vehicle_interfaces/include/vehicle_interfaces/msg/detail/qmc_data__struct.hpp\n'}
[45.897545] (vehicle_interfaces) StdoutLine: {'line': b'-- Installing: /root/install/vehicle_interfaces/include/vehicle_interfaces/msg/detail/sensor_data__struct.hpp\n'}
[45.897790] (vehicle_interfaces) StdoutLine: {'line': b'-- Installing: /root/install/vehicle_interfaces/include/vehicle_interfaces/msg/detail/temperature_data__struct.hpp\n'}
[45.897992] (vehicle_interfaces) StdoutLine: {'line': b'-- Installing: /root/install/vehicle_interfaces/include/vehicle_interfaces/msg/detail/gps_data__type_support.hpp\n'}
[45.898200] (vehicle_interfaces) StdoutLine: {'line': b'-- Installing: /root/install/vehicle_interfaces/include/vehicle_interfaces/msg/detail/sensor_data__type_support.hpp\n'}
[45.898432] (vehicle_interfaces) StdoutLine: {'line': b'-- Installing: /root/install/vehicle_interfaces/include/vehicle_interfaces/msg/detail/temperature_data__traits.hpp\n'}
[45.898673] (vehicle_interfaces) StdoutLine: {'line': b'-- Installing: /root/install/vehicle_interfaces/include/vehicle_interfaces/msg/detail/ir_data__type_support.hpp\n'}
[45.898848] (vehicle_interfaces) StdoutLine: {'line': b'-- Installing: /root/install/vehicle_interfaces/include/vehicle_interfaces/msg/detail/mpu_data__traits.hpp\n'}
[45.899110] (vehicle_interfaces) StdoutLine: {'line': b'-- Installing: /root/install/vehicle_interfaces/include/vehicle_interfaces/msg/detail/mpu_data__struct.hpp\n'}
[45.899357] (vehicle_interfaces) StdoutLine: {'line': b'-- Installing: /root/install/vehicle_interfaces/include/vehicle_interfaces/msg/detail/control_data__struct.hpp\n'}
[45.899599] (vehicle_interfaces) StdoutLine: {'line': b'-- Installing: /root/install/vehicle_interfaces/include/vehicle_interfaces/msg/detail/temperature_data__builder.hpp\n'}
[45.899781] (vehicle_interfaces) StdoutLine: {'line': b'-- Installing: /root/install/vehicle_interfaces/include/vehicle_interfaces/msg/detail/gps_data__struct.hpp\n'}
[45.899990] (vehicle_interfaces) StdoutLine: {'line': b'-- Installing: /root/install/vehicle_interfaces/include/vehicle_interfaces/msg/detail/ir_data__struct.hpp\n'}
[45.900219] (vehicle_interfaces) StdoutLine: {'line': b'-- Installing: /root/install/vehicle_interfaces/include/vehicle_interfaces/msg/detail/encoder_data__type_support.hpp\n'}
[45.900434] (vehicle_interfaces) StdoutLine: {'line': b'-- Installing: /root/install/vehicle_interfaces/include/vehicle_interfaces/msg/detail/encoder_data__traits.hpp\n'}
[45.900610] (vehicle_interfaces) StdoutLine: {'line': b'-- Installing: /root/install/vehicle_interfaces/include/vehicle_interfaces/msg/detail/encoder_data__struct.hpp\n'}
[45.900764] (vehicle_interfaces) StdoutLine: {'line': b'-- Installing: /root/install/vehicle_interfaces/include/vehicle_interfaces/msg/detail/to_f_data__traits.hpp\n'}
[45.900976] (vehicle_interfaces) StdoutLine: {'line': b'-- Installing: /root/install/vehicle_interfaces/include/vehicle_interfaces/msg/detail/qmc_data__type_support.hpp\n'}
[45.901153] (vehicle_interfaces) StdoutLine: {'line': b'-- Installing: /root/install/vehicle_interfaces/include/vehicle_interfaces/msg/detail/control_data__traits.hpp\n'}
[45.901356] (vehicle_interfaces) StdoutLine: {'line': b'-- Installing: /root/install/vehicle_interfaces/include/vehicle_interfaces/msg/detail/ir_data__traits.hpp\n'}
[45.901604] (vehicle_interfaces) StdoutLine: {'line': b'-- Installing: /root/install/vehicle_interfaces/include/vehicle_interfaces/msg/detail/to_f_data__struct.hpp\n'}
[45.901845] (vehicle_interfaces) StdoutLine: {'line': b'-- Installing: /root/install/vehicle_interfaces/include/vehicle_interfaces/msg/detail/gps_data__traits.hpp\n'}
[45.902101] (vehicle_interfaces) StdoutLine: {'line': b'-- Installing: /root/install/vehicle_interfaces/include/vehicle_interfaces/msg/detail/ultrasonic_data__struct.hpp\n'}
[45.902364] (vehicle_interfaces) StdoutLine: {'line': b'-- Installing: /root/install/vehicle_interfaces/include/vehicle_interfaces/msg/detail/to_f_data__type_support.hpp\n'}
[45.902917] (vehicle_interfaces) StdoutLine: {'line': b'-- Installing: /root/install/vehicle_interfaces/include/vehicle_interfaces/msg/detail/ultrasonic_data__type_support.hpp\n'}
[45.903227] (vehicle_interfaces) StdoutLine: {'line': b'-- Installing: /root/install/vehicle_interfaces/include/vehicle_interfaces/msg/detail/qmc_data__traits.hpp\n'}
[45.903450] (vehicle_interfaces) StdoutLine: {'line': b'-- Installing: /root/install/vehicle_interfaces/include/vehicle_interfaces/msg/detail/qmc_data__builder.hpp\n'}
[45.903739] (vehicle_interfaces) StdoutLine: {'line': b'-- Installing: /root/install/vehicle_interfaces/include/vehicle_interfaces/msg/detail/ultrasonic_data__builder.hpp\n'}
[45.903977] (vehicle_interfaces) StdoutLine: {'line': b'-- Installing: /root/install/vehicle_interfaces/include/vehicle_interfaces/msg/sensor_data.hpp\n'}
[45.904216] (vehicle_interfaces) StdoutLine: {'line': b'-- Up-to-date: /root/install/vehicle_interfaces/include/vehicle_interfaces/srv\n'}
[45.904479] (vehicle_interfaces) StdoutLine: {'line': b'-- Installing: /root/install/vehicle_interfaces/include/vehicle_interfaces/srv/get_serial_port.hpp\n'}
[45.904763] (vehicle_interfaces) StdoutLine: {'line': b'-- Installing: /root/install/vehicle_interfaces/include/vehicle_interfaces/srv/get_device_status.hpp\n'}
[45.904968] (vehicle_interfaces) StdoutLine: {'line': b'-- Installing: /root/install/vehicle_interfaces/include/vehicle_interfaces/srv/reset_serial_port.hpp\n'}
[45.905164] (vehicle_interfaces) StdoutLine: {'line': b'-- Up-to-date: /root/install/vehicle_interfaces/include/vehicle_interfaces/srv/detail\n'}
[45.905355] (vehicle_interfaces) StdoutLine: {'line': b'-- Installing: /root/install/vehicle_interfaces/include/vehicle_interfaces/srv/detail/get_serial_port__type_support.hpp\n'}
[45.905561] (vehicle_interfaces) StdoutLine: {'line': b'-- Installing: /root/install/vehicle_interfaces/include/vehicle_interfaces/srv/detail/get_device_status__traits.hpp\n'}
[45.905742] (vehicle_interfaces) StdoutLine: {'line': b'-- Installing: /root/install/vehicle_interfaces/include/vehicle_interfaces/srv/detail/get_serial_port__traits.hpp\n'}
[45.905948] (vehicle_interfaces) StdoutLine: {'line': b'-- Installing: /root/install/vehicle_interfaces/include/vehicle_interfaces/srv/detail/get_serial_port__struct.hpp\n'}
[45.906124] (vehicle_interfaces) StdoutLine: {'line': b'-- Installing: /root/install/vehicle_interfaces/include/vehicle_interfaces/srv/detail/reset_serial_port__traits.hpp\n'}
[45.906291] (vehicle_interfaces) StdoutLine: {'line': b'-- Installing: /root/install/vehicle_interfaces/include/vehicle_interfaces/srv/detail/get_serial_port__builder.hpp\n'}
[45.906472] (vehicle_interfaces) StdoutLine: {'line': b'-- Installing: /root/install/vehicle_interfaces/include/vehicle_interfaces/srv/detail/reset_serial_port__struct.hpp\n'}
[45.906670] (vehicle_interfaces) StdoutLine: {'line': b'-- Installing: /root/install/vehicle_interfaces/include/vehicle_interfaces/srv/detail/get_device_status__builder.hpp\n'}
[45.906849] (vehicle_interfaces) StdoutLine: {'line': b'-- Installing: /root/install/vehicle_interfaces/include/vehicle_interfaces/srv/detail/reset_serial_port__builder.hpp\n'}
[45.907045] (vehicle_interfaces) StdoutLine: {'line': b'-- Installing: /root/install/vehicle_interfaces/include/vehicle_interfaces/srv/detail/get_device_status__type_support.hpp\n'}
[45.907253] (vehicle_interfaces) StdoutLine: {'line': b'-- Installing: /root/install/vehicle_interfaces/include/vehicle_interfaces/srv/detail/reset_serial_port__type_support.hpp\n'}
[45.907465] (vehicle_interfaces) StdoutLine: {'line': b'-- Installing: /root/install/vehicle_interfaces/include/vehicle_interfaces/srv/detail/get_device_status__struct.hpp\n'}
[45.907736] (vehicle_interfaces) StdoutLine: {'line': b'-- Up-to-date: /root/install/vehicle_interfaces/include/vehicle_interfaces\n'}
[45.907937] (vehicle_interfaces) StdoutLine: {'line': b'-- Up-to-date: /root/install/vehicle_interfaces/include/vehicle_interfaces/msg\n'}
[45.908817] (vehicle_interfaces) StdoutLine: {'line': b'-- Up-to-date: /root/install/vehicle_interfaces/include/vehicle_interfaces/msg/detail\n'}
[45.909066] (vehicle_interfaces) StdoutLine: {'line': b'-- Installing: /root/install/vehicle_interfaces/include/vehicle_interfaces/msg/detail/temperature_data__rosidl_typesupport_introspection_cpp.hpp\n'}
[45.909272] (vehicle_interfaces) StdoutLine: {'line': b'-- Installing: /root/install/vehicle_interfaces/include/vehicle_interfaces/msg/detail/control_data__rosidl_typesupport_introspection_cpp.hpp\n'}
[45.909457] (vehicle_interfaces) StdoutLine: {'line': b'-- Installing: /root/install/vehicle_interfaces/include/vehicle_interfaces/msg/detail/mpu_data__rosidl_typesupport_introspection_cpp.hpp\n'}
[45.909668] (vehicle_interfaces) StdoutLine: {'line': b'-- Installing: /root/install/vehicle_interfaces/include/vehicle_interfaces/msg/detail/qmc_data__rosidl_typesupport_introspection_cpp.hpp\n'}
[45.909816] (vehicle_interfaces) StdoutLine: {'line': b'-- Installing: /root/install/vehicle_interfaces/include/vehicle_interfaces/msg/detail/to_f_data__type_support.cpp\n'}
[45.910039] (vehicle_interfaces) StdoutLine: {'line': b'-- Installing: /root/install/vehicle_interfaces/include/vehicle_interfaces/msg/detail/ir_data__rosidl_typesupport_introspection_cpp.hpp\n'}
[45.910273] (vehicle_interfaces) StdoutLine: {'line': b'-- Installing: /root/install/vehicle_interfaces/include/vehicle_interfaces/msg/detail/ir_data__type_support.cpp\n'}
[45.910587] (vehicle_interfaces) StdoutLine: {'line': b'-- Installing: /root/install/vehicle_interfaces/include/vehicle_interfaces/msg/detail/sensor_data__type_support.cpp\n'}
[45.910881] (vehicle_interfaces) StdoutLine: {'line': b'-- Installing: /root/install/vehicle_interfaces/include/vehicle_interfaces/msg/detail/gps_data__type_support.cpp\n'}
[45.911161] (vehicle_interfaces) StdoutLine: {'line': b'-- Installing: /root/install/vehicle_interfaces/include/vehicle_interfaces/msg/detail/sensor_data__rosidl_typesupport_introspection_cpp.hpp\n'}
[45.911415] (vehicle_interfaces) StdoutLine: {'line': b'-- Installing: /root/install/vehicle_interfaces/include/vehicle_interfaces/msg/detail/ultrasonic_data__rosidl_typesupport_introspection_cpp.hpp\n'}
[45.911693] (vehicle_interfaces) StdoutLine: {'line': b'-- Installing: /root/install/vehicle_interfaces/include/vehicle_interfaces/msg/detail/encoder_data__rosidl_typesupport_introspection_cpp.hpp\n'}
[45.911980] (vehicle_interfaces) StdoutLine: {'line': b'-- Installing: /root/install/vehicle_interfaces/include/vehicle_interfaces/msg/detail/gps_data__rosidl_typesupport_introspection_cpp.hpp\n'}
[45.912299] (vehicle_interfaces) StdoutLine: {'line': b'-- Installing: /root/install/vehicle_interfaces/include/vehicle_interfaces/msg/detail/to_f_data__rosidl_typesupport_introspection_cpp.hpp\n'}
[45.912665] (vehicle_interfaces) StdoutLine: {'line': b'-- Installing: /root/install/vehicle_interfaces/include/vehicle_interfaces/msg/detail/control_data__type_support.cpp\n'}
[45.912944] (vehicle_interfaces) StdoutLine: {'line': b'-- Installing: /root/install/vehicle_interfaces/include/vehicle_interfaces/msg/detail/mpu_data__type_support.cpp\n'}
[45.913414] (vehicle_interfaces) StdoutLine: {'line': b'-- Installing: /root/install/vehicle_interfaces/include/vehicle_interfaces/msg/detail/encoder_data__type_support.cpp\n'}
[45.913715] (vehicle_interfaces) StdoutLine: {'line': b'-- Installing: /root/install/vehicle_interfaces/include/vehicle_interfaces/msg/detail/qmc_data__type_support.cpp\n'}
[45.913982] (vehicle_interfaces) StdoutLine: {'line': b'-- Installing: /root/install/vehicle_interfaces/include/vehicle_interfaces/msg/detail/temperature_data__type_support.cpp\n'}
[45.914256] (vehicle_interfaces) StdoutLine: {'line': b'-- Installing: /root/install/vehicle_interfaces/include/vehicle_interfaces/msg/detail/ultrasonic_data__type_support.cpp\n'}
[45.914523] (vehicle_interfaces) StdoutLine: {'line': b'-- Up-to-date: /root/install/vehicle_interfaces/include/vehicle_interfaces/srv\n'}
[45.914734] (vehicle_interfaces) StdoutLine: {'line': b'-- Up-to-date: /root/install/vehicle_interfaces/include/vehicle_interfaces/srv/detail\n'}
[45.914926] (vehicle_interfaces) StdoutLine: {'line': b'-- Installing: /root/install/vehicle_interfaces/include/vehicle_interfaces/srv/detail/get_serial_port__rosidl_typesupport_introspection_cpp.hpp\n'}
[45.915123] (vehicle_interfaces) StdoutLine: {'line': b'-- Installing: /root/install/vehicle_interfaces/include/vehicle_interfaces/srv/detail/get_device_status__type_support.cpp\n'}
[45.915407] (vehicle_interfaces) StdoutLine: {'line': b'-- Installing: /root/install/vehicle_interfaces/include/vehicle_interfaces/srv/detail/reset_serial_port__rosidl_typesupport_introspection_cpp.hpp\n'}
[45.915657] (vehicle_interfaces) StdoutLine: {'line': b'-- Installing: /root/install/vehicle_interfaces/include/vehicle_interfaces/srv/detail/get_device_status__rosidl_typesupport_introspection_cpp.hpp\n'}
[45.915856] (vehicle_interfaces) StdoutLine: {'line': b'-- Installing: /root/install/vehicle_interfaces/include/vehicle_interfaces/srv/detail/reset_serial_port__type_support.cpp\n'}
[45.916063] (vehicle_interfaces) StdoutLine: {'line': b'-- Installing: /root/install/vehicle_interfaces/include/vehicle_interfaces/srv/detail/get_serial_port__type_support.cpp\n'}
[45.917118] (vehicle_interfaces) StdoutLine: {'line': b'-- Installing: /root/install/vehicle_interfaces/lib/libvehicle_interfaces__rosidl_typesupport_introspection_cpp.so\n'}
[45.918286] (vehicle_interfaces) StdoutLine: {'line': b'-- Set runtime path of "/root/install/vehicle_interfaces/lib/libvehicle_interfaces__rosidl_typesupport_introspection_cpp.so" to ""\n'}
[45.918867] (vehicle_interfaces) StdoutLine: {'line': b'-- Installing: /root/install/vehicle_interfaces/lib/libvehicle_interfaces__rosidl_typesupport_cpp.so\n'}
[45.919527] (vehicle_interfaces) StdoutLine: {'line': b'-- Set runtime path of "/root/install/vehicle_interfaces/lib/libvehicle_interfaces__rosidl_typesupport_cpp.so" to ""\n'}
[45.919809] (vehicle_interfaces) StdoutLine: {'line': b'-- Up-to-date: /root/install/vehicle_interfaces/share/vehicle_interfaces/environment/pythonpath.sh\n'}
[45.919975] (vehicle_interfaces) StdoutLine: {'line': b'-- Installing: /root/install/vehicle_interfaces/share/vehicle_interfaces/environment/pythonpath.dsv\n'}
[45.920211] (vehicle_interfaces) StdoutLine: {'line': b'-- Installing: /root/install/vehicle_interfaces/lib/python3.8/site-packages/vehicle_interfaces/__init__.py\n'}
[45.954680] (-) TimerEvent: {}
[45.962152] (vehicle_interfaces) StdoutLine: {'line': b"Compiling '/root/install/vehicle_interfaces/lib/python3.8/site-packages/vehicle_interfaces/__init__.py'...\n"}
[45.971687] (vehicle_interfaces) StdoutLine: {'line': b'-- Up-to-date: /root/install/vehicle_interfaces/lib/python3.8/site-packages/vehicle_interfaces/srv\n'}
[45.971956] (vehicle_interfaces) StdoutLine: {'line': b'-- Installing: /root/install/vehicle_interfaces/lib/python3.8/site-packages/vehicle_interfaces/srv/_reset_serial_port_s.c\n'}
[45.972684] (vehicle_interfaces) StdoutLine: {'line': b'-- Installing: /root/install/vehicle_interfaces/lib/python3.8/site-packages/vehicle_interfaces/srv/_reset_serial_port.py\n'}
[45.974354] (vehicle_interfaces) StdoutLine: {'line': b'-- Installing: /root/install/vehicle_interfaces/lib/python3.8/site-packages/vehicle_interfaces/srv/_get_serial_port_s.c\n'}
[45.974538] (vehicle_interfaces) StdoutLine: {'line': b'-- Installing: /root/install/vehicle_interfaces/lib/python3.8/site-packages/vehicle_interfaces/srv/_get_device_status.py\n'}
[45.974692] (vehicle_interfaces) StdoutLine: {'line': b'-- Installing: /root/install/vehicle_interfaces/lib/python3.8/site-packages/vehicle_interfaces/srv/__init__.py\n'}
[45.974829] (vehicle_interfaces) StdoutLine: {'line': b'-- Installing: /root/install/vehicle_interfaces/lib/python3.8/site-packages/vehicle_interfaces/srv/_get_device_status_s.c\n'}
[45.974965] (vehicle_interfaces) StdoutLine: {'line': b'-- Installing: /root/install/vehicle_interfaces/lib/python3.8/site-packages/vehicle_interfaces/srv/_get_serial_port.py\n'}
[45.975321] (vehicle_interfaces) StdoutLine: {'line': b'-- Up-to-date: /root/install/vehicle_interfaces/lib/python3.8/site-packages/vehicle_interfaces/msg\n'}
[45.975663] (vehicle_interfaces) StdoutLine: {'line': b'-- Installing: /root/install/vehicle_interfaces/lib/python3.8/site-packages/vehicle_interfaces/msg/_control_data.py\n'}
[45.976194] (vehicle_interfaces) StdoutLine: {'line': b'-- Installing: /root/install/vehicle_interfaces/lib/python3.8/site-packages/vehicle_interfaces/msg/_ir_data_s.c\n'}
[45.976839] (vehicle_interfaces) StdoutLine: {'line': b'-- Installing: /root/install/vehicle_interfaces/lib/python3.8/site-packages/vehicle_interfaces/msg/_to_f_data_s.c\n'}
[45.977436] (vehicle_interfaces) StdoutLine: {'line': b'-- Installing: /root/install/vehicle_interfaces/lib/python3.8/site-packages/vehicle_interfaces/msg/_ultrasonic_data_s.c\n'}
[45.978092] (vehicle_interfaces) StdoutLine: {'line': b'-- Installing: /root/install/vehicle_interfaces/lib/python3.8/site-packages/vehicle_interfaces/msg/_to_f_data.py\n'}
[45.978358] (vehicle_interfaces) StdoutLine: {'line': b'-- Installing: /root/install/vehicle_interfaces/lib/python3.8/site-packages/vehicle_interfaces/msg/_encoder_data_s.c\n'}
[45.979007] (vehicle_interfaces) StdoutLine: {'line': b'-- Installing: /root/install/vehicle_interfaces/lib/python3.8/site-packages/vehicle_interfaces/msg/_mpu_data_s.c\n'}
[45.979487] (vehicle_interfaces) StdoutLine: {'line': b'-- Installing: /root/install/vehicle_interfaces/lib/python3.8/site-packages/vehicle_interfaces/msg/_sensor_data.py\n'}
[45.979979] (vehicle_interfaces) StdoutLine: {'line': b'-- Installing: /root/install/vehicle_interfaces/lib/python3.8/site-packages/vehicle_interfaces/msg/_encoder_data.py\n'}
[45.980455] (vehicle_interfaces) StdoutLine: {'line': b'-- Installing: /root/install/vehicle_interfaces/lib/python3.8/site-packages/vehicle_interfaces/msg/_gps_data.py\n'}
[45.980950] (vehicle_interfaces) StdoutLine: {'line': b'-- Installing: /root/install/vehicle_interfaces/lib/python3.8/site-packages/vehicle_interfaces/msg/_ir_data.py\n'}
[45.981206] (vehicle_interfaces) StdoutLine: {'line': b'-- Installing: /root/install/vehicle_interfaces/lib/python3.8/site-packages/vehicle_interfaces/msg/_temperature_data_s.c\n'}
[45.981670] (vehicle_interfaces) StdoutLine: {'line': b'-- Installing: /root/install/vehicle_interfaces/lib/python3.8/site-packages/vehicle_interfaces/msg/_mpu_data.py\n'}
[45.982142] (vehicle_interfaces) StdoutLine: {'line': b'-- Installing: /root/install/vehicle_interfaces/lib/python3.8/site-packages/vehicle_interfaces/msg/_gps_data_s.c\n'}
[45.982649] (vehicle_interfaces) StdoutLine: {'line': b'-- Installing: /root/install/vehicle_interfaces/lib/python3.8/site-packages/vehicle_interfaces/msg/_sensor_data_s.c\n'}
[45.983160] (vehicle_interfaces) StdoutLine: {'line': b'-- Installing: /root/install/vehicle_interfaces/lib/python3.8/site-packages/vehicle_interfaces/msg/_qmc_data_s.c\n'}
[45.983635] (vehicle_interfaces) StdoutLine: {'line': b'-- Installing: /root/install/vehicle_interfaces/lib/python3.8/site-packages/vehicle_interfaces/msg/_control_data_s.c\n'}
[45.984117] (vehicle_interfaces) StdoutLine: {'line': b'-- Installing: /root/install/vehicle_interfaces/lib/python3.8/site-packages/vehicle_interfaces/msg/__init__.py\n'}
[45.984591] (vehicle_interfaces) StdoutLine: {'line': b'-- Installing: /root/install/vehicle_interfaces/lib/python3.8/site-packages/vehicle_interfaces/msg/_qmc_data.py\n'}
[45.985165] (vehicle_interfaces) StdoutLine: {'line': b'-- Installing: /root/install/vehicle_interfaces/lib/python3.8/site-packages/vehicle_interfaces/msg/_temperature_data.py\n'}
[45.985710] (vehicle_interfaces) StdoutLine: {'line': b'-- Installing: /root/install/vehicle_interfaces/lib/python3.8/site-packages/vehicle_interfaces/msg/_ultrasonic_data.py\n'}
[45.988318] (vehicle_interfaces) StdoutLine: {'line': b'-- Installing: /root/install/vehicle_interfaces/lib/python3.8/site-packages/vehicle_interfaces/vehicle_interfaces_s__rosidl_typesupport_fastrtps_c.cpython-38-x86_64-linux-gnu.so\n'}
[45.988624] (vehicle_interfaces) StdoutLine: {'line': b'-- Set runtime path of "/root/install/vehicle_interfaces/lib/python3.8/site-packages/vehicle_interfaces/vehicle_interfaces_s__rosidl_typesupport_fastrtps_c.cpython-38-x86_64-linux-gnu.so" to ""\n'}
[45.990073] (vehicle_interfaces) StdoutLine: {'line': b'-- Installing: /root/install/vehicle_interfaces/lib/python3.8/site-packages/vehicle_interfaces/vehicle_interfaces_s__rosidl_typesupport_introspection_c.cpython-38-x86_64-linux-gnu.so\n'}
[45.992397] (vehicle_interfaces) StdoutLine: {'line': b'-- Set runtime path of "/root/install/vehicle_interfaces/lib/python3.8/site-packages/vehicle_interfaces/vehicle_interfaces_s__rosidl_typesupport_introspection_c.cpython-38-x86_64-linux-gnu.so" to ""\n'}
[45.993645] (vehicle_interfaces) StdoutLine: {'line': b'-- Installing: /root/install/vehicle_interfaces/lib/python3.8/site-packages/vehicle_interfaces/vehicle_interfaces_s__rosidl_typesupport_c.cpython-38-x86_64-linux-gnu.so\n'}
[45.995229] (vehicle_interfaces) StdoutLine: {'line': b'-- Set runtime path of "/root/install/vehicle_interfaces/lib/python3.8/site-packages/vehicle_interfaces/vehicle_interfaces_s__rosidl_typesupport_c.cpython-38-x86_64-linux-gnu.so" to ""\n'}
[45.998001] (vehicle_interfaces) StdoutLine: {'line': b'-- Installing: /root/install/vehicle_interfaces/lib/libvehicle_interfaces__python.so\n'}
[45.998289] (vehicle_interfaces) StdoutLine: {'line': b'-- Set runtime path of "/root/install/vehicle_interfaces/lib/libvehicle_interfaces__python.so" to ""\n'}
[45.998560] (vehicle_interfaces) StdoutLine: {'line': b'-- Up-to-date: /root/install/vehicle_interfaces/share/vehicle_interfaces/srv/GetSerialPort.idl\n'}
[45.998730] (vehicle_interfaces) StdoutLine: {'line': b'-- Up-to-date: /root/install/vehicle_interfaces/share/vehicle_interfaces/srv/ResetSerialPort.idl\n'}
[45.998894] (vehicle_interfaces) StdoutLine: {'line': b'-- Up-to-date: /root/install/vehicle_interfaces/share/vehicle_interfaces/srv/GetDeviceStatus.idl\n'}
[45.999082] (vehicle_interfaces) StdoutLine: {'line': b'-- Up-to-date: /root/install/vehicle_interfaces/share/vehicle_interfaces/msg/SensorData.idl\n'}
[45.999243] (vehicle_interfaces) StdoutLine: {'line': b'-- Installing: /root/install/vehicle_interfaces/share/vehicle_interfaces/msg/ControlData.idl\n'}
[45.999386] (vehicle_interfaces) StdoutLine: {'line': b'-- Up-to-date: /root/install/vehicle_interfaces/share/vehicle_interfaces/msg/EncoderData.idl\n'}
[45.999518] (vehicle_interfaces) StdoutLine: {'line': b'-- Up-to-date: /root/install/vehicle_interfaces/share/vehicle_interfaces/msg/GPSData.idl\n'}
[45.999701] (vehicle_interfaces) StdoutLine: {'line': b'-- Up-to-date: /root/install/vehicle_interfaces/share/vehicle_interfaces/msg/IRData.idl\n'}
[45.999841] (vehicle_interfaces) StdoutLine: {'line': b'-- Up-to-date: /root/install/vehicle_interfaces/share/vehicle_interfaces/msg/MPUData.idl\n'}
[45.999966] (vehicle_interfaces) StdoutLine: {'line': b'-- Up-to-date: /root/install/vehicle_interfaces/share/vehicle_interfaces/msg/QMCData.idl\n'}
[46.000097] (vehicle_interfaces) StdoutLine: {'line': b'-- Up-to-date: /root/install/vehicle_interfaces/share/vehicle_interfaces/msg/TemperatureData.idl\n'}
[46.000268] (vehicle_interfaces) StdoutLine: {'line': b'-- Up-to-date: /root/install/vehicle_interfaces/share/vehicle_interfaces/msg/ToFData.idl\n'}
[46.000380] (vehicle_interfaces) StdoutLine: {'line': b'-- Up-to-date: /root/install/vehicle_interfaces/share/vehicle_interfaces/msg/UltrasonicData.idl\n'}
[46.000529] (vehicle_interfaces) StdoutLine: {'line': b'-- Up-to-date: /root/install/vehicle_interfaces/share/vehicle_interfaces/srv/GetSerialPort.srv\n'}
[46.000611] (vehicle_interfaces) StdoutLine: {'line': b'-- Up-to-date: /root/install/vehicle_interfaces/share/vehicle_interfaces/srv/GetSerialPort_Request.msg\n'}
[46.000689] (vehicle_interfaces) StdoutLine: {'line': b'-- Up-to-date: /root/install/vehicle_interfaces/share/vehicle_interfaces/srv/GetSerialPort_Response.msg\n'}
[46.000789] (vehicle_interfaces) StdoutLine: {'line': b'-- Up-to-date: /root/install/vehicle_interfaces/share/vehicle_interfaces/srv/ResetSerialPort.srv\n'}
[46.001041] (vehicle_interfaces) StdoutLine: {'line': b'-- Up-to-date: /root/install/vehicle_interfaces/share/vehicle_interfaces/srv/ResetSerialPort_Request.msg\n'}
[46.001268] (vehicle_interfaces) StdoutLine: {'line': b'-- Up-to-date: /root/install/vehicle_interfaces/share/vehicle_interfaces/srv/ResetSerialPort_Response.msg\n'}
[46.001437] (vehicle_interfaces) StdoutLine: {'line': b'-- Up-to-date: /root/install/vehicle_interfaces/share/vehicle_interfaces/srv/GetDeviceStatus.srv\n'}
[46.001584] (vehicle_interfaces) StdoutLine: {'line': b'-- Up-to-date: /root/install/vehicle_interfaces/share/vehicle_interfaces/srv/GetDeviceStatus_Request.msg\n'}
[46.001759] (vehicle_interfaces) StdoutLine: {'line': b'-- Up-to-date: /root/install/vehicle_interfaces/share/vehicle_interfaces/srv/GetDeviceStatus_Response.msg\n'}
[46.001987] (vehicle_interfaces) StdoutLine: {'line': b'-- Up-to-date: /root/install/vehicle_interfaces/share/vehicle_interfaces/msg/SensorData.msg\n'}
[46.002129] (vehicle_interfaces) StdoutLine: {'line': b'-- Installing: /root/install/vehicle_interfaces/share/vehicle_interfaces/msg/ControlData.msg\n'}
[46.002316] (vehicle_interfaces) StdoutLine: {'line': b'-- Up-to-date: /root/install/vehicle_interfaces/share/vehicle_interfaces/msg/EncoderData.msg\n'}
[46.002455] (vehicle_interfaces) StdoutLine: {'line': b'-- Up-to-date: /root/install/vehicle_interfaces/share/vehicle_interfaces/msg/GPSData.msg\n'}
[46.002629] (vehicle_interfaces) StdoutLine: {'line': b'-- Up-to-date: /root/install/vehicle_interfaces/share/vehicle_interfaces/msg/IRData.msg\n'}
[46.002930] (vehicle_interfaces) StdoutLine: {'line': b'-- Up-to-date: /root/install/vehicle_interfaces/share/vehicle_interfaces/msg/MPUData.msg\n'}
[46.003119] (vehicle_interfaces) StdoutLine: {'line': b'-- Up-to-date: /root/install/vehicle_interfaces/share/vehicle_interfaces/msg/QMCData.msg\n'}
[46.003324] (vehicle_interfaces) StdoutLine: {'line': b'-- Up-to-date: /root/install/vehicle_interfaces/share/vehicle_interfaces/msg/TemperatureData.msg\n'}
[46.003555] (vehicle_interfaces) StdoutLine: {'line': b'-- Up-to-date: /root/install/vehicle_interfaces/share/vehicle_interfaces/msg/ToFData.msg\n'}
[46.003725] (vehicle_interfaces) StdoutLine: {'line': b'-- Up-to-date: /root/install/vehicle_interfaces/share/vehicle_interfaces/msg/UltrasonicData.msg\n'}
[46.004311] (vehicle_interfaces) StdoutLine: {'line': b'-- Up-to-date: /root/install/vehicle_interfaces/share/ament_index/resource_index/package_run_dependencies/vehicle_interfaces\n'}
[46.004439] (vehicle_interfaces) StdoutLine: {'line': b'-- Up-to-date: /root/install/vehicle_interfaces/share/ament_index/resource_index/parent_prefix_path/vehicle_interfaces\n'}
[46.004560] (vehicle_interfaces) StdoutLine: {'line': b'-- Up-to-date: /root/install/vehicle_interfaces/share/vehicle_interfaces/environment/ament_prefix_path.sh\n'}
[46.004673] (vehicle_interfaces) StdoutLine: {'line': b'-- Installing: /root/install/vehicle_interfaces/share/vehicle_interfaces/environment/ament_prefix_path.dsv\n'}
[46.004805] (vehicle_interfaces) StdoutLine: {'line': b'-- Up-to-date: /root/install/vehicle_interfaces/share/vehicle_interfaces/environment/path.sh\n'}
[46.004886] (vehicle_interfaces) StdoutLine: {'line': b'-- Installing: /root/install/vehicle_interfaces/share/vehicle_interfaces/environment/path.dsv\n'}
[46.004962] (vehicle_interfaces) StdoutLine: {'line': b'-- Up-to-date: /root/install/vehicle_interfaces/share/vehicle_interfaces/local_setup.bash\n'}
[46.005034] (vehicle_interfaces) StdoutLine: {'line': b'-- Up-to-date: /root/install/vehicle_interfaces/share/vehicle_interfaces/local_setup.sh\n'}
[46.005116] (vehicle_interfaces) StdoutLine: {'line': b'-- Up-to-date: /root/install/vehicle_interfaces/share/vehicle_interfaces/local_setup.zsh\n'}
[46.005262] (vehicle_interfaces) StdoutLine: {'line': b'-- Installing: /root/install/vehicle_interfaces/share/vehicle_interfaces/local_setup.dsv\n'}
[46.005355] (vehicle_interfaces) StdoutLine: {'line': b'-- Installing: /root/install/vehicle_interfaces/share/vehicle_interfaces/package.dsv\n'}
[46.005502] (vehicle_interfaces) StdoutLine: {'line': b'-- Up-to-date: /root/install/vehicle_interfaces/share/ament_index/resource_index/packages/vehicle_interfaces\n'}
[46.005587] (vehicle_interfaces) StdoutLine: {'line': b'-- Up-to-date: /root/install/vehicle_interfaces/share/vehicle_interfaces/cmake/vehicle_interfaces__rosidl_generator_cExport.cmake\n'}
[46.005665] (vehicle_interfaces) StdoutLine: {'line': b'-- Installing: /root/install/vehicle_interfaces/share/vehicle_interfaces/cmake/vehicle_interfaces__rosidl_generator_cExport-noconfig.cmake\n'}
[46.006396] (vehicle_interfaces) StdoutLine: {'line': b'-- Up-to-date: /root/install/vehicle_interfaces/share/vehicle_interfaces/cmake/vehicle_interfaces__rosidl_typesupport_introspection_cExport.cmake\n'}
[46.006689] (vehicle_interfaces) StdoutLine: {'line': b'-- Installing: /root/install/vehicle_interfaces/share/vehicle_interfaces/cmake/vehicle_interfaces__rosidl_typesupport_introspection_cExport-noconfig.cmake\n'}
[46.007260] (vehicle_interfaces) StdoutLine: {'line': b'-- Up-to-date: /root/install/vehicle_interfaces/share/vehicle_interfaces/cmake/vehicle_interfaces__rosidl_typesupport_cExport.cmake\n'}
[46.008175] (vehicle_interfaces) StdoutLine: {'line': b'-- Installing: /root/install/vehicle_interfaces/share/vehicle_interfaces/cmake/vehicle_interfaces__rosidl_typesupport_cExport-noconfig.cmake\n'}
[46.008400] (vehicle_interfaces) StdoutLine: {'line': b'-- Up-to-date: /root/install/vehicle_interfaces/share/vehicle_interfaces/cmake/vehicle_interfaces__rosidl_generator_cppExport.cmake\n'}
[46.008658] (vehicle_interfaces) StdoutLine: {'line': b'-- Up-to-date: /root/install/vehicle_interfaces/share/vehicle_interfaces/cmake/vehicle_interfaces__rosidl_typesupport_introspection_cppExport.cmake\n'}
[46.008884] (vehicle_interfaces) StdoutLine: {'line': b'-- Installing: /root/install/vehicle_interfaces/share/vehicle_interfaces/cmake/vehicle_interfaces__rosidl_typesupport_introspection_cppExport-noconfig.cmake\n'}
[46.009536] (vehicle_interfaces) StdoutLine: {'line': b'-- Up-to-date: /root/install/vehicle_interfaces/share/vehicle_interfaces/cmake/vehicle_interfaces__rosidl_typesupport_cppExport.cmake\n'}
[46.009792] (vehicle_interfaces) StdoutLine: {'line': b'-- Installing: /root/install/vehicle_interfaces/share/vehicle_interfaces/cmake/vehicle_interfaces__rosidl_typesupport_cppExport-noconfig.cmake\n'}
[46.010111] (vehicle_interfaces) StdoutLine: {'line': b'-- Up-to-date: /root/install/vehicle_interfaces/share/vehicle_interfaces/cmake/rosidl_cmake-extras.cmake\n'}
[46.010660] (vehicle_interfaces) StdoutLine: {'line': b'-- Up-to-date: /root/install/vehicle_interfaces/share/vehicle_interfaces/cmake/ament_cmake_export_dependencies-extras.cmake\n'}
[46.010937] (vehicle_interfaces) StdoutLine: {'line': b'-- Up-to-date: /root/install/vehicle_interfaces/share/vehicle_interfaces/cmake/ament_cmake_export_libraries-extras.cmake\n'}
[46.011416] (vehicle_interfaces) StdoutLine: {'line': b'-- Up-to-date: /root/install/vehicle_interfaces/share/vehicle_interfaces/cmake/ament_cmake_export_targets-extras.cmake\n'}
[46.011596] (vehicle_interfaces) StdoutLine: {'line': b'-- Up-to-date: /root/install/vehicle_interfaces/share/vehicle_interfaces/cmake/ament_cmake_export_include_directories-extras.cmake\n'}
[46.011766] (vehicle_interfaces) StdoutLine: {'line': b'-- Up-to-date: /root/install/vehicle_interfaces/share/vehicle_interfaces/cmake/rosidl_cmake_export_typesupport_libraries-extras.cmake\n'}
[46.011919] (vehicle_interfaces) StdoutLine: {'line': b'-- Up-to-date: /root/install/vehicle_interfaces/share/vehicle_interfaces/cmake/rosidl_cmake_export_typesupport_targets-extras.cmake\n'}
[46.012069] (vehicle_interfaces) StdoutLine: {'line': b'-- Up-to-date: /root/install/vehicle_interfaces/share/vehicle_interfaces/cmake/vehicle_interfacesConfig.cmake\n'}
[46.012212] (vehicle_interfaces) StdoutLine: {'line': b'-- Up-to-date: /root/install/vehicle_interfaces/share/vehicle_interfaces/cmake/vehicle_interfacesConfig-version.cmake\n'}
[46.012351] (vehicle_interfaces) StdoutLine: {'line': b'-- Up-to-date: /root/install/vehicle_interfaces/share/vehicle_interfaces/package.xml\n'}
[46.014848] (vehicle_interfaces) CommandEnded: {'returncode': 0}
[46.054854] (-) TimerEvent: {}
[46.155359] (-) TimerEvent: {}
[46.255733] (-) TimerEvent: {}
[46.356090] (-) TimerEvent: {}
[46.438452] (vehicle_interfaces) JobEnded: {'identifier': 'vehicle_interfaces', 'rc': 0}
[46.439635] (-) EventReactorShutdown: {}
