[0.000000] (-) TimerEvent: {}
[0.000766] (vehicle_interfaces) JobQueued: {'identifier': 'vehicle_interfaces', 'dependencies': OrderedDict()}
[0.001574] (vehicle_navigation) JobQueued: {'identifier': 'vehicle_navigation', 'dependencies': OrderedDict()}
[0.001909] (vehicle_networking) JobQueued: {'identifier': 'vehicle_networking', 'dependencies': OrderedDict()}
[0.002125] (vehicle_packet_manager) JobQueued: {'identifier': 'vehicle_packet_manager', 'dependencies': OrderedDict()}
[0.002318] (vehicle_simulation) JobQueued: {'identifier': 'vehicle_simulation', 'dependencies': OrderedDict()}
[0.002595] (vehicle_string_converter) JobQueued: {'identifier': 'vehicle_string_converter', 'dependencies': OrderedDict()}
[0.002844] (vehicle_interfaces) JobStarted: {'identifier': 'vehicle_interfaces'}
[0.013740] (vehicle_navigation) JobStarted: {'identifier': 'vehicle_navigation'}
[0.025694] (vehicle_networking) JobStarted: {'identifier': 'vehicle_networking'}
[0.038525] (vehicle_packet_manager) JobStarted: {'identifier': 'vehicle_packet_manager'}
[0.056953] (vehicle_interfaces) JobProgress: {'identifier': 'vehicle_interfaces', 'progress': 'cmake'}
[0.058187] (vehicle_interfaces) Command: {'cmd': ['/usr/bin/cmake', '/home/ethanreynolds/vscode/robot-rover-2025/code/system/ros2/src/vehicle_interfaces', '-DCMAKE_INSTALL_PREFIX=/home/ethanreynolds/vscode/robot-rover-2025/code/system/ros2/install/vehicle_interfaces'], 'cwd': '/home/ethanreynolds/vscode/robot-rover-2025/code/system/ros2/build/vehicle_interfaces', 'env': OrderedDict([('LESSOPEN', '| /usr/bin/lesspipe %s'), ('USER', 'ethanreynolds'), ('SSH_CLIENT', '172.24.1.138 52822 22'), ('XDG_SESSION_TYPE', 'tty'), ('SHLVL', '1'), ('LD_LIBRARY_PATH', '/home/ethanreynolds/vscode/robot-rover-2025/code/system/ros2/install/vehicle_interfaces/lib:/opt/ros/foxy/opt/yaml_cpp_vendor/lib:/opt/ros/foxy/lib/x86_64-linux-gnu:/opt/ros/foxy/lib'), ('MOTD_SHOWN', 'pam'), ('HOME', '/home/ethanreynolds'), ('OLDPWD', '/home/ethanreynolds'), ('SSH_TTY', '/dev/pts/4'), ('ROS_PYTHON_VERSION', '3'), ('DBUS_SESSION_BUS_ADDRESS', 'unix:path=/run/user/1000/bus'), ('COLCON_PREFIX_PATH', '/home/ethanreynolds/vscode/robot-rover-2025/code/system/ros2/install'), ('ROS_DISTRO', 'foxy'), ('LOGNAME', 'ethanreynolds'), ('_', '/usr/bin/colcon'), ('ROS_VERSION', '2'), ('XDG_SESSION_CLASS', 'user'), ('TERM', 'xterm-256color'), ('XDG_SESSION_ID', '7'), ('ROS_LOCALHOST_ONLY', '0'), ('PATH', '/opt/ros/foxy/bin:/usr/local/sbin:/usr/local/bin:/usr/sbin:/usr/bin:/sbin:/bin:/usr/games:/usr/local/games:/snap/bin:/home/ethanreynolds/.local/share/JetBrains/Toolbox/scripts'), ('XDG_RUNTIME_DIR', '/run/user/1000'), ('LANG', 'en_US.UTF-8'), ('LS_COLORS', 'rs=0:di=01;34:ln=01;36:mh=00:pi=40;33:so=01;35:do=01;35:bd=40;33;01:cd=40;33;01:or=40;31;01:mi=00:su=37;41:sg=30;43:ca=30;41:tw=30;42:ow=34;42:st=37;44:ex=01;32:*.tar=01;31:*.tgz=01;31:*.arc=01;31:*.arj=01;31:*.taz=01;31:*.lha=01;31:*.lz4=01;31:*.lzh=01;31:*.lzma=01;31:*.tlz=01;31:*.txz=01;31:*.tzo=01;31:*.t7z=01;31:*.zip=01;31:*.z=01;31:*.dz=01;31:*.gz=01;31:*.lrz=01;31:*.lz=01;31:*.lzo=01;31:*.xz=01;31:*.zst=01;31:*.tzst=01;31:*.bz2=01;31:*.bz=01;31:*.tbz=01;31:*.tbz2=01;31:*.tz=01;31:*.deb=01;31:*.rpm=01;31:*.jar=01;31:*.war=01;31:*.ear=01;31:*.sar=01;31:*.rar=01;31:*.alz=01;31:*.ace=01;31:*.zoo=01;31:*.cpio=01;31:*.7z=01;31:*.rz=01;31:*.cab=01;31:*.wim=01;31:*.swm=01;31:*.dwm=01;31:*.esd=01;31:*.jpg=01;35:*.jpeg=01;35:*.mjpg=01;35:*.mjpeg=01;35:*.gif=01;35:*.bmp=01;35:*.pbm=01;35:*.pgm=01;35:*.ppm=01;35:*.tga=01;35:*.xbm=01;35:*.xpm=01;35:*.tif=01;35:*.tiff=01;35:*.png=01;35:*.svg=01;35:*.svgz=01;35:*.mng=01;35:*.pcx=01;35:*.mov=01;35:*.mpg=01;35:*.mpeg=01;35:*.m2v=01;35:*.mkv=01;35:*.webm=01;35:*.ogm=01;35:*.mp4=01;35:*.m4v=01;35:*.mp4v=01;35:*.vob=01;35:*.qt=01;35:*.nuv=01;35:*.wmv=01;35:*.asf=01;35:*.rm=01;35:*.rmvb=01;35:*.flc=01;35:*.avi=01;35:*.fli=01;35:*.flv=01;35:*.gl=01;35:*.dl=01;35:*.xcf=01;35:*.xwd=01;35:*.yuv=01;35:*.cgm=01;35:*.emf=01;35:*.ogv=01;35:*.ogx=01;35:*.aac=00;36:*.au=00;36:*.flac=00;36:*.m4a=00;36:*.mid=00;36:*.midi=00;36:*.mka=00;36:*.mp3=00;36:*.mpc=00;36:*.ogg=00;36:*.ra=00;36:*.wav=00;36:*.oga=00;36:*.opus=00;36:*.spx=00;36:*.xspf=00;36:'), ('AMENT_PREFIX_PATH', '/home/ethanreynolds/vscode/robot-rover-2025/code/system/ros2/install/vehicle_string_converter:/home/ethanreynolds/vscode/robot-rover-2025/code/system/ros2/install/vehicle_simulation:/home/ethanreynolds/vscode/robot-rover-2025/code/system/ros2/install/vehicle_networking:/home/ethanreynolds/vscode/robot-rover-2025/code/system/ros2/install/vehicle_interfaces:/opt/ros/foxy'), ('SHELL', '/bin/bash'), ('LESSCLOSE', '/usr/bin/lesspipe %s %s'), ('PWD', '/home/ethanreynolds/vscode/robot-rover-2025/code/system/ros2/build/vehicle_interfaces'), ('SSH_CONNECTION', '172.24.1.138 52822 172.24.1.184 22'), ('XDG_DATA_DIRS', '/usr/local/share:/usr/share:/var/lib/snapd/desktop'), ('PYTHONPATH', '/home/ethanreynolds/vscode/robot-rover-2025/code/system/ros2/install/vehicle_string_converter/lib/python3.8/site-packages:/home/ethanreynolds/vscode/robot-rover-2025/code/system/ros2/install/vehicle_simulation/lib/python3.8/site-packages:/home/ethanreynolds/vscode/robot-rover-2025/code/system/ros2/install/vehicle_networking/lib/python3.8/site-packages:/home/ethanreynolds/vscode/robot-rover-2025/code/system/ros2/install/vehicle_interfaces/lib/python3.8/site-packages:/opt/ros/foxy/lib/python3.8/site-packages'), ('COLCON', '1'), ('CMAKE_PREFIX_PATH', '/home/ethanreynolds/vscode/robot-rover-2025/code/system/ros2/install/vehicle_interfaces:/home/ethanreynolds/vscode/robot-rover-2025/code/system/ros2/install/vehicle_string_converter:/home/ethanreynolds/vscode/robot-rover-2025/code/system/ros2/install/vehicle_simulation:/home/ethanreynolds/vscode/robot-rover-2025/code/system/ros2/install/vehicle_networking:/opt/ros/foxy')]), 'shell': False}
[0.099459] (-) TimerEvent: {}
[0.200065] (-) TimerEvent: {}
[0.300492] (-) TimerEvent: {}
[0.401121] (-) TimerEvent: {}
[0.501599] (-) TimerEvent: {}
[0.602255] (-) TimerEvent: {}
[0.702871] (-) TimerEvent: {}
[0.803434] (-) TimerEvent: {}
[0.903862] (-) TimerEvent: {}
[1.004554] (-) TimerEvent: {}
[1.105421] (-) TimerEvent: {}
[1.205905] (-) TimerEvent: {}
[1.306484] (-) TimerEvent: {}
[1.340443] (vehicle_interfaces) StdoutLine: {'line': b'-- Found ament_cmake: 0.9.12 (/opt/ros/foxy/share/ament_cmake/cmake)\n'}
[1.341049] (vehicle_interfaces) StdoutLine: {'line': b'-- Using PYTHON_EXECUTABLE: /usr/bin/python3\n'}
[1.341770] (vehicle_interfaces) StdoutLine: {'line': b'-- Found rosidl_default_generators: 1.0.1 (/opt/ros/foxy/share/rosidl_default_generators/cmake)\n'}
[1.342416] (vehicle_interfaces) StdoutLine: {'line': b'-- Using all available rosidl_typesupport_c: rosidl_typesupport_fastrtps_c;rosidl_typesupport_introspection_c\n'}
[1.343653] (vehicle_interfaces) StdoutLine: {'line': b'-- Found rosidl_adapter: 1.3.1 (/opt/ros/foxy/share/rosidl_adapter/cmake)\n'}
[1.344242] (vehicle_interfaces) StdoutLine: {'line': b'-- Using all available rosidl_typesupport_cpp: rosidl_typesupport_fastrtps_cpp;rosidl_typesupport_introspection_cpp\n'}
[1.344959] (vehicle_interfaces) StdoutLine: {'line': b'-- Found std_msgs: 2.0.5 (/opt/ros/foxy/share/std_msgs/cmake)\n'}
[1.345806] (vehicle_interfaces) StdoutLine: {'line': b'-- Found sensor_msgs: 2.0.5 (/opt/ros/foxy/share/sensor_msgs/cmake)\n'}
[1.347952] (vehicle_interfaces) StdoutLine: {'line': b'-- Found PythonInterp: /usr/bin/python3 (found version "3.8.10") \n'}
[1.406639] (-) TimerEvent: {}
[1.507644] (-) TimerEvent: {}
[1.608529] (-) TimerEvent: {}
[1.709278] (-) TimerEvent: {}
[1.810003] (-) TimerEvent: {}
[1.910933] (-) TimerEvent: {}
[2.011810] (-) TimerEvent: {}
[2.112415] (-) TimerEvent: {}
[2.214522] (-) TimerEvent: {}
[2.315166] (-) TimerEvent: {}
[2.317238] (vehicle_interfaces) StdoutLine: {'line': b'-- Found ament_cmake_ros: 0.9.2 (/opt/ros/foxy/share/ament_cmake_ros/cmake)\n'}
[2.412579] (vehicle_navigation) Command: {'cmd': ['/usr/bin/python3', '-W', 'ignore:setup.py install is deprecated', '-W', 'ignore:easy_install command is deprecated', 'setup.py', 'egg_info', '--egg-base', '../../build/vehicle_navigation', 'build', '--build-base', '/home/ethanreynolds/vscode/robot-rover-2025/code/system/ros2/build/vehicle_navigation/build', 'install', '--record', '/home/ethanreynolds/vscode/robot-rover-2025/code/system/ros2/build/vehicle_navigation/install.log', '--install-scripts', '$base/lib/vehicle_navigation', '--single-version-externally-managed', 'install_data'], 'cwd': '/home/ethanreynolds/vscode/robot-rover-2025/code/system/ros2/src/vehicle_navigation', 'env': {'LESSOPEN': '| /usr/bin/lesspipe %s', 'USER': 'ethanreynolds', 'SSH_CLIENT': '172.24.1.138 52822 22', 'XDG_SESSION_TYPE': 'tty', 'SHLVL': '1', 'LD_LIBRARY_PATH': '/home/ethanreynolds/vscode/robot-rover-2025/code/system/ros2/install/vehicle_interfaces/lib:/opt/ros/foxy/opt/yaml_cpp_vendor/lib:/opt/ros/foxy/lib/x86_64-linux-gnu:/opt/ros/foxy/lib', 'MOTD_SHOWN': 'pam', 'HOME': '/home/ethanreynolds', 'OLDPWD': '/home/ethanreynolds', 'SSH_TTY': '/dev/pts/4', 'ROS_PYTHON_VERSION': '3', 'DBUS_SESSION_BUS_ADDRESS': 'unix:path=/run/user/1000/bus', 'COLCON_PREFIX_PATH': '/home/ethanreynolds/vscode/robot-rover-2025/code/system/ros2/install', 'ROS_DISTRO': 'foxy', 'LOGNAME': 'ethanreynolds', '_': '/usr/bin/colcon', 'ROS_VERSION': '2', 'XDG_SESSION_CLASS': 'user', 'TERM': 'xterm-256color', 'XDG_SESSION_ID': '7', 'ROS_LOCALHOST_ONLY': '0', 'PATH': '/opt/ros/foxy/bin:/usr/local/sbin:/usr/local/bin:/usr/sbin:/usr/bin:/sbin:/bin:/usr/games:/usr/local/games:/snap/bin:/home/ethanreynolds/.local/share/JetBrains/Toolbox/scripts', 'XDG_RUNTIME_DIR': '/run/user/1000', 'LANG': 'en_US.UTF-8', 'LS_COLORS': 'rs=0:di=01;34:ln=01;36:mh=00:pi=40;33:so=01;35:do=01;35:bd=40;33;01:cd=40;33;01:or=40;31;01:mi=00:su=37;41:sg=30;43:ca=30;41:tw=30;42:ow=34;42:st=37;44:ex=01;32:*.tar=01;31:*.tgz=01;31:*.arc=01;31:*.arj=01;31:*.taz=01;31:*.lha=01;31:*.lz4=01;31:*.lzh=01;31:*.lzma=01;31:*.tlz=01;31:*.txz=01;31:*.tzo=01;31:*.t7z=01;31:*.zip=01;31:*.z=01;31:*.dz=01;31:*.gz=01;31:*.lrz=01;31:*.lz=01;31:*.lzo=01;31:*.xz=01;31:*.zst=01;31:*.tzst=01;31:*.bz2=01;31:*.bz=01;31:*.tbz=01;31:*.tbz2=01;31:*.tz=01;31:*.deb=01;31:*.rpm=01;31:*.jar=01;31:*.war=01;31:*.ear=01;31:*.sar=01;31:*.rar=01;31:*.alz=01;31:*.ace=01;31:*.zoo=01;31:*.cpio=01;31:*.7z=01;31:*.rz=01;31:*.cab=01;31:*.wim=01;31:*.swm=01;31:*.dwm=01;31:*.esd=01;31:*.jpg=01;35:*.jpeg=01;35:*.mjpg=01;35:*.mjpeg=01;35:*.gif=01;35:*.bmp=01;35:*.pbm=01;35:*.pgm=01;35:*.ppm=01;35:*.tga=01;35:*.xbm=01;35:*.xpm=01;35:*.tif=01;35:*.tiff=01;35:*.png=01;35:*.svg=01;35:*.svgz=01;35:*.mng=01;35:*.pcx=01;35:*.mov=01;35:*.mpg=01;35:*.mpeg=01;35:*.m2v=01;35:*.mkv=01;35:*.webm=01;35:*.ogm=01;35:*.mp4=01;35:*.m4v=01;35:*.mp4v=01;35:*.vob=01;35:*.qt=01;35:*.nuv=01;35:*.wmv=01;35:*.asf=01;35:*.rm=01;35:*.rmvb=01;35:*.flc=01;35:*.avi=01;35:*.fli=01;35:*.flv=01;35:*.gl=01;35:*.dl=01;35:*.xcf=01;35:*.xwd=01;35:*.yuv=01;35:*.cgm=01;35:*.emf=01;35:*.ogv=01;35:*.ogx=01;35:*.aac=00;36:*.au=00;36:*.flac=00;36:*.m4a=00;36:*.mid=00;36:*.midi=00;36:*.mka=00;36:*.mp3=00;36:*.mpc=00;36:*.ogg=00;36:*.ra=00;36:*.wav=00;36:*.oga=00;36:*.opus=00;36:*.spx=00;36:*.xspf=00;36:', 'AMENT_PREFIX_PATH': '/home/ethanreynolds/vscode/robot-rover-2025/code/system/ros2/install/vehicle_string_converter:/home/ethanreynolds/vscode/robot-rover-2025/code/system/ros2/install/vehicle_simulation:/home/ethanreynolds/vscode/robot-rover-2025/code/system/ros2/install/vehicle_networking:/home/ethanreynolds/vscode/robot-rover-2025/code/system/ros2/install/vehicle_interfaces:/opt/ros/foxy', 'SHELL': '/bin/bash', 'LESSCLOSE': '/usr/bin/lesspipe %s %s', 'PWD': '/home/ethanreynolds/vscode/robot-rover-2025/code/system/ros2/build/vehicle_navigation', 'SSH_CONNECTION': '172.24.1.138 52822 172.24.1.184 22', 'XDG_DATA_DIRS': '/usr/local/share:/usr/share:/var/lib/snapd/desktop', 'PYTHONPATH': '/home/ethanreynolds/vscode/robot-rover-2025/code/system/ros2/build/vehicle_navigation/prefix_override:/usr/lib/python3/dist-packages/colcon_core/task/python/colcon_distutils_commands:/home/ethanreynolds/vscode/robot-rover-2025/code/system/ros2/install/vehicle_navigation/lib/python3.8/site-packages:/home/ethanreynolds/vscode/robot-rover-2025/code/system/ros2/install/vehicle_string_converter/lib/python3.8/site-packages:/home/ethanreynolds/vscode/robot-rover-2025/code/system/ros2/install/vehicle_simulation/lib/python3.8/site-packages:/home/ethanreynolds/vscode/robot-rover-2025/code/system/ros2/install/vehicle_networking/lib/python3.8/site-packages:/home/ethanreynolds/vscode/robot-rover-2025/code/system/ros2/install/vehicle_interfaces/lib/python3.8/site-packages:/opt/ros/foxy/lib/python3.8/site-packages', 'COLCON': '1', 'CMAKE_PREFIX_PATH': '/home/ethanreynolds/vscode/robot-rover-2025/code/system/ros2/install/vehicle_interfaces'}, 'shell': False}
[2.419945] (-) TimerEvent: {}
[2.432589] (vehicle_networking) Command: {'cmd': ['/usr/bin/python3', '-W', 'ignore:setup.py install is deprecated', '-W', 'ignore:easy_install command is deprecated', 'setup.py', 'egg_info', '--egg-base', '../../build/vehicle_networking', 'build', '--build-base', '/home/ethanreynolds/vscode/robot-rover-2025/code/system/ros2/build/vehicle_networking/build', 'install', '--record', '/home/ethanreynolds/vscode/robot-rover-2025/code/system/ros2/build/vehicle_networking/install.log', '--install-scripts', '$base/lib/vehicle_networking', '--single-version-externally-managed', 'install_data'], 'cwd': '/home/ethanreynolds/vscode/robot-rover-2025/code/system/ros2/src/vehicle_networking', 'env': {'LESSOPEN': '| /usr/bin/lesspipe %s', 'USER': 'ethanreynolds', 'SSH_CLIENT': '172.24.1.138 52822 22', 'XDG_SESSION_TYPE': 'tty', 'SHLVL': '1', 'LD_LIBRARY_PATH': '/home/ethanreynolds/vscode/robot-rover-2025/code/system/ros2/install/vehicle_interfaces/lib:/opt/ros/foxy/opt/yaml_cpp_vendor/lib:/opt/ros/foxy/lib/x86_64-linux-gnu:/opt/ros/foxy/lib', 'MOTD_SHOWN': 'pam', 'HOME': '/home/ethanreynolds', 'OLDPWD': '/home/ethanreynolds', 'SSH_TTY': '/dev/pts/4', 'ROS_PYTHON_VERSION': '3', 'DBUS_SESSION_BUS_ADDRESS': 'unix:path=/run/user/1000/bus', 'COLCON_PREFIX_PATH': '/home/ethanreynolds/vscode/robot-rover-2025/code/system/ros2/install', 'ROS_DISTRO': 'foxy', 'LOGNAME': 'ethanreynolds', '_': '/usr/bin/colcon', 'ROS_VERSION': '2', 'XDG_SESSION_CLASS': 'user', 'TERM': 'xterm-256color', 'XDG_SESSION_ID': '7', 'ROS_LOCALHOST_ONLY': '0', 'PATH': '/opt/ros/foxy/bin:/usr/local/sbin:/usr/local/bin:/usr/sbin:/usr/bin:/sbin:/bin:/usr/games:/usr/local/games:/snap/bin:/home/ethanreynolds/.local/share/JetBrains/Toolbox/scripts', 'XDG_RUNTIME_DIR': '/run/user/1000', 'LANG': 'en_US.UTF-8', 'LS_COLORS': 'rs=0:di=01;34:ln=01;36:mh=00:pi=40;33:so=01;35:do=01;35:bd=40;33;01:cd=40;33;01:or=40;31;01:mi=00:su=37;41:sg=30;43:ca=30;41:tw=30;42:ow=34;42:st=37;44:ex=01;32:*.tar=01;31:*.tgz=01;31:*.arc=01;31:*.arj=01;31:*.taz=01;31:*.lha=01;31:*.lz4=01;31:*.lzh=01;31:*.lzma=01;31:*.tlz=01;31:*.txz=01;31:*.tzo=01;31:*.t7z=01;31:*.zip=01;31:*.z=01;31:*.dz=01;31:*.gz=01;31:*.lrz=01;31:*.lz=01;31:*.lzo=01;31:*.xz=01;31:*.zst=01;31:*.tzst=01;31:*.bz2=01;31:*.bz=01;31:*.tbz=01;31:*.tbz2=01;31:*.tz=01;31:*.deb=01;31:*.rpm=01;31:*.jar=01;31:*.war=01;31:*.ear=01;31:*.sar=01;31:*.rar=01;31:*.alz=01;31:*.ace=01;31:*.zoo=01;31:*.cpio=01;31:*.7z=01;31:*.rz=01;31:*.cab=01;31:*.wim=01;31:*.swm=01;31:*.dwm=01;31:*.esd=01;31:*.jpg=01;35:*.jpeg=01;35:*.mjpg=01;35:*.mjpeg=01;35:*.gif=01;35:*.bmp=01;35:*.pbm=01;35:*.pgm=01;35:*.ppm=01;35:*.tga=01;35:*.xbm=01;35:*.xpm=01;35:*.tif=01;35:*.tiff=01;35:*.png=01;35:*.svg=01;35:*.svgz=01;35:*.mng=01;35:*.pcx=01;35:*.mov=01;35:*.mpg=01;35:*.mpeg=01;35:*.m2v=01;35:*.mkv=01;35:*.webm=01;35:*.ogm=01;35:*.mp4=01;35:*.m4v=01;35:*.mp4v=01;35:*.vob=01;35:*.qt=01;35:*.nuv=01;35:*.wmv=01;35:*.asf=01;35:*.rm=01;35:*.rmvb=01;35:*.flc=01;35:*.avi=01;35:*.fli=01;35:*.flv=01;35:*.gl=01;35:*.dl=01;35:*.xcf=01;35:*.xwd=01;35:*.yuv=01;35:*.cgm=01;35:*.emf=01;35:*.ogv=01;35:*.ogx=01;35:*.aac=00;36:*.au=00;36:*.flac=00;36:*.m4a=00;36:*.mid=00;36:*.midi=00;36:*.mka=00;36:*.mp3=00;36:*.mpc=00;36:*.ogg=00;36:*.ra=00;36:*.wav=00;36:*.oga=00;36:*.opus=00;36:*.spx=00;36:*.xspf=00;36:', 'AMENT_PREFIX_PATH': '/home/ethanreynolds/vscode/robot-rover-2025/code/system/ros2/install/vehicle_string_converter:/home/ethanreynolds/vscode/robot-rover-2025/code/system/ros2/install/vehicle_simulation:/home/ethanreynolds/vscode/robot-rover-2025/code/system/ros2/install/vehicle_networking:/home/ethanreynolds/vscode/robot-rover-2025/code/system/ros2/install/vehicle_interfaces:/opt/ros/foxy', 'SHELL': '/bin/bash', 'LESSCLOSE': '/usr/bin/lesspipe %s %s', 'PWD': '/home/ethanreynolds/vscode/robot-rover-2025/code/system/ros2/build/vehicle_networking', 'SSH_CONNECTION': '172.24.1.138 52822 172.24.1.184 22', 'XDG_DATA_DIRS': '/usr/local/share:/usr/share:/var/lib/snapd/desktop', 'PYTHONPATH': '/home/ethanreynolds/vscode/robot-rover-2025/code/system/ros2/build/vehicle_networking/prefix_override:/usr/lib/python3/dist-packages/colcon_core/task/python/colcon_distutils_commands:/home/ethanreynolds/vscode/robot-rover-2025/code/system/ros2/install/vehicle_networking/lib/python3.8/site-packages:/home/ethanreynolds/vscode/robot-rover-2025/code/system/ros2/install/vehicle_string_converter/lib/python3.8/site-packages:/home/ethanreynolds/vscode/robot-rover-2025/code/system/ros2/install/vehicle_simulation/lib/python3.8/site-packages:/home/ethanreynolds/vscode/robot-rover-2025/code/system/ros2/install/vehicle_networking/lib/python3.8/site-packages:/home/ethanreynolds/vscode/robot-rover-2025/code/system/ros2/install/vehicle_interfaces/lib/python3.8/site-packages:/opt/ros/foxy/lib/python3.8/site-packages', 'COLCON': '1', 'CMAKE_PREFIX_PATH': '/home/ethanreynolds/vscode/robot-rover-2025/code/system/ros2/install/vehicle_interfaces'}, 'shell': False}
[2.442883] (vehicle_packet_manager) Command: {'cmd': ['/usr/bin/python3', '-W', 'ignore:setup.py install is deprecated', '-W', 'ignore:easy_install command is deprecated', 'setup.py', 'egg_info', '--egg-base', '../../build/vehicle_packet_manager', 'build', '--build-base', '/home/ethanreynolds/vscode/robot-rover-2025/code/system/ros2/build/vehicle_packet_manager/build', 'install', '--record', '/home/ethanreynolds/vscode/robot-rover-2025/code/system/ros2/build/vehicle_packet_manager/install.log', '--install-scripts', '$base/lib/vehicle_packet_manager', '--single-version-externally-managed', 'install_data'], 'cwd': '/home/ethanreynolds/vscode/robot-rover-2025/code/system/ros2/src/vehicle_packet_manager', 'env': {'LESSOPEN': '| /usr/bin/lesspipe %s', 'USER': 'ethanreynolds', 'SSH_CLIENT': '172.24.1.138 52822 22', 'XDG_SESSION_TYPE': 'tty', 'SHLVL': '1', 'LD_LIBRARY_PATH': '/home/ethanreynolds/vscode/robot-rover-2025/code/system/ros2/install/vehicle_interfaces/lib:/opt/ros/foxy/opt/yaml_cpp_vendor/lib:/opt/ros/foxy/lib/x86_64-linux-gnu:/opt/ros/foxy/lib', 'MOTD_SHOWN': 'pam', 'HOME': '/home/ethanreynolds', 'OLDPWD': '/home/ethanreynolds', 'SSH_TTY': '/dev/pts/4', 'ROS_PYTHON_VERSION': '3', 'DBUS_SESSION_BUS_ADDRESS': 'unix:path=/run/user/1000/bus', 'COLCON_PREFIX_PATH': '/home/ethanreynolds/vscode/robot-rover-2025/code/system/ros2/install', 'ROS_DISTRO': 'foxy', 'LOGNAME': 'ethanreynolds', '_': '/usr/bin/colcon', 'ROS_VERSION': '2', 'XDG_SESSION_CLASS': 'user', 'TERM': 'xterm-256color', 'XDG_SESSION_ID': '7', 'ROS_LOCALHOST_ONLY': '0', 'PATH': '/opt/ros/foxy/bin:/usr/local/sbin:/usr/local/bin:/usr/sbin:/usr/bin:/sbin:/bin:/usr/games:/usr/local/games:/snap/bin:/home/ethanreynolds/.local/share/JetBrains/Toolbox/scripts', 'XDG_RUNTIME_DIR': '/run/user/1000', 'LANG': 'en_US.UTF-8', 'LS_COLORS': 'rs=0:di=01;34:ln=01;36:mh=00:pi=40;33:so=01;35:do=01;35:bd=40;33;01:cd=40;33;01:or=40;31;01:mi=00:su=37;41:sg=30;43:ca=30;41:tw=30;42:ow=34;42:st=37;44:ex=01;32:*.tar=01;31:*.tgz=01;31:*.arc=01;31:*.arj=01;31:*.taz=01;31:*.lha=01;31:*.lz4=01;31:*.lzh=01;31:*.lzma=01;31:*.tlz=01;31:*.txz=01;31:*.tzo=01;31:*.t7z=01;31:*.zip=01;31:*.z=01;31:*.dz=01;31:*.gz=01;31:*.lrz=01;31:*.lz=01;31:*.lzo=01;31:*.xz=01;31:*.zst=01;31:*.tzst=01;31:*.bz2=01;31:*.bz=01;31:*.tbz=01;31:*.tbz2=01;31:*.tz=01;31:*.deb=01;31:*.rpm=01;31:*.jar=01;31:*.war=01;31:*.ear=01;31:*.sar=01;31:*.rar=01;31:*.alz=01;31:*.ace=01;31:*.zoo=01;31:*.cpio=01;31:*.7z=01;31:*.rz=01;31:*.cab=01;31:*.wim=01;31:*.swm=01;31:*.dwm=01;31:*.esd=01;31:*.jpg=01;35:*.jpeg=01;35:*.mjpg=01;35:*.mjpeg=01;35:*.gif=01;35:*.bmp=01;35:*.pbm=01;35:*.pgm=01;35:*.ppm=01;35:*.tga=01;35:*.xbm=01;35:*.xpm=01;35:*.tif=01;35:*.tiff=01;35:*.png=01;35:*.svg=01;35:*.svgz=01;35:*.mng=01;35:*.pcx=01;35:*.mov=01;35:*.mpg=01;35:*.mpeg=01;35:*.m2v=01;35:*.mkv=01;35:*.webm=01;35:*.ogm=01;35:*.mp4=01;35:*.m4v=01;35:*.mp4v=01;35:*.vob=01;35:*.qt=01;35:*.nuv=01;35:*.wmv=01;35:*.asf=01;35:*.rm=01;35:*.rmvb=01;35:*.flc=01;35:*.avi=01;35:*.fli=01;35:*.flv=01;35:*.gl=01;35:*.dl=01;35:*.xcf=01;35:*.xwd=01;35:*.yuv=01;35:*.cgm=01;35:*.emf=01;35:*.ogv=01;35:*.ogx=01;35:*.aac=00;36:*.au=00;36:*.flac=00;36:*.m4a=00;36:*.mid=00;36:*.midi=00;36:*.mka=00;36:*.mp3=00;36:*.mpc=00;36:*.ogg=00;36:*.ra=00;36:*.wav=00;36:*.oga=00;36:*.opus=00;36:*.spx=00;36:*.xspf=00;36:', 'AMENT_PREFIX_PATH': '/home/ethanreynolds/vscode/robot-rover-2025/code/system/ros2/install/vehicle_string_converter:/home/ethanreynolds/vscode/robot-rover-2025/code/system/ros2/install/vehicle_simulation:/home/ethanreynolds/vscode/robot-rover-2025/code/system/ros2/install/vehicle_networking:/home/ethanreynolds/vscode/robot-rover-2025/code/system/ros2/install/vehicle_interfaces:/opt/ros/foxy', 'SHELL': '/bin/bash', 'LESSCLOSE': '/usr/bin/lesspipe %s %s', 'PWD': '/home/ethanreynolds/vscode/robot-rover-2025/code/system/ros2/build/vehicle_packet_manager', 'SSH_CONNECTION': '172.24.1.138 52822 172.24.1.184 22', 'XDG_DATA_DIRS': '/usr/local/share:/usr/share:/var/lib/snapd/desktop', 'PYTHONPATH': '/home/ethanreynolds/vscode/robot-rover-2025/code/system/ros2/build/vehicle_packet_manager/prefix_override:/usr/lib/python3/dist-packages/colcon_core/task/python/colcon_distutils_commands:/home/ethanreynolds/vscode/robot-rover-2025/code/system/ros2/install/vehicle_packet_manager/lib/python3.8/site-packages:/home/ethanreynolds/vscode/robot-rover-2025/code/system/ros2/install/vehicle_string_converter/lib/python3.8/site-packages:/home/ethanreynolds/vscode/robot-rover-2025/code/system/ros2/install/vehicle_simulation/lib/python3.8/site-packages:/home/ethanreynolds/vscode/robot-rover-2025/code/system/ros2/install/vehicle_networking/lib/python3.8/site-packages:/home/ethanreynolds/vscode/robot-rover-2025/code/system/ros2/install/vehicle_interfaces/lib/python3.8/site-packages:/opt/ros/foxy/lib/python3.8/site-packages', 'COLCON': '1', 'CMAKE_PREFIX_PATH': '/home/ethanreynolds/vscode/robot-rover-2025/code/system/ros2/install/vehicle_interfaces'}, 'shell': False}
[2.522474] (-) TimerEvent: {}
[2.623432] (-) TimerEvent: {}
[2.736523] (-) TimerEvent: {}
[2.836947] (-) TimerEvent: {}
[2.937378] (-) TimerEvent: {}
[2.969322] (vehicle_navigation) StdoutLine: {'line': b'running egg_info\n'}
[2.970682] (vehicle_navigation) StdoutLine: {'line': b'writing ../../build/vehicle_navigation/vehicle_navigation.egg-info/PKG-INFO\n'}
[2.971244] (vehicle_navigation) StdoutLine: {'line': b'writing dependency_links to ../../build/vehicle_navigation/vehicle_navigation.egg-info/dependency_links.txt\n'}
[2.971686] (vehicle_navigation) StdoutLine: {'line': b'writing entry points to ../../build/vehicle_navigation/vehicle_navigation.egg-info/entry_points.txt\n'}
[2.972062] (vehicle_navigation) StdoutLine: {'line': b'writing requirements to ../../build/vehicle_navigation/vehicle_navigation.egg-info/requires.txt\n'}
[2.972432] (vehicle_navigation) StdoutLine: {'line': b'writing top-level names to ../../build/vehicle_navigation/vehicle_navigation.egg-info/top_level.txt\n'}
[2.989489] (vehicle_networking) StdoutLine: {'line': b'running egg_info\n'}
[2.991423] (vehicle_networking) StdoutLine: {'line': b'writing ../../build/vehicle_networking/vehicle_networking.egg-info/PKG-INFO\n'}
[2.992282] (vehicle_networking) StdoutLine: {'line': b'writing dependency_links to ../../build/vehicle_networking/vehicle_networking.egg-info/dependency_links.txt\n'}
[2.993024] (vehicle_networking) StdoutLine: {'line': b'writing entry points to ../../build/vehicle_networking/vehicle_networking.egg-info/entry_points.txt\n'}
[2.993575] (vehicle_networking) StdoutLine: {'line': b'writing requirements to ../../build/vehicle_networking/vehicle_networking.egg-info/requires.txt\n'}
[2.994084] (vehicle_networking) StdoutLine: {'line': b'writing top-level names to ../../build/vehicle_networking/vehicle_networking.egg-info/top_level.txt\n'}
[2.997298] (vehicle_packet_manager) StdoutLine: {'line': b'running egg_info\n'}
[2.998691] (vehicle_packet_manager) StdoutLine: {'line': b'writing ../../build/vehicle_packet_manager/vehicle_packet_manager.egg-info/PKG-INFO\n'}
[2.999262] (vehicle_packet_manager) StdoutLine: {'line': b'writing dependency_links to ../../build/vehicle_packet_manager/vehicle_packet_manager.egg-info/dependency_links.txt\n'}
[2.999669] (vehicle_packet_manager) StdoutLine: {'line': b'writing entry points to ../../build/vehicle_packet_manager/vehicle_packet_manager.egg-info/entry_points.txt\n'}
[3.000004] (vehicle_packet_manager) StdoutLine: {'line': b'writing requirements to ../../build/vehicle_packet_manager/vehicle_packet_manager.egg-info/requires.txt\n'}
[3.000296] (vehicle_packet_manager) StdoutLine: {'line': b'writing top-level names to ../../build/vehicle_packet_manager/vehicle_packet_manager.egg-info/top_level.txt\n'}
[3.037496] (-) TimerEvent: {}
[3.066863] (vehicle_navigation) StdoutLine: {'line': b"reading manifest file '../../build/vehicle_navigation/vehicle_navigation.egg-info/SOURCES.txt'\n"}
[3.069168] (vehicle_navigation) StdoutLine: {'line': b"writing manifest file '../../build/vehicle_navigation/vehicle_navigation.egg-info/SOURCES.txt'\n"}
[3.069530] (vehicle_navigation) StdoutLine: {'line': b'running build\n'}
[3.069774] (vehicle_navigation) StdoutLine: {'line': b'running build_py\n'}
[3.070172] (vehicle_navigation) StdoutLine: {'line': b'running install\n'}
[3.072003] (vehicle_navigation) StdoutLine: {'line': b'running install_lib\n'}
[3.074919] (vehicle_navigation) StdoutLine: {'line': b'running install_data\n'}
[3.075262] (vehicle_navigation) StdoutLine: {'line': b'running install_egg_info\n'}
[3.079040] (vehicle_navigation) StdoutLine: {'line': b"removing '/home/ethanreynolds/vscode/robot-rover-2025/code/system/ros2/install/vehicle_navigation/lib/python3.8/site-packages/vehicle_navigation-0.0.0-py3.8.egg-info' (and everything under it)\n"}
[3.079795] (vehicle_navigation) StdoutLine: {'line': b'Copying ../../build/vehicle_navigation/vehicle_navigation.egg-info to /home/ethanreynolds/vscode/robot-rover-2025/code/system/ros2/install/vehicle_navigation/lib/python3.8/site-packages/vehicle_navigation-0.0.0-py3.8.egg-info\n'}
[3.081822] (vehicle_navigation) StdoutLine: {'line': b'running install_scripts\n'}
[3.094565] (vehicle_packet_manager) StdoutLine: {'line': b"reading manifest file '../../build/vehicle_packet_manager/vehicle_packet_manager.egg-info/SOURCES.txt'\n"}
[3.096983] (vehicle_packet_manager) StdoutLine: {'line': b"writing manifest file '../../build/vehicle_packet_manager/vehicle_packet_manager.egg-info/SOURCES.txt'\n"}
[3.097391] (vehicle_packet_manager) StdoutLine: {'line': b'running build\n'}
[3.097629] (vehicle_packet_manager) StdoutLine: {'line': b'running build_py\n'}
[3.098036] (vehicle_packet_manager) StdoutLine: {'line': b'running install\n'}
[3.098559] (vehicle_networking) StdoutLine: {'line': b"reading manifest file '../../build/vehicle_networking/vehicle_networking.egg-info/SOURCES.txt'\n"}
[3.099935] (vehicle_packet_manager) StdoutLine: {'line': b'running install_lib\n'}
[3.101689] (vehicle_networking) StdoutLine: {'line': b"writing manifest file '../../build/vehicle_networking/vehicle_networking.egg-info/SOURCES.txt'\n"}
[3.102196] (vehicle_networking) StdoutLine: {'line': b'running build\n'}
[3.102462] (vehicle_networking) StdoutLine: {'line': b'running build_py\n'}
[3.103176] (vehicle_packet_manager) StdoutLine: {'line': b'running install_data\n'}
[3.103547] (vehicle_packet_manager) StdoutLine: {'line': b'running install_egg_info\n'}
[3.104372] (vehicle_networking) StdoutLine: {'line': b'running install\n'}
[3.106358] (vehicle_networking) StdoutLine: {'line': b'running install_lib\n'}
[3.107545] (vehicle_packet_manager) StdoutLine: {'line': b"removing '/home/ethanreynolds/vscode/robot-rover-2025/code/system/ros2/install/vehicle_packet_manager/lib/python3.8/site-packages/vehicle_packet_manager-0.0.0-py3.8.egg-info' (and everything under it)\n"}
[3.118589] (vehicle_networking) StdoutLine: {'line': b'running install_data\n'}
[3.118886] (vehicle_networking) StdoutLine: {'line': b'running install_egg_info\n'}
[3.119076] (vehicle_networking) StdoutLine: {'line': b"removing '/home/ethanreynolds/vscode/robot-rover-2025/code/system/ros2/install/vehicle_networking/lib/python3.8/site-packages/vehicle_networking-0.0.0-py3.8.egg-info' (and everything under it)\n"}
[3.119261] (vehicle_networking) StdoutLine: {'line': b'Copying ../../build/vehicle_networking/vehicle_networking.egg-info to /home/ethanreynolds/vscode/robot-rover-2025/code/system/ros2/install/vehicle_networking/lib/python3.8/site-packages/vehicle_networking-0.0.0-py3.8.egg-info\n'}
[3.119520] (vehicle_networking) StdoutLine: {'line': b'running install_scripts\n'}
[3.119701] (vehicle_navigation) StdoutLine: {'line': b"writing list of installed files to '/home/ethanreynolds/vscode/robot-rover-2025/code/system/ros2/build/vehicle_navigation/install.log'\n"}
[3.119972] (vehicle_packet_manager) StdoutLine: {'line': b'Copying ../../build/vehicle_packet_manager/vehicle_packet_manager.egg-info to /home/ethanreynolds/vscode/robot-rover-2025/code/system/ros2/install/vehicle_packet_manager/lib/python3.8/site-packages/vehicle_packet_manager-0.0.0-py3.8.egg-info\n'}
[3.120996] (vehicle_packet_manager) StdoutLine: {'line': b'running install_scripts\n'}
[3.137620] (-) TimerEvent: {}
[3.154485] (vehicle_networking) StdoutLine: {'line': b'Installing control_serial_interface script to /home/ethanreynolds/vscode/robot-rover-2025/code/system/ros2/install/vehicle_networking/lib/vehicle_networking\n'}
[3.154927] (vehicle_networking) StdoutLine: {'line': b'Installing get_device_info_tool script to /home/ethanreynolds/vscode/robot-rover-2025/code/system/ros2/install/vehicle_networking/lib/vehicle_networking\n'}
[3.155136] (vehicle_networking) StdoutLine: {'line': b'Installing sensor_serial_interface script to /home/ethanreynolds/vscode/robot-rover-2025/code/system/ros2/install/vehicle_networking/lib/vehicle_networking\n'}
[3.155324] (vehicle_networking) StdoutLine: {'line': b'Installing serial_manager script to /home/ethanreynolds/vscode/robot-rover-2025/code/system/ros2/install/vehicle_networking/lib/vehicle_networking\n'}
[3.156072] (vehicle_networking) StdoutLine: {'line': b"writing list of installed files to '/home/ethanreynolds/vscode/robot-rover-2025/code/system/ros2/build/vehicle_networking/install.log'\n"}
[3.160636] (vehicle_packet_manager) StdoutLine: {'line': b"writing list of installed files to '/home/ethanreynolds/vscode/robot-rover-2025/code/system/ros2/build/vehicle_packet_manager/install.log'\n"}
[3.170540] (vehicle_navigation) CommandEnded: {'returncode': 0}
[3.211817] (vehicle_navigation) JobEnded: {'identifier': 'vehicle_navigation', 'rc': 0}
[3.213625] (vehicle_simulation) JobStarted: {'identifier': 'vehicle_simulation'}
[3.224435] (vehicle_networking) CommandEnded: {'returncode': 0}
[3.237613] (vehicle_networking) JobEnded: {'identifier': 'vehicle_networking', 'rc': 0}
[3.239358] (-) TimerEvent: {}
[3.239702] (vehicle_packet_manager) CommandEnded: {'returncode': 0}
[3.250694] (vehicle_packet_manager) JobEnded: {'identifier': 'vehicle_packet_manager', 'rc': 0}
[3.253696] (vehicle_string_converter) JobStarted: {'identifier': 'vehicle_string_converter'}
[3.339588] (-) TimerEvent: {}
[3.440169] (-) TimerEvent: {}
[3.540637] (-) TimerEvent: {}
[3.578006] (vehicle_interfaces) StdoutLine: {'line': b'-- Using all available rosidl_typesupport_c: rosidl_typesupport_fastrtps_c;rosidl_typesupport_introspection_c\n'}
[3.640776] (-) TimerEvent: {}
[3.741332] (-) TimerEvent: {}
[3.841983] (-) TimerEvent: {}
[3.929628] (vehicle_interfaces) StdoutLine: {'line': b'-- Using all available rosidl_typesupport_cpp: rosidl_typesupport_fastrtps_cpp;rosidl_typesupport_introspection_cpp\n'}
[3.942101] (-) TimerEvent: {}
[3.980004] (vehicle_interfaces) StdoutLine: {'line': b'-- Found PythonInterp: /usr/bin/python3 (found suitable version "3.8.10", minimum required is "3.5") \n'}
[3.990030] (vehicle_interfaces) StdoutLine: {'line': b'-- Found python_cmake_module: 0.8.1 (/opt/ros/foxy/share/python_cmake_module/cmake)\n'}
[4.042203] (-) TimerEvent: {}
[4.107593] (vehicle_interfaces) StdoutLine: {'line': b'-- Found PythonLibs: /usr/lib/x86_64-linux-gnu/libpython3.8.so (found suitable version "3.8.10", minimum required is "3.5") \n'}
[4.108953] (vehicle_interfaces) StdoutLine: {'line': b'-- Using PYTHON_EXECUTABLE: /usr/bin/python3\n'}
[4.109213] (vehicle_interfaces) StdoutLine: {'line': b'-- Using PYTHON_INCLUDE_DIRS: /usr/include/python3.8\n'}
[4.109410] (vehicle_interfaces) StdoutLine: {'line': b'-- Using PYTHON_LIBRARIES: /usr/lib/x86_64-linux-gnu/libpython3.8.so\n'}
[4.142327] (-) TimerEvent: {}
[4.156243] (vehicle_interfaces) StdoutLine: {'line': b'-- Found PythonExtra: .so  \n'}
[4.242468] (-) TimerEvent: {}
[4.342863] (-) TimerEvent: {}
[4.443299] (-) TimerEvent: {}
[4.544219] (-) TimerEvent: {}
[4.630330] (vehicle_interfaces) StdoutLine: {'line': b'-- Found ament_lint_auto: 0.9.8 (/opt/ros/foxy/share/ament_lint_auto/cmake)\n'}
[4.644338] (-) TimerEvent: {}
[4.745057] (-) TimerEvent: {}
[4.845945] (-) TimerEvent: {}
[4.870572] (vehicle_interfaces) StdoutLine: {'line': b"-- Added test 'copyright' to check source files copyright and LICENSE\n"}
[4.901581] (vehicle_interfaces) StdoutLine: {'line': b"-- Added test 'lint_cmake' to check CMake code style\n"}
[4.906920] (vehicle_interfaces) StdoutLine: {'line': b"-- Added test 'xmllint' to check XML markup files\n"}
[4.919691] (vehicle_interfaces) StdoutLine: {'line': b'-- Configuring done\n'}
[4.930714] (vehicle_simulation) Command: {'cmd': ['/usr/bin/python3', '-W', 'ignore:setup.py install is deprecated', '-W', 'ignore:easy_install command is deprecated', 'setup.py', 'egg_info', '--egg-base', '../../build/vehicle_simulation', 'build', '--build-base', '/home/ethanreynolds/vscode/robot-rover-2025/code/system/ros2/build/vehicle_simulation/build', 'install', '--record', '/home/ethanreynolds/vscode/robot-rover-2025/code/system/ros2/build/vehicle_simulation/install.log', '--install-scripts', '$base/lib/vehicle_simulation', '--single-version-externally-managed', 'install_data'], 'cwd': '/home/ethanreynolds/vscode/robot-rover-2025/code/system/ros2/src/vehicle_simulation', 'env': {'LESSOPEN': '| /usr/bin/lesspipe %s', 'USER': 'ethanreynolds', 'SSH_CLIENT': '172.24.1.138 52822 22', 'XDG_SESSION_TYPE': 'tty', 'SHLVL': '1', 'LD_LIBRARY_PATH': '/home/ethanreynolds/vscode/robot-rover-2025/code/system/ros2/install/vehicle_interfaces/lib:/opt/ros/foxy/opt/yaml_cpp_vendor/lib:/opt/ros/foxy/lib/x86_64-linux-gnu:/opt/ros/foxy/lib', 'MOTD_SHOWN': 'pam', 'HOME': '/home/ethanreynolds', 'OLDPWD': '/home/ethanreynolds', 'SSH_TTY': '/dev/pts/4', 'ROS_PYTHON_VERSION': '3', 'DBUS_SESSION_BUS_ADDRESS': 'unix:path=/run/user/1000/bus', 'COLCON_PREFIX_PATH': '/home/ethanreynolds/vscode/robot-rover-2025/code/system/ros2/install', 'ROS_DISTRO': 'foxy', 'LOGNAME': 'ethanreynolds', '_': '/usr/bin/colcon', 'ROS_VERSION': '2', 'XDG_SESSION_CLASS': 'user', 'TERM': 'xterm-256color', 'XDG_SESSION_ID': '7', 'ROS_LOCALHOST_ONLY': '0', 'PATH': '/opt/ros/foxy/bin:/usr/local/sbin:/usr/local/bin:/usr/sbin:/usr/bin:/sbin:/bin:/usr/games:/usr/local/games:/snap/bin:/home/ethanreynolds/.local/share/JetBrains/Toolbox/scripts', 'XDG_RUNTIME_DIR': '/run/user/1000', 'LANG': 'en_US.UTF-8', 'LS_COLORS': 'rs=0:di=01;34:ln=01;36:mh=00:pi=40;33:so=01;35:do=01;35:bd=40;33;01:cd=40;33;01:or=40;31;01:mi=00:su=37;41:sg=30;43:ca=30;41:tw=30;42:ow=34;42:st=37;44:ex=01;32:*.tar=01;31:*.tgz=01;31:*.arc=01;31:*.arj=01;31:*.taz=01;31:*.lha=01;31:*.lz4=01;31:*.lzh=01;31:*.lzma=01;31:*.tlz=01;31:*.txz=01;31:*.tzo=01;31:*.t7z=01;31:*.zip=01;31:*.z=01;31:*.dz=01;31:*.gz=01;31:*.lrz=01;31:*.lz=01;31:*.lzo=01;31:*.xz=01;31:*.zst=01;31:*.tzst=01;31:*.bz2=01;31:*.bz=01;31:*.tbz=01;31:*.tbz2=01;31:*.tz=01;31:*.deb=01;31:*.rpm=01;31:*.jar=01;31:*.war=01;31:*.ear=01;31:*.sar=01;31:*.rar=01;31:*.alz=01;31:*.ace=01;31:*.zoo=01;31:*.cpio=01;31:*.7z=01;31:*.rz=01;31:*.cab=01;31:*.wim=01;31:*.swm=01;31:*.dwm=01;31:*.esd=01;31:*.jpg=01;35:*.jpeg=01;35:*.mjpg=01;35:*.mjpeg=01;35:*.gif=01;35:*.bmp=01;35:*.pbm=01;35:*.pgm=01;35:*.ppm=01;35:*.tga=01;35:*.xbm=01;35:*.xpm=01;35:*.tif=01;35:*.tiff=01;35:*.png=01;35:*.svg=01;35:*.svgz=01;35:*.mng=01;35:*.pcx=01;35:*.mov=01;35:*.mpg=01;35:*.mpeg=01;35:*.m2v=01;35:*.mkv=01;35:*.webm=01;35:*.ogm=01;35:*.mp4=01;35:*.m4v=01;35:*.mp4v=01;35:*.vob=01;35:*.qt=01;35:*.nuv=01;35:*.wmv=01;35:*.asf=01;35:*.rm=01;35:*.rmvb=01;35:*.flc=01;35:*.avi=01;35:*.fli=01;35:*.flv=01;35:*.gl=01;35:*.dl=01;35:*.xcf=01;35:*.xwd=01;35:*.yuv=01;35:*.cgm=01;35:*.emf=01;35:*.ogv=01;35:*.ogx=01;35:*.aac=00;36:*.au=00;36:*.flac=00;36:*.m4a=00;36:*.mid=00;36:*.midi=00;36:*.mka=00;36:*.mp3=00;36:*.mpc=00;36:*.ogg=00;36:*.ra=00;36:*.wav=00;36:*.oga=00;36:*.opus=00;36:*.spx=00;36:*.xspf=00;36:', 'AMENT_PREFIX_PATH': '/home/ethanreynolds/vscode/robot-rover-2025/code/system/ros2/install/vehicle_string_converter:/home/ethanreynolds/vscode/robot-rover-2025/code/system/ros2/install/vehicle_simulation:/home/ethanreynolds/vscode/robot-rover-2025/code/system/ros2/install/vehicle_networking:/home/ethanreynolds/vscode/robot-rover-2025/code/system/ros2/install/vehicle_interfaces:/opt/ros/foxy', 'SHELL': '/bin/bash', 'LESSCLOSE': '/usr/bin/lesspipe %s %s', 'PWD': '/home/ethanreynolds/vscode/robot-rover-2025/code/system/ros2/build/vehicle_simulation', 'SSH_CONNECTION': '172.24.1.138 52822 172.24.1.184 22', 'XDG_DATA_DIRS': '/usr/local/share:/usr/share:/var/lib/snapd/desktop', 'PYTHONPATH': '/home/ethanreynolds/vscode/robot-rover-2025/code/system/ros2/build/vehicle_simulation/prefix_override:/usr/lib/python3/dist-packages/colcon_core/task/python/colcon_distutils_commands:/home/ethanreynolds/vscode/robot-rover-2025/code/system/ros2/install/vehicle_simulation/lib/python3.8/site-packages:/home/ethanreynolds/vscode/robot-rover-2025/code/system/ros2/install/vehicle_string_converter/lib/python3.8/site-packages:/home/ethanreynolds/vscode/robot-rover-2025/code/system/ros2/install/vehicle_simulation/lib/python3.8/site-packages:/home/ethanreynolds/vscode/robot-rover-2025/code/system/ros2/install/vehicle_networking/lib/python3.8/site-packages:/home/ethanreynolds/vscode/robot-rover-2025/code/system/ros2/install/vehicle_interfaces/lib/python3.8/site-packages:/opt/ros/foxy/lib/python3.8/site-packages', 'COLCON': '1', 'CMAKE_PREFIX_PATH': '/home/ethanreynolds/vscode/robot-rover-2025/code/system/ros2/install/vehicle_interfaces'}, 'shell': False}
[4.946098] (-) TimerEvent: {}
[4.965092] (vehicle_string_converter) Command: {'cmd': ['/usr/bin/python3', '-W', 'ignore:setup.py install is deprecated', '-W', 'ignore:easy_install command is deprecated', 'setup.py', 'egg_info', '--egg-base', '../../build/vehicle_string_converter', 'build', '--build-base', '/home/ethanreynolds/vscode/robot-rover-2025/code/system/ros2/build/vehicle_string_converter/build', 'install', '--record', '/home/ethanreynolds/vscode/robot-rover-2025/code/system/ros2/build/vehicle_string_converter/install.log', '--install-scripts', '$base/lib/vehicle_string_converter', '--single-version-externally-managed', 'install_data'], 'cwd': '/home/ethanreynolds/vscode/robot-rover-2025/code/system/ros2/src/vehicle_string_converter', 'env': {'LESSOPEN': '| /usr/bin/lesspipe %s', 'USER': 'ethanreynolds', 'SSH_CLIENT': '172.24.1.138 52822 22', 'XDG_SESSION_TYPE': 'tty', 'SHLVL': '1', 'LD_LIBRARY_PATH': '/home/ethanreynolds/vscode/robot-rover-2025/code/system/ros2/install/vehicle_interfaces/lib:/opt/ros/foxy/opt/yaml_cpp_vendor/lib:/opt/ros/foxy/lib/x86_64-linux-gnu:/opt/ros/foxy/lib', 'MOTD_SHOWN': 'pam', 'HOME': '/home/ethanreynolds', 'OLDPWD': '/home/ethanreynolds', 'SSH_TTY': '/dev/pts/4', 'ROS_PYTHON_VERSION': '3', 'DBUS_SESSION_BUS_ADDRESS': 'unix:path=/run/user/1000/bus', 'COLCON_PREFIX_PATH': '/home/ethanreynolds/vscode/robot-rover-2025/code/system/ros2/install', 'ROS_DISTRO': 'foxy', 'LOGNAME': 'ethanreynolds', '_': '/usr/bin/colcon', 'ROS_VERSION': '2', 'XDG_SESSION_CLASS': 'user', 'TERM': 'xterm-256color', 'XDG_SESSION_ID': '7', 'ROS_LOCALHOST_ONLY': '0', 'PATH': '/opt/ros/foxy/bin:/usr/local/sbin:/usr/local/bin:/usr/sbin:/usr/bin:/sbin:/bin:/usr/games:/usr/local/games:/snap/bin:/home/ethanreynolds/.local/share/JetBrains/Toolbox/scripts', 'XDG_RUNTIME_DIR': '/run/user/1000', 'LANG': 'en_US.UTF-8', 'LS_COLORS': 'rs=0:di=01;34:ln=01;36:mh=00:pi=40;33:so=01;35:do=01;35:bd=40;33;01:cd=40;33;01:or=40;31;01:mi=00:su=37;41:sg=30;43:ca=30;41:tw=30;42:ow=34;42:st=37;44:ex=01;32:*.tar=01;31:*.tgz=01;31:*.arc=01;31:*.arj=01;31:*.taz=01;31:*.lha=01;31:*.lz4=01;31:*.lzh=01;31:*.lzma=01;31:*.tlz=01;31:*.txz=01;31:*.tzo=01;31:*.t7z=01;31:*.zip=01;31:*.z=01;31:*.dz=01;31:*.gz=01;31:*.lrz=01;31:*.lz=01;31:*.lzo=01;31:*.xz=01;31:*.zst=01;31:*.tzst=01;31:*.bz2=01;31:*.bz=01;31:*.tbz=01;31:*.tbz2=01;31:*.tz=01;31:*.deb=01;31:*.rpm=01;31:*.jar=01;31:*.war=01;31:*.ear=01;31:*.sar=01;31:*.rar=01;31:*.alz=01;31:*.ace=01;31:*.zoo=01;31:*.cpio=01;31:*.7z=01;31:*.rz=01;31:*.cab=01;31:*.wim=01;31:*.swm=01;31:*.dwm=01;31:*.esd=01;31:*.jpg=01;35:*.jpeg=01;35:*.mjpg=01;35:*.mjpeg=01;35:*.gif=01;35:*.bmp=01;35:*.pbm=01;35:*.pgm=01;35:*.ppm=01;35:*.tga=01;35:*.xbm=01;35:*.xpm=01;35:*.tif=01;35:*.tiff=01;35:*.png=01;35:*.svg=01;35:*.svgz=01;35:*.mng=01;35:*.pcx=01;35:*.mov=01;35:*.mpg=01;35:*.mpeg=01;35:*.m2v=01;35:*.mkv=01;35:*.webm=01;35:*.ogm=01;35:*.mp4=01;35:*.m4v=01;35:*.mp4v=01;35:*.vob=01;35:*.qt=01;35:*.nuv=01;35:*.wmv=01;35:*.asf=01;35:*.rm=01;35:*.rmvb=01;35:*.flc=01;35:*.avi=01;35:*.fli=01;35:*.flv=01;35:*.gl=01;35:*.dl=01;35:*.xcf=01;35:*.xwd=01;35:*.yuv=01;35:*.cgm=01;35:*.emf=01;35:*.ogv=01;35:*.ogx=01;35:*.aac=00;36:*.au=00;36:*.flac=00;36:*.m4a=00;36:*.mid=00;36:*.midi=00;36:*.mka=00;36:*.mp3=00;36:*.mpc=00;36:*.ogg=00;36:*.ra=00;36:*.wav=00;36:*.oga=00;36:*.opus=00;36:*.spx=00;36:*.xspf=00;36:', 'AMENT_PREFIX_PATH': '/home/ethanreynolds/vscode/robot-rover-2025/code/system/ros2/install/vehicle_string_converter:/home/ethanreynolds/vscode/robot-rover-2025/code/system/ros2/install/vehicle_simulation:/home/ethanreynolds/vscode/robot-rover-2025/code/system/ros2/install/vehicle_networking:/home/ethanreynolds/vscode/robot-rover-2025/code/system/ros2/install/vehicle_interfaces:/opt/ros/foxy', 'SHELL': '/bin/bash', 'LESSCLOSE': '/usr/bin/lesspipe %s %s', 'PWD': '/home/ethanreynolds/vscode/robot-rover-2025/code/system/ros2/build/vehicle_string_converter', 'SSH_CONNECTION': '172.24.1.138 52822 172.24.1.184 22', 'XDG_DATA_DIRS': '/usr/local/share:/usr/share:/var/lib/snapd/desktop', 'PYTHONPATH': '/home/ethanreynolds/vscode/robot-rover-2025/code/system/ros2/build/vehicle_string_converter/prefix_override:/usr/lib/python3/dist-packages/colcon_core/task/python/colcon_distutils_commands:/home/ethanreynolds/vscode/robot-rover-2025/code/system/ros2/install/vehicle_string_converter/lib/python3.8/site-packages:/home/ethanreynolds/vscode/robot-rover-2025/code/system/ros2/install/vehicle_string_converter/lib/python3.8/site-packages:/home/ethanreynolds/vscode/robot-rover-2025/code/system/ros2/install/vehicle_simulation/lib/python3.8/site-packages:/home/ethanreynolds/vscode/robot-rover-2025/code/system/ros2/install/vehicle_networking/lib/python3.8/site-packages:/home/ethanreynolds/vscode/robot-rover-2025/code/system/ros2/install/vehicle_interfaces/lib/python3.8/site-packages:/opt/ros/foxy/lib/python3.8/site-packages', 'COLCON': '1', 'CMAKE_PREFIX_PATH': '/home/ethanreynolds/vscode/robot-rover-2025/code/system/ros2/install/vehicle_interfaces'}, 'shell': False}
[5.046262] (-) TimerEvent: {}
[5.146914] (-) TimerEvent: {}
[5.247443] (-) TimerEvent: {}
[5.314159] (vehicle_interfaces) StdoutLine: {'line': b'-- Generating done\n'}
[5.347554] (-) TimerEvent: {}
[5.357353] (vehicle_simulation) StdoutLine: {'line': b'running egg_info\n'}
[5.358682] (vehicle_simulation) StdoutLine: {'line': b'writing ../../build/vehicle_simulation/vehicle_simulation.egg-info/PKG-INFO\n'}
[5.359229] (vehicle_simulation) StdoutLine: {'line': b'writing dependency_links to ../../build/vehicle_simulation/vehicle_simulation.egg-info/dependency_links.txt\n'}
[5.359641] (vehicle_simulation) StdoutLine: {'line': b'writing entry points to ../../build/vehicle_simulation/vehicle_simulation.egg-info/entry_points.txt\n'}
[5.359971] (vehicle_simulation) StdoutLine: {'line': b'writing requirements to ../../build/vehicle_simulation/vehicle_simulation.egg-info/requires.txt\n'}
[5.360279] (vehicle_simulation) StdoutLine: {'line': b'writing top-level names to ../../build/vehicle_simulation/vehicle_simulation.egg-info/top_level.txt\n'}
[5.385790] (vehicle_interfaces) StdoutLine: {'line': b'-- Build files have been written to: /home/ethanreynolds/vscode/robot-rover-2025/code/system/ros2/build/vehicle_interfaces\n'}
[5.403066] (vehicle_interfaces) CommandEnded: {'returncode': 0}
[5.404758] (vehicle_interfaces) JobProgress: {'identifier': 'vehicle_interfaces', 'progress': 'build'}
[5.404839] (vehicle_interfaces) Command: {'cmd': ['/usr/bin/cmake', '--build', '/home/ethanreynolds/vscode/robot-rover-2025/code/system/ros2/build/vehicle_interfaces', '--', '-j4', '-l4'], 'cwd': '/home/ethanreynolds/vscode/robot-rover-2025/code/system/ros2/build/vehicle_interfaces', 'env': OrderedDict([('LESSOPEN', '| /usr/bin/lesspipe %s'), ('USER', 'ethanreynolds'), ('SSH_CLIENT', '172.24.1.138 52822 22'), ('XDG_SESSION_TYPE', 'tty'), ('SHLVL', '1'), ('LD_LIBRARY_PATH', '/home/ethanreynolds/vscode/robot-rover-2025/code/system/ros2/install/vehicle_interfaces/lib:/opt/ros/foxy/opt/yaml_cpp_vendor/lib:/opt/ros/foxy/lib/x86_64-linux-gnu:/opt/ros/foxy/lib'), ('MOTD_SHOWN', 'pam'), ('HOME', '/home/ethanreynolds'), ('OLDPWD', '/home/ethanreynolds'), ('SSH_TTY', '/dev/pts/4'), ('ROS_PYTHON_VERSION', '3'), ('DBUS_SESSION_BUS_ADDRESS', 'unix:path=/run/user/1000/bus'), ('COLCON_PREFIX_PATH', '/home/ethanreynolds/vscode/robot-rover-2025/code/system/ros2/install'), ('ROS_DISTRO', 'foxy'), ('LOGNAME', 'ethanreynolds'), ('_', '/usr/bin/colcon'), ('ROS_VERSION', '2'), ('XDG_SESSION_CLASS', 'user'), ('TERM', 'xterm-256color'), ('XDG_SESSION_ID', '7'), ('ROS_LOCALHOST_ONLY', '0'), ('PATH', '/opt/ros/foxy/bin:/usr/local/sbin:/usr/local/bin:/usr/sbin:/usr/bin:/sbin:/bin:/usr/games:/usr/local/games:/snap/bin:/home/ethanreynolds/.local/share/JetBrains/Toolbox/scripts'), ('XDG_RUNTIME_DIR', '/run/user/1000'), ('LANG', 'en_US.UTF-8'), ('LS_COLORS', 'rs=0:di=01;34:ln=01;36:mh=00:pi=40;33:so=01;35:do=01;35:bd=40;33;01:cd=40;33;01:or=40;31;01:mi=00:su=37;41:sg=30;43:ca=30;41:tw=30;42:ow=34;42:st=37;44:ex=01;32:*.tar=01;31:*.tgz=01;31:*.arc=01;31:*.arj=01;31:*.taz=01;31:*.lha=01;31:*.lz4=01;31:*.lzh=01;31:*.lzma=01;31:*.tlz=01;31:*.txz=01;31:*.tzo=01;31:*.t7z=01;31:*.zip=01;31:*.z=01;31:*.dz=01;31:*.gz=01;31:*.lrz=01;31:*.lz=01;31:*.lzo=01;31:*.xz=01;31:*.zst=01;31:*.tzst=01;31:*.bz2=01;31:*.bz=01;31:*.tbz=01;31:*.tbz2=01;31:*.tz=01;31:*.deb=01;31:*.rpm=01;31:*.jar=01;31:*.war=01;31:*.ear=01;31:*.sar=01;31:*.rar=01;31:*.alz=01;31:*.ace=01;31:*.zoo=01;31:*.cpio=01;31:*.7z=01;31:*.rz=01;31:*.cab=01;31:*.wim=01;31:*.swm=01;31:*.dwm=01;31:*.esd=01;31:*.jpg=01;35:*.jpeg=01;35:*.mjpg=01;35:*.mjpeg=01;35:*.gif=01;35:*.bmp=01;35:*.pbm=01;35:*.pgm=01;35:*.ppm=01;35:*.tga=01;35:*.xbm=01;35:*.xpm=01;35:*.tif=01;35:*.tiff=01;35:*.png=01;35:*.svg=01;35:*.svgz=01;35:*.mng=01;35:*.pcx=01;35:*.mov=01;35:*.mpg=01;35:*.mpeg=01;35:*.m2v=01;35:*.mkv=01;35:*.webm=01;35:*.ogm=01;35:*.mp4=01;35:*.m4v=01;35:*.mp4v=01;35:*.vob=01;35:*.qt=01;35:*.nuv=01;35:*.wmv=01;35:*.asf=01;35:*.rm=01;35:*.rmvb=01;35:*.flc=01;35:*.avi=01;35:*.fli=01;35:*.flv=01;35:*.gl=01;35:*.dl=01;35:*.xcf=01;35:*.xwd=01;35:*.yuv=01;35:*.cgm=01;35:*.emf=01;35:*.ogv=01;35:*.ogx=01;35:*.aac=00;36:*.au=00;36:*.flac=00;36:*.m4a=00;36:*.mid=00;36:*.midi=00;36:*.mka=00;36:*.mp3=00;36:*.mpc=00;36:*.ogg=00;36:*.ra=00;36:*.wav=00;36:*.oga=00;36:*.opus=00;36:*.spx=00;36:*.xspf=00;36:'), ('AMENT_PREFIX_PATH', '/home/ethanreynolds/vscode/robot-rover-2025/code/system/ros2/install/vehicle_string_converter:/home/ethanreynolds/vscode/robot-rover-2025/code/system/ros2/install/vehicle_simulation:/home/ethanreynolds/vscode/robot-rover-2025/code/system/ros2/install/vehicle_networking:/home/ethanreynolds/vscode/robot-rover-2025/code/system/ros2/install/vehicle_interfaces:/opt/ros/foxy'), ('SHELL', '/bin/bash'), ('LESSCLOSE', '/usr/bin/lesspipe %s %s'), ('PWD', '/home/ethanreynolds/vscode/robot-rover-2025/code/system/ros2/build/vehicle_interfaces'), ('SSH_CONNECTION', '172.24.1.138 52822 172.24.1.184 22'), ('XDG_DATA_DIRS', '/usr/local/share:/usr/share:/var/lib/snapd/desktop'), ('PYTHONPATH', '/home/ethanreynolds/vscode/robot-rover-2025/code/system/ros2/install/vehicle_string_converter/lib/python3.8/site-packages:/home/ethanreynolds/vscode/robot-rover-2025/code/system/ros2/install/vehicle_simulation/lib/python3.8/site-packages:/home/ethanreynolds/vscode/robot-rover-2025/code/system/ros2/install/vehicle_networking/lib/python3.8/site-packages:/home/ethanreynolds/vscode/robot-rover-2025/code/system/ros2/install/vehicle_interfaces/lib/python3.8/site-packages:/opt/ros/foxy/lib/python3.8/site-packages'), ('COLCON', '1'), ('CMAKE_PREFIX_PATH', '/home/ethanreynolds/vscode/robot-rover-2025/code/system/ros2/install/vehicle_interfaces:/home/ethanreynolds/vscode/robot-rover-2025/code/system/ros2/install/vehicle_string_converter:/home/ethanreynolds/vscode/robot-rover-2025/code/system/ros2/install/vehicle_simulation:/home/ethanreynolds/vscode/robot-rover-2025/code/system/ros2/install/vehicle_networking:/opt/ros/foxy')]), 'shell': False}
[5.422637] (vehicle_simulation) StdoutLine: {'line': b"reading manifest file '../../build/vehicle_simulation/vehicle_simulation.egg-info/SOURCES.txt'\n"}
[5.423918] (vehicle_string_converter) StdoutLine: {'line': b'running egg_info\n'}
[5.426651] (vehicle_simulation) StdoutLine: {'line': b"writing manifest file '../../build/vehicle_simulation/vehicle_simulation.egg-info/SOURCES.txt'\n"}
[5.426936] (vehicle_simulation) StdoutLine: {'line': b'running build\n'}
[5.427141] (vehicle_simulation) StdoutLine: {'line': b'running build_py\n'}
[5.427345] (vehicle_simulation) StdoutLine: {'line': b'running install\n'}
[5.427550] (vehicle_string_converter) StdoutLine: {'line': b'writing ../../build/vehicle_string_converter/vehicle_string_converter.egg-info/PKG-INFO\n'}
[5.427829] (vehicle_string_converter) StdoutLine: {'line': b'writing dependency_links to ../../build/vehicle_string_converter/vehicle_string_converter.egg-info/dependency_links.txt\n'}
[5.428026] (vehicle_string_converter) StdoutLine: {'line': b'writing entry points to ../../build/vehicle_string_converter/vehicle_string_converter.egg-info/entry_points.txt\n'}
[5.428215] (vehicle_string_converter) StdoutLine: {'line': b'writing requirements to ../../build/vehicle_string_converter/vehicle_string_converter.egg-info/requires.txt\n'}
[5.428408] (vehicle_string_converter) StdoutLine: {'line': b'writing top-level names to ../../build/vehicle_string_converter/vehicle_string_converter.egg-info/top_level.txt\n'}
[5.428603] (vehicle_simulation) StdoutLine: {'line': b'running install_lib\n'}
[5.430767] (vehicle_simulation) StdoutLine: {'line': b'running install_data\n'}
[5.431118] (vehicle_simulation) StdoutLine: {'line': b'running install_egg_info\n'}
[5.434704] (vehicle_simulation) StdoutLine: {'line': b"removing '/home/ethanreynolds/vscode/robot-rover-2025/code/system/ros2/install/vehicle_simulation/lib/python3.8/site-packages/vehicle_simulation-0.0.0-py3.8.egg-info' (and everything under it)\n"}
[5.435418] (vehicle_simulation) StdoutLine: {'line': b'Copying ../../build/vehicle_simulation/vehicle_simulation.egg-info to /home/ethanreynolds/vscode/robot-rover-2025/code/system/ros2/install/vehicle_simulation/lib/python3.8/site-packages/vehicle_simulation-0.0.0-py3.8.egg-info\n'}
[5.437264] (vehicle_simulation) StdoutLine: {'line': b'running install_scripts\n'}
[5.447668] (-) TimerEvent: {}
[5.469781] (vehicle_simulation) StdoutLine: {'line': b'Installing vehicle_control_sim script to /home/ethanreynolds/vscode/robot-rover-2025/code/system/ros2/install/vehicle_simulation/lib/vehicle_simulation\n'}
[5.470831] (vehicle_simulation) StdoutLine: {'line': b'Installing vehicle_sensor_sim script to /home/ethanreynolds/vscode/robot-rover-2025/code/system/ros2/install/vehicle_simulation/lib/vehicle_simulation\n'}
[5.471670] (vehicle_simulation) StdoutLine: {'line': b"writing list of installed files to '/home/ethanreynolds/vscode/robot-rover-2025/code/system/ros2/build/vehicle_simulation/install.log'\n"}
[5.505348] (vehicle_string_converter) StdoutLine: {'line': b"reading manifest file '../../build/vehicle_string_converter/vehicle_string_converter.egg-info/SOURCES.txt'\n"}
[5.512119] (vehicle_string_converter) StdoutLine: {'line': b"writing manifest file '../../build/vehicle_string_converter/vehicle_string_converter.egg-info/SOURCES.txt'\n"}
[5.517293] (vehicle_interfaces) StdoutLine: {'line': b'\x1b[35m\x1b[1mScanning dependencies of target vehicle_interfaces__cpp\x1b[0m\n'}
[5.519133] (vehicle_string_converter) StdoutLine: {'line': b'running build\n'}
[5.520706] (vehicle_string_converter) StdoutLine: {'line': b'running build_py\n'}
[5.522379] (vehicle_string_converter) StdoutLine: {'line': b'running install\n'}
[5.523888] (vehicle_interfaces) StdoutLine: {'line': b'[  1%] \x1b[34m\x1b[1mGenerating C code for ROS interfaces\x1b[0m\n'}
[5.525316] (vehicle_string_converter) StdoutLine: {'line': b'running install_lib\n'}
[5.530554] (vehicle_string_converter) StdoutLine: {'line': b'running install_data\n'}
[5.530829] (vehicle_string_converter) StdoutLine: {'line': b'running install_egg_info\n'}
[5.531018] (vehicle_simulation) CommandEnded: {'returncode': 0}
[5.531559] (vehicle_string_converter) StdoutLine: {'line': b"removing '/home/ethanreynolds/vscode/robot-rover-2025/code/system/ros2/install/vehicle_string_converter/lib/python3.8/site-packages/vehicle_string_converter-0.0.0-py3.8.egg-info' (and everything under it)\n"}
[5.536153] (vehicle_string_converter) StdoutLine: {'line': b'Copying ../../build/vehicle_string_converter/vehicle_string_converter.egg-info to /home/ethanreynolds/vscode/robot-rover-2025/code/system/ros2/install/vehicle_string_converter/lib/python3.8/site-packages/vehicle_string_converter-0.0.0-py3.8.egg-info\n'}
[5.536442] (vehicle_interfaces) StdoutLine: {'line': b'[  1%] \x1b[34m\x1b[1mGenerating C++ code for ROS interfaces\x1b[0m\n'}
[5.541319] (vehicle_string_converter) StdoutLine: {'line': b'running install_scripts\n'}
[5.546918] (vehicle_simulation) JobEnded: {'identifier': 'vehicle_simulation', 'rc': 0}
[5.547930] (-) TimerEvent: {}
[5.570373] (vehicle_string_converter) StdoutLine: {'line': b'Installing control_string_builder script to /home/ethanreynolds/vscode/robot-rover-2025/code/system/ros2/install/vehicle_string_converter/lib/vehicle_string_converter\n'}
[5.570780] (vehicle_string_converter) StdoutLine: {'line': b'Installing control_string_parser script to /home/ethanreynolds/vscode/robot-rover-2025/code/system/ros2/install/vehicle_string_converter/lib/vehicle_string_converter\n'}
[5.571064] (vehicle_string_converter) StdoutLine: {'line': b'Installing sensor_string_parser script to /home/ethanreynolds/vscode/robot-rover-2025/code/system/ros2/install/vehicle_string_converter/lib/vehicle_string_converter\n'}
[5.571681] (vehicle_string_converter) StdoutLine: {'line': b"writing list of installed files to '/home/ethanreynolds/vscode/robot-rover-2025/code/system/ros2/build/vehicle_string_converter/install.log'\n"}
[5.602933] (vehicle_string_converter) CommandEnded: {'returncode': 0}
[5.616297] (vehicle_string_converter) JobEnded: {'identifier': 'vehicle_string_converter', 'rc': 0}
[5.648080] (-) TimerEvent: {}
[5.748589] (-) TimerEvent: {}
[5.849008] (-) TimerEvent: {}
[5.949428] (-) TimerEvent: {}
[6.049829] (-) TimerEvent: {}
[6.150724] (-) TimerEvent: {}
[6.251549] (-) TimerEvent: {}
[6.351969] (-) TimerEvent: {}
[6.452372] (-) TimerEvent: {}
[6.552988] (-) TimerEvent: {}
[6.653476] (-) TimerEvent: {}
[6.753873] (-) TimerEvent: {}
[6.854455] (-) TimerEvent: {}
[6.954834] (-) TimerEvent: {}
[7.055321] (-) TimerEvent: {}
[7.155713] (-) TimerEvent: {}
[7.256096] (-) TimerEvent: {}
[7.356481] (-) TimerEvent: {}
[7.457019] (-) TimerEvent: {}
[7.557409] (-) TimerEvent: {}
[7.657981] (-) TimerEvent: {}
[7.758552] (-) TimerEvent: {}
[7.858969] (-) TimerEvent: {}
[7.959377] (-) TimerEvent: {}
[8.042212] (vehicle_interfaces) StdoutLine: {'line': b'[  1%] Built target vehicle_interfaces__cpp\n'}
[8.059503] (-) TimerEvent: {}
[8.065615] (vehicle_interfaces) StdoutLine: {'line': b'[  2%] \x1b[34m\x1b[1mGenerating C++ type support dispatch for ROS interfaces\x1b[0m\n'}
[8.081443] (vehicle_interfaces) StdoutLine: {'line': b'[  3%] \x1b[34m\x1b[1mGenerating C++ type support for eProsima Fast-RTPS\x1b[0m\n'}
[8.096432] (vehicle_interfaces) StdoutLine: {'line': b'[  3%] \x1b[34m\x1b[1mGenerating C++ introspection for ROS interfaces\x1b[0m\n'}
[8.159603] (-) TimerEvent: {}
[8.260001] (-) TimerEvent: {}
[8.360406] (-) TimerEvent: {}
[8.460815] (-) TimerEvent: {}
[8.561221] (-) TimerEvent: {}
[8.661649] (-) TimerEvent: {}
[8.762055] (-) TimerEvent: {}
[8.775658] (vehicle_interfaces) StdoutLine: {'line': b'\x1b[35m\x1b[1mScanning dependencies of target vehicle_interfaces__rosidl_generator_c\x1b[0m\n'}
[8.862152] (-) TimerEvent: {}
[8.962705] (-) TimerEvent: {}
[9.063044] (-) TimerEvent: {}
[9.163456] (-) TimerEvent: {}
[9.237470] (vehicle_interfaces) StdoutLine: {'line': b'[  4%] \x1b[32mBuilding C object CMakeFiles/vehicle_interfaces__rosidl_generator_c.dir/rosidl_generator_c/vehicle_interfaces/srv/detail/get_serial_port__functions.c.o\x1b[0m\n'}
[9.263558] (-) TimerEvent: {}
[9.363938] (-) TimerEvent: {}
[9.464482] (-) TimerEvent: {}
[9.565050] (-) TimerEvent: {}
[9.666042] (-) TimerEvent: {}
[9.766927] (-) TimerEvent: {}
[9.822726] (vehicle_interfaces) StdoutLine: {'line': b'[  4%] \x1b[32mBuilding C object CMakeFiles/vehicle_interfaces__rosidl_generator_c.dir/rosidl_generator_c/vehicle_interfaces/srv/detail/reset_serial_port__functions.c.o\x1b[0m\n'}
[9.867049] (-) TimerEvent: {}
[9.949746] (vehicle_interfaces) StdoutLine: {'line': b'[  5%] \x1b[32mBuilding C object CMakeFiles/vehicle_interfaces__rosidl_generator_c.dir/rosidl_generator_c/vehicle_interfaces/srv/detail/get_serial_device_status__functions.c.o\x1b[0m\n'}
[9.967160] (-) TimerEvent: {}
[10.068001] (-) TimerEvent: {}
[10.118152] (vehicle_interfaces) StdoutLine: {'line': b'[  6%] \x1b[32mBuilding C object CMakeFiles/vehicle_interfaces__rosidl_generator_c.dir/rosidl_generator_c/vehicle_interfaces/msg/detail/sensor_data__functions.c.o\x1b[0m\n'}
[10.168113] (-) TimerEvent: {}
[10.244582] (vehicle_interfaces) StdoutLine: {'line': b'[  7%] \x1b[32mBuilding C object CMakeFiles/vehicle_interfaces__rosidl_generator_c.dir/rosidl_generator_c/vehicle_interfaces/msg/detail/control_data__functions.c.o\x1b[0m\n'}
[10.268233] (-) TimerEvent: {}
[10.351209] (vehicle_interfaces) StdoutLine: {'line': b'[  8%] \x1b[32mBuilding C object CMakeFiles/vehicle_interfaces__rosidl_generator_c.dir/rosidl_generator_c/vehicle_interfaces/msg/detail/encoder_data__functions.c.o\x1b[0m\n'}
[10.368352] (-) TimerEvent: {}
[10.456705] (vehicle_interfaces) StdoutLine: {'line': b'[  8%] \x1b[32mBuilding C object CMakeFiles/vehicle_interfaces__rosidl_generator_c.dir/rosidl_generator_c/vehicle_interfaces/msg/detail/gps_data__functions.c.o\x1b[0m\n'}
[10.468477] (-) TimerEvent: {}
[10.564441] (vehicle_interfaces) StdoutLine: {'line': b'[  9%] \x1b[32mBuilding C object CMakeFiles/vehicle_interfaces__rosidl_generator_c.dir/rosidl_generator_c/vehicle_interfaces/msg/detail/ir_data__functions.c.o\x1b[0m\n'}
[10.568596] (-) TimerEvent: {}
[10.668000] (vehicle_interfaces) StdoutLine: {'line': b'[ 10%] \x1b[32mBuilding C object CMakeFiles/vehicle_interfaces__rosidl_generator_c.dir/rosidl_generator_c/vehicle_interfaces/msg/detail/mpu_data__functions.c.o\x1b[0m\n'}
[10.669523] (-) TimerEvent: {}
[10.770307] (-) TimerEvent: {}
[10.777338] (vehicle_interfaces) StdoutLine: {'line': b'[ 11%] \x1b[32mBuilding C object CMakeFiles/vehicle_interfaces__rosidl_generator_c.dir/rosidl_generator_c/vehicle_interfaces/msg/detail/qmc_data__functions.c.o\x1b[0m\n'}
[10.870493] (-) TimerEvent: {}
[10.887560] (vehicle_interfaces) StdoutLine: {'line': b'[ 12%] \x1b[32mBuilding C object CMakeFiles/vehicle_interfaces__rosidl_generator_c.dir/rosidl_generator_c/vehicle_interfaces/msg/detail/temperature_data__functions.c.o\x1b[0m\n'}
[10.958696] (vehicle_interfaces) StdoutLine: {'line': b'\x1b[35m\x1b[1mScanning dependencies of target vehicle_interfaces__rosidl_typesupport_introspection_cpp\x1b[0m\n'}
[10.970631] (-) TimerEvent: {}
[10.991238] (vehicle_interfaces) StdoutLine: {'line': b'[ 12%] \x1b[32mBuilding C object CMakeFiles/vehicle_interfaces__rosidl_generator_c.dir/rosidl_generator_c/vehicle_interfaces/msg/detail/to_f_data__functions.c.o\x1b[0m\n'}
[11.042837] (vehicle_interfaces) StdoutLine: {'line': b'\x1b[35m\x1b[1mScanning dependencies of target vehicle_interfaces__rosidl_typesupport_cpp\x1b[0m\n'}
[11.070738] (-) TimerEvent: {}
[11.094312] (vehicle_interfaces) StdoutLine: {'line': b'[ 13%] \x1b[32mBuilding C object CMakeFiles/vehicle_interfaces__rosidl_generator_c.dir/rosidl_generator_c/vehicle_interfaces/msg/detail/ultrasonic_data__functions.c.o\x1b[0m\n'}
[11.161864] (vehicle_interfaces) StdoutLine: {'line': b'[ 14%] \x1b[32m\x1b[1mLinking C shared library libvehicle_interfaces__rosidl_generator_c.so\x1b[0m\n'}
[11.170850] (-) TimerEvent: {}
[11.271377] (-) TimerEvent: {}
[11.371800] (-) TimerEvent: {}
[11.472272] (-) TimerEvent: {}
[11.559278] (vehicle_interfaces) StdoutLine: {'line': b'[ 15%] \x1b[32mBuilding CXX object CMakeFiles/vehicle_interfaces__rosidl_typesupport_cpp.dir/rosidl_typesupport_cpp/vehicle_interfaces/srv/get_serial_port__type_support.cpp.o\x1b[0m\n'}
[11.572390] (-) TimerEvent: {}
[11.587919] (vehicle_interfaces) StdoutLine: {'line': b'[ 16%] \x1b[32mBuilding CXX object CMakeFiles/vehicle_interfaces__rosidl_typesupport_introspection_cpp.dir/rosidl_typesupport_introspection_cpp/vehicle_interfaces/srv/detail/get_serial_port__type_support.cpp.o\x1b[0m\n'}
[11.630924] (vehicle_interfaces) StdoutLine: {'line': b'\x1b[35m\x1b[1mScanning dependencies of target vehicle_interfaces__rosidl_typesupport_fastrtps_cpp\x1b[0m\n'}
[11.672573] (-) TimerEvent: {}
[11.773262] (-) TimerEvent: {}
[11.873876] (-) TimerEvent: {}
[11.894705] (vehicle_interfaces) StdoutLine: {'line': b'[ 16%] Built target vehicle_interfaces__rosidl_generator_c\n'}
[11.906035] (vehicle_interfaces) StdoutLine: {'line': b'[ 17%] \x1b[32mBuilding CXX object CMakeFiles/vehicle_interfaces__rosidl_typesupport_introspection_cpp.dir/rosidl_typesupport_introspection_cpp/vehicle_interfaces/srv/detail/reset_serial_port__type_support.cpp.o\x1b[0m\n'}
[11.974090] (-) TimerEvent: {}
[12.074611] (-) TimerEvent: {}
[12.175113] (-) TimerEvent: {}
[12.275468] (-) TimerEvent: {}
[12.375894] (-) TimerEvent: {}
[12.476312] (-) TimerEvent: {}
[12.576746] (-) TimerEvent: {}
[12.677300] (-) TimerEvent: {}
[12.777855] (-) TimerEvent: {}
[12.878464] (-) TimerEvent: {}
[12.906378] (vehicle_interfaces) StdoutLine: {'line': b'[ 18%] \x1b[32mBuilding CXX object CMakeFiles/vehicle_interfaces__rosidl_typesupport_fastrtps_cpp.dir/rosidl_typesupport_fastrtps_cpp/vehicle_interfaces/srv/detail/dds_fastrtps/get_serial_port__type_support.cpp.o\x1b[0m\n'}
[12.978578] (-) TimerEvent: {}
[13.079016] (-) TimerEvent: {}
[13.179546] (-) TimerEvent: {}
[13.280033] (-) TimerEvent: {}
[13.380749] (-) TimerEvent: {}
[13.481349] (-) TimerEvent: {}
[13.582341] (-) TimerEvent: {}
[13.683348] (-) TimerEvent: {}
[13.784308] (-) TimerEvent: {}
[13.885238] (-) TimerEvent: {}
[13.921197] (vehicle_interfaces) StdoutLine: {'line': b'[ 19%] \x1b[32mBuilding CXX object CMakeFiles/vehicle_interfaces__rosidl_typesupport_introspection_cpp.dir/rosidl_typesupport_introspection_cpp/vehicle_interfaces/srv/detail/get_serial_device_status__type_support.cpp.o\x1b[0m\n'}
[13.985381] (-) TimerEvent: {}
[14.036437] (vehicle_interfaces) StdoutLine: {'line': b'[ 20%] \x1b[32mBuilding CXX object CMakeFiles/vehicle_interfaces__rosidl_typesupport_cpp.dir/rosidl_typesupport_cpp/vehicle_interfaces/srv/reset_serial_port__type_support.cpp.o\x1b[0m\n'}
[14.054421] (vehicle_interfaces) StdoutLine: {'line': b'[ 21%] \x1b[32mBuilding CXX object CMakeFiles/vehicle_interfaces__rosidl_typesupport_introspection_cpp.dir/rosidl_typesupport_introspection_cpp/vehicle_interfaces/msg/detail/sensor_data__type_support.cpp.o\x1b[0m\n'}
[14.085520] (-) TimerEvent: {}
[14.185969] (-) TimerEvent: {}
[14.286435] (-) TimerEvent: {}
[14.398480] (-) TimerEvent: {}
[14.498902] (-) TimerEvent: {}
[14.602792] (-) TimerEvent: {}
[14.703428] (-) TimerEvent: {}
[14.803959] (-) TimerEvent: {}
[14.828919] (vehicle_interfaces) StdoutLine: {'line': b'[ 22%] \x1b[32mBuilding CXX object CMakeFiles/vehicle_interfaces__rosidl_typesupport_fastrtps_cpp.dir/rosidl_typesupport_fastrtps_cpp/vehicle_interfaces/srv/detail/dds_fastrtps/reset_serial_port__type_support.cpp.o\x1b[0m\n'}
[14.856693] (vehicle_interfaces) StdoutLine: {'line': b'[ 23%] \x1b[32mBuilding CXX object CMakeFiles/vehicle_interfaces__rosidl_typesupport_fastrtps_cpp.dir/rosidl_typesupport_fastrtps_cpp/vehicle_interfaces/srv/detail/dds_fastrtps/get_serial_device_status__type_support.cpp.o\x1b[0m\n'}
[14.873059] (vehicle_interfaces) StdoutLine: {'line': b'[ 23%] \x1b[32mBuilding CXX object CMakeFiles/vehicle_interfaces__rosidl_typesupport_cpp.dir/rosidl_typesupport_cpp/vehicle_interfaces/srv/get_serial_device_status__type_support.cpp.o\x1b[0m\n'}
[14.904085] (-) TimerEvent: {}
[15.004735] (-) TimerEvent: {}
[15.105362] (-) TimerEvent: {}
[15.205985] (-) TimerEvent: {}
[15.306610] (-) TimerEvent: {}
[15.407182] (-) TimerEvent: {}
[15.507778] (-) TimerEvent: {}
[15.609137] (-) TimerEvent: {}
[15.637065] (vehicle_interfaces) StdoutLine: {'line': b'[ 24%] \x1b[32mBuilding CXX object CMakeFiles/vehicle_interfaces__rosidl_typesupport_cpp.dir/rosidl_typesupport_cpp/vehicle_interfaces/msg/sensor_data__type_support.cpp.o\x1b[0m\n'}
[15.709278] (-) TimerEvent: {}
[15.809876] (-) TimerEvent: {}
[15.910480] (-) TimerEvent: {}
[15.933755] (vehicle_interfaces) StdoutLine: {'line': b'[ 24%] \x1b[32mBuilding CXX object CMakeFiles/vehicle_interfaces__rosidl_typesupport_introspection_cpp.dir/rosidl_typesupport_introspection_cpp/vehicle_interfaces/msg/detail/control_data__type_support.cpp.o\x1b[0m\n'}
[15.962766] (vehicle_interfaces) StdoutLine: {'line': b'[ 25%] \x1b[32mBuilding CXX object CMakeFiles/vehicle_interfaces__rosidl_typesupport_introspection_cpp.dir/rosidl_typesupport_introspection_cpp/vehicle_interfaces/msg/detail/encoder_data__type_support.cpp.o\x1b[0m\n'}
[16.005073] (vehicle_interfaces) StdoutLine: {'line': b'[ 25%] \x1b[32mBuilding CXX object CMakeFiles/vehicle_interfaces__rosidl_typesupport_fastrtps_cpp.dir/rosidl_typesupport_fastrtps_cpp/vehicle_interfaces/msg/detail/dds_fastrtps/sensor_data__type_support.cpp.o\x1b[0m\n'}
[16.010601] (-) TimerEvent: {}
[16.111009] (-) TimerEvent: {}
[16.211429] (-) TimerEvent: {}
[16.311856] (-) TimerEvent: {}
[16.412283] (-) TimerEvent: {}
[16.437725] (vehicle_interfaces) StdoutLine: {'line': b'[ 26%] \x1b[32mBuilding CXX object CMakeFiles/vehicle_interfaces__rosidl_typesupport_cpp.dir/rosidl_typesupport_cpp/vehicle_interfaces/msg/control_data__type_support.cpp.o\x1b[0m\n'}
[16.512434] (-) TimerEvent: {}
[16.612915] (-) TimerEvent: {}
[16.700757] (vehicle_interfaces) StdoutLine: {'line': b'[ 27%] \x1b[32mBuilding CXX object CMakeFiles/vehicle_interfaces__rosidl_typesupport_introspection_cpp.dir/rosidl_typesupport_introspection_cpp/vehicle_interfaces/msg/detail/gps_data__type_support.cpp.o\x1b[0m\n'}
[16.713052] (-) TimerEvent: {}
[16.737858] (vehicle_interfaces) StdoutLine: {'line': b'[ 28%] \x1b[32mBuilding CXX object CMakeFiles/vehicle_interfaces__rosidl_typesupport_introspection_cpp.dir/rosidl_typesupport_introspection_cpp/vehicle_interfaces/msg/detail/ir_data__type_support.cpp.o\x1b[0m\n'}
[16.813183] (-) TimerEvent: {}
[16.913810] (-) TimerEvent: {}
[17.014487] (-) TimerEvent: {}
[17.115103] (-) TimerEvent: {}
[17.199306] (vehicle_interfaces) StdoutLine: {'line': b'[ 29%] \x1b[32mBuilding CXX object CMakeFiles/vehicle_interfaces__rosidl_typesupport_cpp.dir/rosidl_typesupport_cpp/vehicle_interfaces/msg/encoder_data__type_support.cpp.o\x1b[0m\n'}
[17.215230] (-) TimerEvent: {}
[17.315835] (-) TimerEvent: {}
[17.416465] (-) TimerEvent: {}
[17.492652] (vehicle_interfaces) StdoutLine: {'line': b'[ 30%] \x1b[32mBuilding CXX object CMakeFiles/vehicle_interfaces__rosidl_typesupport_introspection_cpp.dir/rosidl_typesupport_introspection_cpp/vehicle_interfaces/msg/detail/mpu_data__type_support.cpp.o\x1b[0m\n'}
[17.514769] (vehicle_interfaces) StdoutLine: {'line': b'[ 30%] \x1b[32mBuilding CXX object CMakeFiles/vehicle_interfaces__rosidl_typesupport_introspection_cpp.dir/rosidl_typesupport_introspection_cpp/vehicle_interfaces/msg/detail/qmc_data__type_support.cpp.o\x1b[0m\n'}
[17.516657] (-) TimerEvent: {}
[17.617481] (-) TimerEvent: {}
[17.718093] (-) TimerEvent: {}
[17.818734] (-) TimerEvent: {}
[17.919367] (-) TimerEvent: {}
[17.977448] (vehicle_interfaces) StdoutLine: {'line': b'[ 31%] \x1b[32mBuilding CXX object CMakeFiles/vehicle_interfaces__rosidl_typesupport_cpp.dir/rosidl_typesupport_cpp/vehicle_interfaces/msg/gps_data__type_support.cpp.o\x1b[0m\n'}
[18.019494] (-) TimerEvent: {}
[18.119920] (-) TimerEvent: {}
[18.125916] (vehicle_interfaces) StdoutLine: {'line': b'[ 32%] \x1b[32mBuilding CXX object CMakeFiles/vehicle_interfaces__rosidl_typesupport_fastrtps_cpp.dir/rosidl_typesupport_fastrtps_cpp/vehicle_interfaces/msg/detail/dds_fastrtps/control_data__type_support.cpp.o\x1b[0m\n'}
[18.220060] (-) TimerEvent: {}
[18.291881] (vehicle_interfaces) StdoutLine: {'line': b'[ 33%] \x1b[32mBuilding CXX object CMakeFiles/vehicle_interfaces__rosidl_typesupport_introspection_cpp.dir/rosidl_typesupport_introspection_cpp/vehicle_interfaces/msg/detail/temperature_data__type_support.cpp.o\x1b[0m\n'}
[18.320193] (-) TimerEvent: {}
[18.339209] (vehicle_interfaces) StdoutLine: {'line': b'[ 34%] \x1b[32mBuilding CXX object CMakeFiles/vehicle_interfaces__rosidl_typesupport_introspection_cpp.dir/rosidl_typesupport_introspection_cpp/vehicle_interfaces/msg/detail/to_f_data__type_support.cpp.o\x1b[0m\n'}
[18.420325] (-) TimerEvent: {}
[18.520817] (-) TimerEvent: {}
[18.621294] (-) TimerEvent: {}
[18.721811] (-) TimerEvent: {}
[18.741476] (vehicle_interfaces) StdoutLine: {'line': b'[ 34%] \x1b[32mBuilding CXX object CMakeFiles/vehicle_interfaces__rosidl_typesupport_cpp.dir/rosidl_typesupport_cpp/vehicle_interfaces/msg/ir_data__type_support.cpp.o\x1b[0m\n'}
[18.821962] (-) TimerEvent: {}
[18.922444] (-) TimerEvent: {}
[19.022939] (-) TimerEvent: {}
[19.091375] (vehicle_interfaces) StdoutLine: {'line': b'[ 35%] \x1b[32mBuilding CXX object CMakeFiles/vehicle_interfaces__rosidl_typesupport_introspection_cpp.dir/rosidl_typesupport_introspection_cpp/vehicle_interfaces/msg/detail/ultrasonic_data__type_support.cpp.o\x1b[0m\n'}
[19.123061] (-) TimerEvent: {}
[19.127247] (vehicle_interfaces) StdoutLine: {'line': b'[ 36%] \x1b[32mBuilding CXX object CMakeFiles/vehicle_interfaces__rosidl_typesupport_cpp.dir/rosidl_typesupport_cpp/vehicle_interfaces/msg/mpu_data__type_support.cpp.o\x1b[0m\n'}
[19.223183] (-) TimerEvent: {}
[19.240783] (vehicle_interfaces) StdoutLine: {'line': b'[ 37%] \x1b[32mBuilding CXX object CMakeFiles/vehicle_interfaces__rosidl_typesupport_fastrtps_cpp.dir/rosidl_typesupport_fastrtps_cpp/vehicle_interfaces/msg/detail/dds_fastrtps/encoder_data__type_support.cpp.o\x1b[0m\n'}
[19.323302] (-) TimerEvent: {}
[19.423889] (-) TimerEvent: {}
[19.506726] (vehicle_interfaces) StdoutLine: {'line': b'[ 38%] \x1b[32mBuilding CXX object CMakeFiles/vehicle_interfaces__rosidl_typesupport_cpp.dir/rosidl_typesupport_cpp/vehicle_interfaces/msg/qmc_data__type_support.cpp.o\x1b[0m\n'}
[19.524026] (-) TimerEvent: {}
[19.624660] (-) TimerEvent: {}
[19.725312] (-) TimerEvent: {}
[19.825962] (-) TimerEvent: {}
[19.864487] (vehicle_interfaces) StdoutLine: {'line': b'[ 39%] \x1b[32m\x1b[1mLinking CXX shared library libvehicle_interfaces__rosidl_typesupport_introspection_cpp.so\x1b[0m\n'}
[19.892264] (vehicle_interfaces) StdoutLine: {'line': b'[ 40%] \x1b[32mBuilding CXX object CMakeFiles/vehicle_interfaces__rosidl_typesupport_cpp.dir/rosidl_typesupport_cpp/vehicle_interfaces/msg/temperature_data__type_support.cpp.o\x1b[0m\n'}
[19.926113] (-) TimerEvent: {}
[20.026952] (-) TimerEvent: {}
[20.075890] (vehicle_interfaces) StdoutLine: {'line': b'[ 40%] Built target vehicle_interfaces__rosidl_typesupport_introspection_cpp\n'}
[20.100041] (vehicle_interfaces) StdoutLine: {'line': b'[ 41%] \x1b[34m\x1b[1mGenerating C introspection for ROS interfaces\x1b[0m\n'}
[20.127060] (-) TimerEvent: {}
[20.227618] (-) TimerEvent: {}
[20.290727] (vehicle_interfaces) StdoutLine: {'line': b'[ 42%] \x1b[32mBuilding CXX object CMakeFiles/vehicle_interfaces__rosidl_typesupport_cpp.dir/rosidl_typesupport_cpp/vehicle_interfaces/msg/to_f_data__type_support.cpp.o\x1b[0m\n'}
[20.327733] (-) TimerEvent: {}
[20.355071] (vehicle_interfaces) StdoutLine: {'line': b'[ 43%] \x1b[32mBuilding CXX object CMakeFiles/vehicle_interfaces__rosidl_typesupport_fastrtps_cpp.dir/rosidl_typesupport_fastrtps_cpp/vehicle_interfaces/msg/detail/dds_fastrtps/gps_data__type_support.cpp.o\x1b[0m\n'}
[20.427854] (-) TimerEvent: {}
[20.528321] (-) TimerEvent: {}
[20.629876] (-) TimerEvent: {}
[20.667500] (vehicle_interfaces) StdoutLine: {'line': b'[ 43%] \x1b[32mBuilding CXX object CMakeFiles/vehicle_interfaces__rosidl_typesupport_cpp.dir/rosidl_typesupport_cpp/vehicle_interfaces/msg/ultrasonic_data__type_support.cpp.o\x1b[0m\n'}
[20.730021] (-) TimerEvent: {}
[20.830500] (-) TimerEvent: {}
[20.930969] (-) TimerEvent: {}
[21.031424] (-) TimerEvent: {}
[21.064490] (vehicle_interfaces) StdoutLine: {'line': b'[ 44%] \x1b[32mBuilding CXX object CMakeFiles/vehicle_interfaces__rosidl_typesupport_fastrtps_cpp.dir/rosidl_typesupport_fastrtps_cpp/vehicle_interfaces/msg/detail/dds_fastrtps/ir_data__type_support.cpp.o\x1b[0m\n'}
[21.131543] (-) TimerEvent: {}
[21.231977] (-) TimerEvent: {}
[21.332468] (-) TimerEvent: {}
[21.424933] (vehicle_interfaces) StdoutLine: {'line': b'[ 45%] \x1b[32m\x1b[1mLinking CXX shared library libvehicle_interfaces__rosidl_typesupport_cpp.so\x1b[0m\n'}
[21.432645] (-) TimerEvent: {}
[21.508608] (vehicle_interfaces) StdoutLine: {'line': b'[ 45%] \x1b[32mBuilding CXX object CMakeFiles/vehicle_interfaces__rosidl_typesupport_fastrtps_cpp.dir/rosidl_typesupport_fastrtps_cpp/vehicle_interfaces/msg/detail/dds_fastrtps/mpu_data__type_support.cpp.o\x1b[0m\n'}
[21.532770] (-) TimerEvent: {}
[21.546146] (vehicle_interfaces) StdoutLine: {'line': b'[ 45%] Built target vehicle_interfaces__rosidl_typesupport_cpp\n'}
[21.572527] (vehicle_interfaces) StdoutLine: {'line': b'[ 46%] \x1b[34m\x1b[1mGenerating C type support dispatch for ROS interfaces\x1b[0m\n'}
[21.632903] (-) TimerEvent: {}
[21.733487] (-) TimerEvent: {}
[21.834090] (-) TimerEvent: {}
[21.934740] (-) TimerEvent: {}
[22.035330] (-) TimerEvent: {}
[22.135946] (-) TimerEvent: {}
[22.180855] (vehicle_interfaces) StdoutLine: {'line': b'[ 47%] \x1b[32mBuilding CXX object CMakeFiles/vehicle_interfaces__rosidl_typesupport_fastrtps_cpp.dir/rosidl_typesupport_fastrtps_cpp/vehicle_interfaces/msg/detail/dds_fastrtps/qmc_data__type_support.cpp.o\x1b[0m\n'}
[22.236065] (-) TimerEvent: {}
[22.336694] (-) TimerEvent: {}
[22.437340] (-) TimerEvent: {}
[22.537999] (-) TimerEvent: {}
[22.638678] (-) TimerEvent: {}
[22.659494] (vehicle_interfaces) StdoutLine: {'line': b'[ 48%] \x1b[32mBuilding CXX object CMakeFiles/vehicle_interfaces__rosidl_typesupport_fastrtps_cpp.dir/rosidl_typesupport_fastrtps_cpp/vehicle_interfaces/msg/detail/dds_fastrtps/temperature_data__type_support.cpp.o\x1b[0m\n'}
[22.738791] (-) TimerEvent: {}
[22.839406] (-) TimerEvent: {}
[22.940037] (-) TimerEvent: {}
[23.040682] (-) TimerEvent: {}
[23.141311] (-) TimerEvent: {}
[23.241969] (-) TimerEvent: {}
[23.297855] (vehicle_interfaces) StdoutLine: {'line': b'[ 49%] \x1b[32mBuilding CXX object CMakeFiles/vehicle_interfaces__rosidl_typesupport_fastrtps_cpp.dir/rosidl_typesupport_fastrtps_cpp/vehicle_interfaces/msg/detail/dds_fastrtps/to_f_data__type_support.cpp.o\x1b[0m\n'}
[23.342103] (-) TimerEvent: {}
[23.442771] (-) TimerEvent: {}
[23.543423] (-) TimerEvent: {}
[23.644066] (-) TimerEvent: {}
[23.744709] (-) TimerEvent: {}
[23.781094] (vehicle_interfaces) StdoutLine: {'line': b'[ 50%] \x1b[32mBuilding CXX object CMakeFiles/vehicle_interfaces__rosidl_typesupport_fastrtps_cpp.dir/rosidl_typesupport_fastrtps_cpp/vehicle_interfaces/msg/detail/dds_fastrtps/ultrasonic_data__type_support.cpp.o\x1b[0m\n'}
[23.811897] (vehicle_interfaces) StdoutLine: {'line': b'\x1b[35m\x1b[1mScanning dependencies of target vehicle_interfaces__rosidl_typesupport_introspection_c\x1b[0m\n'}
[23.845039] (-) TimerEvent: {}
[23.945927] (-) TimerEvent: {}
[24.046531] (-) TimerEvent: {}
[24.089402] (vehicle_interfaces) StdoutLine: {'line': b'[ 51%] \x1b[32mBuilding C object CMakeFiles/vehicle_interfaces__rosidl_typesupport_introspection_c.dir/rosidl_typesupport_introspection_c/vehicle_interfaces/srv/detail/get_serial_port__type_support.c.o\x1b[0m\n'}
[24.146638] (-) TimerEvent: {}
[24.247194] (-) TimerEvent: {}
[24.267261] (vehicle_interfaces) StdoutLine: {'line': b'[ 52%] \x1b[32mBuilding C object CMakeFiles/vehicle_interfaces__rosidl_typesupport_introspection_c.dir/rosidl_typesupport_introspection_c/vehicle_interfaces/srv/detail/reset_serial_port__type_support.c.o\x1b[0m\n'}
[24.347317] (-) TimerEvent: {}
[24.349204] (vehicle_interfaces) StdoutLine: {'line': b'[ 52%] \x1b[32mBuilding C object CMakeFiles/vehicle_interfaces__rosidl_typesupport_introspection_c.dir/rosidl_typesupport_introspection_c/vehicle_interfaces/srv/detail/get_serial_device_status__type_support.c.o\x1b[0m\n'}
[24.422355] (vehicle_interfaces) StdoutLine: {'line': b'[ 53%] \x1b[32mBuilding C object CMakeFiles/vehicle_interfaces__rosidl_typesupport_introspection_c.dir/rosidl_typesupport_introspection_c/vehicle_interfaces/msg/detail/sensor_data__type_support.c.o\x1b[0m\n'}
[24.427697] (vehicle_interfaces) StdoutLine: {'line': b'[ 54%] \x1b[32mBuilding C object CMakeFiles/vehicle_interfaces__rosidl_typesupport_introspection_c.dir/rosidl_typesupport_introspection_c/vehicle_interfaces/msg/detail/control_data__type_support.c.o\x1b[0m\n'}
[24.447442] (-) TimerEvent: {}
[24.496646] (vehicle_interfaces) StdoutLine: {'line': b'[ 55%] \x1b[32mBuilding C object CMakeFiles/vehicle_interfaces__rosidl_typesupport_introspection_c.dir/rosidl_typesupport_introspection_c/vehicle_interfaces/msg/detail/encoder_data__type_support.c.o\x1b[0m\n'}
[24.547574] (-) TimerEvent: {}
[24.549425] (vehicle_interfaces) StdoutLine: {'line': b'[ 56%] \x1b[32mBuilding C object CMakeFiles/vehicle_interfaces__rosidl_typesupport_introspection_c.dir/rosidl_typesupport_introspection_c/vehicle_interfaces/msg/detail/gps_data__type_support.c.o\x1b[0m\n'}
[24.571428] (vehicle_interfaces) StdoutLine: {'line': b'[ 56%] \x1b[32mBuilding C object CMakeFiles/vehicle_interfaces__rosidl_typesupport_introspection_c.dir/rosidl_typesupport_introspection_c/vehicle_interfaces/msg/detail/ir_data__type_support.c.o\x1b[0m\n'}
[24.627462] (vehicle_interfaces) StdoutLine: {'line': b'[ 57%] \x1b[32mBuilding C object CMakeFiles/vehicle_interfaces__rosidl_typesupport_introspection_c.dir/rosidl_typesupport_introspection_c/vehicle_interfaces/msg/detail/mpu_data__type_support.c.o\x1b[0m\n'}
[24.646171] (vehicle_interfaces) StdoutLine: {'line': b'[ 58%] \x1b[32mBuilding C object CMakeFiles/vehicle_interfaces__rosidl_typesupport_introspection_c.dir/rosidl_typesupport_introspection_c/vehicle_interfaces/msg/detail/qmc_data__type_support.c.o\x1b[0m\n'}
[24.647778] (-) TimerEvent: {}
[24.687020] (vehicle_interfaces) StdoutLine: {'line': b'\x1b[35m\x1b[1mScanning dependencies of target vehicle_interfaces__rosidl_typesupport_c\x1b[0m\n'}
[24.704883] (vehicle_interfaces) StdoutLine: {'line': b'[ 59%] \x1b[32mBuilding C object CMakeFiles/vehicle_interfaces__rosidl_typesupport_introspection_c.dir/rosidl_typesupport_introspection_c/vehicle_interfaces/msg/detail/temperature_data__type_support.c.o\x1b[0m\n'}
[24.729000] (vehicle_interfaces) StdoutLine: {'line': b'[ 60%] \x1b[32mBuilding C object CMakeFiles/vehicle_interfaces__rosidl_typesupport_introspection_c.dir/rosidl_typesupport_introspection_c/vehicle_interfaces/msg/detail/to_f_data__type_support.c.o\x1b[0m\n'}
[24.747914] (-) TimerEvent: {}
[24.765712] (vehicle_interfaces) StdoutLine: {'line': b'[ 60%] \x1b[32mBuilding CXX object CMakeFiles/vehicle_interfaces__rosidl_typesupport_c.dir/rosidl_typesupport_c/vehicle_interfaces/srv/get_serial_port__type_support.cpp.o\x1b[0m\n'}
[24.820987] (vehicle_interfaces) StdoutLine: {'line': b'[ 60%] \x1b[32mBuilding C object CMakeFiles/vehicle_interfaces__rosidl_typesupport_introspection_c.dir/rosidl_typesupport_introspection_c/vehicle_interfaces/msg/detail/ultrasonic_data__type_support.c.o\x1b[0m\n'}
[24.838772] (vehicle_interfaces) StdoutLine: {'line': b'[ 61%] \x1b[32mBuilding CXX object CMakeFiles/vehicle_interfaces__rosidl_typesupport_c.dir/rosidl_typesupport_c/vehicle_interfaces/srv/reset_serial_port__type_support.cpp.o\x1b[0m\n'}
[24.839262] (vehicle_interfaces) StdoutLine: {'line': b'[ 62%] \x1b[32mBuilding CXX object CMakeFiles/vehicle_interfaces__rosidl_typesupport_c.dir/rosidl_typesupport_c/vehicle_interfaces/srv/get_serial_device_status__type_support.cpp.o\x1b[0m\n'}
[24.848032] (-) TimerEvent: {}
[24.891032] (vehicle_interfaces) StdoutLine: {'line': b'[ 62%] \x1b[32m\x1b[1mLinking CXX shared library libvehicle_interfaces__rosidl_typesupport_fastrtps_cpp.so\x1b[0m\n'}
[24.914286] (vehicle_interfaces) StdoutLine: {'line': b'[ 63%] \x1b[32mBuilding CXX object CMakeFiles/vehicle_interfaces__rosidl_typesupport_c.dir/rosidl_typesupport_c/vehicle_interfaces/msg/sensor_data__type_support.cpp.o\x1b[0m\n'}
[24.938715] (vehicle_interfaces) StdoutLine: {'line': b'[ 64%] \x1b[32m\x1b[1mLinking C shared library libvehicle_interfaces__rosidl_typesupport_introspection_c.so\x1b[0m\n'}
[24.948169] (-) TimerEvent: {}
[24.951564] (vehicle_interfaces) StdoutLine: {'line': b'[ 65%] \x1b[32mBuilding CXX object CMakeFiles/vehicle_interfaces__rosidl_typesupport_c.dir/rosidl_typesupport_c/vehicle_interfaces/msg/control_data__type_support.cpp.o\x1b[0m\n'}
[24.987945] (vehicle_interfaces) StdoutLine: {'line': b'[ 65%] \x1b[32mBuilding CXX object CMakeFiles/vehicle_interfaces__rosidl_typesupport_c.dir/rosidl_typesupport_c/vehicle_interfaces/msg/encoder_data__type_support.cpp.o\x1b[0m\n'}
[25.006550] (vehicle_interfaces) StdoutLine: {'line': b'[ 66%] \x1b[32mBuilding CXX object CMakeFiles/vehicle_interfaces__rosidl_typesupport_c.dir/rosidl_typesupport_c/vehicle_interfaces/msg/gps_data__type_support.cpp.o\x1b[0m\n'}
[25.012875] (vehicle_interfaces) StdoutLine: {'line': b'[ 66%] Built target vehicle_interfaces__rosidl_typesupport_introspection_c\n'}
[25.028228] (vehicle_interfaces) StdoutLine: {'line': b'[ 67%] \x1b[32mBuilding CXX object CMakeFiles/vehicle_interfaces__rosidl_typesupport_c.dir/rosidl_typesupport_c/vehicle_interfaces/msg/ir_data__type_support.cpp.o\x1b[0m\n'}
[25.048327] (-) TimerEvent: {}
[25.058719] (vehicle_interfaces) StdoutLine: {'line': b'[ 68%] \x1b[32mBuilding CXX object CMakeFiles/vehicle_interfaces__rosidl_typesupport_c.dir/rosidl_typesupport_c/vehicle_interfaces/msg/mpu_data__type_support.cpp.o\x1b[0m\n'}
[25.075022] (vehicle_interfaces) StdoutLine: {'line': b'[ 69%] \x1b[32mBuilding CXX object CMakeFiles/vehicle_interfaces__rosidl_typesupport_c.dir/rosidl_typesupport_c/vehicle_interfaces/msg/qmc_data__type_support.cpp.o\x1b[0m\n'}
[25.093680] (vehicle_interfaces) StdoutLine: {'line': b'[ 69%] \x1b[32mBuilding CXX object CMakeFiles/vehicle_interfaces__rosidl_typesupport_c.dir/rosidl_typesupport_c/vehicle_interfaces/msg/temperature_data__type_support.cpp.o\x1b[0m\n'}
[25.122174] (vehicle_interfaces) StdoutLine: {'line': b'[ 70%] \x1b[32mBuilding CXX object CMakeFiles/vehicle_interfaces__rosidl_typesupport_c.dir/rosidl_typesupport_c/vehicle_interfaces/msg/to_f_data__type_support.cpp.o\x1b[0m\n'}
[25.141782] (vehicle_interfaces) StdoutLine: {'line': b'[ 71%] \x1b[32mBuilding CXX object CMakeFiles/vehicle_interfaces__rosidl_typesupport_c.dir/rosidl_typesupport_c/vehicle_interfaces/msg/ultrasonic_data__type_support.cpp.o\x1b[0m\n'}
[25.148467] (-) TimerEvent: {}
[25.175974] (vehicle_interfaces) StdoutLine: {'line': b'[ 71%] Built target vehicle_interfaces__rosidl_typesupport_fastrtps_cpp\n'}
[25.190708] (vehicle_interfaces) StdoutLine: {'line': b'[ 73%] \x1b[32m\x1b[1mLinking CXX shared library libvehicle_interfaces__rosidl_typesupport_c.so\x1b[0m\n'}
[25.191032] (vehicle_interfaces) StdoutLine: {'line': b'[ 73%] \x1b[34m\x1b[1mGenerating C type support for eProsima Fast-RTPS\x1b[0m\n'}
[25.248594] (-) TimerEvent: {}
[25.251656] (vehicle_interfaces) StdoutLine: {'line': b'[ 73%] Built target vehicle_interfaces__rosidl_typesupport_c\n'}
[25.348742] (-) TimerEvent: {}
[25.449127] (-) TimerEvent: {}
[25.549504] (-) TimerEvent: {}
[25.651677] (-) TimerEvent: {}
[25.752586] (-) TimerEvent: {}
[25.853495] (-) TimerEvent: {}
[25.954229] (-) TimerEvent: {}
[26.054607] (-) TimerEvent: {}
[26.154961] (-) TimerEvent: {}
[26.255318] (-) TimerEvent: {}
[26.355693] (-) TimerEvent: {}
[26.456071] (-) TimerEvent: {}
[26.556444] (-) TimerEvent: {}
[26.656825] (-) TimerEvent: {}
[26.757194] (-) TimerEvent: {}
[26.857549] (-) TimerEvent: {}
[26.957896] (-) TimerEvent: {}
[27.058247] (-) TimerEvent: {}
[27.158608] (-) TimerEvent: {}
[27.258951] (-) TimerEvent: {}
[27.359327] (-) TimerEvent: {}
[27.459771] (-) TimerEvent: {}
[27.488713] (vehicle_interfaces) StdoutLine: {'line': b'\x1b[35m\x1b[1mScanning dependencies of target vehicle_interfaces__rosidl_typesupport_fastrtps_c\x1b[0m\n'}
[27.559893] (-) TimerEvent: {}
[27.625755] (vehicle_interfaces) StdoutLine: {'line': b'[ 73%] \x1b[32mBuilding CXX object CMakeFiles/vehicle_interfaces__rosidl_typesupport_fastrtps_c.dir/rosidl_typesupport_fastrtps_c/vehicle_interfaces/srv/detail/reset_serial_port__type_support_c.cpp.o\x1b[0m\n'}
[27.629822] (vehicle_interfaces) StdoutLine: {'line': b'[ 75%] \x1b[32mBuilding CXX object CMakeFiles/vehicle_interfaces__rosidl_typesupport_fastrtps_c.dir/rosidl_typesupport_fastrtps_c/vehicle_interfaces/srv/detail/get_serial_device_status__type_support_c.cpp.o\x1b[0m\n'}
[27.630246] (vehicle_interfaces) StdoutLine: {'line': b'[ 75%] \x1b[32mBuilding CXX object CMakeFiles/vehicle_interfaces__rosidl_typesupport_fastrtps_c.dir/rosidl_typesupport_fastrtps_c/vehicle_interfaces/srv/detail/get_serial_port__type_support_c.cpp.o\x1b[0m\n'}
[27.640517] (vehicle_interfaces) StdoutLine: {'line': b'[ 76%] \x1b[32mBuilding CXX object CMakeFiles/vehicle_interfaces__rosidl_typesupport_fastrtps_c.dir/rosidl_typesupport_fastrtps_c/vehicle_interfaces/msg/detail/sensor_data__type_support_c.cpp.o\x1b[0m\n'}
[27.660023] (-) TimerEvent: {}
[27.760621] (-) TimerEvent: {}
[27.861209] (-) TimerEvent: {}
[27.961855] (-) TimerEvent: {}
[28.062532] (-) TimerEvent: {}
[28.163183] (-) TimerEvent: {}
[28.263878] (-) TimerEvent: {}
[28.364532] (-) TimerEvent: {}
[28.465165] (-) TimerEvent: {}
[28.565812] (-) TimerEvent: {}
[28.666522] (-) TimerEvent: {}
[28.670184] (vehicle_interfaces) StdoutLine: {'line': b'[ 77%] \x1b[32mBuilding CXX object CMakeFiles/vehicle_interfaces__rosidl_typesupport_fastrtps_c.dir/rosidl_typesupport_fastrtps_c/vehicle_interfaces/msg/detail/control_data__type_support_c.cpp.o\x1b[0m\n'}
[28.682591] (vehicle_interfaces) StdoutLine: {'line': b'[ 78%] \x1b[32mBuilding CXX object CMakeFiles/vehicle_interfaces__rosidl_typesupport_fastrtps_c.dir/rosidl_typesupport_fastrtps_c/vehicle_interfaces/msg/detail/encoder_data__type_support_c.cpp.o\x1b[0m\n'}
[28.689958] (vehicle_interfaces) StdoutLine: {'line': b'[ 78%] \x1b[32mBuilding CXX object CMakeFiles/vehicle_interfaces__rosidl_typesupport_fastrtps_c.dir/rosidl_typesupport_fastrtps_c/vehicle_interfaces/msg/detail/gps_data__type_support_c.cpp.o\x1b[0m\n'}
[28.752281] (vehicle_interfaces) StdoutLine: {'line': b'[ 79%] \x1b[32mBuilding CXX object CMakeFiles/vehicle_interfaces__rosidl_typesupport_fastrtps_c.dir/rosidl_typesupport_fastrtps_c/vehicle_interfaces/msg/detail/ir_data__type_support_c.cpp.o\x1b[0m\n'}
[28.766649] (-) TimerEvent: {}
[28.867408] (-) TimerEvent: {}
[28.968183] (-) TimerEvent: {}
[29.068936] (-) TimerEvent: {}
[29.169688] (-) TimerEvent: {}
[29.270484] (-) TimerEvent: {}
[29.371223] (-) TimerEvent: {}
[29.471975] (-) TimerEvent: {}
[29.572773] (-) TimerEvent: {}
[29.610645] (vehicle_interfaces) StdoutLine: {'line': b'[ 80%] \x1b[32mBuilding CXX object CMakeFiles/vehicle_interfaces__rosidl_typesupport_fastrtps_c.dir/rosidl_typesupport_fastrtps_c/vehicle_interfaces/msg/detail/mpu_data__type_support_c.cpp.o\x1b[0m\n'}
[29.618341] (vehicle_interfaces) StdoutLine: {'line': b'[ 81%] \x1b[32mBuilding CXX object CMakeFiles/vehicle_interfaces__rosidl_typesupport_fastrtps_c.dir/rosidl_typesupport_fastrtps_c/vehicle_interfaces/msg/detail/temperature_data__type_support_c.cpp.o\x1b[0m\n'}
[29.627305] (vehicle_interfaces) StdoutLine: {'line': b'[ 82%] \x1b[32mBuilding CXX object CMakeFiles/vehicle_interfaces__rosidl_typesupport_fastrtps_c.dir/rosidl_typesupport_fastrtps_c/vehicle_interfaces/msg/detail/qmc_data__type_support_c.cpp.o\x1b[0m\n'}
[29.672928] (-) TimerEvent: {}
[29.773551] (-) TimerEvent: {}
[29.814868] (vehicle_interfaces) StdoutLine: {'line': b'[ 82%] \x1b[32mBuilding CXX object CMakeFiles/vehicle_interfaces__rosidl_typesupport_fastrtps_c.dir/rosidl_typesupport_fastrtps_c/vehicle_interfaces/msg/detail/to_f_data__type_support_c.cpp.o\x1b[0m\n'}
[29.873701] (-) TimerEvent: {}
[29.974741] (-) TimerEvent: {}
[30.075721] (-) TimerEvent: {}
[30.176652] (-) TimerEvent: {}
[30.277570] (-) TimerEvent: {}
[30.378491] (-) TimerEvent: {}
[30.479413] (-) TimerEvent: {}
[30.580341] (-) TimerEvent: {}
[30.613349] (vehicle_interfaces) StdoutLine: {'line': b'[ 83%] \x1b[32mBuilding CXX object CMakeFiles/vehicle_interfaces__rosidl_typesupport_fastrtps_c.dir/rosidl_typesupport_fastrtps_c/vehicle_interfaces/msg/detail/ultrasonic_data__type_support_c.cpp.o\x1b[0m\n'}
[30.680478] (-) TimerEvent: {}
[30.781372] (-) TimerEvent: {}
[30.881771] (-) TimerEvent: {}
[30.982172] (-) TimerEvent: {}
[31.082588] (-) TimerEvent: {}
[31.150131] (vehicle_interfaces) StdoutLine: {'line': b'[ 84%] \x1b[32m\x1b[1mLinking CXX shared library libvehicle_interfaces__rosidl_typesupport_fastrtps_c.so\x1b[0m\n'}
[31.182704] (-) TimerEvent: {}
[31.283091] (-) TimerEvent: {}
[31.356267] (vehicle_interfaces) StdoutLine: {'line': b'[ 84%] Built target vehicle_interfaces__rosidl_typesupport_fastrtps_c\n'}
[31.369438] (vehicle_interfaces) StdoutLine: {'line': b'\x1b[35m\x1b[1mScanning dependencies of target vehicle_interfaces\x1b[0m\n'}
[31.383234] (-) TimerEvent: {}
[31.388031] (vehicle_interfaces) StdoutLine: {'line': b'[ 84%] Built target vehicle_interfaces\n'}
[31.405969] (vehicle_interfaces) StdoutLine: {'line': b'\x1b[35m\x1b[1mScanning dependencies of target vehicle_interfaces__py\x1b[0m\n'}
[31.425245] (vehicle_interfaces) StdoutLine: {'line': b'[ 85%] \x1b[34m\x1b[1mGenerating Python code for ROS interfaces\x1b[0m\n'}
[31.483372] (-) TimerEvent: {}
[31.583747] (-) TimerEvent: {}
[31.684122] (-) TimerEvent: {}
[31.784598] (-) TimerEvent: {}
[31.885361] (-) TimerEvent: {}
[31.985710] (-) TimerEvent: {}
[32.086051] (-) TimerEvent: {}
[32.186394] (-) TimerEvent: {}
[32.286747] (-) TimerEvent: {}
[32.387097] (-) TimerEvent: {}
[32.487454] (-) TimerEvent: {}
[32.587808] (-) TimerEvent: {}
[32.688150] (-) TimerEvent: {}
[32.788482] (-) TimerEvent: {}
[32.888825] (-) TimerEvent: {}
[32.989155] (-) TimerEvent: {}
[33.089495] (-) TimerEvent: {}
[33.189841] (-) TimerEvent: {}
[33.290179] (-) TimerEvent: {}
[33.390521] (-) TimerEvent: {}
[33.490853] (-) TimerEvent: {}
[33.591178] (-) TimerEvent: {}
[33.691609] (-) TimerEvent: {}
[33.792021] (-) TimerEvent: {}
[33.892346] (-) TimerEvent: {}
[33.992673] (-) TimerEvent: {}
[34.092998] (-) TimerEvent: {}
[34.193335] (-) TimerEvent: {}
[34.293675] (-) TimerEvent: {}
[34.394013] (-) TimerEvent: {}
[34.494360] (-) TimerEvent: {}
[34.594762] (-) TimerEvent: {}
[34.695110] (-) TimerEvent: {}
[34.795463] (-) TimerEvent: {}
[34.895804] (-) TimerEvent: {}
[34.996141] (-) TimerEvent: {}
[35.096472] (-) TimerEvent: {}
[35.196810] (-) TimerEvent: {}
[35.297166] (-) TimerEvent: {}
[35.397609] (-) TimerEvent: {}
[35.498032] (-) TimerEvent: {}
[35.512568] (vehicle_interfaces) StdoutLine: {'line': b'[ 85%] Built target vehicle_interfaces__py\n'}
[35.531272] (vehicle_interfaces) StdoutLine: {'line': b'\x1b[35m\x1b[1mScanning dependencies of target vehicle_interfaces__python\x1b[0m\n'}
[35.598217] (-) TimerEvent: {}
[35.698881] (-) TimerEvent: {}
[35.799399] (-) TimerEvent: {}
[35.899855] (-) TimerEvent: {}
[36.000698] (-) TimerEvent: {}
[36.020769] (vehicle_interfaces) StdoutLine: {'line': b'[ 85%] \x1b[32mBuilding C object CMakeFiles/vehicle_interfaces__python.dir/rosidl_generator_py/vehicle_interfaces/srv/_get_serial_device_status_s.c.o\x1b[0m\n'}
[36.024842] (vehicle_interfaces) StdoutLine: {'line': b'[ 86%] \x1b[32mBuilding C object CMakeFiles/vehicle_interfaces__python.dir/rosidl_generator_py/vehicle_interfaces/msg/_sensor_data_s.c.o\x1b[0m\n'}
[36.032378] (vehicle_interfaces) StdoutLine: {'line': b'[ 87%] \x1b[32mBuilding C object CMakeFiles/vehicle_interfaces__python.dir/rosidl_generator_py/vehicle_interfaces/srv/_reset_serial_port_s.c.o\x1b[0m\n'}
[36.035405] (vehicle_interfaces) StdoutLine: {'line': b'[ 88%] \x1b[32mBuilding C object CMakeFiles/vehicle_interfaces__python.dir/rosidl_generator_py/vehicle_interfaces/srv/_get_serial_port_s.c.o\x1b[0m\n'}
[36.100809] (-) TimerEvent: {}
[36.201179] (-) TimerEvent: {}
[36.301547] (-) TimerEvent: {}
[36.401926] (-) TimerEvent: {}
[36.502269] (-) TimerEvent: {}
[36.602674] (-) TimerEvent: {}
[36.613368] (vehicle_interfaces) StdoutLine: {'line': b'[ 90%] \x1b[32mBuilding C object CMakeFiles/vehicle_interfaces__python.dir/rosidl_generator_py/vehicle_interfaces/msg/_encoder_data_s.c.o\x1b[0m\n'}
[36.613693] (vehicle_interfaces) StdoutLine: {'line': b'[ 90%] \x1b[32mBuilding C object CMakeFiles/vehicle_interfaces__python.dir/rosidl_generator_py/vehicle_interfaces/msg/_control_data_s.c.o\x1b[0m\n'}
[36.663448] (vehicle_interfaces) StdoutLine: {'line': b'[ 91%] \x1b[32mBuilding C object CMakeFiles/vehicle_interfaces__python.dir/rosidl_generator_py/vehicle_interfaces/msg/_gps_data_s.c.o\x1b[0m\n'}
[36.702918] (-) TimerEvent: {}
[36.718974] (vehicle_interfaces) StdoutLine: {'line': b'[ 91%] \x1b[32mBuilding C object CMakeFiles/vehicle_interfaces__python.dir/rosidl_generator_py/vehicle_interfaces/msg/_ir_data_s.c.o\x1b[0m\n'}
[36.803052] (-) TimerEvent: {}
[36.848914] (vehicle_interfaces) StdoutLine: {'line': b'[ 92%] \x1b[32mBuilding C object CMakeFiles/vehicle_interfaces__python.dir/rosidl_generator_py/vehicle_interfaces/msg/_mpu_data_s.c.o\x1b[0m\n'}
[36.856833] (vehicle_interfaces) StdoutLine: {'line': b'[ 93%] \x1b[32mBuilding C object CMakeFiles/vehicle_interfaces__python.dir/rosidl_generator_py/vehicle_interfaces/msg/_qmc_data_s.c.o\x1b[0m\n'}
[36.903186] (-) TimerEvent: {}
[36.905125] (vehicle_interfaces) StdoutLine: {'line': b'[ 94%] \x1b[32mBuilding C object CMakeFiles/vehicle_interfaces__python.dir/rosidl_generator_py/vehicle_interfaces/msg/_temperature_data_s.c.o\x1b[0m\n'}
[36.952019] (vehicle_interfaces) StdoutLine: {'line': b'[ 95%] \x1b[32mBuilding C object CMakeFiles/vehicle_interfaces__python.dir/rosidl_generator_py/vehicle_interfaces/msg/_to_f_data_s.c.o\x1b[0m\n'}
[37.003317] (-) TimerEvent: {}
[37.082393] (vehicle_interfaces) StdoutLine: {'line': b'[ 95%] \x1b[32mBuilding C object CMakeFiles/vehicle_interfaces__python.dir/rosidl_generator_py/vehicle_interfaces/msg/_ultrasonic_data_s.c.o\x1b[0m\n'}
[37.103435] (-) TimerEvent: {}
[37.204193] (-) TimerEvent: {}
[37.218048] (vehicle_interfaces) StdoutLine: {'line': b'[ 96%] \x1b[32m\x1b[1mLinking C shared library rosidl_generator_py/vehicle_interfaces/libvehicle_interfaces__python.so\x1b[0m\n'}
[37.303379] (vehicle_interfaces) StdoutLine: {'line': b'[ 96%] Built target vehicle_interfaces__python\n'}
[37.304265] (-) TimerEvent: {}
[37.318765] (vehicle_interfaces) StdoutLine: {'line': b'\x1b[35m\x1b[1mScanning dependencies of target vehicle_interfaces__rosidl_typesupport_introspection_c__pyext\x1b[0m\n'}
[37.323154] (vehicle_interfaces) StdoutLine: {'line': b'\x1b[35m\x1b[1mScanning dependencies of target vehicle_interfaces__rosidl_typesupport_c__pyext\x1b[0m\n'}
[37.323474] (vehicle_interfaces) StdoutLine: {'line': b'\x1b[35m\x1b[1mScanning dependencies of target vehicle_interfaces__rosidl_typesupport_fastrtps_c__pyext\x1b[0m\n'}
[37.374799] (vehicle_interfaces) StdoutLine: {'line': b'[ 97%] \x1b[32mBuilding C object CMakeFiles/vehicle_interfaces__rosidl_typesupport_introspection_c__pyext.dir/rosidl_generator_py/vehicle_interfaces/_vehicle_interfaces_s.ep.rosidl_typesupport_introspection_c.c.o\x1b[0m\n'}
[37.385091] (vehicle_interfaces) StdoutLine: {'line': b'[ 98%] \x1b[32mBuilding C object CMakeFiles/vehicle_interfaces__rosidl_typesupport_c__pyext.dir/rosidl_generator_py/vehicle_interfaces/_vehicle_interfaces_s.ep.rosidl_typesupport_c.c.o\x1b[0m\n'}
[37.402208] (vehicle_interfaces) StdoutLine: {'line': b'[ 99%] \x1b[32mBuilding C object CMakeFiles/vehicle_interfaces__rosidl_typesupport_fastrtps_c__pyext.dir/rosidl_generator_py/vehicle_interfaces/_vehicle_interfaces_s.ep.rosidl_typesupport_fastrtps_c.c.o\x1b[0m\n'}
[37.404373] (-) TimerEvent: {}
[37.504978] (-) TimerEvent: {}
[37.605617] (-) TimerEvent: {}
[37.699355] (vehicle_interfaces) StdoutLine: {'line': b'[ 99%] \x1b[32m\x1b[1mLinking C shared library rosidl_generator_py/vehicle_interfaces/vehicle_interfaces_s__rosidl_typesupport_c.cpython-38-x86_64-linux-gnu.so\x1b[0m\n'}
[37.705806] (-) TimerEvent: {}
[37.716802] (vehicle_interfaces) StdoutLine: {'line': b'[100%] \x1b[32m\x1b[1mLinking C shared library rosidl_generator_py/vehicle_interfaces/vehicle_interfaces_s__rosidl_typesupport_introspection_c.cpython-38-x86_64-linux-gnu.so\x1b[0m\n'}
[37.741548] (vehicle_interfaces) StdoutLine: {'line': b'[100%] \x1b[32m\x1b[1mLinking CXX shared library rosidl_generator_py/vehicle_interfaces/vehicle_interfaces_s__rosidl_typesupport_fastrtps_c.cpython-38-x86_64-linux-gnu.so\x1b[0m\n'}
[37.788352] (vehicle_interfaces) StdoutLine: {'line': b'[100%] Built target vehicle_interfaces__rosidl_typesupport_c__pyext\n'}
[37.805937] (-) TimerEvent: {}
[37.810604] (vehicle_interfaces) StdoutLine: {'line': b'[100%] Built target vehicle_interfaces__rosidl_typesupport_introspection_c__pyext\n'}
[37.872737] (vehicle_interfaces) StdoutLine: {'line': b'[100%] Built target vehicle_interfaces__rosidl_typesupport_fastrtps_c__pyext\n'}
[37.896181] (vehicle_interfaces) CommandEnded: {'returncode': 0}
[37.898246] (vehicle_interfaces) JobProgress: {'identifier': 'vehicle_interfaces', 'progress': 'install'}
[37.906151] (-) TimerEvent: {}
[37.917494] (vehicle_interfaces) Command: {'cmd': ['/usr/bin/cmake', '--install', '/home/ethanreynolds/vscode/robot-rover-2025/code/system/ros2/build/vehicle_interfaces'], 'cwd': '/home/ethanreynolds/vscode/robot-rover-2025/code/system/ros2/build/vehicle_interfaces', 'env': OrderedDict([('LESSOPEN', '| /usr/bin/lesspipe %s'), ('USER', 'ethanreynolds'), ('SSH_CLIENT', '172.24.1.138 52822 22'), ('XDG_SESSION_TYPE', 'tty'), ('SHLVL', '1'), ('LD_LIBRARY_PATH', '/home/ethanreynolds/vscode/robot-rover-2025/code/system/ros2/install/vehicle_interfaces/lib:/opt/ros/foxy/opt/yaml_cpp_vendor/lib:/opt/ros/foxy/lib/x86_64-linux-gnu:/opt/ros/foxy/lib'), ('MOTD_SHOWN', 'pam'), ('HOME', '/home/ethanreynolds'), ('OLDPWD', '/home/ethanreynolds'), ('SSH_TTY', '/dev/pts/4'), ('ROS_PYTHON_VERSION', '3'), ('DBUS_SESSION_BUS_ADDRESS', 'unix:path=/run/user/1000/bus'), ('COLCON_PREFIX_PATH', '/home/ethanreynolds/vscode/robot-rover-2025/code/system/ros2/install'), ('ROS_DISTRO', 'foxy'), ('LOGNAME', 'ethanreynolds'), ('_', '/usr/bin/colcon'), ('ROS_VERSION', '2'), ('XDG_SESSION_CLASS', 'user'), ('TERM', 'xterm-256color'), ('XDG_SESSION_ID', '7'), ('ROS_LOCALHOST_ONLY', '0'), ('PATH', '/opt/ros/foxy/bin:/usr/local/sbin:/usr/local/bin:/usr/sbin:/usr/bin:/sbin:/bin:/usr/games:/usr/local/games:/snap/bin:/home/ethanreynolds/.local/share/JetBrains/Toolbox/scripts'), ('XDG_RUNTIME_DIR', '/run/user/1000'), ('LANG', 'en_US.UTF-8'), ('LS_COLORS', 'rs=0:di=01;34:ln=01;36:mh=00:pi=40;33:so=01;35:do=01;35:bd=40;33;01:cd=40;33;01:or=40;31;01:mi=00:su=37;41:sg=30;43:ca=30;41:tw=30;42:ow=34;42:st=37;44:ex=01;32:*.tar=01;31:*.tgz=01;31:*.arc=01;31:*.arj=01;31:*.taz=01;31:*.lha=01;31:*.lz4=01;31:*.lzh=01;31:*.lzma=01;31:*.tlz=01;31:*.txz=01;31:*.tzo=01;31:*.t7z=01;31:*.zip=01;31:*.z=01;31:*.dz=01;31:*.gz=01;31:*.lrz=01;31:*.lz=01;31:*.lzo=01;31:*.xz=01;31:*.zst=01;31:*.tzst=01;31:*.bz2=01;31:*.bz=01;31:*.tbz=01;31:*.tbz2=01;31:*.tz=01;31:*.deb=01;31:*.rpm=01;31:*.jar=01;31:*.war=01;31:*.ear=01;31:*.sar=01;31:*.rar=01;31:*.alz=01;31:*.ace=01;31:*.zoo=01;31:*.cpio=01;31:*.7z=01;31:*.rz=01;31:*.cab=01;31:*.wim=01;31:*.swm=01;31:*.dwm=01;31:*.esd=01;31:*.jpg=01;35:*.jpeg=01;35:*.mjpg=01;35:*.mjpeg=01;35:*.gif=01;35:*.bmp=01;35:*.pbm=01;35:*.pgm=01;35:*.ppm=01;35:*.tga=01;35:*.xbm=01;35:*.xpm=01;35:*.tif=01;35:*.tiff=01;35:*.png=01;35:*.svg=01;35:*.svgz=01;35:*.mng=01;35:*.pcx=01;35:*.mov=01;35:*.mpg=01;35:*.mpeg=01;35:*.m2v=01;35:*.mkv=01;35:*.webm=01;35:*.ogm=01;35:*.mp4=01;35:*.m4v=01;35:*.mp4v=01;35:*.vob=01;35:*.qt=01;35:*.nuv=01;35:*.wmv=01;35:*.asf=01;35:*.rm=01;35:*.rmvb=01;35:*.flc=01;35:*.avi=01;35:*.fli=01;35:*.flv=01;35:*.gl=01;35:*.dl=01;35:*.xcf=01;35:*.xwd=01;35:*.yuv=01;35:*.cgm=01;35:*.emf=01;35:*.ogv=01;35:*.ogx=01;35:*.aac=00;36:*.au=00;36:*.flac=00;36:*.m4a=00;36:*.mid=00;36:*.midi=00;36:*.mka=00;36:*.mp3=00;36:*.mpc=00;36:*.ogg=00;36:*.ra=00;36:*.wav=00;36:*.oga=00;36:*.opus=00;36:*.spx=00;36:*.xspf=00;36:'), ('AMENT_PREFIX_PATH', '/home/ethanreynolds/vscode/robot-rover-2025/code/system/ros2/install/vehicle_string_converter:/home/ethanreynolds/vscode/robot-rover-2025/code/system/ros2/install/vehicle_simulation:/home/ethanreynolds/vscode/robot-rover-2025/code/system/ros2/install/vehicle_networking:/home/ethanreynolds/vscode/robot-rover-2025/code/system/ros2/install/vehicle_interfaces:/opt/ros/foxy'), ('SHELL', '/bin/bash'), ('LESSCLOSE', '/usr/bin/lesspipe %s %s'), ('PWD', '/home/ethanreynolds/vscode/robot-rover-2025/code/system/ros2/build/vehicle_interfaces'), ('SSH_CONNECTION', '172.24.1.138 52822 172.24.1.184 22'), ('XDG_DATA_DIRS', '/usr/local/share:/usr/share:/var/lib/snapd/desktop'), ('PYTHONPATH', '/home/ethanreynolds/vscode/robot-rover-2025/code/system/ros2/install/vehicle_string_converter/lib/python3.8/site-packages:/home/ethanreynolds/vscode/robot-rover-2025/code/system/ros2/install/vehicle_simulation/lib/python3.8/site-packages:/home/ethanreynolds/vscode/robot-rover-2025/code/system/ros2/install/vehicle_networking/lib/python3.8/site-packages:/home/ethanreynolds/vscode/robot-rover-2025/code/system/ros2/install/vehicle_interfaces/lib/python3.8/site-packages:/opt/ros/foxy/lib/python3.8/site-packages'), ('COLCON', '1'), ('CMAKE_PREFIX_PATH', '/home/ethanreynolds/vscode/robot-rover-2025/code/system/ros2/install/vehicle_interfaces:/home/ethanreynolds/vscode/robot-rover-2025/code/system/ros2/install/vehicle_string_converter:/home/ethanreynolds/vscode/robot-rover-2025/code/system/ros2/install/vehicle_simulation:/home/ethanreynolds/vscode/robot-rover-2025/code/system/ros2/install/vehicle_networking:/opt/ros/foxy')]), 'shell': False}
[37.932305] (vehicle_interfaces) StdoutLine: {'line': b'-- Install configuration: ""\n'}
[37.932747] (vehicle_interfaces) StdoutLine: {'line': b'-- Installing: /home/ethanreynolds/vscode/robot-rover-2025/code/system/ros2/install/vehicle_interfaces/share/ament_index/resource_index/rosidl_interfaces/vehicle_interfaces\n'}
[37.933024] (vehicle_interfaces) StdoutLine: {'line': b'-- Installing: /home/ethanreynolds/vscode/robot-rover-2025/code/system/ros2/install/vehicle_interfaces/include/vehicle_interfaces\n'}
[37.933317] (vehicle_interfaces) StdoutLine: {'line': b'-- Installing: /home/ethanreynolds/vscode/robot-rover-2025/code/system/ros2/install/vehicle_interfaces/include/vehicle_interfaces/msg\n'}
[37.933570] (vehicle_interfaces) StdoutLine: {'line': b'-- Installing: /home/ethanreynolds/vscode/robot-rover-2025/code/system/ros2/install/vehicle_interfaces/include/vehicle_interfaces/msg/qmc_data.h\n'}
[37.933821] (vehicle_interfaces) StdoutLine: {'line': b'-- Installing: /home/ethanreynolds/vscode/robot-rover-2025/code/system/ros2/install/vehicle_interfaces/include/vehicle_interfaces/msg/control_data.h\n'}
[37.934102] (vehicle_interfaces) StdoutLine: {'line': b'-- Installing: /home/ethanreynolds/vscode/robot-rover-2025/code/system/ros2/install/vehicle_interfaces/include/vehicle_interfaces/msg/ir_data.h\n'}
[37.934349] (vehicle_interfaces) StdoutLine: {'line': b'-- Installing: /home/ethanreynolds/vscode/robot-rover-2025/code/system/ros2/install/vehicle_interfaces/include/vehicle_interfaces/msg/gps_data.h\n'}
[37.934605] (vehicle_interfaces) StdoutLine: {'line': b'-- Installing: /home/ethanreynolds/vscode/robot-rover-2025/code/system/ros2/install/vehicle_interfaces/include/vehicle_interfaces/msg/sensor_data.h\n'}
[37.934849] (vehicle_interfaces) StdoutLine: {'line': b'-- Installing: /home/ethanreynolds/vscode/robot-rover-2025/code/system/ros2/install/vehicle_interfaces/include/vehicle_interfaces/msg/ultrasonic_data.h\n'}
[37.935090] (vehicle_interfaces) StdoutLine: {'line': b'-- Installing: /home/ethanreynolds/vscode/robot-rover-2025/code/system/ros2/install/vehicle_interfaces/include/vehicle_interfaces/msg/detail\n'}
[37.935331] (vehicle_interfaces) StdoutLine: {'line': b'-- Installing: /home/ethanreynolds/vscode/robot-rover-2025/code/system/ros2/install/vehicle_interfaces/include/vehicle_interfaces/msg/detail/ultrasonic_data__type_support.h\n'}
[37.935606] (vehicle_interfaces) StdoutLine: {'line': b'-- Installing: /home/ethanreynolds/vscode/robot-rover-2025/code/system/ros2/install/vehicle_interfaces/include/vehicle_interfaces/msg/detail/to_f_data__type_support.h\n'}
[37.935851] (vehicle_interfaces) StdoutLine: {'line': b'-- Installing: /home/ethanreynolds/vscode/robot-rover-2025/code/system/ros2/install/vehicle_interfaces/include/vehicle_interfaces/msg/detail/qmc_data__functions.c\n'}
[37.936091] (vehicle_interfaces) StdoutLine: {'line': b'-- Installing: /home/ethanreynolds/vscode/robot-rover-2025/code/system/ros2/install/vehicle_interfaces/include/vehicle_interfaces/msg/detail/sensor_data__type_support.h\n'}
[37.936336] (vehicle_interfaces) StdoutLine: {'line': b'-- Installing: /home/ethanreynolds/vscode/robot-rover-2025/code/system/ros2/install/vehicle_interfaces/include/vehicle_interfaces/msg/detail/temperature_data__struct.h\n'}
[37.936593] (vehicle_interfaces) StdoutLine: {'line': b'-- Installing: /home/ethanreynolds/vscode/robot-rover-2025/code/system/ros2/install/vehicle_interfaces/include/vehicle_interfaces/msg/detail/ultrasonic_data__functions.h\n'}
[37.936835] (vehicle_interfaces) StdoutLine: {'line': b'-- Installing: /home/ethanreynolds/vscode/robot-rover-2025/code/system/ros2/install/vehicle_interfaces/include/vehicle_interfaces/msg/detail/gps_data__functions.h\n'}
[37.937075] (vehicle_interfaces) StdoutLine: {'line': b'-- Installing: /home/ethanreynolds/vscode/robot-rover-2025/code/system/ros2/install/vehicle_interfaces/include/vehicle_interfaces/msg/detail/temperature_data__functions.h\n'}
[37.937340] (vehicle_interfaces) StdoutLine: {'line': b'-- Installing: /home/ethanreynolds/vscode/robot-rover-2025/code/system/ros2/install/vehicle_interfaces/include/vehicle_interfaces/msg/detail/sensor_data__struct.h\n'}
[37.937582] (vehicle_interfaces) StdoutLine: {'line': b'-- Installing: /home/ethanreynolds/vscode/robot-rover-2025/code/system/ros2/install/vehicle_interfaces/include/vehicle_interfaces/msg/detail/to_f_data__struct.h\n'}
[37.937845] (vehicle_interfaces) StdoutLine: {'line': b'-- Installing: /home/ethanreynolds/vscode/robot-rover-2025/code/system/ros2/install/vehicle_interfaces/include/vehicle_interfaces/msg/detail/ir_data__functions.c\n'}
[37.938085] (vehicle_interfaces) StdoutLine: {'line': b'-- Installing: /home/ethanreynolds/vscode/robot-rover-2025/code/system/ros2/install/vehicle_interfaces/include/vehicle_interfaces/msg/detail/mpu_data__functions.h\n'}
[37.938323] (vehicle_interfaces) StdoutLine: {'line': b'-- Installing: /home/ethanreynolds/vscode/robot-rover-2025/code/system/ros2/install/vehicle_interfaces/include/vehicle_interfaces/msg/detail/qmc_data__type_support.h\n'}
[37.938603] (vehicle_interfaces) StdoutLine: {'line': b'-- Installing: /home/ethanreynolds/vscode/robot-rover-2025/code/system/ros2/install/vehicle_interfaces/include/vehicle_interfaces/msg/detail/ir_data__type_support.h\n'}
[37.938842] (vehicle_interfaces) StdoutLine: {'line': b'-- Installing: /home/ethanreynolds/vscode/robot-rover-2025/code/system/ros2/install/vehicle_interfaces/include/vehicle_interfaces/msg/detail/gps_data__type_support.h\n'}
[37.939077] (vehicle_interfaces) StdoutLine: {'line': b'-- Installing: /home/ethanreynolds/vscode/robot-rover-2025/code/system/ros2/install/vehicle_interfaces/include/vehicle_interfaces/msg/detail/gps_data__functions.c\n'}
[37.939345] (vehicle_interfaces) StdoutLine: {'line': b'-- Installing: /home/ethanreynolds/vscode/robot-rover-2025/code/system/ros2/install/vehicle_interfaces/include/vehicle_interfaces/msg/detail/control_data__struct.h\n'}
[37.939596] (vehicle_interfaces) StdoutLine: {'line': b'-- Installing: /home/ethanreynolds/vscode/robot-rover-2025/code/system/ros2/install/vehicle_interfaces/include/vehicle_interfaces/msg/detail/temperature_data__type_support.h\n'}
[37.939833] (vehicle_interfaces) StdoutLine: {'line': b'-- Installing: /home/ethanreynolds/vscode/robot-rover-2025/code/system/ros2/install/vehicle_interfaces/include/vehicle_interfaces/msg/detail/encoder_data__functions.c\n'}
[37.940069] (vehicle_interfaces) StdoutLine: {'line': b'-- Installing: /home/ethanreynolds/vscode/robot-rover-2025/code/system/ros2/install/vehicle_interfaces/include/vehicle_interfaces/msg/detail/ir_data__struct.h\n'}
[37.940306] (vehicle_interfaces) StdoutLine: {'line': b'-- Installing: /home/ethanreynolds/vscode/robot-rover-2025/code/system/ros2/install/vehicle_interfaces/include/vehicle_interfaces/msg/detail/control_data__functions.c\n'}
[37.940547] (vehicle_interfaces) StdoutLine: {'line': b'-- Installing: /home/ethanreynolds/vscode/robot-rover-2025/code/system/ros2/install/vehicle_interfaces/include/vehicle_interfaces/msg/detail/to_f_data__functions.c\n'}
[37.940789] (vehicle_interfaces) StdoutLine: {'line': b'-- Installing: /home/ethanreynolds/vscode/robot-rover-2025/code/system/ros2/install/vehicle_interfaces/include/vehicle_interfaces/msg/detail/sensor_data__functions.c\n'}
[37.941029] (vehicle_interfaces) StdoutLine: {'line': b'-- Installing: /home/ethanreynolds/vscode/robot-rover-2025/code/system/ros2/install/vehicle_interfaces/include/vehicle_interfaces/msg/detail/ir_data__functions.h\n'}
[37.941271] (vehicle_interfaces) StdoutLine: {'line': b'-- Installing: /home/ethanreynolds/vscode/robot-rover-2025/code/system/ros2/install/vehicle_interfaces/include/vehicle_interfaces/msg/detail/mpu_data__functions.c\n'}
[37.941511] (vehicle_interfaces) StdoutLine: {'line': b'-- Installing: /home/ethanreynolds/vscode/robot-rover-2025/code/system/ros2/install/vehicle_interfaces/include/vehicle_interfaces/msg/detail/gps_data__struct.h\n'}
[37.941752] (vehicle_interfaces) StdoutLine: {'line': b'-- Installing: /home/ethanreynolds/vscode/robot-rover-2025/code/system/ros2/install/vehicle_interfaces/include/vehicle_interfaces/msg/detail/qmc_data__struct.h\n'}
[37.941987] (vehicle_interfaces) StdoutLine: {'line': b'-- Installing: /home/ethanreynolds/vscode/robot-rover-2025/code/system/ros2/install/vehicle_interfaces/include/vehicle_interfaces/msg/detail/ultrasonic_data__functions.c\n'}
[37.942235] (vehicle_interfaces) StdoutLine: {'line': b'-- Installing: /home/ethanreynolds/vscode/robot-rover-2025/code/system/ros2/install/vehicle_interfaces/include/vehicle_interfaces/msg/detail/qmc_data__functions.h\n'}
[37.942483] (vehicle_interfaces) StdoutLine: {'line': b'-- Installing: /home/ethanreynolds/vscode/robot-rover-2025/code/system/ros2/install/vehicle_interfaces/include/vehicle_interfaces/msg/detail/control_data__functions.h\n'}
[37.942758] (vehicle_interfaces) StdoutLine: {'line': b'-- Installing: /home/ethanreynolds/vscode/robot-rover-2025/code/system/ros2/install/vehicle_interfaces/include/vehicle_interfaces/msg/detail/temperature_data__functions.c\n'}
[37.942993] (vehicle_interfaces) StdoutLine: {'line': b'-- Installing: /home/ethanreynolds/vscode/robot-rover-2025/code/system/ros2/install/vehicle_interfaces/include/vehicle_interfaces/msg/detail/encoder_data__type_support.h\n'}
[37.943226] (vehicle_interfaces) StdoutLine: {'line': b'-- Installing: /home/ethanreynolds/vscode/robot-rover-2025/code/system/ros2/install/vehicle_interfaces/include/vehicle_interfaces/msg/detail/mpu_data__struct.h\n'}
[37.943465] (vehicle_interfaces) StdoutLine: {'line': b'-- Installing: /home/ethanreynolds/vscode/robot-rover-2025/code/system/ros2/install/vehicle_interfaces/include/vehicle_interfaces/msg/detail/to_f_data__functions.h\n'}
[37.943704] (vehicle_interfaces) StdoutLine: {'line': b'-- Installing: /home/ethanreynolds/vscode/robot-rover-2025/code/system/ros2/install/vehicle_interfaces/include/vehicle_interfaces/msg/detail/control_data__type_support.h\n'}
[37.943966] (vehicle_interfaces) StdoutLine: {'line': b'-- Installing: /home/ethanreynolds/vscode/robot-rover-2025/code/system/ros2/install/vehicle_interfaces/include/vehicle_interfaces/msg/detail/sensor_data__functions.h\n'}
[37.944204] (vehicle_interfaces) StdoutLine: {'line': b'-- Installing: /home/ethanreynolds/vscode/robot-rover-2025/code/system/ros2/install/vehicle_interfaces/include/vehicle_interfaces/msg/detail/encoder_data__functions.h\n'}
[37.944467] (vehicle_interfaces) StdoutLine: {'line': b'-- Installing: /home/ethanreynolds/vscode/robot-rover-2025/code/system/ros2/install/vehicle_interfaces/include/vehicle_interfaces/msg/detail/encoder_data__struct.h\n'}
[37.944705] (vehicle_interfaces) StdoutLine: {'line': b'-- Installing: /home/ethanreynolds/vscode/robot-rover-2025/code/system/ros2/install/vehicle_interfaces/include/vehicle_interfaces/msg/detail/ultrasonic_data__struct.h\n'}
[37.944944] (vehicle_interfaces) StdoutLine: {'line': b'-- Installing: /home/ethanreynolds/vscode/robot-rover-2025/code/system/ros2/install/vehicle_interfaces/include/vehicle_interfaces/msg/detail/mpu_data__type_support.h\n'}
[37.945184] (vehicle_interfaces) StdoutLine: {'line': b'-- Installing: /home/ethanreynolds/vscode/robot-rover-2025/code/system/ros2/install/vehicle_interfaces/include/vehicle_interfaces/msg/temperature_data.h\n'}
[37.945453] (vehicle_interfaces) StdoutLine: {'line': b'-- Installing: /home/ethanreynolds/vscode/robot-rover-2025/code/system/ros2/install/vehicle_interfaces/include/vehicle_interfaces/msg/to_f_data.h\n'}
[37.945849] (vehicle_interfaces) StdoutLine: {'line': b'-- Installing: /home/ethanreynolds/vscode/robot-rover-2025/code/system/ros2/install/vehicle_interfaces/include/vehicle_interfaces/msg/encoder_data.h\n'}
[37.946086] (vehicle_interfaces) StdoutLine: {'line': b'-- Installing: /home/ethanreynolds/vscode/robot-rover-2025/code/system/ros2/install/vehicle_interfaces/include/vehicle_interfaces/msg/rosidl_generator_c__visibility_control.h\n'}
[37.946323] (vehicle_interfaces) StdoutLine: {'line': b'-- Installing: /home/ethanreynolds/vscode/robot-rover-2025/code/system/ros2/install/vehicle_interfaces/include/vehicle_interfaces/msg/mpu_data.h\n'}
[37.946605] (vehicle_interfaces) StdoutLine: {'line': b'-- Installing: /home/ethanreynolds/vscode/robot-rover-2025/code/system/ros2/install/vehicle_interfaces/include/vehicle_interfaces/srv\n'}
[37.946850] (vehicle_interfaces) StdoutLine: {'line': b'-- Installing: /home/ethanreynolds/vscode/robot-rover-2025/code/system/ros2/install/vehicle_interfaces/include/vehicle_interfaces/srv/get_serial_port.h\n'}
[37.947091] (vehicle_interfaces) StdoutLine: {'line': b'-- Installing: /home/ethanreynolds/vscode/robot-rover-2025/code/system/ros2/install/vehicle_interfaces/include/vehicle_interfaces/srv/reset_serial_port.h\n'}
[37.947332] (vehicle_interfaces) StdoutLine: {'line': b'-- Installing: /home/ethanreynolds/vscode/robot-rover-2025/code/system/ros2/install/vehicle_interfaces/include/vehicle_interfaces/srv/detail\n'}
[37.947570] (vehicle_interfaces) StdoutLine: {'line': b'-- Installing: /home/ethanreynolds/vscode/robot-rover-2025/code/system/ros2/install/vehicle_interfaces/include/vehicle_interfaces/srv/detail/reset_serial_port__functions.c\n'}
[37.947807] (vehicle_interfaces) StdoutLine: {'line': b'-- Installing: /home/ethanreynolds/vscode/robot-rover-2025/code/system/ros2/install/vehicle_interfaces/include/vehicle_interfaces/srv/detail/get_serial_port__functions.h\n'}
[37.948047] (vehicle_interfaces) StdoutLine: {'line': b'-- Installing: /home/ethanreynolds/vscode/robot-rover-2025/code/system/ros2/install/vehicle_interfaces/include/vehicle_interfaces/srv/detail/get_serial_port__functions.c\n'}
[37.948298] (vehicle_interfaces) StdoutLine: {'line': b'-- Installing: /home/ethanreynolds/vscode/robot-rover-2025/code/system/ros2/install/vehicle_interfaces/include/vehicle_interfaces/srv/detail/get_serial_device_status__type_support.h\n'}
[37.948494] (vehicle_interfaces) StdoutLine: {'line': b'-- Installing: /home/ethanreynolds/vscode/robot-rover-2025/code/system/ros2/install/vehicle_interfaces/include/vehicle_interfaces/srv/detail/reset_serial_port__struct.h\n'}
[37.948748] (vehicle_interfaces) StdoutLine: {'line': b'-- Installing: /home/ethanreynolds/vscode/robot-rover-2025/code/system/ros2/install/vehicle_interfaces/include/vehicle_interfaces/srv/detail/get_serial_device_status__functions.c\n'}
[37.948988] (vehicle_interfaces) StdoutLine: {'line': b'-- Installing: /home/ethanreynolds/vscode/robot-rover-2025/code/system/ros2/install/vehicle_interfaces/include/vehicle_interfaces/srv/detail/get_serial_device_status__struct.h\n'}
[37.949187] (vehicle_interfaces) StdoutLine: {'line': b'-- Installing: /home/ethanreynolds/vscode/robot-rover-2025/code/system/ros2/install/vehicle_interfaces/include/vehicle_interfaces/srv/detail/reset_serial_port__functions.h\n'}
[37.949394] (vehicle_interfaces) StdoutLine: {'line': b'-- Installing: /home/ethanreynolds/vscode/robot-rover-2025/code/system/ros2/install/vehicle_interfaces/include/vehicle_interfaces/srv/detail/reset_serial_port__type_support.h\n'}
[37.949637] (vehicle_interfaces) StdoutLine: {'line': b'-- Installing: /home/ethanreynolds/vscode/robot-rover-2025/code/system/ros2/install/vehicle_interfaces/include/vehicle_interfaces/srv/detail/get_serial_port__type_support.h\n'}
[37.949839] (vehicle_interfaces) StdoutLine: {'line': b'-- Installing: /home/ethanreynolds/vscode/robot-rover-2025/code/system/ros2/install/vehicle_interfaces/include/vehicle_interfaces/srv/detail/get_serial_port__struct.h\n'}
[37.950070] (vehicle_interfaces) StdoutLine: {'line': b'-- Installing: /home/ethanreynolds/vscode/robot-rover-2025/code/system/ros2/install/vehicle_interfaces/include/vehicle_interfaces/srv/detail/get_serial_device_status__functions.h\n'}
[37.950290] (vehicle_interfaces) StdoutLine: {'line': b'-- Installing: /home/ethanreynolds/vscode/robot-rover-2025/code/system/ros2/install/vehicle_interfaces/include/vehicle_interfaces/srv/get_serial_device_status.h\n'}
[37.950541] (vehicle_interfaces) StdoutLine: {'line': b'-- Installing: /home/ethanreynolds/vscode/robot-rover-2025/code/system/ros2/install/vehicle_interfaces/share/vehicle_interfaces/environment/library_path.sh\n'}
[37.950781] (vehicle_interfaces) StdoutLine: {'line': b'-- Installing: /home/ethanreynolds/vscode/robot-rover-2025/code/system/ros2/install/vehicle_interfaces/share/vehicle_interfaces/environment/library_path.dsv\n'}
[37.951050] (vehicle_interfaces) StdoutLine: {'line': b'-- Installing: /home/ethanreynolds/vscode/robot-rover-2025/code/system/ros2/install/vehicle_interfaces/lib/libvehicle_interfaces__rosidl_generator_c.so\n'}
[37.951318] (vehicle_interfaces) StdoutLine: {'line': b'-- Set runtime path of "/home/ethanreynolds/vscode/robot-rover-2025/code/system/ros2/install/vehicle_interfaces/lib/libvehicle_interfaces__rosidl_generator_c.so" to ""\n'}
[37.951558] (vehicle_interfaces) StdoutLine: {'line': b'-- Up-to-date: /home/ethanreynolds/vscode/robot-rover-2025/code/system/ros2/install/vehicle_interfaces/include/vehicle_interfaces\n'}
[37.951796] (vehicle_interfaces) StdoutLine: {'line': b'-- Up-to-date: /home/ethanreynolds/vscode/robot-rover-2025/code/system/ros2/install/vehicle_interfaces/include/vehicle_interfaces/msg\n'}
[37.952033] (vehicle_interfaces) StdoutLine: {'line': b'-- Installing: /home/ethanreynolds/vscode/robot-rover-2025/code/system/ros2/install/vehicle_interfaces/include/vehicle_interfaces/msg/rosidl_typesupport_fastrtps_c__visibility_control.h\n'}
[37.952271] (vehicle_interfaces) StdoutLine: {'line': b'-- Up-to-date: /home/ethanreynolds/vscode/robot-rover-2025/code/system/ros2/install/vehicle_interfaces/include/vehicle_interfaces/msg/detail\n'}
[37.952508] (vehicle_interfaces) StdoutLine: {'line': b'-- Installing: /home/ethanreynolds/vscode/robot-rover-2025/code/system/ros2/install/vehicle_interfaces/include/vehicle_interfaces/msg/detail/ir_data__rosidl_typesupport_fastrtps_c.h\n'}
[37.952742] (vehicle_interfaces) StdoutLine: {'line': b'-- Installing: /home/ethanreynolds/vscode/robot-rover-2025/code/system/ros2/install/vehicle_interfaces/include/vehicle_interfaces/msg/detail/qmc_data__rosidl_typesupport_fastrtps_c.h\n'}
[37.952978] (vehicle_interfaces) StdoutLine: {'line': b'-- Installing: /home/ethanreynolds/vscode/robot-rover-2025/code/system/ros2/install/vehicle_interfaces/include/vehicle_interfaces/msg/detail/gps_data__rosidl_typesupport_fastrtps_c.h\n'}
[37.953212] (vehicle_interfaces) StdoutLine: {'line': b'-- Installing: /home/ethanreynolds/vscode/robot-rover-2025/code/system/ros2/install/vehicle_interfaces/include/vehicle_interfaces/msg/detail/mpu_data__rosidl_typesupport_fastrtps_c.h\n'}
[37.953444] (vehicle_interfaces) StdoutLine: {'line': b'-- Installing: /home/ethanreynolds/vscode/robot-rover-2025/code/system/ros2/install/vehicle_interfaces/include/vehicle_interfaces/msg/detail/ultrasonic_data__rosidl_typesupport_fastrtps_c.h\n'}
[37.953750] (vehicle_interfaces) StdoutLine: {'line': b'-- Installing: /home/ethanreynolds/vscode/robot-rover-2025/code/system/ros2/install/vehicle_interfaces/include/vehicle_interfaces/msg/detail/encoder_data__rosidl_typesupport_fastrtps_c.h\n'}
[37.953985] (vehicle_interfaces) StdoutLine: {'line': b'-- Installing: /home/ethanreynolds/vscode/robot-rover-2025/code/system/ros2/install/vehicle_interfaces/include/vehicle_interfaces/msg/detail/sensor_data__rosidl_typesupport_fastrtps_c.h\n'}
[37.954216] (vehicle_interfaces) StdoutLine: {'line': b'-- Installing: /home/ethanreynolds/vscode/robot-rover-2025/code/system/ros2/install/vehicle_interfaces/include/vehicle_interfaces/msg/detail/control_data__rosidl_typesupport_fastrtps_c.h\n'}
[37.954421] (vehicle_interfaces) StdoutLine: {'line': b'-- Installing: /home/ethanreynolds/vscode/robot-rover-2025/code/system/ros2/install/vehicle_interfaces/include/vehicle_interfaces/msg/detail/to_f_data__rosidl_typesupport_fastrtps_c.h\n'}
[37.954673] (vehicle_interfaces) StdoutLine: {'line': b'-- Installing: /home/ethanreynolds/vscode/robot-rover-2025/code/system/ros2/install/vehicle_interfaces/include/vehicle_interfaces/msg/detail/temperature_data__rosidl_typesupport_fastrtps_c.h\n'}
[37.954878] (vehicle_interfaces) StdoutLine: {'line': b'-- Up-to-date: /home/ethanreynolds/vscode/robot-rover-2025/code/system/ros2/install/vehicle_interfaces/include/vehicle_interfaces/srv\n'}
[37.955068] (vehicle_interfaces) StdoutLine: {'line': b'-- Up-to-date: /home/ethanreynolds/vscode/robot-rover-2025/code/system/ros2/install/vehicle_interfaces/include/vehicle_interfaces/srv/detail\n'}
[37.955284] (vehicle_interfaces) StdoutLine: {'line': b'-- Installing: /home/ethanreynolds/vscode/robot-rover-2025/code/system/ros2/install/vehicle_interfaces/include/vehicle_interfaces/srv/detail/get_serial_device_status__rosidl_typesupport_fastrtps_c.h\n'}
[37.955496] (vehicle_interfaces) StdoutLine: {'line': b'-- Installing: /home/ethanreynolds/vscode/robot-rover-2025/code/system/ros2/install/vehicle_interfaces/include/vehicle_interfaces/srv/detail/reset_serial_port__rosidl_typesupport_fastrtps_c.h\n'}
[37.955791] (vehicle_interfaces) StdoutLine: {'line': b'-- Installing: /home/ethanreynolds/vscode/robot-rover-2025/code/system/ros2/install/vehicle_interfaces/include/vehicle_interfaces/srv/detail/get_serial_port__rosidl_typesupport_fastrtps_c.h\n'}
[37.956086] (vehicle_interfaces) StdoutLine: {'line': b'-- Installing: /home/ethanreynolds/vscode/robot-rover-2025/code/system/ros2/install/vehicle_interfaces/lib/libvehicle_interfaces__rosidl_typesupport_fastrtps_c.so\n'}
[37.956326] (vehicle_interfaces) StdoutLine: {'line': b'-- Set runtime path of "/home/ethanreynolds/vscode/robot-rover-2025/code/system/ros2/install/vehicle_interfaces/lib/libvehicle_interfaces__rosidl_typesupport_fastrtps_c.so" to ""\n'}
[37.956564] (vehicle_interfaces) StdoutLine: {'line': b'-- Up-to-date: /home/ethanreynolds/vscode/robot-rover-2025/code/system/ros2/install/vehicle_interfaces/include/vehicle_interfaces\n'}
[37.956804] (vehicle_interfaces) StdoutLine: {'line': b'-- Up-to-date: /home/ethanreynolds/vscode/robot-rover-2025/code/system/ros2/install/vehicle_interfaces/include/vehicle_interfaces/msg\n'}
[37.957029] (vehicle_interfaces) StdoutLine: {'line': b'-- Up-to-date: /home/ethanreynolds/vscode/robot-rover-2025/code/system/ros2/install/vehicle_interfaces/include/vehicle_interfaces/msg/detail\n'}
[37.957263] (vehicle_interfaces) StdoutLine: {'line': b'-- Installing: /home/ethanreynolds/vscode/robot-rover-2025/code/system/ros2/install/vehicle_interfaces/include/vehicle_interfaces/msg/detail/control_data__rosidl_typesupport_fastrtps_cpp.hpp\n'}
[37.957497] (vehicle_interfaces) StdoutLine: {'line': b'-- Installing: /home/ethanreynolds/vscode/robot-rover-2025/code/system/ros2/install/vehicle_interfaces/include/vehicle_interfaces/msg/detail/ir_data__rosidl_typesupport_fastrtps_cpp.hpp\n'}
[37.957729] (vehicle_interfaces) StdoutLine: {'line': b'-- Installing: /home/ethanreynolds/vscode/robot-rover-2025/code/system/ros2/install/vehicle_interfaces/include/vehicle_interfaces/msg/detail/qmc_data__rosidl_typesupport_fastrtps_cpp.hpp\n'}
[37.957964] (vehicle_interfaces) StdoutLine: {'line': b'-- Installing: /home/ethanreynolds/vscode/robot-rover-2025/code/system/ros2/install/vehicle_interfaces/include/vehicle_interfaces/msg/detail/gps_data__rosidl_typesupport_fastrtps_cpp.hpp\n'}
[37.958228] (vehicle_interfaces) StdoutLine: {'line': b'-- Installing: /home/ethanreynolds/vscode/robot-rover-2025/code/system/ros2/install/vehicle_interfaces/include/vehicle_interfaces/msg/detail/dds_fastrtps\n'}
[37.958472] (vehicle_interfaces) StdoutLine: {'line': b'-- Installing: /home/ethanreynolds/vscode/robot-rover-2025/code/system/ros2/install/vehicle_interfaces/include/vehicle_interfaces/msg/detail/encoder_data__rosidl_typesupport_fastrtps_cpp.hpp\n'}
[37.958674] (vehicle_interfaces) StdoutLine: {'line': b'-- Installing: /home/ethanreynolds/vscode/robot-rover-2025/code/system/ros2/install/vehicle_interfaces/include/vehicle_interfaces/msg/detail/temperature_data__rosidl_typesupport_fastrtps_cpp.hpp\n'}
[37.958972] (vehicle_interfaces) StdoutLine: {'line': b'-- Installing: /home/ethanreynolds/vscode/robot-rover-2025/code/system/ros2/install/vehicle_interfaces/include/vehicle_interfaces/msg/detail/ultrasonic_data__rosidl_typesupport_fastrtps_cpp.hpp\n'}
[37.959222] (vehicle_interfaces) StdoutLine: {'line': b'-- Installing: /home/ethanreynolds/vscode/robot-rover-2025/code/system/ros2/install/vehicle_interfaces/include/vehicle_interfaces/msg/detail/sensor_data__rosidl_typesupport_fastrtps_cpp.hpp\n'}
[37.959462] (vehicle_interfaces) StdoutLine: {'line': b'-- Installing: /home/ethanreynolds/vscode/robot-rover-2025/code/system/ros2/install/vehicle_interfaces/include/vehicle_interfaces/msg/detail/to_f_data__rosidl_typesupport_fastrtps_cpp.hpp\n'}
[37.959702] (vehicle_interfaces) StdoutLine: {'line': b'-- Installing: /home/ethanreynolds/vscode/robot-rover-2025/code/system/ros2/install/vehicle_interfaces/include/vehicle_interfaces/msg/detail/mpu_data__rosidl_typesupport_fastrtps_cpp.hpp\n'}
[37.959894] (vehicle_interfaces) StdoutLine: {'line': b'-- Installing: /home/ethanreynolds/vscode/robot-rover-2025/code/system/ros2/install/vehicle_interfaces/include/vehicle_interfaces/msg/rosidl_typesupport_fastrtps_cpp__visibility_control.h\n'}
[37.960137] (vehicle_interfaces) StdoutLine: {'line': b'-- Up-to-date: /home/ethanreynolds/vscode/robot-rover-2025/code/system/ros2/install/vehicle_interfaces/include/vehicle_interfaces/srv\n'}
[37.960356] (vehicle_interfaces) StdoutLine: {'line': b'-- Up-to-date: /home/ethanreynolds/vscode/robot-rover-2025/code/system/ros2/install/vehicle_interfaces/include/vehicle_interfaces/srv/detail\n'}
[37.960564] (vehicle_interfaces) StdoutLine: {'line': b'-- Installing: /home/ethanreynolds/vscode/robot-rover-2025/code/system/ros2/install/vehicle_interfaces/include/vehicle_interfaces/srv/detail/dds_fastrtps\n'}
[37.960769] (vehicle_interfaces) StdoutLine: {'line': b'-- Installing: /home/ethanreynolds/vscode/robot-rover-2025/code/system/ros2/install/vehicle_interfaces/include/vehicle_interfaces/srv/detail/get_serial_port__rosidl_typesupport_fastrtps_cpp.hpp\n'}
[37.960968] (vehicle_interfaces) StdoutLine: {'line': b'-- Installing: /home/ethanreynolds/vscode/robot-rover-2025/code/system/ros2/install/vehicle_interfaces/include/vehicle_interfaces/srv/detail/reset_serial_port__rosidl_typesupport_fastrtps_cpp.hpp\n'}
[37.961171] (vehicle_interfaces) StdoutLine: {'line': b'-- Installing: /home/ethanreynolds/vscode/robot-rover-2025/code/system/ros2/install/vehicle_interfaces/include/vehicle_interfaces/srv/detail/get_serial_device_status__rosidl_typesupport_fastrtps_cpp.hpp\n'}
[37.961411] (vehicle_interfaces) StdoutLine: {'line': b'-- Installing: /home/ethanreynolds/vscode/robot-rover-2025/code/system/ros2/install/vehicle_interfaces/lib/libvehicle_interfaces__rosidl_typesupport_fastrtps_cpp.so\n'}
[37.961686] (vehicle_interfaces) StdoutLine: {'line': b'-- Set runtime path of "/home/ethanreynolds/vscode/robot-rover-2025/code/system/ros2/install/vehicle_interfaces/lib/libvehicle_interfaces__rosidl_typesupport_fastrtps_cpp.so" to ""\n'}
[37.961956] (vehicle_interfaces) StdoutLine: {'line': b'-- Up-to-date: /home/ethanreynolds/vscode/robot-rover-2025/code/system/ros2/install/vehicle_interfaces/include/vehicle_interfaces\n'}
[37.962189] (vehicle_interfaces) StdoutLine: {'line': b'-- Up-to-date: /home/ethanreynolds/vscode/robot-rover-2025/code/system/ros2/install/vehicle_interfaces/include/vehicle_interfaces/msg\n'}
[37.962494] (vehicle_interfaces) StdoutLine: {'line': b'-- Installing: /home/ethanreynolds/vscode/robot-rover-2025/code/system/ros2/install/vehicle_interfaces/include/vehicle_interfaces/msg/rosidl_typesupport_introspection_c__visibility_control.h\n'}
[37.962737] (vehicle_interfaces) StdoutLine: {'line': b'-- Up-to-date: /home/ethanreynolds/vscode/robot-rover-2025/code/system/ros2/install/vehicle_interfaces/include/vehicle_interfaces/msg/detail\n'}
[37.962979] (vehicle_interfaces) StdoutLine: {'line': b'-- Installing: /home/ethanreynolds/vscode/robot-rover-2025/code/system/ros2/install/vehicle_interfaces/include/vehicle_interfaces/msg/detail/control_data__rosidl_typesupport_introspection_c.h\n'}
[37.963220] (vehicle_interfaces) StdoutLine: {'line': b'-- Installing: /home/ethanreynolds/vscode/robot-rover-2025/code/system/ros2/install/vehicle_interfaces/include/vehicle_interfaces/msg/detail/ir_data__rosidl_typesupport_introspection_c.h\n'}
[37.963460] (vehicle_interfaces) StdoutLine: {'line': b'-- Installing: /home/ethanreynolds/vscode/robot-rover-2025/code/system/ros2/install/vehicle_interfaces/include/vehicle_interfaces/msg/detail/to_f_data__type_support.c\n'}
[37.963700] (vehicle_interfaces) StdoutLine: {'line': b'-- Installing: /home/ethanreynolds/vscode/robot-rover-2025/code/system/ros2/install/vehicle_interfaces/include/vehicle_interfaces/msg/detail/temperature_data__rosidl_typesupport_introspection_c.h\n'}
[37.963936] (vehicle_interfaces) StdoutLine: {'line': b'-- Installing: /home/ethanreynolds/vscode/robot-rover-2025/code/system/ros2/install/vehicle_interfaces/include/vehicle_interfaces/msg/detail/gps_data__rosidl_typesupport_introspection_c.h\n'}
[37.964170] (vehicle_interfaces) StdoutLine: {'line': b'-- Installing: /home/ethanreynolds/vscode/robot-rover-2025/code/system/ros2/install/vehicle_interfaces/include/vehicle_interfaces/msg/detail/encoder_data__type_support.c\n'}
[37.964417] (vehicle_interfaces) StdoutLine: {'line': b'-- Installing: /home/ethanreynolds/vscode/robot-rover-2025/code/system/ros2/install/vehicle_interfaces/include/vehicle_interfaces/msg/detail/qmc_data__rosidl_typesupport_introspection_c.h\n'}
[37.964653] (vehicle_interfaces) StdoutLine: {'line': b'-- Installing: /home/ethanreynolds/vscode/robot-rover-2025/code/system/ros2/install/vehicle_interfaces/include/vehicle_interfaces/msg/detail/ultrasonic_data__rosidl_typesupport_introspection_c.h\n'}
[37.964890] (vehicle_interfaces) StdoutLine: {'line': b'-- Installing: /home/ethanreynolds/vscode/robot-rover-2025/code/system/ros2/install/vehicle_interfaces/include/vehicle_interfaces/msg/detail/mpu_data__rosidl_typesupport_introspection_c.h\n'}
[37.965127] (vehicle_interfaces) StdoutLine: {'line': b'-- Installing: /home/ethanreynolds/vscode/robot-rover-2025/code/system/ros2/install/vehicle_interfaces/include/vehicle_interfaces/msg/detail/ir_data__type_support.c\n'}
[37.965364] (vehicle_interfaces) StdoutLine: {'line': b'-- Installing: /home/ethanreynolds/vscode/robot-rover-2025/code/system/ros2/install/vehicle_interfaces/include/vehicle_interfaces/msg/detail/sensor_data__type_support.c\n'}
[37.965597] (vehicle_interfaces) StdoutLine: {'line': b'-- Installing: /home/ethanreynolds/vscode/robot-rover-2025/code/system/ros2/install/vehicle_interfaces/include/vehicle_interfaces/msg/detail/sensor_data__rosidl_typesupport_introspection_c.h\n'}
[37.965838] (vehicle_interfaces) StdoutLine: {'line': b'-- Installing: /home/ethanreynolds/vscode/robot-rover-2025/code/system/ros2/install/vehicle_interfaces/include/vehicle_interfaces/msg/detail/ultrasonic_data__type_support.c\n'}
[37.966071] (vehicle_interfaces) StdoutLine: {'line': b'-- Installing: /home/ethanreynolds/vscode/robot-rover-2025/code/system/ros2/install/vehicle_interfaces/include/vehicle_interfaces/msg/detail/gps_data__type_support.c\n'}
[37.966305] (vehicle_interfaces) StdoutLine: {'line': b'-- Installing: /home/ethanreynolds/vscode/robot-rover-2025/code/system/ros2/install/vehicle_interfaces/include/vehicle_interfaces/msg/detail/qmc_data__type_support.c\n'}
[37.966549] (vehicle_interfaces) StdoutLine: {'line': b'-- Installing: /home/ethanreynolds/vscode/robot-rover-2025/code/system/ros2/install/vehicle_interfaces/include/vehicle_interfaces/msg/detail/encoder_data__rosidl_typesupport_introspection_c.h\n'}
[37.966789] (vehicle_interfaces) StdoutLine: {'line': b'-- Installing: /home/ethanreynolds/vscode/robot-rover-2025/code/system/ros2/install/vehicle_interfaces/include/vehicle_interfaces/msg/detail/mpu_data__type_support.c\n'}
[37.967049] (vehicle_interfaces) StdoutLine: {'line': b'-- Installing: /home/ethanreynolds/vscode/robot-rover-2025/code/system/ros2/install/vehicle_interfaces/include/vehicle_interfaces/msg/detail/to_f_data__rosidl_typesupport_introspection_c.h\n'}
[37.967344] (vehicle_interfaces) StdoutLine: {'line': b'-- Installing: /home/ethanreynolds/vscode/robot-rover-2025/code/system/ros2/install/vehicle_interfaces/include/vehicle_interfaces/msg/detail/temperature_data__type_support.c\n'}
[37.967586] (vehicle_interfaces) StdoutLine: {'line': b'-- Installing: /home/ethanreynolds/vscode/robot-rover-2025/code/system/ros2/install/vehicle_interfaces/include/vehicle_interfaces/msg/detail/control_data__type_support.c\n'}
[37.967827] (vehicle_interfaces) StdoutLine: {'line': b'-- Up-to-date: /home/ethanreynolds/vscode/robot-rover-2025/code/system/ros2/install/vehicle_interfaces/include/vehicle_interfaces/srv\n'}
[37.968068] (vehicle_interfaces) StdoutLine: {'line': b'-- Up-to-date: /home/ethanreynolds/vscode/robot-rover-2025/code/system/ros2/install/vehicle_interfaces/include/vehicle_interfaces/srv/detail\n'}
[37.968312] (vehicle_interfaces) StdoutLine: {'line': b'-- Installing: /home/ethanreynolds/vscode/robot-rover-2025/code/system/ros2/install/vehicle_interfaces/include/vehicle_interfaces/srv/detail/get_serial_port__rosidl_typesupport_introspection_c.h\n'}
[37.968547] (vehicle_interfaces) StdoutLine: {'line': b'-- Installing: /home/ethanreynolds/vscode/robot-rover-2025/code/system/ros2/install/vehicle_interfaces/include/vehicle_interfaces/srv/detail/get_serial_device_status__type_support.c\n'}
[37.968735] (vehicle_interfaces) StdoutLine: {'line': b'-- Installing: /home/ethanreynolds/vscode/robot-rover-2025/code/system/ros2/install/vehicle_interfaces/include/vehicle_interfaces/srv/detail/get_serial_port__type_support.c\n'}
[37.968978] (vehicle_interfaces) StdoutLine: {'line': b'-- Installing: /home/ethanreynolds/vscode/robot-rover-2025/code/system/ros2/install/vehicle_interfaces/include/vehicle_interfaces/srv/detail/reset_serial_port__type_support.c\n'}
[37.969184] (vehicle_interfaces) StdoutLine: {'line': b'-- Installing: /home/ethanreynolds/vscode/robot-rover-2025/code/system/ros2/install/vehicle_interfaces/include/vehicle_interfaces/srv/detail/get_serial_device_status__rosidl_typesupport_introspection_c.h\n'}
[37.969374] (vehicle_interfaces) StdoutLine: {'line': b'-- Installing: /home/ethanreynolds/vscode/robot-rover-2025/code/system/ros2/install/vehicle_interfaces/include/vehicle_interfaces/srv/detail/reset_serial_port__rosidl_typesupport_introspection_c.h\n'}
[37.969614] (vehicle_interfaces) StdoutLine: {'line': b'-- Installing: /home/ethanreynolds/vscode/robot-rover-2025/code/system/ros2/install/vehicle_interfaces/lib/libvehicle_interfaces__rosidl_typesupport_introspection_c.so\n'}
[37.969878] (vehicle_interfaces) StdoutLine: {'line': b'-- Set runtime path of "/home/ethanreynolds/vscode/robot-rover-2025/code/system/ros2/install/vehicle_interfaces/lib/libvehicle_interfaces__rosidl_typesupport_introspection_c.so" to ""\n'}
[37.970125] (vehicle_interfaces) StdoutLine: {'line': b'-- Installing: /home/ethanreynolds/vscode/robot-rover-2025/code/system/ros2/install/vehicle_interfaces/lib/libvehicle_interfaces__rosidl_typesupport_c.so\n'}
[37.971078] (vehicle_interfaces) StdoutLine: {'line': b'-- Set runtime path of "/home/ethanreynolds/vscode/robot-rover-2025/code/system/ros2/install/vehicle_interfaces/lib/libvehicle_interfaces__rosidl_typesupport_c.so" to ""\n'}
[37.971369] (vehicle_interfaces) StdoutLine: {'line': b'-- Up-to-date: /home/ethanreynolds/vscode/robot-rover-2025/code/system/ros2/install/vehicle_interfaces/include/vehicle_interfaces\n'}
[37.971611] (vehicle_interfaces) StdoutLine: {'line': b'-- Up-to-date: /home/ethanreynolds/vscode/robot-rover-2025/code/system/ros2/install/vehicle_interfaces/include/vehicle_interfaces/msg\n'}
[37.971874] (vehicle_interfaces) StdoutLine: {'line': b'-- Installing: /home/ethanreynolds/vscode/robot-rover-2025/code/system/ros2/install/vehicle_interfaces/include/vehicle_interfaces/msg/encoder_data.hpp\n'}
[37.972113] (vehicle_interfaces) StdoutLine: {'line': b'-- Installing: /home/ethanreynolds/vscode/robot-rover-2025/code/system/ros2/install/vehicle_interfaces/include/vehicle_interfaces/msg/control_data.hpp\n'}
[37.972356] (vehicle_interfaces) StdoutLine: {'line': b'-- Installing: /home/ethanreynolds/vscode/robot-rover-2025/code/system/ros2/install/vehicle_interfaces/include/vehicle_interfaces/msg/to_f_data.hpp\n'}
[37.972596] (vehicle_interfaces) StdoutLine: {'line': b'-- Installing: /home/ethanreynolds/vscode/robot-rover-2025/code/system/ros2/install/vehicle_interfaces/include/vehicle_interfaces/msg/qmc_data.hpp\n'}
[37.972837] (vehicle_interfaces) StdoutLine: {'line': b'-- Installing: /home/ethanreynolds/vscode/robot-rover-2025/code/system/ros2/install/vehicle_interfaces/include/vehicle_interfaces/msg/ultrasonic_data.hpp\n'}
[37.973078] (vehicle_interfaces) StdoutLine: {'line': b'-- Installing: /home/ethanreynolds/vscode/robot-rover-2025/code/system/ros2/install/vehicle_interfaces/include/vehicle_interfaces/msg/temperature_data.hpp\n'}
[37.973347] (vehicle_interfaces) StdoutLine: {'line': b'-- Installing: /home/ethanreynolds/vscode/robot-rover-2025/code/system/ros2/install/vehicle_interfaces/include/vehicle_interfaces/msg/ir_data.hpp\n'}
[37.973587] (vehicle_interfaces) StdoutLine: {'line': b'-- Installing: /home/ethanreynolds/vscode/robot-rover-2025/code/system/ros2/install/vehicle_interfaces/include/vehicle_interfaces/msg/mpu_data.hpp\n'}
[37.973833] (vehicle_interfaces) StdoutLine: {'line': b'-- Installing: /home/ethanreynolds/vscode/robot-rover-2025/code/system/ros2/install/vehicle_interfaces/include/vehicle_interfaces/msg/sensor_data.hpp\n'}
[37.974071] (vehicle_interfaces) StdoutLine: {'line': b'-- Installing: /home/ethanreynolds/vscode/robot-rover-2025/code/system/ros2/install/vehicle_interfaces/include/vehicle_interfaces/msg/gps_data.hpp\n'}
[37.974311] (vehicle_interfaces) StdoutLine: {'line': b'-- Up-to-date: /home/ethanreynolds/vscode/robot-rover-2025/code/system/ros2/install/vehicle_interfaces/include/vehicle_interfaces/msg/detail\n'}
[37.974585] (vehicle_interfaces) StdoutLine: {'line': b'-- Installing: /home/ethanreynolds/vscode/robot-rover-2025/code/system/ros2/install/vehicle_interfaces/include/vehicle_interfaces/msg/detail/qmc_data__builder.hpp\n'}
[37.974829] (vehicle_interfaces) StdoutLine: {'line': b'-- Installing: /home/ethanreynolds/vscode/robot-rover-2025/code/system/ros2/install/vehicle_interfaces/include/vehicle_interfaces/msg/detail/control_data__type_support.hpp\n'}
[37.975081] (vehicle_interfaces) StdoutLine: {'line': b'-- Installing: /home/ethanreynolds/vscode/robot-rover-2025/code/system/ros2/install/vehicle_interfaces/include/vehicle_interfaces/msg/detail/control_data__traits.hpp\n'}
[37.975324] (vehicle_interfaces) StdoutLine: {'line': b'-- Installing: /home/ethanreynolds/vscode/robot-rover-2025/code/system/ros2/install/vehicle_interfaces/include/vehicle_interfaces/msg/detail/control_data__builder.hpp\n'}
[37.975564] (vehicle_interfaces) StdoutLine: {'line': b'-- Installing: /home/ethanreynolds/vscode/robot-rover-2025/code/system/ros2/install/vehicle_interfaces/include/vehicle_interfaces/msg/detail/to_f_data__struct.hpp\n'}
[37.975799] (vehicle_interfaces) StdoutLine: {'line': b'-- Installing: /home/ethanreynolds/vscode/robot-rover-2025/code/system/ros2/install/vehicle_interfaces/include/vehicle_interfaces/msg/detail/to_f_data__builder.hpp\n'}
[37.976031] (vehicle_interfaces) StdoutLine: {'line': b'-- Installing: /home/ethanreynolds/vscode/robot-rover-2025/code/system/ros2/install/vehicle_interfaces/include/vehicle_interfaces/msg/detail/ultrasonic_data__traits.hpp\n'}
[37.976275] (vehicle_interfaces) StdoutLine: {'line': b'-- Installing: /home/ethanreynolds/vscode/robot-rover-2025/code/system/ros2/install/vehicle_interfaces/include/vehicle_interfaces/msg/detail/ultrasonic_data__type_support.hpp\n'}
[37.976512] (vehicle_interfaces) StdoutLine: {'line': b'-- Installing: /home/ethanreynolds/vscode/robot-rover-2025/code/system/ros2/install/vehicle_interfaces/include/vehicle_interfaces/msg/detail/ir_data__struct.hpp\n'}
[37.976746] (vehicle_interfaces) StdoutLine: {'line': b'-- Installing: /home/ethanreynolds/vscode/robot-rover-2025/code/system/ros2/install/vehicle_interfaces/include/vehicle_interfaces/msg/detail/mpu_data__builder.hpp\n'}
[37.976979] (vehicle_interfaces) StdoutLine: {'line': b'-- Installing: /home/ethanreynolds/vscode/robot-rover-2025/code/system/ros2/install/vehicle_interfaces/include/vehicle_interfaces/msg/detail/ultrasonic_data__builder.hpp\n'}
[37.977214] (vehicle_interfaces) StdoutLine: {'line': b'-- Installing: /home/ethanreynolds/vscode/robot-rover-2025/code/system/ros2/install/vehicle_interfaces/include/vehicle_interfaces/msg/detail/gps_data__builder.hpp\n'}
[37.977447] (vehicle_interfaces) StdoutLine: {'line': b'-- Installing: /home/ethanreynolds/vscode/robot-rover-2025/code/system/ros2/install/vehicle_interfaces/include/vehicle_interfaces/msg/detail/gps_data__traits.hpp\n'}
[37.977683] (vehicle_interfaces) StdoutLine: {'line': b'-- Installing: /home/ethanreynolds/vscode/robot-rover-2025/code/system/ros2/install/vehicle_interfaces/include/vehicle_interfaces/msg/detail/qmc_data__struct.hpp\n'}
[37.977912] (vehicle_interfaces) StdoutLine: {'line': b'-- Installing: /home/ethanreynolds/vscode/robot-rover-2025/code/system/ros2/install/vehicle_interfaces/include/vehicle_interfaces/msg/detail/ultrasonic_data__struct.hpp\n'}
[37.978163] (vehicle_interfaces) StdoutLine: {'line': b'-- Installing: /home/ethanreynolds/vscode/robot-rover-2025/code/system/ros2/install/vehicle_interfaces/include/vehicle_interfaces/msg/detail/gps_data__struct.hpp\n'}
[37.978411] (vehicle_interfaces) StdoutLine: {'line': b'-- Installing: /home/ethanreynolds/vscode/robot-rover-2025/code/system/ros2/install/vehicle_interfaces/include/vehicle_interfaces/msg/detail/mpu_data__type_support.hpp\n'}
[37.978881] (vehicle_interfaces) StdoutLine: {'line': b'-- Installing: /home/ethanreynolds/vscode/robot-rover-2025/code/system/ros2/install/vehicle_interfaces/include/vehicle_interfaces/msg/detail/gps_data__type_support.hpp\n'}
[37.979122] (vehicle_interfaces) StdoutLine: {'line': b'-- Installing: /home/ethanreynolds/vscode/robot-rover-2025/code/system/ros2/install/vehicle_interfaces/include/vehicle_interfaces/msg/detail/encoder_data__struct.hpp\n'}
[37.979364] (vehicle_interfaces) StdoutLine: {'line': b'-- Installing: /home/ethanreynolds/vscode/robot-rover-2025/code/system/ros2/install/vehicle_interfaces/include/vehicle_interfaces/msg/detail/temperature_data__type_support.hpp\n'}
[37.979601] (vehicle_interfaces) StdoutLine: {'line': b'-- Installing: /home/ethanreynolds/vscode/robot-rover-2025/code/system/ros2/install/vehicle_interfaces/include/vehicle_interfaces/msg/detail/encoder_data__type_support.hpp\n'}
[37.979836] (vehicle_interfaces) StdoutLine: {'line': b'-- Installing: /home/ethanreynolds/vscode/robot-rover-2025/code/system/ros2/install/vehicle_interfaces/include/vehicle_interfaces/msg/detail/encoder_data__builder.hpp\n'}
[37.980091] (vehicle_interfaces) StdoutLine: {'line': b'-- Installing: /home/ethanreynolds/vscode/robot-rover-2025/code/system/ros2/install/vehicle_interfaces/include/vehicle_interfaces/msg/detail/sensor_data__traits.hpp\n'}
[37.980327] (vehicle_interfaces) StdoutLine: {'line': b'-- Installing: /home/ethanreynolds/vscode/robot-rover-2025/code/system/ros2/install/vehicle_interfaces/include/vehicle_interfaces/msg/detail/qmc_data__traits.hpp\n'}
[37.980561] (vehicle_interfaces) StdoutLine: {'line': b'-- Installing: /home/ethanreynolds/vscode/robot-rover-2025/code/system/ros2/install/vehicle_interfaces/include/vehicle_interfaces/msg/detail/mpu_data__struct.hpp\n'}
[37.980795] (vehicle_interfaces) StdoutLine: {'line': b'-- Installing: /home/ethanreynolds/vscode/robot-rover-2025/code/system/ros2/install/vehicle_interfaces/include/vehicle_interfaces/msg/detail/mpu_data__traits.hpp\n'}
[37.981054] (vehicle_interfaces) StdoutLine: {'line': b'-- Installing: /home/ethanreynolds/vscode/robot-rover-2025/code/system/ros2/install/vehicle_interfaces/include/vehicle_interfaces/msg/detail/temperature_data__builder.hpp\n'}
[37.981290] (vehicle_interfaces) StdoutLine: {'line': b'-- Installing: /home/ethanreynolds/vscode/robot-rover-2025/code/system/ros2/install/vehicle_interfaces/include/vehicle_interfaces/msg/detail/sensor_data__type_support.hpp\n'}
[37.981527] (vehicle_interfaces) StdoutLine: {'line': b'-- Installing: /home/ethanreynolds/vscode/robot-rover-2025/code/system/ros2/install/vehicle_interfaces/include/vehicle_interfaces/msg/detail/sensor_data__builder.hpp\n'}
[37.981765] (vehicle_interfaces) StdoutLine: {'line': b'-- Installing: /home/ethanreynolds/vscode/robot-rover-2025/code/system/ros2/install/vehicle_interfaces/include/vehicle_interfaces/msg/detail/ir_data__builder.hpp\n'}
[37.982001] (vehicle_interfaces) StdoutLine: {'line': b'-- Installing: /home/ethanreynolds/vscode/robot-rover-2025/code/system/ros2/install/vehicle_interfaces/include/vehicle_interfaces/msg/detail/to_f_data__traits.hpp\n'}
[37.982238] (vehicle_interfaces) StdoutLine: {'line': b'-- Installing: /home/ethanreynolds/vscode/robot-rover-2025/code/system/ros2/install/vehicle_interfaces/include/vehicle_interfaces/msg/detail/control_data__struct.hpp\n'}
[37.982481] (vehicle_interfaces) StdoutLine: {'line': b'-- Installing: /home/ethanreynolds/vscode/robot-rover-2025/code/system/ros2/install/vehicle_interfaces/include/vehicle_interfaces/msg/detail/encoder_data__traits.hpp\n'}
[37.982691] (vehicle_interfaces) StdoutLine: {'line': b'-- Installing: /home/ethanreynolds/vscode/robot-rover-2025/code/system/ros2/install/vehicle_interfaces/include/vehicle_interfaces/msg/detail/temperature_data__traits.hpp\n'}
[37.982930] (vehicle_interfaces) StdoutLine: {'line': b'-- Installing: /home/ethanreynolds/vscode/robot-rover-2025/code/system/ros2/install/vehicle_interfaces/include/vehicle_interfaces/msg/detail/ir_data__traits.hpp\n'}
[37.983202] (vehicle_interfaces) StdoutLine: {'line': b'-- Installing: /home/ethanreynolds/vscode/robot-rover-2025/code/system/ros2/install/vehicle_interfaces/include/vehicle_interfaces/msg/detail/sensor_data__struct.hpp\n'}
[37.983435] (vehicle_interfaces) StdoutLine: {'line': b'-- Installing: /home/ethanreynolds/vscode/robot-rover-2025/code/system/ros2/install/vehicle_interfaces/include/vehicle_interfaces/msg/detail/qmc_data__type_support.hpp\n'}
[37.983694] (vehicle_interfaces) StdoutLine: {'line': b'-- Installing: /home/ethanreynolds/vscode/robot-rover-2025/code/system/ros2/install/vehicle_interfaces/include/vehicle_interfaces/msg/detail/to_f_data__type_support.hpp\n'}
[37.983926] (vehicle_interfaces) StdoutLine: {'line': b'-- Installing: /home/ethanreynolds/vscode/robot-rover-2025/code/system/ros2/install/vehicle_interfaces/include/vehicle_interfaces/msg/detail/temperature_data__struct.hpp\n'}
[37.984162] (vehicle_interfaces) StdoutLine: {'line': b'-- Installing: /home/ethanreynolds/vscode/robot-rover-2025/code/system/ros2/install/vehicle_interfaces/include/vehicle_interfaces/msg/detail/ir_data__type_support.hpp\n'}
[37.984398] (vehicle_interfaces) StdoutLine: {'line': b'-- Installing: /home/ethanreynolds/vscode/robot-rover-2025/code/system/ros2/install/vehicle_interfaces/include/vehicle_interfaces/msg/rosidl_generator_cpp__visibility_control.hpp\n'}
[37.984657] (vehicle_interfaces) StdoutLine: {'line': b'-- Up-to-date: /home/ethanreynolds/vscode/robot-rover-2025/code/system/ros2/install/vehicle_interfaces/include/vehicle_interfaces/srv\n'}
[37.984890] (vehicle_interfaces) StdoutLine: {'line': b'-- Installing: /home/ethanreynolds/vscode/robot-rover-2025/code/system/ros2/install/vehicle_interfaces/include/vehicle_interfaces/srv/get_serial_port.hpp\n'}
[37.985095] (vehicle_interfaces) StdoutLine: {'line': b'-- Installing: /home/ethanreynolds/vscode/robot-rover-2025/code/system/ros2/install/vehicle_interfaces/include/vehicle_interfaces/srv/get_serial_device_status.hpp\n'}
[37.985299] (vehicle_interfaces) StdoutLine: {'line': b'-- Installing: /home/ethanreynolds/vscode/robot-rover-2025/code/system/ros2/install/vehicle_interfaces/include/vehicle_interfaces/srv/reset_serial_port.hpp\n'}
[37.985502] (vehicle_interfaces) StdoutLine: {'line': b'-- Up-to-date: /home/ethanreynolds/vscode/robot-rover-2025/code/system/ros2/install/vehicle_interfaces/include/vehicle_interfaces/srv/detail\n'}
[37.985707] (vehicle_interfaces) StdoutLine: {'line': b'-- Installing: /home/ethanreynolds/vscode/robot-rover-2025/code/system/ros2/install/vehicle_interfaces/include/vehicle_interfaces/srv/detail/reset_serial_port__traits.hpp\n'}
[37.985936] (vehicle_interfaces) StdoutLine: {'line': b'-- Installing: /home/ethanreynolds/vscode/robot-rover-2025/code/system/ros2/install/vehicle_interfaces/include/vehicle_interfaces/srv/detail/get_serial_port__traits.hpp\n'}
[37.986143] (vehicle_interfaces) StdoutLine: {'line': b'-- Installing: /home/ethanreynolds/vscode/robot-rover-2025/code/system/ros2/install/vehicle_interfaces/include/vehicle_interfaces/srv/detail/get_serial_port__builder.hpp\n'}
[37.986351] (vehicle_interfaces) StdoutLine: {'line': b'-- Installing: /home/ethanreynolds/vscode/robot-rover-2025/code/system/ros2/install/vehicle_interfaces/include/vehicle_interfaces/srv/detail/get_serial_device_status__builder.hpp\n'}
[37.986584] (vehicle_interfaces) StdoutLine: {'line': b'-- Installing: /home/ethanreynolds/vscode/robot-rover-2025/code/system/ros2/install/vehicle_interfaces/include/vehicle_interfaces/srv/detail/reset_serial_port__builder.hpp\n'}
[37.986795] (vehicle_interfaces) StdoutLine: {'line': b'-- Installing: /home/ethanreynolds/vscode/robot-rover-2025/code/system/ros2/install/vehicle_interfaces/include/vehicle_interfaces/srv/detail/get_serial_port__type_support.hpp\n'}
[37.998101] (vehicle_interfaces) StdoutLine: {'line': b'-- Installing: /home/ethanreynolds/vscode/robot-rover-2025/code/system/ros2/install/vehicle_interfaces/include/vehicle_interfaces/srv/detail/reset_serial_port__type_support.hpp\n'}
[37.999990] (vehicle_interfaces) StdoutLine: {'line': b'-- Installing: /home/ethanreynolds/vscode/robot-rover-2025/code/system/ros2/install/vehicle_interfaces/include/vehicle_interfaces/srv/detail/get_serial_device_status__traits.hpp\n'}
[38.000301] (vehicle_interfaces) StdoutLine: {'line': b'-- Installing: /home/ethanreynolds/vscode/robot-rover-2025/code/system/ros2/install/vehicle_interfaces/include/vehicle_interfaces/srv/detail/get_serial_device_status__struct.hpp\n'}
[38.000545] (vehicle_interfaces) StdoutLine: {'line': b'-- Installing: /home/ethanreynolds/vscode/robot-rover-2025/code/system/ros2/install/vehicle_interfaces/include/vehicle_interfaces/srv/detail/get_serial_port__struct.hpp\n'}
[38.000785] (vehicle_interfaces) StdoutLine: {'line': b'-- Installing: /home/ethanreynolds/vscode/robot-rover-2025/code/system/ros2/install/vehicle_interfaces/include/vehicle_interfaces/srv/detail/get_serial_device_status__type_support.hpp\n'}
[38.001003] (vehicle_interfaces) StdoutLine: {'line': b'-- Installing: /home/ethanreynolds/vscode/robot-rover-2025/code/system/ros2/install/vehicle_interfaces/include/vehicle_interfaces/srv/detail/reset_serial_port__struct.hpp\n'}
[38.001219] (vehicle_interfaces) StdoutLine: {'line': b'-- Up-to-date: /home/ethanreynolds/vscode/robot-rover-2025/code/system/ros2/install/vehicle_interfaces/include/vehicle_interfaces\n'}
[38.001432] (vehicle_interfaces) StdoutLine: {'line': b'-- Up-to-date: /home/ethanreynolds/vscode/robot-rover-2025/code/system/ros2/install/vehicle_interfaces/include/vehicle_interfaces/msg\n'}
[38.001641] (vehicle_interfaces) StdoutLine: {'line': b'-- Up-to-date: /home/ethanreynolds/vscode/robot-rover-2025/code/system/ros2/install/vehicle_interfaces/include/vehicle_interfaces/msg/detail\n'}
[38.001848] (vehicle_interfaces) StdoutLine: {'line': b'-- Installing: /home/ethanreynolds/vscode/robot-rover-2025/code/system/ros2/install/vehicle_interfaces/include/vehicle_interfaces/msg/detail/mpu_data__rosidl_typesupport_introspection_cpp.hpp\n'}
[38.002051] (vehicle_interfaces) StdoutLine: {'line': b'-- Installing: /home/ethanreynolds/vscode/robot-rover-2025/code/system/ros2/install/vehicle_interfaces/include/vehicle_interfaces/msg/detail/sensor_data__type_support.cpp\n'}
[38.002255] (vehicle_interfaces) StdoutLine: {'line': b'-- Installing: /home/ethanreynolds/vscode/robot-rover-2025/code/system/ros2/install/vehicle_interfaces/include/vehicle_interfaces/msg/detail/qmc_data__type_support.cpp\n'}
[38.002473] (vehicle_interfaces) StdoutLine: {'line': b'-- Installing: /home/ethanreynolds/vscode/robot-rover-2025/code/system/ros2/install/vehicle_interfaces/include/vehicle_interfaces/msg/detail/qmc_data__rosidl_typesupport_introspection_cpp.hpp\n'}
[38.002665] (vehicle_interfaces) StdoutLine: {'line': b'-- Installing: /home/ethanreynolds/vscode/robot-rover-2025/code/system/ros2/install/vehicle_interfaces/include/vehicle_interfaces/msg/detail/to_f_data__rosidl_typesupport_introspection_cpp.hpp\n'}
[38.002862] (vehicle_interfaces) StdoutLine: {'line': b'-- Installing: /home/ethanreynolds/vscode/robot-rover-2025/code/system/ros2/install/vehicle_interfaces/include/vehicle_interfaces/msg/detail/ir_data__type_support.cpp\n'}
[38.003064] (vehicle_interfaces) StdoutLine: {'line': b'-- Installing: /home/ethanreynolds/vscode/robot-rover-2025/code/system/ros2/install/vehicle_interfaces/include/vehicle_interfaces/msg/detail/gps_data__type_support.cpp\n'}
[38.003267] (vehicle_interfaces) StdoutLine: {'line': b'-- Installing: /home/ethanreynolds/vscode/robot-rover-2025/code/system/ros2/install/vehicle_interfaces/include/vehicle_interfaces/msg/detail/encoder_data__type_support.cpp\n'}
[38.003465] (vehicle_interfaces) StdoutLine: {'line': b'-- Installing: /home/ethanreynolds/vscode/robot-rover-2025/code/system/ros2/install/vehicle_interfaces/include/vehicle_interfaces/msg/detail/to_f_data__type_support.cpp\n'}
[38.003667] (vehicle_interfaces) StdoutLine: {'line': b'-- Installing: /home/ethanreynolds/vscode/robot-rover-2025/code/system/ros2/install/vehicle_interfaces/include/vehicle_interfaces/msg/detail/ir_data__rosidl_typesupport_introspection_cpp.hpp\n'}
[38.003893] (vehicle_interfaces) StdoutLine: {'line': b'-- Installing: /home/ethanreynolds/vscode/robot-rover-2025/code/system/ros2/install/vehicle_interfaces/include/vehicle_interfaces/msg/detail/temperature_data__rosidl_typesupport_introspection_cpp.hpp\n'}
[38.004093] (vehicle_interfaces) StdoutLine: {'line': b'-- Installing: /home/ethanreynolds/vscode/robot-rover-2025/code/system/ros2/install/vehicle_interfaces/include/vehicle_interfaces/msg/detail/control_data__type_support.cpp\n'}
[38.004290] (vehicle_interfaces) StdoutLine: {'line': b'-- Installing: /home/ethanreynolds/vscode/robot-rover-2025/code/system/ros2/install/vehicle_interfaces/include/vehicle_interfaces/msg/detail/sensor_data__rosidl_typesupport_introspection_cpp.hpp\n'}
[38.004502] (vehicle_interfaces) StdoutLine: {'line': b'-- Installing: /home/ethanreynolds/vscode/robot-rover-2025/code/system/ros2/install/vehicle_interfaces/include/vehicle_interfaces/msg/detail/temperature_data__type_support.cpp\n'}
[38.004698] (vehicle_interfaces) StdoutLine: {'line': b'-- Installing: /home/ethanreynolds/vscode/robot-rover-2025/code/system/ros2/install/vehicle_interfaces/include/vehicle_interfaces/msg/detail/control_data__rosidl_typesupport_introspection_cpp.hpp\n'}
[38.004902] (vehicle_interfaces) StdoutLine: {'line': b'-- Installing: /home/ethanreynolds/vscode/robot-rover-2025/code/system/ros2/install/vehicle_interfaces/include/vehicle_interfaces/msg/detail/mpu_data__type_support.cpp\n'}
[38.005097] (vehicle_interfaces) StdoutLine: {'line': b'-- Installing: /home/ethanreynolds/vscode/robot-rover-2025/code/system/ros2/install/vehicle_interfaces/include/vehicle_interfaces/msg/detail/gps_data__rosidl_typesupport_introspection_cpp.hpp\n'}
[38.005288] (vehicle_interfaces) StdoutLine: {'line': b'-- Installing: /home/ethanreynolds/vscode/robot-rover-2025/code/system/ros2/install/vehicle_interfaces/include/vehicle_interfaces/msg/detail/encoder_data__rosidl_typesupport_introspection_cpp.hpp\n'}
[38.005487] (vehicle_interfaces) StdoutLine: {'line': b'-- Installing: /home/ethanreynolds/vscode/robot-rover-2025/code/system/ros2/install/vehicle_interfaces/include/vehicle_interfaces/msg/detail/ultrasonic_data__type_support.cpp\n'}
[38.005684] (vehicle_interfaces) StdoutLine: {'line': b'-- Installing: /home/ethanreynolds/vscode/robot-rover-2025/code/system/ros2/install/vehicle_interfaces/include/vehicle_interfaces/msg/detail/ultrasonic_data__rosidl_typesupport_introspection_cpp.hpp\n'}
[38.005885] (vehicle_interfaces) StdoutLine: {'line': b'-- Up-to-date: /home/ethanreynolds/vscode/robot-rover-2025/code/system/ros2/install/vehicle_interfaces/include/vehicle_interfaces/srv\n'}
[38.006085] (vehicle_interfaces) StdoutLine: {'line': b'-- Up-to-date: /home/ethanreynolds/vscode/robot-rover-2025/code/system/ros2/install/vehicle_interfaces/include/vehicle_interfaces/srv/detail\n'}
[38.006272] (-) TimerEvent: {}
[38.006547] (vehicle_interfaces) StdoutLine: {'line': b'-- Installing: /home/ethanreynolds/vscode/robot-rover-2025/code/system/ros2/install/vehicle_interfaces/include/vehicle_interfaces/srv/detail/get_serial_device_status__type_support.cpp\n'}
[38.006759] (vehicle_interfaces) StdoutLine: {'line': b'-- Installing: /home/ethanreynolds/vscode/robot-rover-2025/code/system/ros2/install/vehicle_interfaces/include/vehicle_interfaces/srv/detail/get_serial_port__type_support.cpp\n'}
[38.007031] (vehicle_interfaces) StdoutLine: {'line': b'-- Installing: /home/ethanreynolds/vscode/robot-rover-2025/code/system/ros2/install/vehicle_interfaces/include/vehicle_interfaces/srv/detail/get_serial_device_status__rosidl_typesupport_introspection_cpp.hpp\n'}
[38.007219] (vehicle_interfaces) StdoutLine: {'line': b'-- Installing: /home/ethanreynolds/vscode/robot-rover-2025/code/system/ros2/install/vehicle_interfaces/include/vehicle_interfaces/srv/detail/get_serial_port__rosidl_typesupport_introspection_cpp.hpp\n'}
[38.007421] (vehicle_interfaces) StdoutLine: {'line': b'-- Installing: /home/ethanreynolds/vscode/robot-rover-2025/code/system/ros2/install/vehicle_interfaces/include/vehicle_interfaces/srv/detail/reset_serial_port__type_support.cpp\n'}
[38.007614] (vehicle_interfaces) StdoutLine: {'line': b'-- Installing: /home/ethanreynolds/vscode/robot-rover-2025/code/system/ros2/install/vehicle_interfaces/include/vehicle_interfaces/srv/detail/reset_serial_port__rosidl_typesupport_introspection_cpp.hpp\n'}
[38.007800] (vehicle_interfaces) StdoutLine: {'line': b'-- Installing: /home/ethanreynolds/vscode/robot-rover-2025/code/system/ros2/install/vehicle_interfaces/lib/libvehicle_interfaces__rosidl_typesupport_introspection_cpp.so\n'}
[38.007997] (vehicle_interfaces) StdoutLine: {'line': b'-- Set runtime path of "/home/ethanreynolds/vscode/robot-rover-2025/code/system/ros2/install/vehicle_interfaces/lib/libvehicle_interfaces__rosidl_typesupport_introspection_cpp.so" to ""\n'}
[38.008209] (vehicle_interfaces) StdoutLine: {'line': b'-- Installing: /home/ethanreynolds/vscode/robot-rover-2025/code/system/ros2/install/vehicle_interfaces/lib/libvehicle_interfaces__rosidl_typesupport_cpp.so\n'}
[38.008400] (vehicle_interfaces) StdoutLine: {'line': b'-- Set runtime path of "/home/ethanreynolds/vscode/robot-rover-2025/code/system/ros2/install/vehicle_interfaces/lib/libvehicle_interfaces__rosidl_typesupport_cpp.so" to ""\n'}
[38.008600] (vehicle_interfaces) StdoutLine: {'line': b'-- Installing: /home/ethanreynolds/vscode/robot-rover-2025/code/system/ros2/install/vehicle_interfaces/share/vehicle_interfaces/environment/pythonpath.sh\n'}
[38.008821] (vehicle_interfaces) StdoutLine: {'line': b'-- Installing: /home/ethanreynolds/vscode/robot-rover-2025/code/system/ros2/install/vehicle_interfaces/share/vehicle_interfaces/environment/pythonpath.dsv\n'}
[38.009015] (vehicle_interfaces) StdoutLine: {'line': b'-- Installing: /home/ethanreynolds/vscode/robot-rover-2025/code/system/ros2/install/vehicle_interfaces/lib/python3.8/site-packages/vehicle_interfaces/__init__.py\n'}
[38.061166] (vehicle_interfaces) StdoutLine: {'line': b"Compiling '/home/ethanreynolds/vscode/robot-rover-2025/code/system/ros2/install/vehicle_interfaces/lib/python3.8/site-packages/vehicle_interfaces/__init__.py'...\n"}
[38.066898] (vehicle_interfaces) StdoutLine: {'line': b'-- Installing: /home/ethanreynolds/vscode/robot-rover-2025/code/system/ros2/install/vehicle_interfaces/lib/python3.8/site-packages/vehicle_interfaces/srv\n'}
[38.067317] (vehicle_interfaces) StdoutLine: {'line': b'-- Installing: /home/ethanreynolds/vscode/robot-rover-2025/code/system/ros2/install/vehicle_interfaces/lib/python3.8/site-packages/vehicle_interfaces/srv/_reset_serial_port.py\n'}
[38.067584] (vehicle_interfaces) StdoutLine: {'line': b'-- Installing: /home/ethanreynolds/vscode/robot-rover-2025/code/system/ros2/install/vehicle_interfaces/lib/python3.8/site-packages/vehicle_interfaces/srv/_get_serial_port.py\n'}
[38.067902] (vehicle_interfaces) StdoutLine: {'line': b'-- Installing: /home/ethanreynolds/vscode/robot-rover-2025/code/system/ros2/install/vehicle_interfaces/lib/python3.8/site-packages/vehicle_interfaces/srv/_get_serial_device_status_s.c\n'}
[38.068126] (vehicle_interfaces) StdoutLine: {'line': b'-- Installing: /home/ethanreynolds/vscode/robot-rover-2025/code/system/ros2/install/vehicle_interfaces/lib/python3.8/site-packages/vehicle_interfaces/srv/_get_serial_device_status.py\n'}
[38.068346] (vehicle_interfaces) StdoutLine: {'line': b'-- Installing: /home/ethanreynolds/vscode/robot-rover-2025/code/system/ros2/install/vehicle_interfaces/lib/python3.8/site-packages/vehicle_interfaces/srv/__init__.py\n'}
[38.068600] (vehicle_interfaces) StdoutLine: {'line': b'-- Installing: /home/ethanreynolds/vscode/robot-rover-2025/code/system/ros2/install/vehicle_interfaces/lib/python3.8/site-packages/vehicle_interfaces/srv/_get_serial_port_s.c\n'}
[38.068822] (vehicle_interfaces) StdoutLine: {'line': b'-- Installing: /home/ethanreynolds/vscode/robot-rover-2025/code/system/ros2/install/vehicle_interfaces/lib/python3.8/site-packages/vehicle_interfaces/srv/_reset_serial_port_s.c\n'}
[38.069043] (vehicle_interfaces) StdoutLine: {'line': b'-- Installing: /home/ethanreynolds/vscode/robot-rover-2025/code/system/ros2/install/vehicle_interfaces/lib/python3.8/site-packages/vehicle_interfaces/msg\n'}
[38.069278] (vehicle_interfaces) StdoutLine: {'line': b'-- Installing: /home/ethanreynolds/vscode/robot-rover-2025/code/system/ros2/install/vehicle_interfaces/lib/python3.8/site-packages/vehicle_interfaces/msg/_qmc_data_s.c\n'}
[38.069495] (vehicle_interfaces) StdoutLine: {'line': b'-- Installing: /home/ethanreynolds/vscode/robot-rover-2025/code/system/ros2/install/vehicle_interfaces/lib/python3.8/site-packages/vehicle_interfaces/msg/_qmc_data.py\n'}
[38.069712] (vehicle_interfaces) StdoutLine: {'line': b'-- Installing: /home/ethanreynolds/vscode/robot-rover-2025/code/system/ros2/install/vehicle_interfaces/lib/python3.8/site-packages/vehicle_interfaces/msg/_sensor_data_s.c\n'}
[38.069960] (vehicle_interfaces) StdoutLine: {'line': b'-- Installing: /home/ethanreynolds/vscode/robot-rover-2025/code/system/ros2/install/vehicle_interfaces/lib/python3.8/site-packages/vehicle_interfaces/msg/_ultrasonic_data_s.c\n'}
[38.070175] (vehicle_interfaces) StdoutLine: {'line': b'-- Installing: /home/ethanreynolds/vscode/robot-rover-2025/code/system/ros2/install/vehicle_interfaces/lib/python3.8/site-packages/vehicle_interfaces/msg/_ir_data.py\n'}
[38.070438] (vehicle_interfaces) StdoutLine: {'line': b'-- Installing: /home/ethanreynolds/vscode/robot-rover-2025/code/system/ros2/install/vehicle_interfaces/lib/python3.8/site-packages/vehicle_interfaces/msg/_control_data_s.c\n'}
[38.070662] (vehicle_interfaces) StdoutLine: {'line': b'-- Installing: /home/ethanreynolds/vscode/robot-rover-2025/code/system/ros2/install/vehicle_interfaces/lib/python3.8/site-packages/vehicle_interfaces/msg/_temperature_data.py\n'}
[38.070899] (vehicle_interfaces) StdoutLine: {'line': b'-- Installing: /home/ethanreynolds/vscode/robot-rover-2025/code/system/ros2/install/vehicle_interfaces/lib/python3.8/site-packages/vehicle_interfaces/msg/_ir_data_s.c\n'}
[38.071115] (vehicle_interfaces) StdoutLine: {'line': b'-- Installing: /home/ethanreynolds/vscode/robot-rover-2025/code/system/ros2/install/vehicle_interfaces/lib/python3.8/site-packages/vehicle_interfaces/msg/_ultrasonic_data.py\n'}
[38.071329] (vehicle_interfaces) StdoutLine: {'line': b'-- Installing: /home/ethanreynolds/vscode/robot-rover-2025/code/system/ros2/install/vehicle_interfaces/lib/python3.8/site-packages/vehicle_interfaces/msg/_gps_data_s.c\n'}
[38.071572] (vehicle_interfaces) StdoutLine: {'line': b'-- Installing: /home/ethanreynolds/vscode/robot-rover-2025/code/system/ros2/install/vehicle_interfaces/lib/python3.8/site-packages/vehicle_interfaces/msg/_encoder_data.py\n'}
[38.071786] (vehicle_interfaces) StdoutLine: {'line': b'-- Installing: /home/ethanreynolds/vscode/robot-rover-2025/code/system/ros2/install/vehicle_interfaces/lib/python3.8/site-packages/vehicle_interfaces/msg/__init__.py\n'}
[38.072017] (vehicle_interfaces) StdoutLine: {'line': b'-- Installing: /home/ethanreynolds/vscode/robot-rover-2025/code/system/ros2/install/vehicle_interfaces/lib/python3.8/site-packages/vehicle_interfaces/msg/_mpu_data.py\n'}
[38.072190] (vehicle_interfaces) StdoutLine: {'line': b'-- Installing: /home/ethanreynolds/vscode/robot-rover-2025/code/system/ros2/install/vehicle_interfaces/lib/python3.8/site-packages/vehicle_interfaces/msg/_temperature_data_s.c\n'}
[38.072363] (vehicle_interfaces) StdoutLine: {'line': b'-- Installing: /home/ethanreynolds/vscode/robot-rover-2025/code/system/ros2/install/vehicle_interfaces/lib/python3.8/site-packages/vehicle_interfaces/msg/_gps_data.py\n'}
[38.072591] (vehicle_interfaces) StdoutLine: {'line': b'-- Installing: /home/ethanreynolds/vscode/robot-rover-2025/code/system/ros2/install/vehicle_interfaces/lib/python3.8/site-packages/vehicle_interfaces/msg/_to_f_data.py\n'}
[38.072765] (vehicle_interfaces) StdoutLine: {'line': b'-- Installing: /home/ethanreynolds/vscode/robot-rover-2025/code/system/ros2/install/vehicle_interfaces/lib/python3.8/site-packages/vehicle_interfaces/msg/_control_data.py\n'}
[38.072938] (vehicle_interfaces) StdoutLine: {'line': b'-- Installing: /home/ethanreynolds/vscode/robot-rover-2025/code/system/ros2/install/vehicle_interfaces/lib/python3.8/site-packages/vehicle_interfaces/msg/_encoder_data_s.c\n'}
[38.073111] (vehicle_interfaces) StdoutLine: {'line': b'-- Installing: /home/ethanreynolds/vscode/robot-rover-2025/code/system/ros2/install/vehicle_interfaces/lib/python3.8/site-packages/vehicle_interfaces/msg/_mpu_data_s.c\n'}
[38.073326] (vehicle_interfaces) StdoutLine: {'line': b'-- Installing: /home/ethanreynolds/vscode/robot-rover-2025/code/system/ros2/install/vehicle_interfaces/lib/python3.8/site-packages/vehicle_interfaces/msg/_to_f_data_s.c\n'}
[38.073499] (vehicle_interfaces) StdoutLine: {'line': b'-- Installing: /home/ethanreynolds/vscode/robot-rover-2025/code/system/ros2/install/vehicle_interfaces/lib/python3.8/site-packages/vehicle_interfaces/msg/_sensor_data.py\n'}
[38.073724] (vehicle_interfaces) StdoutLine: {'line': b'-- Installing: /home/ethanreynolds/vscode/robot-rover-2025/code/system/ros2/install/vehicle_interfaces/lib/python3.8/site-packages/vehicle_interfaces/vehicle_interfaces_s__rosidl_typesupport_fastrtps_c.cpython-38-x86_64-linux-gnu.so\n'}
[38.073902] (vehicle_interfaces) StdoutLine: {'line': b'-- Set runtime path of "/home/ethanreynolds/vscode/robot-rover-2025/code/system/ros2/install/vehicle_interfaces/lib/python3.8/site-packages/vehicle_interfaces/vehicle_interfaces_s__rosidl_typesupport_fastrtps_c.cpython-38-x86_64-linux-gnu.so" to ""\n'}
[38.074076] (vehicle_interfaces) StdoutLine: {'line': b'-- Installing: /home/ethanreynolds/vscode/robot-rover-2025/code/system/ros2/install/vehicle_interfaces/lib/python3.8/site-packages/vehicle_interfaces/vehicle_interfaces_s__rosidl_typesupport_introspection_c.cpython-38-x86_64-linux-gnu.so\n'}
[38.074580] (vehicle_interfaces) StdoutLine: {'line': b'-- Set runtime path of "/home/ethanreynolds/vscode/robot-rover-2025/code/system/ros2/install/vehicle_interfaces/lib/python3.8/site-packages/vehicle_interfaces/vehicle_interfaces_s__rosidl_typesupport_introspection_c.cpython-38-x86_64-linux-gnu.so" to ""\n'}
[38.074944] (vehicle_interfaces) StdoutLine: {'line': b'-- Installing: /home/ethanreynolds/vscode/robot-rover-2025/code/system/ros2/install/vehicle_interfaces/lib/python3.8/site-packages/vehicle_interfaces/vehicle_interfaces_s__rosidl_typesupport_c.cpython-38-x86_64-linux-gnu.so\n'}
[38.075849] (vehicle_interfaces) StdoutLine: {'line': b'-- Set runtime path of "/home/ethanreynolds/vscode/robot-rover-2025/code/system/ros2/install/vehicle_interfaces/lib/python3.8/site-packages/vehicle_interfaces/vehicle_interfaces_s__rosidl_typesupport_c.cpython-38-x86_64-linux-gnu.so" to ""\n'}
[38.076107] (vehicle_interfaces) StdoutLine: {'line': b'-- Installing: /home/ethanreynolds/vscode/robot-rover-2025/code/system/ros2/install/vehicle_interfaces/lib/libvehicle_interfaces__python.so\n'}
[38.076961] (vehicle_interfaces) StdoutLine: {'line': b'-- Set runtime path of "/home/ethanreynolds/vscode/robot-rover-2025/code/system/ros2/install/vehicle_interfaces/lib/libvehicle_interfaces__python.so" to ""\n'}
[38.077216] (vehicle_interfaces) StdoutLine: {'line': b'-- Installing: /home/ethanreynolds/vscode/robot-rover-2025/code/system/ros2/install/vehicle_interfaces/share/vehicle_interfaces/srv/GetSerialPort.idl\n'}
[38.077483] (vehicle_interfaces) StdoutLine: {'line': b'-- Installing: /home/ethanreynolds/vscode/robot-rover-2025/code/system/ros2/install/vehicle_interfaces/share/vehicle_interfaces/srv/ResetSerialPort.idl\n'}
[38.077755] (vehicle_interfaces) StdoutLine: {'line': b'-- Installing: /home/ethanreynolds/vscode/robot-rover-2025/code/system/ros2/install/vehicle_interfaces/share/vehicle_interfaces/srv/GetSerialDeviceStatus.idl\n'}
[38.078070] (vehicle_interfaces) StdoutLine: {'line': b'-- Installing: /home/ethanreynolds/vscode/robot-rover-2025/code/system/ros2/install/vehicle_interfaces/share/vehicle_interfaces/msg/SensorData.idl\n'}
[38.078355] (vehicle_interfaces) StdoutLine: {'line': b'-- Installing: /home/ethanreynolds/vscode/robot-rover-2025/code/system/ros2/install/vehicle_interfaces/share/vehicle_interfaces/msg/ControlData.idl\n'}
[38.078660] (vehicle_interfaces) StdoutLine: {'line': b'-- Installing: /home/ethanreynolds/vscode/robot-rover-2025/code/system/ros2/install/vehicle_interfaces/share/vehicle_interfaces/msg/EncoderData.idl\n'}
[38.078905] (vehicle_interfaces) StdoutLine: {'line': b'-- Installing: /home/ethanreynolds/vscode/robot-rover-2025/code/system/ros2/install/vehicle_interfaces/share/vehicle_interfaces/msg/GPSData.idl\n'}
[38.079145] (vehicle_interfaces) StdoutLine: {'line': b'-- Installing: /home/ethanreynolds/vscode/robot-rover-2025/code/system/ros2/install/vehicle_interfaces/share/vehicle_interfaces/msg/IRData.idl\n'}
[38.079405] (vehicle_interfaces) StdoutLine: {'line': b'-- Installing: /home/ethanreynolds/vscode/robot-rover-2025/code/system/ros2/install/vehicle_interfaces/share/vehicle_interfaces/msg/MPUData.idl\n'}
[38.079644] (vehicle_interfaces) StdoutLine: {'line': b'-- Installing: /home/ethanreynolds/vscode/robot-rover-2025/code/system/ros2/install/vehicle_interfaces/share/vehicle_interfaces/msg/QMCData.idl\n'}
[38.079882] (vehicle_interfaces) StdoutLine: {'line': b'-- Installing: /home/ethanreynolds/vscode/robot-rover-2025/code/system/ros2/install/vehicle_interfaces/share/vehicle_interfaces/msg/TemperatureData.idl\n'}
[38.080122] (vehicle_interfaces) StdoutLine: {'line': b'-- Installing: /home/ethanreynolds/vscode/robot-rover-2025/code/system/ros2/install/vehicle_interfaces/share/vehicle_interfaces/msg/ToFData.idl\n'}
[38.080365] (vehicle_interfaces) StdoutLine: {'line': b'-- Installing: /home/ethanreynolds/vscode/robot-rover-2025/code/system/ros2/install/vehicle_interfaces/share/vehicle_interfaces/msg/UltrasonicData.idl\n'}
[38.080602] (vehicle_interfaces) StdoutLine: {'line': b'-- Installing: /home/ethanreynolds/vscode/robot-rover-2025/code/system/ros2/install/vehicle_interfaces/share/vehicle_interfaces/srv/GetSerialPort.srv\n'}
[38.080837] (vehicle_interfaces) StdoutLine: {'line': b'-- Installing: /home/ethanreynolds/vscode/robot-rover-2025/code/system/ros2/install/vehicle_interfaces/share/vehicle_interfaces/srv/GetSerialPort_Request.msg\n'}
[38.081075] (vehicle_interfaces) StdoutLine: {'line': b'-- Installing: /home/ethanreynolds/vscode/robot-rover-2025/code/system/ros2/install/vehicle_interfaces/share/vehicle_interfaces/srv/GetSerialPort_Response.msg\n'}
[38.081312] (vehicle_interfaces) StdoutLine: {'line': b'-- Installing: /home/ethanreynolds/vscode/robot-rover-2025/code/system/ros2/install/vehicle_interfaces/share/vehicle_interfaces/srv/ResetSerialPort.srv\n'}
[38.081551] (vehicle_interfaces) StdoutLine: {'line': b'-- Installing: /home/ethanreynolds/vscode/robot-rover-2025/code/system/ros2/install/vehicle_interfaces/share/vehicle_interfaces/srv/ResetSerialPort_Request.msg\n'}
[38.081788] (vehicle_interfaces) StdoutLine: {'line': b'-- Installing: /home/ethanreynolds/vscode/robot-rover-2025/code/system/ros2/install/vehicle_interfaces/share/vehicle_interfaces/srv/ResetSerialPort_Response.msg\n'}
[38.082025] (vehicle_interfaces) StdoutLine: {'line': b'-- Installing: /home/ethanreynolds/vscode/robot-rover-2025/code/system/ros2/install/vehicle_interfaces/share/vehicle_interfaces/srv/GetSerialDeviceStatus.srv\n'}
[38.082258] (vehicle_interfaces) StdoutLine: {'line': b'-- Installing: /home/ethanreynolds/vscode/robot-rover-2025/code/system/ros2/install/vehicle_interfaces/share/vehicle_interfaces/srv/GetSerialDeviceStatus_Request.msg\n'}
[38.082523] (vehicle_interfaces) StdoutLine: {'line': b'-- Installing: /home/ethanreynolds/vscode/robot-rover-2025/code/system/ros2/install/vehicle_interfaces/share/vehicle_interfaces/srv/GetSerialDeviceStatus_Response.msg\n'}
[38.082765] (vehicle_interfaces) StdoutLine: {'line': b'-- Installing: /home/ethanreynolds/vscode/robot-rover-2025/code/system/ros2/install/vehicle_interfaces/share/vehicle_interfaces/msg/SensorData.msg\n'}
[38.083007] (vehicle_interfaces) StdoutLine: {'line': b'-- Installing: /home/ethanreynolds/vscode/robot-rover-2025/code/system/ros2/install/vehicle_interfaces/share/vehicle_interfaces/msg/ControlData.msg\n'}
[38.083248] (vehicle_interfaces) StdoutLine: {'line': b'-- Installing: /home/ethanreynolds/vscode/robot-rover-2025/code/system/ros2/install/vehicle_interfaces/share/vehicle_interfaces/msg/EncoderData.msg\n'}
[38.083511] (vehicle_interfaces) StdoutLine: {'line': b'-- Installing: /home/ethanreynolds/vscode/robot-rover-2025/code/system/ros2/install/vehicle_interfaces/share/vehicle_interfaces/msg/GPSData.msg\n'}
[38.083747] (vehicle_interfaces) StdoutLine: {'line': b'-- Installing: /home/ethanreynolds/vscode/robot-rover-2025/code/system/ros2/install/vehicle_interfaces/share/vehicle_interfaces/msg/IRData.msg\n'}
[38.083984] (vehicle_interfaces) StdoutLine: {'line': b'-- Installing: /home/ethanreynolds/vscode/robot-rover-2025/code/system/ros2/install/vehicle_interfaces/share/vehicle_interfaces/msg/MPUData.msg\n'}
[38.084233] (vehicle_interfaces) StdoutLine: {'line': b'-- Installing: /home/ethanreynolds/vscode/robot-rover-2025/code/system/ros2/install/vehicle_interfaces/share/vehicle_interfaces/msg/QMCData.msg\n'}
[38.084469] (vehicle_interfaces) StdoutLine: {'line': b'-- Installing: /home/ethanreynolds/vscode/robot-rover-2025/code/system/ros2/install/vehicle_interfaces/share/vehicle_interfaces/msg/TemperatureData.msg\n'}
[38.084702] (vehicle_interfaces) StdoutLine: {'line': b'-- Installing: /home/ethanreynolds/vscode/robot-rover-2025/code/system/ros2/install/vehicle_interfaces/share/vehicle_interfaces/msg/ToFData.msg\n'}
[38.084938] (vehicle_interfaces) StdoutLine: {'line': b'-- Installing: /home/ethanreynolds/vscode/robot-rover-2025/code/system/ros2/install/vehicle_interfaces/share/vehicle_interfaces/msg/UltrasonicData.msg\n'}
[38.085244] (vehicle_interfaces) StdoutLine: {'line': b'-- Installing: /home/ethanreynolds/vscode/robot-rover-2025/code/system/ros2/install/vehicle_interfaces/share/ament_index/resource_index/package_run_dependencies/vehicle_interfaces\n'}
[38.085549] (vehicle_interfaces) StdoutLine: {'line': b'-- Installing: /home/ethanreynolds/vscode/robot-rover-2025/code/system/ros2/install/vehicle_interfaces/share/ament_index/resource_index/parent_prefix_path/vehicle_interfaces\n'}
[38.085804] (vehicle_interfaces) StdoutLine: {'line': b'-- Installing: /home/ethanreynolds/vscode/robot-rover-2025/code/system/ros2/install/vehicle_interfaces/share/vehicle_interfaces/environment/ament_prefix_path.sh\n'}
[38.086042] (vehicle_interfaces) StdoutLine: {'line': b'-- Installing: /home/ethanreynolds/vscode/robot-rover-2025/code/system/ros2/install/vehicle_interfaces/share/vehicle_interfaces/environment/ament_prefix_path.dsv\n'}
[38.086283] (vehicle_interfaces) StdoutLine: {'line': b'-- Installing: /home/ethanreynolds/vscode/robot-rover-2025/code/system/ros2/install/vehicle_interfaces/share/vehicle_interfaces/environment/path.sh\n'}
[38.086558] (vehicle_interfaces) StdoutLine: {'line': b'-- Installing: /home/ethanreynolds/vscode/robot-rover-2025/code/system/ros2/install/vehicle_interfaces/share/vehicle_interfaces/environment/path.dsv\n'}
[38.086801] (vehicle_interfaces) StdoutLine: {'line': b'-- Installing: /home/ethanreynolds/vscode/robot-rover-2025/code/system/ros2/install/vehicle_interfaces/share/vehicle_interfaces/local_setup.bash\n'}
[38.087037] (vehicle_interfaces) StdoutLine: {'line': b'-- Installing: /home/ethanreynolds/vscode/robot-rover-2025/code/system/ros2/install/vehicle_interfaces/share/vehicle_interfaces/local_setup.sh\n'}
[38.087272] (vehicle_interfaces) StdoutLine: {'line': b'-- Installing: /home/ethanreynolds/vscode/robot-rover-2025/code/system/ros2/install/vehicle_interfaces/share/vehicle_interfaces/local_setup.zsh\n'}
[38.087509] (vehicle_interfaces) StdoutLine: {'line': b'-- Installing: /home/ethanreynolds/vscode/robot-rover-2025/code/system/ros2/install/vehicle_interfaces/share/vehicle_interfaces/local_setup.dsv\n'}
[38.087752] (vehicle_interfaces) StdoutLine: {'line': b'-- Installing: /home/ethanreynolds/vscode/robot-rover-2025/code/system/ros2/install/vehicle_interfaces/share/vehicle_interfaces/package.dsv\n'}
[38.088041] (vehicle_interfaces) StdoutLine: {'line': b'-- Installing: /home/ethanreynolds/vscode/robot-rover-2025/code/system/ros2/install/vehicle_interfaces/share/ament_index/resource_index/packages/vehicle_interfaces\n'}
[38.088395] (vehicle_interfaces) StdoutLine: {'line': b'-- Installing: /home/ethanreynolds/vscode/robot-rover-2025/code/system/ros2/install/vehicle_interfaces/share/vehicle_interfaces/cmake/vehicle_interfaces__rosidl_generator_cExport.cmake\n'}
[38.088658] (vehicle_interfaces) StdoutLine: {'line': b'-- Installing: /home/ethanreynolds/vscode/robot-rover-2025/code/system/ros2/install/vehicle_interfaces/share/vehicle_interfaces/cmake/vehicle_interfaces__rosidl_generator_cExport-noconfig.cmake\n'}
[38.088996] (vehicle_interfaces) StdoutLine: {'line': b'-- Installing: /home/ethanreynolds/vscode/robot-rover-2025/code/system/ros2/install/vehicle_interfaces/share/vehicle_interfaces/cmake/vehicle_interfaces__rosidl_typesupport_introspection_cExport.cmake\n'}
[38.089243] (vehicle_interfaces) StdoutLine: {'line': b'-- Installing: /home/ethanreynolds/vscode/robot-rover-2025/code/system/ros2/install/vehicle_interfaces/share/vehicle_interfaces/cmake/vehicle_interfaces__rosidl_typesupport_introspection_cExport-noconfig.cmake\n'}
[38.089568] (vehicle_interfaces) StdoutLine: {'line': b'-- Installing: /home/ethanreynolds/vscode/robot-rover-2025/code/system/ros2/install/vehicle_interfaces/share/vehicle_interfaces/cmake/vehicle_interfaces__rosidl_typesupport_cExport.cmake\n'}
[38.089833] (vehicle_interfaces) StdoutLine: {'line': b'-- Installing: /home/ethanreynolds/vscode/robot-rover-2025/code/system/ros2/install/vehicle_interfaces/share/vehicle_interfaces/cmake/vehicle_interfaces__rosidl_typesupport_cExport-noconfig.cmake\n'}
[38.090149] (vehicle_interfaces) StdoutLine: {'line': b'-- Installing: /home/ethanreynolds/vscode/robot-rover-2025/code/system/ros2/install/vehicle_interfaces/share/vehicle_interfaces/cmake/vehicle_interfaces__rosidl_generator_cppExport.cmake\n'}
[38.090554] (vehicle_interfaces) StdoutLine: {'line': b'-- Installing: /home/ethanreynolds/vscode/robot-rover-2025/code/system/ros2/install/vehicle_interfaces/share/vehicle_interfaces/cmake/vehicle_interfaces__rosidl_typesupport_introspection_cppExport.cmake\n'}
[38.090823] (vehicle_interfaces) StdoutLine: {'line': b'-- Installing: /home/ethanreynolds/vscode/robot-rover-2025/code/system/ros2/install/vehicle_interfaces/share/vehicle_interfaces/cmake/vehicle_interfaces__rosidl_typesupport_introspection_cppExport-noconfig.cmake\n'}
[38.091151] (vehicle_interfaces) StdoutLine: {'line': b'-- Installing: /home/ethanreynolds/vscode/robot-rover-2025/code/system/ros2/install/vehicle_interfaces/share/vehicle_interfaces/cmake/vehicle_interfaces__rosidl_typesupport_cppExport.cmake\n'}
[38.091409] (vehicle_interfaces) StdoutLine: {'line': b'-- Installing: /home/ethanreynolds/vscode/robot-rover-2025/code/system/ros2/install/vehicle_interfaces/share/vehicle_interfaces/cmake/vehicle_interfaces__rosidl_typesupport_cppExport-noconfig.cmake\n'}
[38.091660] (vehicle_interfaces) StdoutLine: {'line': b'-- Installing: /home/ethanreynolds/vscode/robot-rover-2025/code/system/ros2/install/vehicle_interfaces/share/vehicle_interfaces/cmake/rosidl_cmake-extras.cmake\n'}
[38.091918] (vehicle_interfaces) StdoutLine: {'line': b'-- Installing: /home/ethanreynolds/vscode/robot-rover-2025/code/system/ros2/install/vehicle_interfaces/share/vehicle_interfaces/cmake/ament_cmake_export_dependencies-extras.cmake\n'}
[38.092159] (vehicle_interfaces) StdoutLine: {'line': b'-- Installing: /home/ethanreynolds/vscode/robot-rover-2025/code/system/ros2/install/vehicle_interfaces/share/vehicle_interfaces/cmake/ament_cmake_export_libraries-extras.cmake\n'}
[38.092406] (vehicle_interfaces) StdoutLine: {'line': b'-- Installing: /home/ethanreynolds/vscode/robot-rover-2025/code/system/ros2/install/vehicle_interfaces/share/vehicle_interfaces/cmake/ament_cmake_export_targets-extras.cmake\n'}
[38.092640] (vehicle_interfaces) StdoutLine: {'line': b'-- Installing: /home/ethanreynolds/vscode/robot-rover-2025/code/system/ros2/install/vehicle_interfaces/share/vehicle_interfaces/cmake/ament_cmake_export_include_directories-extras.cmake\n'}
[38.092887] (vehicle_interfaces) StdoutLine: {'line': b'-- Installing: /home/ethanreynolds/vscode/robot-rover-2025/code/system/ros2/install/vehicle_interfaces/share/vehicle_interfaces/cmake/rosidl_cmake_export_typesupport_libraries-extras.cmake\n'}
[38.093139] (vehicle_interfaces) StdoutLine: {'line': b'-- Installing: /home/ethanreynolds/vscode/robot-rover-2025/code/system/ros2/install/vehicle_interfaces/share/vehicle_interfaces/cmake/rosidl_cmake_export_typesupport_targets-extras.cmake\n'}
[38.093380] (vehicle_interfaces) StdoutLine: {'line': b'-- Installing: /home/ethanreynolds/vscode/robot-rover-2025/code/system/ros2/install/vehicle_interfaces/share/vehicle_interfaces/cmake/vehicle_interfacesConfig.cmake\n'}
[38.093615] (vehicle_interfaces) StdoutLine: {'line': b'-- Installing: /home/ethanreynolds/vscode/robot-rover-2025/code/system/ros2/install/vehicle_interfaces/share/vehicle_interfaces/cmake/vehicle_interfacesConfig-version.cmake\n'}
[38.093826] (vehicle_interfaces) StdoutLine: {'line': b'-- Installing: /home/ethanreynolds/vscode/robot-rover-2025/code/system/ros2/install/vehicle_interfaces/share/vehicle_interfaces/package.xml\n'}
[38.096863] (vehicle_interfaces) CommandEnded: {'returncode': 0}
[38.106381] (-) TimerEvent: {}
[38.127348] (vehicle_interfaces) JobEnded: {'identifier': 'vehicle_interfaces', 'rc': 0}
[38.128793] (-) EventReactorShutdown: {}
