[0.000000] (-) TimerEvent: {}
[0.000160] (-) JobUnselected: {'identifier': 'vehicle_navigation'}
[0.000222] (-) JobUnselected: {'identifier': 'vehicle_networking'}
[0.000571] (-) JobUnselected: {'identifier': 'vehicle_simulation'}
[0.001036] (-) JobUnselected: {'identifier': 'vehicle_string_converter'}
[0.001321] (vehicle_interfaces) JobQueued: {'identifier': 'vehicle_interfaces', 'dependencies': OrderedDict()}
[0.001737] (vehicle_interfaces) JobStarted: {'identifier': 'vehicle_interfaces'}
[0.031622] (vehicle_interfaces) JobProgress: {'identifier': 'vehicle_interfaces', 'progress': 'cmake'}
[0.033382] (vehicle_interfaces) JobProgress: {'identifier': 'vehicle_interfaces', 'progress': 'build'}
[0.034412] (vehicle_interfaces) Command: {'cmd': ['/usr/bin/cmake', '--build', '/root/build/vehicle_interfaces', '--', '-j4', '-l4'], 'cwd': '/root/build/vehicle_interfaces', 'env': OrderedDict([('HOSTNAME', '2a33c685da1f'), ('SHLVL', '1'), ('LD_LIBRARY_PATH', '/root/install/vehicle_interfaces/lib:/opt/ros/foxy/opt/yaml_cpp_vendor/lib:/opt/ros/foxy/opt/rviz_ogre_vendor/lib:/opt/ros/foxy/lib/x86_64-linux-gnu:/opt/ros/foxy/lib'), ('HOME', '/root'), ('OLDPWD', '/'), ('ROS_PYTHON_VERSION', '3'), ('COLCON_PREFIX_PATH', '/root/install'), ('ROS_DISTRO', 'foxy'), ('_', '/usr/bin/colcon'), ('ROS_VERSION', '2'), ('TERM', 'xterm'), ('ROS_LOCALHOST_ONLY', '0'), ('QT_X11_NO_MITSHM', '1'), ('PATH', '/opt/ros/foxy/bin:/usr/local/sbin:/usr/local/bin:/usr/sbin:/usr/bin:/sbin:/bin'), ('DISPLAY', ':0.0'), ('LANG', 'C.UTF-8'), ('AMENT_PREFIX_PATH', '/root/install/vehicle_interfaces:/root/install/vehicle_string_converter:/root/install/vehicle_simulation:/opt/ros/foxy'), ('DEBIAN_FRONTEND', 'noninteractive'), ('PWD', '/root/build/vehicle_interfaces'), ('LC_ALL', 'C.UTF-8'), ('PYTHONPATH', '/root/install/vehicle_interfaces/lib/python3.8/site-packages:/root/install/vehicle_string_converter/lib/python3.8/site-packages:/root/install/vehicle_simulation/lib/python3.8/site-packages:/opt/ros/foxy/lib/python3.8/site-packages'), ('COLCON', '1'), ('CMAKE_PREFIX_PATH', '/root/install/vehicle_interfaces:/root/install/vehicle_string_converter:/root/install/vehicle_simulation:/opt/ros/foxy')]), 'shell': False}
[0.099744] (-) TimerEvent: {}
[0.171254] (vehicle_interfaces) StdoutLine: {'line': b'-- Found ament_cmake: 0.9.12 (/opt/ros/foxy/share/ament_cmake/cmake)\n'}
[0.199825] (-) TimerEvent: {}
[0.208411] (vehicle_interfaces) StdoutLine: {'line': b'-- Found PythonInterp: /usr/bin/python3 (found suitable version "3.8.10", minimum required is "3") \n'}
[0.208675] (vehicle_interfaces) StdoutLine: {'line': b'-- Using PYTHON_EXECUTABLE: /usr/bin/python3\n'}
[0.299928] (-) TimerEvent: {}
[0.400290] (-) TimerEvent: {}
[0.472691] (vehicle_interfaces) StdoutLine: {'line': b'-- Found rosidl_default_generators: 1.0.1 (/opt/ros/foxy/share/rosidl_default_generators/cmake)\n'}
[0.478153] (vehicle_interfaces) StdoutLine: {'line': b'-- Using all available rosidl_typesupport_c: rosidl_typesupport_fastrtps_c;rosidl_typesupport_introspection_c\n'}
[0.484284] (vehicle_interfaces) StdoutLine: {'line': b'-- Found rosidl_adapter: 1.3.1 (/opt/ros/foxy/share/rosidl_adapter/cmake)\n'}
[0.500412] (-) TimerEvent: {}
[0.600785] (-) TimerEvent: {}
[0.701077] (-) TimerEvent: {}
[0.732080] (vehicle_interfaces) StdoutLine: {'line': b'-- Using all available rosidl_typesupport_cpp: rosidl_typesupport_fastrtps_cpp;rosidl_typesupport_introspection_cpp\n'}
[0.767138] (vehicle_interfaces) StdoutLine: {'line': b'-- Found std_msgs: 2.0.5 (/opt/ros/foxy/share/std_msgs/cmake)\n'}
[0.801185] (-) TimerEvent: {}
[0.812296] (vehicle_interfaces) StdoutLine: {'line': b'-- Found sensor_msgs: 2.0.5 (/opt/ros/foxy/share/sensor_msgs/cmake)\n'}
[0.901313] (-) TimerEvent: {}
[1.001786] (-) TimerEvent: {}
[1.020796] (vehicle_interfaces) StdoutLine: {'line': b'-- Found PythonInterp: /usr/bin/python3 (found version "3.8.10") \n'}
[1.101888] (-) TimerEvent: {}
[1.202278] (-) TimerEvent: {}
[1.302687] (-) TimerEvent: {}
[1.403032] (-) TimerEvent: {}
[1.449929] (vehicle_interfaces) StdoutLine: {'line': b'-- Found ament_cmake_ros: 0.9.2 (/opt/ros/foxy/share/ament_cmake_ros/cmake)\n'}
[1.503155] (-) TimerEvent: {}
[1.603549] (-) TimerEvent: {}
[1.703846] (-) TimerEvent: {}
[1.804168] (-) TimerEvent: {}
[1.904464] (-) TimerEvent: {}
[1.938294] (vehicle_interfaces) StdoutLine: {'line': b'-- Using all available rosidl_typesupport_c: rosidl_typesupport_fastrtps_c;rosidl_typesupport_introspection_c\n'}
[2.004574] (-) TimerEvent: {}
[2.104865] (-) TimerEvent: {}
[2.183776] (vehicle_interfaces) StdoutLine: {'line': b'-- Using all available rosidl_typesupport_cpp: rosidl_typesupport_fastrtps_cpp;rosidl_typesupport_introspection_cpp\n'}
[2.204976] (-) TimerEvent: {}
[2.225289] (vehicle_interfaces) StdoutLine: {'line': b'-- Found PythonInterp: /usr/bin/python3 (found suitable version "3.8.10", minimum required is "3.5") \n'}
[2.226266] (vehicle_interfaces) StdoutLine: {'line': b'-- Found python_cmake_module: 0.8.1 (/opt/ros/foxy/share/python_cmake_module/cmake)\n'}
[2.268539] (vehicle_interfaces) StdoutLine: {'line': b'-- Using PYTHON_EXECUTABLE: /usr/bin/python3\n'}
[2.270151] (vehicle_interfaces) StdoutLine: {'line': b'-- Using PYTHON_INCLUDE_DIRS: /usr/include/python3.8\n'}
[2.270506] (vehicle_interfaces) StdoutLine: {'line': b'-- Using PYTHON_LIBRARIES: /usr/lib/x86_64-linux-gnu/libpython3.8.so\n'}
[2.305100] (-) TimerEvent: {}
[2.400788] (vehicle_interfaces) StdoutLine: {'line': b'-- Found ament_lint_auto: 0.9.8 (/opt/ros/foxy/share/ament_lint_auto/cmake)\n'}
[2.405242] (-) TimerEvent: {}
[2.431941] (vehicle_interfaces) StdoutLine: {'line': b"-- Added test 'copyright' to check source files copyright and LICENSE\n"}
[2.438189] (vehicle_interfaces) StdoutLine: {'line': b"-- Added test 'lint_cmake' to check CMake code style\n"}
[2.440894] (vehicle_interfaces) StdoutLine: {'line': b"-- Added test 'xmllint' to check XML markup files\n"}
[2.450330] (vehicle_interfaces) StdoutLine: {'line': b'-- Configuring done\n'}
[2.513222] (-) TimerEvent: {}
[2.613690] (-) TimerEvent: {}
[2.714704] (-) TimerEvent: {}
[2.716939] (vehicle_interfaces) StdoutLine: {'line': b'-- Generating done\n'}
[2.724983] (vehicle_interfaces) StdoutLine: {'line': b'-- Build files have been written to: /root/build/vehicle_interfaces\n'}
[2.798068] (vehicle_interfaces) StdoutLine: {'line': b'[  1%] \x1b[34m\x1b[1mGenerating C code for ROS interfaces\x1b[0m\n'}
[2.814837] (-) TimerEvent: {}
[2.822858] (vehicle_interfaces) StdoutLine: {'line': b'[  1%] \x1b[34m\x1b[1mGenerating C++ code for ROS interfaces\x1b[0m\n'}
[2.919875] (-) TimerEvent: {}
[3.030571] (-) TimerEvent: {}
[3.130966] (-) TimerEvent: {}
[3.233867] (-) TimerEvent: {}
[3.334251] (-) TimerEvent: {}
[3.435295] (-) TimerEvent: {}
[3.535955] (-) TimerEvent: {}
[3.637316] (-) TimerEvent: {}
[3.738535] (-) TimerEvent: {}
[3.841307] (-) TimerEvent: {}
[3.941694] (-) TimerEvent: {}
[4.042134] (-) TimerEvent: {}
[4.142533] (-) TimerEvent: {}
[4.243212] (-) TimerEvent: {}
[4.344033] (-) TimerEvent: {}
[4.444737] (-) TimerEvent: {}
[4.545381] (-) TimerEvent: {}
[4.647304] (-) TimerEvent: {}
[4.750256] (-) TimerEvent: {}
[4.851190] (-) TimerEvent: {}
[4.951578] (-) TimerEvent: {}
[5.052219] (-) TimerEvent: {}
[5.152799] (-) TimerEvent: {}
[5.253125] (-) TimerEvent: {}
[5.354289] (-) TimerEvent: {}
[5.455341] (-) TimerEvent: {}
[5.555725] (-) TimerEvent: {}
[5.657353] (-) TimerEvent: {}
[5.758264] (-) TimerEvent: {}
[5.858830] (-) TimerEvent: {}
[5.959516] (-) TimerEvent: {}
[6.060967] (-) TimerEvent: {}
[6.127895] (vehicle_interfaces) StdoutLine: {'line': b'[  1%] Built target vehicle_interfaces__cpp\n'}
[6.162241] (-) TimerEvent: {}
[6.185316] (vehicle_interfaces) StdoutLine: {'line': b'[  2%] \x1b[34m\x1b[1mGenerating C++ type support dispatch for ROS interfaces\x1b[0m\n'}
[6.200413] (vehicle_interfaces) StdoutLine: {'line': b'[  3%] \x1b[34m\x1b[1mGenerating C++ type support for eProsima Fast-RTPS\x1b[0m\n'}
[6.246569] (vehicle_interfaces) StdoutLine: {'line': b'[  3%] \x1b[34m\x1b[1mGenerating C++ introspection for ROS interfaces\x1b[0m\n'}
[6.257323] (vehicle_interfaces) StdoutLine: {'line': b'\x1b[35m\x1b[1mScanning dependencies of target vehicle_interfaces__rosidl_generator_c\x1b[0m\n'}
[6.264307] (-) TimerEvent: {}
[6.355391] (vehicle_interfaces) StdoutLine: {'line': b'[  4%] \x1b[32mBuilding C object CMakeFiles/vehicle_interfaces__rosidl_generator_c.dir/rosidl_generator_c/vehicle_interfaces/srv/detail/get_serial_port__functions.c.o\x1b[0m\n'}
[6.364405] (-) TimerEvent: {}
[6.465057] (-) TimerEvent: {}
[6.567428] (-) TimerEvent: {}
[6.650844] (vehicle_interfaces) StdoutLine: {'line': b'[  4%] \x1b[32mBuilding C object CMakeFiles/vehicle_interfaces__rosidl_generator_c.dir/rosidl_generator_c/vehicle_interfaces/srv/detail/reset_serial_port__functions.c.o\x1b[0m\n'}
[6.667535] (-) TimerEvent: {}
[6.768191] (-) TimerEvent: {}
[6.830067] (vehicle_interfaces) StdoutLine: {'line': b'[  5%] \x1b[32mBuilding C object CMakeFiles/vehicle_interfaces__rosidl_generator_c.dir/rosidl_generator_c/vehicle_interfaces/srv/detail/get_device_status__functions.c.o\x1b[0m\n'}
[6.869286] (-) TimerEvent: {}
[6.970031] (-) TimerEvent: {}
[7.004083] (vehicle_interfaces) StdoutLine: {'line': b'[  6%] \x1b[32mBuilding C object CMakeFiles/vehicle_interfaces__rosidl_generator_c.dir/rosidl_generator_c/vehicle_interfaces/msg/detail/sensor_data__functions.c.o\x1b[0m\n'}
[7.071471] (-) TimerEvent: {}
[7.152848] (vehicle_interfaces) StdoutLine: {'line': b'[  7%] \x1b[32mBuilding C object CMakeFiles/vehicle_interfaces__rosidl_generator_c.dir/rosidl_generator_c/vehicle_interfaces/msg/detail/control_data__functions.c.o\x1b[0m\n'}
[7.171576] (-) TimerEvent: {}
[7.268664] (vehicle_interfaces) StdoutLine: {'line': b'[  8%] \x1b[32mBuilding C object CMakeFiles/vehicle_interfaces__rosidl_generator_c.dir/rosidl_generator_c/vehicle_interfaces/msg/detail/encoder_data__functions.c.o\x1b[0m\n'}
[7.273725] (-) TimerEvent: {}
[7.374366] (-) TimerEvent: {}
[7.399873] (vehicle_interfaces) StdoutLine: {'line': b'[  8%] \x1b[32mBuilding C object CMakeFiles/vehicle_interfaces__rosidl_generator_c.dir/rosidl_generator_c/vehicle_interfaces/msg/detail/gps_data__functions.c.o\x1b[0m\n'}
[7.474475] (-) TimerEvent: {}
[7.500463] (vehicle_interfaces) StdoutLine: {'line': b'[  9%] \x1b[32mBuilding C object CMakeFiles/vehicle_interfaces__rosidl_generator_c.dir/rosidl_generator_c/vehicle_interfaces/msg/detail/ir_data__functions.c.o\x1b[0m\n'}
[7.574923] (-) TimerEvent: {}
[7.617534] (vehicle_interfaces) StdoutLine: {'line': b'[ 10%] \x1b[32mBuilding C object CMakeFiles/vehicle_interfaces__rosidl_generator_c.dir/rosidl_generator_c/vehicle_interfaces/msg/detail/mpu_data__functions.c.o\x1b[0m\n'}
[7.675030] (-) TimerEvent: {}
[7.771294] (vehicle_interfaces) StdoutLine: {'line': b'[ 11%] \x1b[32mBuilding C object CMakeFiles/vehicle_interfaces__rosidl_generator_c.dir/rosidl_generator_c/vehicle_interfaces/msg/detail/qmc_data__functions.c.o\x1b[0m\n'}
[7.775130] (-) TimerEvent: {}
[7.875826] (-) TimerEvent: {}
[7.894528] (vehicle_interfaces) StdoutLine: {'line': b'[ 12%] \x1b[32mBuilding C object CMakeFiles/vehicle_interfaces__rosidl_generator_c.dir/rosidl_generator_c/vehicle_interfaces/msg/detail/temperature_data__functions.c.o\x1b[0m\n'}
[7.975948] (-) TimerEvent: {}
[8.039051] (vehicle_interfaces) StdoutLine: {'line': b'[ 12%] \x1b[32mBuilding C object CMakeFiles/vehicle_interfaces__rosidl_generator_c.dir/rosidl_generator_c/vehicle_interfaces/msg/detail/to_f_data__functions.c.o\x1b[0m\n'}
[8.076057] (-) TimerEvent: {}
[8.143731] (vehicle_interfaces) StdoutLine: {'line': b'[ 13%] \x1b[32mBuilding C object CMakeFiles/vehicle_interfaces__rosidl_generator_c.dir/rosidl_generator_c/vehicle_interfaces/msg/detail/ultrasonic_data__functions.c.o\x1b[0m\n'}
[8.176165] (-) TimerEvent: {}
[8.258117] (vehicle_interfaces) StdoutLine: {'line': b'[ 14%] \x1b[32m\x1b[1mLinking C shared library libvehicle_interfaces__rosidl_generator_c.so\x1b[0m\n'}
[8.276309] (-) TimerEvent: {}
[8.377629] (-) TimerEvent: {}
[8.459017] (vehicle_interfaces) StdoutLine: {'line': b'[ 14%] Built target vehicle_interfaces__rosidl_generator_c\n'}
[8.477736] (-) TimerEvent: {}
[8.493116] (vehicle_interfaces) StdoutLine: {'line': b'[ 15%] \x1b[34m\x1b[1mGenerating C introspection for ROS interfaces\x1b[0m\n'}
[8.577837] (-) TimerEvent: {}
[8.678546] (-) TimerEvent: {}
[8.855297] (-) TimerEvent: {}
[8.971270] (-) TimerEvent: {}
[9.071988] (-) TimerEvent: {}
[9.172614] (-) TimerEvent: {}
[9.273343] (-) TimerEvent: {}
[9.351413] (vehicle_interfaces) StdoutLine: {'line': b'\x1b[35m\x1b[1mScanning dependencies of target vehicle_interfaces__rosidl_typesupport_cpp\x1b[0m\n'}
[9.373455] (-) TimerEvent: {}
[9.440382] (vehicle_interfaces) StdoutLine: {'line': b'[ 16%] \x1b[32mBuilding CXX object CMakeFiles/vehicle_interfaces__rosidl_typesupport_cpp.dir/rosidl_typesupport_cpp/vehicle_interfaces/srv/get_serial_port__type_support.cpp.o\x1b[0m\n'}
[9.473977] (-) TimerEvent: {}
[9.579321] (-) TimerEvent: {}
[9.679765] (-) TimerEvent: {}
[9.780177] (-) TimerEvent: {}
[9.880616] (-) TimerEvent: {}
[9.981019] (-) TimerEvent: {}
[10.081430] (-) TimerEvent: {}
[10.181840] (-) TimerEvent: {}
[10.282263] (-) TimerEvent: {}
[10.295051] (vehicle_interfaces) StdoutLine: {'line': b'\x1b[35m\x1b[1mScanning dependencies of target vehicle_interfaces__rosidl_typesupport_introspection_cpp\x1b[0m\n'}
[10.387309] (-) TimerEvent: {}
[10.392124] (vehicle_interfaces) StdoutLine: {'line': b'[ 17%] \x1b[32mBuilding CXX object CMakeFiles/vehicle_interfaces__rosidl_typesupport_introspection_cpp.dir/rosidl_typesupport_introspection_cpp/vehicle_interfaces/srv/detail/get_serial_port__type_support.cpp.o\x1b[0m\n'}
[10.490829] (-) TimerEvent: {}
[10.502159] (vehicle_interfaces) StdoutLine: {'line': b'\x1b[35m\x1b[1mScanning dependencies of target vehicle_interfaces__rosidl_typesupport_fastrtps_cpp\x1b[0m\n'}
[10.570615] (vehicle_interfaces) StdoutLine: {'line': b'[ 18%] \x1b[32mBuilding CXX object CMakeFiles/vehicle_interfaces__rosidl_typesupport_cpp.dir/rosidl_typesupport_cpp/vehicle_interfaces/srv/reset_serial_port__type_support.cpp.o\x1b[0m\n'}
[10.593352] (-) TimerEvent: {}
[10.618307] (vehicle_interfaces) StdoutLine: {'line': b'[ 19%] \x1b[32mBuilding CXX object CMakeFiles/vehicle_interfaces__rosidl_typesupport_fastrtps_cpp.dir/rosidl_typesupport_fastrtps_cpp/vehicle_interfaces/srv/detail/dds_fastrtps/get_serial_port__type_support.cpp.o\x1b[0m\n'}
[10.696719] (-) TimerEvent: {}
[10.802850] (-) TimerEvent: {}
[10.904118] (-) TimerEvent: {}
[11.004625] (-) TimerEvent: {}
[11.105990] (-) TimerEvent: {}
[11.208464] (-) TimerEvent: {}
[11.311002] (-) TimerEvent: {}
[11.412324] (-) TimerEvent: {}
[11.488863] (vehicle_interfaces) StdoutLine: {'line': b'[ 20%] \x1b[32mBuilding CXX object CMakeFiles/vehicle_interfaces__rosidl_typesupport_introspection_cpp.dir/rosidl_typesupport_introspection_cpp/vehicle_interfaces/srv/detail/reset_serial_port__type_support.cpp.o\x1b[0m\n'}
[11.513374] (-) TimerEvent: {}
[11.572620] (vehicle_interfaces) StdoutLine: {'line': b'[ 20%] \x1b[32mBuilding CXX object CMakeFiles/vehicle_interfaces__rosidl_typesupport_cpp.dir/rosidl_typesupport_cpp/vehicle_interfaces/srv/get_device_status__type_support.cpp.o\x1b[0m\n'}
[11.613484] (-) TimerEvent: {}
[11.718754] (-) TimerEvent: {}
[11.819311] (-) TimerEvent: {}
[11.920313] (-) TimerEvent: {}
[11.965406] (vehicle_interfaces) StdoutLine: {'line': b'[ 21%] \x1b[32mBuilding CXX object CMakeFiles/vehicle_interfaces__rosidl_typesupport_fastrtps_cpp.dir/rosidl_typesupport_fastrtps_cpp/vehicle_interfaces/srv/detail/dds_fastrtps/reset_serial_port__type_support.cpp.o\x1b[0m\n'}
[12.020433] (-) TimerEvent: {}
[12.122793] (-) TimerEvent: {}
[12.226766] (-) TimerEvent: {}
[12.336179] (vehicle_interfaces) StdoutLine: {'line': b'\x1b[35m\x1b[1mScanning dependencies of target vehicle_interfaces__rosidl_typesupport_introspection_c\x1b[0m\n'}
[12.419138] (-) TimerEvent: {}
[12.474400] (vehicle_interfaces) StdoutLine: {'line': b'[ 22%] \x1b[32mBuilding C object CMakeFiles/vehicle_interfaces__rosidl_typesupport_introspection_c.dir/rosidl_typesupport_introspection_c/vehicle_interfaces/srv/detail/get_serial_port__type_support.c.o\x1b[0m\n'}
[12.474780] (vehicle_interfaces) StdoutLine: {'line': b'[ 23%] \x1b[32mBuilding CXX object CMakeFiles/vehicle_interfaces__rosidl_typesupport_cpp.dir/rosidl_typesupport_cpp/vehicle_interfaces/msg/sensor_data__type_support.cpp.o\x1b[0m\n'}
[12.481316] (vehicle_interfaces) StdoutLine: {'line': b'[ 24%] \x1b[32mBuilding CXX object CMakeFiles/vehicle_interfaces__rosidl_typesupport_introspection_cpp.dir/rosidl_typesupport_introspection_cpp/vehicle_interfaces/srv/detail/get_device_status__type_support.cpp.o\x1b[0m\n'}
[12.519304] (-) TimerEvent: {}
[12.597304] (vehicle_interfaces) StdoutLine: {'line': b'[ 25%] \x1b[32mBuilding C object CMakeFiles/vehicle_interfaces__rosidl_typesupport_introspection_c.dir/rosidl_typesupport_introspection_c/vehicle_interfaces/srv/detail/reset_serial_port__type_support.c.o\x1b[0m\n'}
[12.620313] (-) TimerEvent: {}
[12.720808] (-) TimerEvent: {}
[12.735946] (vehicle_interfaces) StdoutLine: {'line': b'[ 25%] \x1b[32mBuilding C object CMakeFiles/vehicle_interfaces__rosidl_typesupport_introspection_c.dir/rosidl_typesupport_introspection_c/vehicle_interfaces/srv/detail/get_device_status__type_support.c.o\x1b[0m\n'}
[12.813290] (vehicle_interfaces) StdoutLine: {'line': b'[ 26%] \x1b[32mBuilding C object CMakeFiles/vehicle_interfaces__rosidl_typesupport_introspection_c.dir/rosidl_typesupport_introspection_c/vehicle_interfaces/msg/detail/sensor_data__type_support.c.o\x1b[0m\n'}
[12.820935] (-) TimerEvent: {}
[12.929471] (-) TimerEvent: {}
[12.960692] (vehicle_interfaces) StdoutLine: {'line': b'[ 27%] \x1b[32mBuilding C object CMakeFiles/vehicle_interfaces__rosidl_typesupport_introspection_c.dir/rosidl_typesupport_introspection_c/vehicle_interfaces/msg/detail/control_data__type_support.c.o\x1b[0m\n'}
[13.029590] (-) TimerEvent: {}
[13.038092] (vehicle_interfaces) StdoutLine: {'line': b'[ 28%] \x1b[32mBuilding C object CMakeFiles/vehicle_interfaces__rosidl_typesupport_introspection_c.dir/rosidl_typesupport_introspection_c/vehicle_interfaces/msg/detail/encoder_data__type_support.c.o\x1b[0m\n'}
[13.113563] (vehicle_interfaces) StdoutLine: {'line': b'[ 29%] \x1b[32mBuilding C object CMakeFiles/vehicle_interfaces__rosidl_typesupport_introspection_c.dir/rosidl_typesupport_introspection_c/vehicle_interfaces/msg/detail/gps_data__type_support.c.o\x1b[0m\n'}
[13.129730] (-) TimerEvent: {}
[13.160690] (vehicle_interfaces) StdoutLine: {'line': b'[ 30%] \x1b[32mBuilding CXX object CMakeFiles/vehicle_interfaces__rosidl_typesupport_introspection_cpp.dir/rosidl_typesupport_introspection_cpp/vehicle_interfaces/msg/detail/sensor_data__type_support.cpp.o\x1b[0m\n'}
[13.203414] (vehicle_interfaces) StdoutLine: {'line': b'[ 30%] \x1b[32mBuilding C object CMakeFiles/vehicle_interfaces__rosidl_typesupport_introspection_c.dir/rosidl_typesupport_introspection_c/vehicle_interfaces/msg/detail/ir_data__type_support.c.o\x1b[0m\n'}
[13.215774] (vehicle_interfaces) StdoutLine: {'line': b'[ 31%] \x1b[32mBuilding CXX object CMakeFiles/vehicle_interfaces__rosidl_typesupport_fastrtps_cpp.dir/rosidl_typesupport_fastrtps_cpp/vehicle_interfaces/srv/detail/dds_fastrtps/get_device_status__type_support.cpp.o\x1b[0m\n'}
[13.229854] (-) TimerEvent: {}
[13.282558] (vehicle_interfaces) StdoutLine: {'line': b'[ 32%] \x1b[32mBuilding C object CMakeFiles/vehicle_interfaces__rosidl_typesupport_introspection_c.dir/rosidl_typesupport_introspection_c/vehicle_interfaces/msg/detail/mpu_data__type_support.c.o\x1b[0m\n'}
[13.329979] (-) TimerEvent: {}
[13.381408] (vehicle_interfaces) StdoutLine: {'line': b'[ 33%] \x1b[32mBuilding C object CMakeFiles/vehicle_interfaces__rosidl_typesupport_introspection_c.dir/rosidl_typesupport_introspection_c/vehicle_interfaces/msg/detail/qmc_data__type_support.c.o\x1b[0m\n'}
[13.430114] (-) TimerEvent: {}
[13.461971] (vehicle_interfaces) StdoutLine: {'line': b'[ 34%] \x1b[32mBuilding CXX object CMakeFiles/vehicle_interfaces__rosidl_typesupport_cpp.dir/rosidl_typesupport_cpp/vehicle_interfaces/msg/control_data__type_support.cpp.o\x1b[0m\n'}
[13.484982] (vehicle_interfaces) StdoutLine: {'line': b'[ 35%] \x1b[32mBuilding C object CMakeFiles/vehicle_interfaces__rosidl_typesupport_introspection_c.dir/rosidl_typesupport_introspection_c/vehicle_interfaces/msg/detail/temperature_data__type_support.c.o\x1b[0m\n'}
[13.530280] (-) TimerEvent: {}
[13.578557] (vehicle_interfaces) StdoutLine: {'line': b'[ 36%] \x1b[32mBuilding C object CMakeFiles/vehicle_interfaces__rosidl_typesupport_introspection_c.dir/rosidl_typesupport_introspection_c/vehicle_interfaces/msg/detail/to_f_data__type_support.c.o\x1b[0m\n'}
[13.630351] (-) TimerEvent: {}
[13.683072] (vehicle_interfaces) StdoutLine: {'line': b'[ 36%] \x1b[32mBuilding C object CMakeFiles/vehicle_interfaces__rosidl_typesupport_introspection_c.dir/rosidl_typesupport_introspection_c/vehicle_interfaces/msg/detail/ultrasonic_data__type_support.c.o\x1b[0m\n'}
[13.730484] (-) TimerEvent: {}
[13.781404] (vehicle_interfaces) StdoutLine: {'line': b'[ 37%] \x1b[32m\x1b[1mLinking C shared library libvehicle_interfaces__rosidl_typesupport_introspection_c.so\x1b[0m\n'}
[13.830615] (-) TimerEvent: {}
[13.894541] (vehicle_interfaces) StdoutLine: {'line': b'[ 37%] Built target vehicle_interfaces__rosidl_typesupport_introspection_c\n'}
[13.933845] (vehicle_interfaces) StdoutLine: {'line': b'[ 37%] \x1b[32mBuilding CXX object CMakeFiles/vehicle_interfaces__rosidl_typesupport_fastrtps_cpp.dir/rosidl_typesupport_fastrtps_cpp/vehicle_interfaces/msg/detail/dds_fastrtps/sensor_data__type_support.cpp.o\x1b[0m\n'}
[13.934170] (-) TimerEvent: {}
[14.078040] (-) TimerEvent: {}
[14.183357] (-) TimerEvent: {}
[14.398948] (-) TimerEvent: {}
[14.503161] (-) TimerEvent: {}
[14.603549] (-) TimerEvent: {}
[14.705601] (-) TimerEvent: {}
[14.806312] (-) TimerEvent: {}
[14.830406] (vehicle_interfaces) StdoutLine: {'line': b'[ 38%] \x1b[32mBuilding CXX object CMakeFiles/vehicle_interfaces__rosidl_typesupport_cpp.dir/rosidl_typesupport_cpp/vehicle_interfaces/msg/encoder_data__type_support.cpp.o\x1b[0m\n'}
[14.909171] (-) TimerEvent: {}
[14.999300] (vehicle_interfaces) StdoutLine: {'line': b'[ 38%] \x1b[32mBuilding CXX object CMakeFiles/vehicle_interfaces__rosidl_typesupport_introspection_cpp.dir/rosidl_typesupport_introspection_cpp/vehicle_interfaces/msg/detail/control_data__type_support.cpp.o\x1b[0m\n'}
[15.009306] (-) TimerEvent: {}
[15.115426] (-) TimerEvent: {}
[15.216627] (-) TimerEvent: {}
[15.319615] (-) TimerEvent: {}
[15.432255] (vehicle_interfaces) StdoutLine: {'line': b'[ 39%] \x1b[32mBuilding CXX object CMakeFiles/vehicle_interfaces__rosidl_typesupport_cpp.dir/rosidl_typesupport_cpp/vehicle_interfaces/msg/gps_data__type_support.cpp.o\x1b[0m\n'}
[15.434134] (-) TimerEvent: {}
[15.538027] (-) TimerEvent: {}
[15.641311] (-) TimerEvent: {}
[15.741993] (-) TimerEvent: {}
[15.843557] (-) TimerEvent: {}
[15.944320] (-) TimerEvent: {}
[16.045127] (-) TimerEvent: {}
[16.088705] (vehicle_interfaces) StdoutLine: {'line': b'[ 40%] \x1b[32mBuilding CXX object CMakeFiles/vehicle_interfaces__rosidl_typesupport_introspection_cpp.dir/rosidl_typesupport_introspection_cpp/vehicle_interfaces/msg/detail/encoder_data__type_support.cpp.o\x1b[0m\n'}
[16.148316] (-) TimerEvent: {}
[16.267495] (-) TimerEvent: {}
[16.296185] (vehicle_interfaces) StdoutLine: {'line': b'[ 41%] \x1b[34m\x1b[1mGenerating C type support dispatch for ROS interfaces\x1b[0m\n'}
[16.368294] (-) TimerEvent: {}
[16.469665] (-) TimerEvent: {}
[16.574475] (-) TimerEvent: {}
[16.580844] (vehicle_interfaces) StdoutLine: {'line': b'[ 41%] \x1b[32mBuilding CXX object CMakeFiles/vehicle_interfaces__rosidl_typesupport_cpp.dir/rosidl_typesupport_cpp/vehicle_interfaces/msg/ir_data__type_support.cpp.o\x1b[0m\n'}
[16.674591] (-) TimerEvent: {}
[16.763360] (vehicle_interfaces) StdoutLine: {'line': b'[ 42%] \x1b[32mBuilding CXX object CMakeFiles/vehicle_interfaces__rosidl_typesupport_fastrtps_cpp.dir/rosidl_typesupport_fastrtps_cpp/vehicle_interfaces/msg/detail/dds_fastrtps/control_data__type_support.cpp.o\x1b[0m\n'}
[16.777304] (-) TimerEvent: {}
[16.877977] (-) TimerEvent: {}
[16.944995] (vehicle_interfaces) StdoutLine: {'line': b'[ 43%] \x1b[32mBuilding CXX object CMakeFiles/vehicle_interfaces__rosidl_typesupport_introspection_cpp.dir/rosidl_typesupport_introspection_cpp/vehicle_interfaces/msg/detail/gps_data__type_support.cpp.o\x1b[0m\n'}
[16.978106] (-) TimerEvent: {}
[17.078871] (-) TimerEvent: {}
[17.191659] (-) TimerEvent: {}
[17.292095] (-) TimerEvent: {}
[17.393186] (-) TimerEvent: {}
[17.494092] (-) TimerEvent: {}
[17.595379] (vehicle_interfaces) StdoutLine: {'line': b'[ 44%] \x1b[32mBuilding CXX object CMakeFiles/vehicle_interfaces__rosidl_typesupport_cpp.dir/rosidl_typesupport_cpp/vehicle_interfaces/msg/mpu_data__type_support.cpp.o\x1b[0m\n'}
[17.596869] (-) TimerEvent: {}
[17.697997] (-) TimerEvent: {}
[17.799049] (-) TimerEvent: {}
[17.900112] (-) TimerEvent: {}
[17.938530] (vehicle_interfaces) StdoutLine: {'line': b'[ 45%] \x1b[32mBuilding CXX object CMakeFiles/vehicle_interfaces__rosidl_typesupport_introspection_cpp.dir/rosidl_typesupport_introspection_cpp/vehicle_interfaces/msg/detail/ir_data__type_support.cpp.o\x1b[0m\n'}
[18.000239] (-) TimerEvent: {}
[18.100931] (-) TimerEvent: {}
[18.202467] (-) TimerEvent: {}
[18.346272] (-) TimerEvent: {}
[18.381022] (vehicle_interfaces) StdoutLine: {'line': b'[ 46%] \x1b[32mBuilding CXX object CMakeFiles/vehicle_interfaces__rosidl_typesupport_fastrtps_cpp.dir/rosidl_typesupport_fastrtps_cpp/vehicle_interfaces/msg/detail/dds_fastrtps/encoder_data__type_support.cpp.o\x1b[0m\n'}
[18.415392] (vehicle_interfaces) StdoutLine: {'line': b'[ 47%] \x1b[32mBuilding CXX object CMakeFiles/vehicle_interfaces__rosidl_typesupport_cpp.dir/rosidl_typesupport_cpp/vehicle_interfaces/msg/qmc_data__type_support.cpp.o\x1b[0m\n'}
[18.446394] (-) TimerEvent: {}
[18.547194] (-) TimerEvent: {}
[18.648546] (-) TimerEvent: {}
[18.676369] (vehicle_interfaces) StdoutLine: {'line': b'[ 48%] \x1b[32mBuilding CXX object CMakeFiles/vehicle_interfaces__rosidl_typesupport_introspection_cpp.dir/rosidl_typesupport_introspection_cpp/vehicle_interfaces/msg/detail/mpu_data__type_support.cpp.o\x1b[0m\n'}
[18.748714] (-) TimerEvent: {}
[18.852588] (-) TimerEvent: {}
[18.953255] (-) TimerEvent: {}
[19.053909] (-) TimerEvent: {}
[19.154623] (-) TimerEvent: {}
[19.160317] (vehicle_interfaces) StdoutLine: {'line': b'[ 49%] \x1b[32mBuilding CXX object CMakeFiles/vehicle_interfaces__rosidl_typesupport_cpp.dir/rosidl_typesupport_cpp/vehicle_interfaces/msg/temperature_data__type_support.cpp.o\x1b[0m\n'}
[19.219460] (vehicle_interfaces) StdoutLine: {'line': b'\x1b[35m\x1b[1mScanning dependencies of target vehicle_interfaces__rosidl_typesupport_c\x1b[0m\n'}
[19.254810] (-) TimerEvent: {}
[19.355429] (-) TimerEvent: {}
[19.438775] (vehicle_interfaces) StdoutLine: {'line': b'[ 49%] \x1b[32mBuilding CXX object CMakeFiles/vehicle_interfaces__rosidl_typesupport_c.dir/rosidl_typesupport_c/vehicle_interfaces/srv/get_serial_port__type_support.cpp.o\x1b[0m\n'}
[19.455547] (-) TimerEvent: {}
[19.458782] (vehicle_interfaces) StdoutLine: {'line': b'[ 49%] \x1b[32mBuilding CXX object CMakeFiles/vehicle_interfaces__rosidl_typesupport_introspection_cpp.dir/rosidl_typesupport_introspection_cpp/vehicle_interfaces/msg/detail/qmc_data__type_support.cpp.o\x1b[0m\n'}
[19.503674] (vehicle_interfaces) StdoutLine: {'line': b'[ 50%] \x1b[32mBuilding CXX object CMakeFiles/vehicle_interfaces__rosidl_typesupport_fastrtps_cpp.dir/rosidl_typesupport_fastrtps_cpp/vehicle_interfaces/msg/detail/dds_fastrtps/gps_data__type_support.cpp.o\x1b[0m\n'}
[19.531051] (vehicle_interfaces) StdoutLine: {'line': b'[ 51%] \x1b[32mBuilding CXX object CMakeFiles/vehicle_interfaces__rosidl_typesupport_c.dir/rosidl_typesupport_c/vehicle_interfaces/srv/reset_serial_port__type_support.cpp.o\x1b[0m\n'}
[19.555662] (-) TimerEvent: {}
[19.609191] (vehicle_interfaces) StdoutLine: {'line': b'[ 52%] \x1b[32mBuilding CXX object CMakeFiles/vehicle_interfaces__rosidl_typesupport_c.dir/rosidl_typesupport_c/vehicle_interfaces/srv/get_device_status__type_support.cpp.o\x1b[0m\n'}
[19.655792] (-) TimerEvent: {}
[19.683713] (vehicle_interfaces) StdoutLine: {'line': b'[ 53%] \x1b[32mBuilding CXX object CMakeFiles/vehicle_interfaces__rosidl_typesupport_c.dir/rosidl_typesupport_c/vehicle_interfaces/msg/sensor_data__type_support.cpp.o\x1b[0m\n'}
[19.755909] (-) TimerEvent: {}
[19.841485] (vehicle_interfaces) StdoutLine: {'line': b'[ 54%] \x1b[32mBuilding CXX object CMakeFiles/vehicle_interfaces__rosidl_typesupport_c.dir/rosidl_typesupport_c/vehicle_interfaces/msg/control_data__type_support.cpp.o\x1b[0m\n'}
[19.856046] (-) TimerEvent: {}
[19.910013] (vehicle_interfaces) StdoutLine: {'line': b'[ 54%] \x1b[32mBuilding CXX object CMakeFiles/vehicle_interfaces__rosidl_typesupport_c.dir/rosidl_typesupport_c/vehicle_interfaces/msg/encoder_data__type_support.cpp.o\x1b[0m\n'}
[19.956193] (-) TimerEvent: {}
[19.962404] (vehicle_interfaces) StdoutLine: {'line': b'[ 55%] \x1b[32mBuilding CXX object CMakeFiles/vehicle_interfaces__rosidl_typesupport_cpp.dir/rosidl_typesupport_cpp/vehicle_interfaces/msg/to_f_data__type_support.cpp.o\x1b[0m\n'}
[19.983960] (vehicle_interfaces) StdoutLine: {'line': b'[ 56%] \x1b[32mBuilding CXX object CMakeFiles/vehicle_interfaces__rosidl_typesupport_c.dir/rosidl_typesupport_c/vehicle_interfaces/msg/gps_data__type_support.cpp.o\x1b[0m\n'}
[20.056363] (-) TimerEvent: {}
[20.069333] (vehicle_interfaces) StdoutLine: {'line': b'[ 57%] \x1b[32mBuilding CXX object CMakeFiles/vehicle_interfaces__rosidl_typesupport_c.dir/rosidl_typesupport_c/vehicle_interfaces/msg/ir_data__type_support.cpp.o\x1b[0m\n'}
[20.174789] (vehicle_interfaces) StdoutLine: {'line': b'[ 58%] \x1b[32mBuilding CXX object CMakeFiles/vehicle_interfaces__rosidl_typesupport_c.dir/rosidl_typesupport_c/vehicle_interfaces/msg/mpu_data__type_support.cpp.o\x1b[0m\n'}
[20.178271] (-) TimerEvent: {}
[20.262400] (vehicle_interfaces) StdoutLine: {'line': b'[ 59%] \x1b[32mBuilding CXX object CMakeFiles/vehicle_interfaces__rosidl_typesupport_c.dir/rosidl_typesupport_c/vehicle_interfaces/msg/qmc_data__type_support.cpp.o\x1b[0m\n'}
[20.278402] (-) TimerEvent: {}
[20.349179] (vehicle_interfaces) StdoutLine: {'line': b'[ 59%] \x1b[32mBuilding CXX object CMakeFiles/vehicle_interfaces__rosidl_typesupport_c.dir/rosidl_typesupport_c/vehicle_interfaces/msg/temperature_data__type_support.cpp.o\x1b[0m\n'}
[20.378524] (-) TimerEvent: {}
[20.420398] (vehicle_interfaces) StdoutLine: {'line': b'[ 60%] \x1b[32mBuilding CXX object CMakeFiles/vehicle_interfaces__rosidl_typesupport_c.dir/rosidl_typesupport_c/vehicle_interfaces/msg/to_f_data__type_support.cpp.o\x1b[0m\n'}
[20.453513] (vehicle_interfaces) StdoutLine: {'line': b'[ 61%] \x1b[32mBuilding CXX object CMakeFiles/vehicle_interfaces__rosidl_typesupport_introspection_cpp.dir/rosidl_typesupport_introspection_cpp/vehicle_interfaces/msg/detail/temperature_data__type_support.cpp.o\x1b[0m\n'}
[20.478650] (-) TimerEvent: {}
[20.499050] (vehicle_interfaces) StdoutLine: {'line': b'[ 62%] \x1b[32mBuilding CXX object CMakeFiles/vehicle_interfaces__rosidl_typesupport_c.dir/rosidl_typesupport_c/vehicle_interfaces/msg/ultrasonic_data__type_support.cpp.o\x1b[0m\n'}
[20.528192] (vehicle_interfaces) StdoutLine: {'line': b'[ 63%] \x1b[32mBuilding CXX object CMakeFiles/vehicle_interfaces__rosidl_typesupport_fastrtps_cpp.dir/rosidl_typesupport_fastrtps_cpp/vehicle_interfaces/msg/detail/dds_fastrtps/ir_data__type_support.cpp.o\x1b[0m\n'}
[20.578773] (-) TimerEvent: {}
[20.580523] (vehicle_interfaces) StdoutLine: {'line': b'[ 64%] \x1b[32m\x1b[1mLinking CXX shared library libvehicle_interfaces__rosidl_typesupport_c.so\x1b[0m\n'}
[20.678889] (-) TimerEvent: {}
[20.752503] (vehicle_interfaces) StdoutLine: {'line': b'[ 64%] Built target vehicle_interfaces__rosidl_typesupport_c\n'}
[20.765717] (vehicle_interfaces) StdoutLine: {'line': b'[ 65%] \x1b[32mBuilding CXX object CMakeFiles/vehicle_interfaces__rosidl_typesupport_introspection_cpp.dir/rosidl_typesupport_introspection_cpp/vehicle_interfaces/msg/detail/to_f_data__type_support.cpp.o\x1b[0m\n'}
[20.779015] (-) TimerEvent: {}
[20.877052] (vehicle_interfaces) StdoutLine: {'line': b'[ 65%] \x1b[32mBuilding CXX object CMakeFiles/vehicle_interfaces__rosidl_typesupport_cpp.dir/rosidl_typesupport_cpp/vehicle_interfaces/msg/ultrasonic_data__type_support.cpp.o\x1b[0m\n'}
[20.879303] (-) TimerEvent: {}
[21.003518] (-) TimerEvent: {}
[21.103892] (-) TimerEvent: {}
[21.204291] (-) TimerEvent: {}
[21.305316] (-) TimerEvent: {}
[21.334376] (vehicle_interfaces) StdoutLine: {'line': b'[ 65%] \x1b[32mBuilding CXX object CMakeFiles/vehicle_interfaces__rosidl_typesupport_fastrtps_cpp.dir/rosidl_typesupport_fastrtps_cpp/vehicle_interfaces/msg/detail/dds_fastrtps/mpu_data__type_support.cpp.o\x1b[0m\n'}
[21.406306] (-) TimerEvent: {}
[21.506681] (-) TimerEvent: {}
[21.519404] (vehicle_interfaces) StdoutLine: {'line': b'[ 66%] \x1b[32mBuilding CXX object CMakeFiles/vehicle_interfaces__rosidl_typesupport_introspection_cpp.dir/rosidl_typesupport_introspection_cpp/vehicle_interfaces/msg/detail/ultrasonic_data__type_support.cpp.o\x1b[0m\n'}
[21.608302] (-) TimerEvent: {}
[21.695962] (vehicle_interfaces) StdoutLine: {'line': b'[ 67%] \x1b[32mBuilding CXX object CMakeFiles/vehicle_interfaces__rosidl_typesupport_fastrtps_cpp.dir/rosidl_typesupport_fastrtps_cpp/vehicle_interfaces/msg/detail/dds_fastrtps/qmc_data__type_support.cpp.o\x1b[0m\n'}
[21.708431] (-) TimerEvent: {}
[21.810258] (-) TimerEvent: {}
[21.826376] (vehicle_interfaces) StdoutLine: {'line': b'[ 68%] \x1b[32m\x1b[1mLinking CXX shared library libvehicle_interfaces__rosidl_typesupport_cpp.so\x1b[0m\n'}
[21.910382] (-) TimerEvent: {}
[22.002412] (vehicle_interfaces) StdoutLine: {'line': b'[ 68%] Built target vehicle_interfaces__rosidl_typesupport_cpp\n'}
[22.010500] (-) TimerEvent: {}
[22.049978] (vehicle_interfaces) StdoutLine: {'line': b'[ 69%] \x1b[32mBuilding CXX object CMakeFiles/vehicle_interfaces__rosidl_typesupport_fastrtps_cpp.dir/rosidl_typesupport_fastrtps_cpp/vehicle_interfaces/msg/detail/dds_fastrtps/temperature_data__type_support.cpp.o\x1b[0m\n'}
[22.110629] (-) TimerEvent: {}
[22.211311] (-) TimerEvent: {}
[22.312014] (-) TimerEvent: {}
[22.409376] (vehicle_interfaces) StdoutLine: {'line': b'[ 70%] \x1b[32m\x1b[1mLinking CXX shared library libvehicle_interfaces__rosidl_typesupport_introspection_cpp.so\x1b[0m\n'}
[22.412124] (-) TimerEvent: {}
[22.512422] (vehicle_interfaces) StdoutLine: {'line': b'[ 71%] \x1b[32mBuilding CXX object CMakeFiles/vehicle_interfaces__rosidl_typesupport_fastrtps_cpp.dir/rosidl_typesupport_fastrtps_cpp/vehicle_interfaces/msg/detail/dds_fastrtps/to_f_data__type_support.cpp.o\x1b[0m\n'}
[22.512737] (-) TimerEvent: {}
[22.615309] (-) TimerEvent: {}
[22.716451] (-) TimerEvent: {}
[22.797914] (vehicle_interfaces) StdoutLine: {'line': b'[ 71%] Built target vehicle_interfaces__rosidl_typesupport_introspection_cpp\n'}
[22.818367] (-) TimerEvent: {}
[22.832035] (vehicle_interfaces) StdoutLine: {'line': b'[ 72%] \x1b[32mBuilding CXX object CMakeFiles/vehicle_interfaces__rosidl_typesupport_fastrtps_cpp.dir/rosidl_typesupport_fastrtps_cpp/vehicle_interfaces/msg/detail/dds_fastrtps/ultrasonic_data__type_support.cpp.o\x1b[0m\n'}
[22.918495] (-) TimerEvent: {}
[23.019942] (-) TimerEvent: {}
[23.149939] (-) TimerEvent: {}
[23.250650] (-) TimerEvent: {}
[23.352310] (-) TimerEvent: {}
[23.452759] (-) TimerEvent: {}
[23.553098] (-) TimerEvent: {}
[23.653488] (-) TimerEvent: {}
[23.737137] (vehicle_interfaces) StdoutLine: {'line': b'[ 72%] \x1b[32m\x1b[1mLinking CXX shared library libvehicle_interfaces__rosidl_typesupport_fastrtps_cpp.so\x1b[0m\n'}
[23.753612] (-) TimerEvent: {}
[23.853924] (-) TimerEvent: {}
[23.915467] (vehicle_interfaces) StdoutLine: {'line': b'[ 72%] Built target vehicle_interfaces__rosidl_typesupport_fastrtps_cpp\n'}
[23.946628] (vehicle_interfaces) StdoutLine: {'line': b'[ 73%] \x1b[34m\x1b[1mGenerating C type support for eProsima Fast-RTPS\x1b[0m\n'}
[23.954039] (-) TimerEvent: {}
[24.054421] (-) TimerEvent: {}
[24.154764] (-) TimerEvent: {}
[24.255593] (-) TimerEvent: {}
[24.356008] (-) TimerEvent: {}
[24.456359] (-) TimerEvent: {}
[24.556689] (-) TimerEvent: {}
[24.657048] (-) TimerEvent: {}
[24.757382] (-) TimerEvent: {}
[24.857722] (-) TimerEvent: {}
[24.958056] (-) TimerEvent: {}
[25.058373] (-) TimerEvent: {}
[25.158736] (-) TimerEvent: {}
[25.259084] (-) TimerEvent: {}
[25.359443] (-) TimerEvent: {}
[25.459759] (-) TimerEvent: {}
[25.560064] (-) TimerEvent: {}
[25.660408] (-) TimerEvent: {}
[25.769198] (-) TimerEvent: {}
[25.869719] (-) TimerEvent: {}
[25.898565] (vehicle_interfaces) StdoutLine: {'line': b'\x1b[35m\x1b[1mScanning dependencies of target vehicle_interfaces__rosidl_typesupport_fastrtps_c\x1b[0m\n'}
[25.970311] (-) TimerEvent: {}
[25.977757] (vehicle_interfaces) StdoutLine: {'line': b'[ 74%] \x1b[32mBuilding CXX object CMakeFiles/vehicle_interfaces__rosidl_typesupport_fastrtps_c.dir/rosidl_typesupport_fastrtps_c/vehicle_interfaces/srv/detail/get_device_status__type_support_c.cpp.o\x1b[0m\n'}
[25.978115] (vehicle_interfaces) StdoutLine: {'line': b'[ 75%] \x1b[32mBuilding CXX object CMakeFiles/vehicle_interfaces__rosidl_typesupport_fastrtps_c.dir/rosidl_typesupport_fastrtps_c/vehicle_interfaces/msg/detail/sensor_data__type_support_c.cpp.o\x1b[0m\n'}
[25.981071] (vehicle_interfaces) StdoutLine: {'line': b'[ 75%] \x1b[32mBuilding CXX object CMakeFiles/vehicle_interfaces__rosidl_typesupport_fastrtps_c.dir/rosidl_typesupport_fastrtps_c/vehicle_interfaces/srv/detail/reset_serial_port__type_support_c.cpp.o\x1b[0m\n'}
[25.982756] (vehicle_interfaces) StdoutLine: {'line': b'[ 76%] \x1b[32mBuilding CXX object CMakeFiles/vehicle_interfaces__rosidl_typesupport_fastrtps_c.dir/rosidl_typesupport_fastrtps_c/vehicle_interfaces/srv/detail/get_serial_port__type_support_c.cpp.o\x1b[0m\n'}
[26.072309] (-) TimerEvent: {}
[26.173299] (-) TimerEvent: {}
[26.274315] (-) TimerEvent: {}
[26.375110] (-) TimerEvent: {}
[26.475575] (-) TimerEvent: {}
[26.576833] (-) TimerEvent: {}
[26.677304] (-) TimerEvent: {}
[26.778303] (-) TimerEvent: {}
[26.879317] (-) TimerEvent: {}
[26.981555] (-) TimerEvent: {}
[27.073372] (vehicle_interfaces) StdoutLine: {'line': b'[ 77%] \x1b[32mBuilding CXX object CMakeFiles/vehicle_interfaces__rosidl_typesupport_fastrtps_c.dir/rosidl_typesupport_fastrtps_c/vehicle_interfaces/msg/detail/control_data__type_support_c.cpp.o\x1b[0m\n'}
[27.082399] (vehicle_interfaces) StdoutLine: {'line': b'[ 78%] \x1b[32mBuilding CXX object CMakeFiles/vehicle_interfaces__rosidl_typesupport_fastrtps_c.dir/rosidl_typesupport_fastrtps_c/vehicle_interfaces/msg/detail/encoder_data__type_support_c.cpp.o\x1b[0m\n'}
[27.085081] (-) TimerEvent: {}
[27.189880] (-) TimerEvent: {}
[27.290933] (-) TimerEvent: {}
[27.362533] (vehicle_interfaces) StdoutLine: {'line': b'[ 79%] \x1b[32mBuilding CXX object CMakeFiles/vehicle_interfaces__rosidl_typesupport_fastrtps_c.dir/rosidl_typesupport_fastrtps_c/vehicle_interfaces/msg/detail/gps_data__type_support_c.cpp.o\x1b[0m\n'}
[27.364033] (vehicle_interfaces) StdoutLine: {'line': b'[ 79%] \x1b[32mBuilding CXX object CMakeFiles/vehicle_interfaces__rosidl_typesupport_fastrtps_c.dir/rosidl_typesupport_fastrtps_c/vehicle_interfaces/msg/detail/ir_data__type_support_c.cpp.o\x1b[0m\n'}
[27.393298] (-) TimerEvent: {}
[27.493947] (-) TimerEvent: {}
[27.601317] (-) TimerEvent: {}
[27.703448] (-) TimerEvent: {}
[27.804789] (-) TimerEvent: {}
[27.909176] (-) TimerEvent: {}
[28.011168] (-) TimerEvent: {}
[28.014308] (vehicle_interfaces) StdoutLine: {'line': b'[ 80%] \x1b[32mBuilding CXX object CMakeFiles/vehicle_interfaces__rosidl_typesupport_fastrtps_c.dir/rosidl_typesupport_fastrtps_c/vehicle_interfaces/msg/detail/mpu_data__type_support_c.cpp.o\x1b[0m\n'}
[28.111297] (-) TimerEvent: {}
[28.212769] (-) TimerEvent: {}
[28.399322] (-) TimerEvent: {}
[28.426462] (vehicle_interfaces) StdoutLine: {'line': b'[ 81%] \x1b[32mBuilding CXX object CMakeFiles/vehicle_interfaces__rosidl_typesupport_fastrtps_c.dir/rosidl_typesupport_fastrtps_c/vehicle_interfaces/msg/detail/qmc_data__type_support_c.cpp.o\x1b[0m\n'}
[28.500315] (-) TimerEvent: {}
[28.601131] (-) TimerEvent: {}
[28.608693] (vehicle_interfaces) StdoutLine: {'line': b'[ 82%] \x1b[32mBuilding CXX object CMakeFiles/vehicle_interfaces__rosidl_typesupport_fastrtps_c.dir/rosidl_typesupport_fastrtps_c/vehicle_interfaces/msg/detail/temperature_data__type_support_c.cpp.o\x1b[0m\n'}
[28.701290] (-) TimerEvent: {}
[28.814272] (-) TimerEvent: {}
[28.815259] (vehicle_interfaces) StdoutLine: {'line': b'[ 82%] \x1b[32mBuilding CXX object CMakeFiles/vehicle_interfaces__rosidl_typesupport_fastrtps_c.dir/rosidl_typesupport_fastrtps_c/vehicle_interfaces/msg/detail/to_f_data__type_support_c.cpp.o\x1b[0m\n'}
[28.914399] (-) TimerEvent: {}
[29.015323] (-) TimerEvent: {}
[29.116117] (-) TimerEvent: {}
[29.186374] (vehicle_interfaces) StdoutLine: {'line': b'[ 83%] \x1b[32mBuilding CXX object CMakeFiles/vehicle_interfaces__rosidl_typesupport_fastrtps_c.dir/rosidl_typesupport_fastrtps_c/vehicle_interfaces/msg/detail/ultrasonic_data__type_support_c.cpp.o\x1b[0m\n'}
[29.216248] (-) TimerEvent: {}
[29.320064] (-) TimerEvent: {}
[29.421394] (-) TimerEvent: {}
[29.522760] (-) TimerEvent: {}
[29.623317] (-) TimerEvent: {}
[29.723849] (-) TimerEvent: {}
[29.824251] (-) TimerEvent: {}
[29.924661] (-) TimerEvent: {}
[29.934459] (vehicle_interfaces) StdoutLine: {'line': b'[ 84%] \x1b[32m\x1b[1mLinking CXX shared library libvehicle_interfaces__rosidl_typesupport_fastrtps_c.so\x1b[0m\n'}
[30.024790] (-) TimerEvent: {}
[30.097763] (vehicle_interfaces) StdoutLine: {'line': b'[ 84%] Built target vehicle_interfaces__rosidl_typesupport_fastrtps_c\n'}
[30.124908] (-) TimerEvent: {}
[30.132470] (vehicle_interfaces) StdoutLine: {'line': b'[ 84%] Built target vehicle_interfaces\n'}
[30.172531] (vehicle_interfaces) StdoutLine: {'line': b'[ 85%] \x1b[34m\x1b[1mGenerating Python code for ROS interfaces\x1b[0m\n'}
[30.225012] (-) TimerEvent: {}
[30.325365] (-) TimerEvent: {}
[30.425709] (-) TimerEvent: {}
[30.526018] (-) TimerEvent: {}
[30.626298] (-) TimerEvent: {}
[30.726690] (-) TimerEvent: {}
[30.827223] (-) TimerEvent: {}
[30.927935] (-) TimerEvent: {}
[31.028700] (-) TimerEvent: {}
[31.129572] (-) TimerEvent: {}
[31.229905] (-) TimerEvent: {}
[31.330220] (-) TimerEvent: {}
[31.430581] (-) TimerEvent: {}
[31.530888] (-) TimerEvent: {}
[31.631199] (-) TimerEvent: {}
[31.731519] (-) TimerEvent: {}
[31.831878] (-) TimerEvent: {}
[31.932205] (-) TimerEvent: {}
[32.032570] (-) TimerEvent: {}
[32.132924] (-) TimerEvent: {}
[32.233263] (-) TimerEvent: {}
[32.333606] (-) TimerEvent: {}
[32.433983] (-) TimerEvent: {}
[32.534359] (-) TimerEvent: {}
[32.635423] (-) TimerEvent: {}
[32.735795] (-) TimerEvent: {}
[32.836151] (-) TimerEvent: {}
[32.936523] (-) TimerEvent: {}
[33.036885] (-) TimerEvent: {}
[33.137237] (-) TimerEvent: {}
[33.237593] (-) TimerEvent: {}
[33.337965] (-) TimerEvent: {}
[33.438360] (-) TimerEvent: {}
[33.538731] (-) TimerEvent: {}
[33.639249] (-) TimerEvent: {}
[33.739632] (-) TimerEvent: {}
[33.839974] (-) TimerEvent: {}
[33.940319] (-) TimerEvent: {}
[34.041339] (-) TimerEvent: {}
[34.141977] (-) TimerEvent: {}
[34.144955] (vehicle_interfaces) StdoutLine: {'line': b'[ 85%] Built target vehicle_interfaces__py\n'}
[34.175177] (vehicle_interfaces) StdoutLine: {'line': b'\x1b[35m\x1b[1mScanning dependencies of target vehicle_interfaces__python\x1b[0m\n'}
[34.232410] (vehicle_interfaces) StdoutLine: {'line': b'[ 86%] \x1b[32mBuilding C object CMakeFiles/vehicle_interfaces__python.dir/rosidl_generator_py/vehicle_interfaces/srv/_get_serial_port_s.c.o\x1b[0m\n'}
[34.233362] (vehicle_interfaces) StdoutLine: {'line': b'[ 86%] \x1b[32mBuilding C object CMakeFiles/vehicle_interfaces__python.dir/rosidl_generator_py/vehicle_interfaces/srv/_get_device_status_s.c.o\x1b[0m\n'}
[34.238251] (vehicle_interfaces) StdoutLine: {'line': b'[ 87%] \x1b[32mBuilding C object CMakeFiles/vehicle_interfaces__python.dir/rosidl_generator_py/vehicle_interfaces/srv/_reset_serial_port_s.c.o\x1b[0m\n'}
[34.245334] (-) TimerEvent: {}
[34.248767] (vehicle_interfaces) StdoutLine: {'line': b'[ 88%] \x1b[32mBuilding C object CMakeFiles/vehicle_interfaces__python.dir/rosidl_generator_py/vehicle_interfaces/msg/_sensor_data_s.c.o\x1b[0m\n'}
[34.348306] (-) TimerEvent: {}
[34.448736] (-) TimerEvent: {}
[34.553300] (-) TimerEvent: {}
[34.557325] (vehicle_interfaces) StdoutLine: {'line': b'[ 89%] \x1b[32mBuilding C object CMakeFiles/vehicle_interfaces__python.dir/rosidl_generator_py/vehicle_interfaces/msg/_control_data_s.c.o\x1b[0m\n'}
[34.623917] (vehicle_interfaces) StdoutLine: {'line': b'[ 90%] \x1b[32mBuilding C object CMakeFiles/vehicle_interfaces__python.dir/rosidl_generator_py/vehicle_interfaces/msg/_encoder_data_s.c.o\x1b[0m\n'}
[34.653421] (-) TimerEvent: {}
[34.683417] (vehicle_interfaces) StdoutLine: {'line': b'[ 91%] \x1b[32mBuilding C object CMakeFiles/vehicle_interfaces__python.dir/rosidl_generator_py/vehicle_interfaces/msg/_gps_data_s.c.o\x1b[0m\n'}
[34.731950] (vehicle_interfaces) StdoutLine: {'line': b'[ 91%] \x1b[32mBuilding C object CMakeFiles/vehicle_interfaces__python.dir/rosidl_generator_py/vehicle_interfaces/msg/_ir_data_s.c.o\x1b[0m\n'}
[34.753533] (-) TimerEvent: {}
[34.856306] (-) TimerEvent: {}
[34.864848] (vehicle_interfaces) StdoutLine: {'line': b'[ 92%] \x1b[32mBuilding C object CMakeFiles/vehicle_interfaces__python.dir/rosidl_generator_py/vehicle_interfaces/msg/_mpu_data_s.c.o\x1b[0m\n'}
[34.953276] (vehicle_interfaces) StdoutLine: {'line': b'[ 93%] \x1b[32mBuilding C object CMakeFiles/vehicle_interfaces__python.dir/rosidl_generator_py/vehicle_interfaces/msg/_qmc_data_s.c.o\x1b[0m\n'}
[34.954923] (vehicle_interfaces) StdoutLine: {'line': b'[ 94%] \x1b[32mBuilding C object CMakeFiles/vehicle_interfaces__python.dir/rosidl_generator_py/vehicle_interfaces/msg/_temperature_data_s.c.o\x1b[0m\n'}
[34.956495] (-) TimerEvent: {}
[35.056920] (-) TimerEvent: {}
[35.141493] (vehicle_interfaces) StdoutLine: {'line': b'[ 95%] \x1b[32mBuilding C object CMakeFiles/vehicle_interfaces__python.dir/rosidl_generator_py/vehicle_interfaces/msg/_to_f_data_s.c.o\x1b[0m\n'}
[35.157047] (-) TimerEvent: {}
[35.157777] (vehicle_interfaces) StdoutLine: {'line': b'[ 95%] \x1b[32mBuilding C object CMakeFiles/vehicle_interfaces__python.dir/rosidl_generator_py/vehicle_interfaces/msg/_ultrasonic_data_s.c.o\x1b[0m\n'}
[35.257360] (-) TimerEvent: {}
[35.327854] (vehicle_interfaces) StdoutLine: {'line': b'[ 96%] \x1b[32m\x1b[1mLinking C shared library rosidl_generator_py/vehicle_interfaces/libvehicle_interfaces__python.so\x1b[0m\n'}
[35.357471] (-) TimerEvent: {}
[35.409119] (vehicle_interfaces) StdoutLine: {'line': b'[ 96%] Built target vehicle_interfaces__python\n'}
[35.428334] (vehicle_interfaces) StdoutLine: {'line': b'\x1b[35m\x1b[1mScanning dependencies of target vehicle_interfaces__rosidl_typesupport_introspection_c__pyext\x1b[0m\n'}
[35.431889] (vehicle_interfaces) StdoutLine: {'line': b'\x1b[35m\x1b[1mScanning dependencies of target vehicle_interfaces__rosidl_typesupport_c__pyext\x1b[0m\n'}
[35.432752] (vehicle_interfaces) StdoutLine: {'line': b'\x1b[35m\x1b[1mScanning dependencies of target vehicle_interfaces__rosidl_typesupport_fastrtps_c__pyext\x1b[0m\n'}
[35.458308] (-) TimerEvent: {}
[35.493076] (vehicle_interfaces) StdoutLine: {'line': b'[ 97%] \x1b[32mBuilding C object CMakeFiles/vehicle_interfaces__rosidl_typesupport_introspection_c__pyext.dir/rosidl_generator_py/vehicle_interfaces/_vehicle_interfaces_s.ep.rosidl_typesupport_introspection_c.c.o\x1b[0m\n'}
[35.497917] (vehicle_interfaces) StdoutLine: {'line': b'[ 98%] \x1b[32mBuilding C object CMakeFiles/vehicle_interfaces__rosidl_typesupport_c__pyext.dir/rosidl_generator_py/vehicle_interfaces/_vehicle_interfaces_s.ep.rosidl_typesupport_c.c.o\x1b[0m\n'}
[35.517608] (vehicle_interfaces) StdoutLine: {'line': b'[ 99%] \x1b[32mBuilding C object CMakeFiles/vehicle_interfaces__rosidl_typesupport_fastrtps_c__pyext.dir/rosidl_generator_py/vehicle_interfaces/_vehicle_interfaces_s.ep.rosidl_typesupport_fastrtps_c.c.o\x1b[0m\n'}
[35.558405] (-) TimerEvent: {}
[35.658985] (-) TimerEvent: {}
[35.765924] (-) TimerEvent: {}
[35.811546] (vehicle_interfaces) StdoutLine: {'line': b'[ 99%] \x1b[32m\x1b[1mLinking C shared library rosidl_generator_py/vehicle_interfaces/vehicle_interfaces_s__rosidl_typesupport_c.cpython-38-x86_64-linux-gnu.so\x1b[0m\n'}
[35.846787] (vehicle_interfaces) StdoutLine: {'line': b'[100%] \x1b[32m\x1b[1mLinking C shared library rosidl_generator_py/vehicle_interfaces/vehicle_interfaces_s__rosidl_typesupport_introspection_c.cpython-38-x86_64-linux-gnu.so\x1b[0m\n'}
[35.866053] (-) TimerEvent: {}
[35.884321] (vehicle_interfaces) StdoutLine: {'line': b'[100%] Built target vehicle_interfaces__rosidl_typesupport_c__pyext\n'}
[35.925939] (vehicle_interfaces) StdoutLine: {'line': b'[100%] \x1b[32m\x1b[1mLinking CXX shared library rosidl_generator_py/vehicle_interfaces/vehicle_interfaces_s__rosidl_typesupport_fastrtps_c.cpython-38-x86_64-linux-gnu.so\x1b[0m\n'}
[35.934197] (vehicle_interfaces) StdoutLine: {'line': b'[100%] Built target vehicle_interfaces__rosidl_typesupport_introspection_c__pyext\n'}
[35.966168] (-) TimerEvent: {}
[36.057504] (vehicle_interfaces) StdoutLine: {'line': b'[100%] Built target vehicle_interfaces__rosidl_typesupport_fastrtps_c__pyext\n'}
[36.066284] (-) TimerEvent: {}
[36.089832] (vehicle_interfaces) CommandEnded: {'returncode': 0}
[36.166388] (-) TimerEvent: {}
[36.266772] (-) TimerEvent: {}
[36.367436] (-) TimerEvent: {}
[36.446587] (vehicle_interfaces) JobProgress: {'identifier': 'vehicle_interfaces', 'progress': 'install'}
[36.466098] (vehicle_interfaces) Command: {'cmd': ['/usr/bin/cmake', '--install', '/root/build/vehicle_interfaces'], 'cwd': '/root/build/vehicle_interfaces', 'env': OrderedDict([('HOSTNAME', '2a33c685da1f'), ('SHLVL', '1'), ('LD_LIBRARY_PATH', '/root/install/vehicle_interfaces/lib:/opt/ros/foxy/opt/yaml_cpp_vendor/lib:/opt/ros/foxy/opt/rviz_ogre_vendor/lib:/opt/ros/foxy/lib/x86_64-linux-gnu:/opt/ros/foxy/lib'), ('HOME', '/root'), ('OLDPWD', '/'), ('ROS_PYTHON_VERSION', '3'), ('COLCON_PREFIX_PATH', '/root/install'), ('ROS_DISTRO', 'foxy'), ('_', '/usr/bin/colcon'), ('ROS_VERSION', '2'), ('TERM', 'xterm'), ('ROS_LOCALHOST_ONLY', '0'), ('QT_X11_NO_MITSHM', '1'), ('PATH', '/opt/ros/foxy/bin:/usr/local/sbin:/usr/local/bin:/usr/sbin:/usr/bin:/sbin:/bin'), ('DISPLAY', ':0.0'), ('LANG', 'C.UTF-8'), ('AMENT_PREFIX_PATH', '/root/install/vehicle_interfaces:/root/install/vehicle_string_converter:/root/install/vehicle_simulation:/opt/ros/foxy'), ('DEBIAN_FRONTEND', 'noninteractive'), ('PWD', '/root/build/vehicle_interfaces'), ('LC_ALL', 'C.UTF-8'), ('PYTHONPATH', '/root/install/vehicle_interfaces/lib/python3.8/site-packages:/root/install/vehicle_string_converter/lib/python3.8/site-packages:/root/install/vehicle_simulation/lib/python3.8/site-packages:/opt/ros/foxy/lib/python3.8/site-packages'), ('COLCON', '1'), ('CMAKE_PREFIX_PATH', '/root/install/vehicle_interfaces:/root/install/vehicle_string_converter:/root/install/vehicle_simulation:/opt/ros/foxy')]), 'shell': False}
[36.467712] (-) TimerEvent: {}
[36.482109] (vehicle_interfaces) StdoutLine: {'line': b'-- Install configuration: ""\n'}
[36.483528] (vehicle_interfaces) StdoutLine: {'line': b'-- Up-to-date: /root/install/vehicle_interfaces/share/ament_index/resource_index/rosidl_interfaces/vehicle_interfaces\n'}
[36.483734] (vehicle_interfaces) StdoutLine: {'line': b'-- Up-to-date: /root/install/vehicle_interfaces/include/vehicle_interfaces\n'}
[36.483891] (vehicle_interfaces) StdoutLine: {'line': b'-- Up-to-date: /root/install/vehicle_interfaces/include/vehicle_interfaces/msg\n'}
[36.484030] (vehicle_interfaces) StdoutLine: {'line': b'-- Installing: /root/install/vehicle_interfaces/include/vehicle_interfaces/msg/ultrasonic_data.h\n'}
[36.484167] (vehicle_interfaces) StdoutLine: {'line': b'-- Installing: /root/install/vehicle_interfaces/include/vehicle_interfaces/msg/qmc_data.h\n'}
[36.484316] (vehicle_interfaces) StdoutLine: {'line': b'-- Installing: /root/install/vehicle_interfaces/include/vehicle_interfaces/msg/temperature_data.h\n'}
[36.491751] (vehicle_interfaces) StdoutLine: {'line': b'-- Installing: /root/install/vehicle_interfaces/include/vehicle_interfaces/msg/mpu_data.h\n'}
[36.493821] (vehicle_interfaces) StdoutLine: {'line': b'-- Installing: /root/install/vehicle_interfaces/include/vehicle_interfaces/msg/sensor_data.h\n'}
[36.495441] (vehicle_interfaces) StdoutLine: {'line': b'-- Installing: /root/install/vehicle_interfaces/include/vehicle_interfaces/msg/encoder_data.h\n'}
[36.496897] (vehicle_interfaces) StdoutLine: {'line': b'-- Up-to-date: /root/install/vehicle_interfaces/include/vehicle_interfaces/msg/rosidl_generator_c__visibility_control.h\n'}
[36.497404] (vehicle_interfaces) StdoutLine: {'line': b'-- Installing: /root/install/vehicle_interfaces/include/vehicle_interfaces/msg/gps_data.h\n'}
[36.497684] (vehicle_interfaces) StdoutLine: {'line': b'-- Installing: /root/install/vehicle_interfaces/include/vehicle_interfaces/msg/to_f_data.h\n'}
[36.498118] (vehicle_interfaces) StdoutLine: {'line': b'-- Installing: /root/install/vehicle_interfaces/include/vehicle_interfaces/msg/control_data.h\n'}
[36.498400] (vehicle_interfaces) StdoutLine: {'line': b'-- Installing: /root/install/vehicle_interfaces/include/vehicle_interfaces/msg/ir_data.h\n'}
[36.498630] (vehicle_interfaces) StdoutLine: {'line': b'-- Up-to-date: /root/install/vehicle_interfaces/include/vehicle_interfaces/msg/detail\n'}
[36.498813] (vehicle_interfaces) StdoutLine: {'line': b'-- Installing: /root/install/vehicle_interfaces/include/vehicle_interfaces/msg/detail/to_f_data__struct.h\n'}
[36.498957] (vehicle_interfaces) StdoutLine: {'line': b'-- Installing: /root/install/vehicle_interfaces/include/vehicle_interfaces/msg/detail/temperature_data__functions.h\n'}
[36.499166] (vehicle_interfaces) StdoutLine: {'line': b'-- Installing: /root/install/vehicle_interfaces/include/vehicle_interfaces/msg/detail/temperature_data__struct.h\n'}
[36.499327] (vehicle_interfaces) StdoutLine: {'line': b'-- Installing: /root/install/vehicle_interfaces/include/vehicle_interfaces/msg/detail/mpu_data__functions.c\n'}
[36.499465] (vehicle_interfaces) StdoutLine: {'line': b'-- Installing: /root/install/vehicle_interfaces/include/vehicle_interfaces/msg/detail/ultrasonic_data__type_support.h\n'}
[36.499597] (vehicle_interfaces) StdoutLine: {'line': b'-- Installing: /root/install/vehicle_interfaces/include/vehicle_interfaces/msg/detail/control_data__type_support.h\n'}
[36.499768] (vehicle_interfaces) StdoutLine: {'line': b'-- Installing: /root/install/vehicle_interfaces/include/vehicle_interfaces/msg/detail/to_f_data__functions.c\n'}
[36.499906] (vehicle_interfaces) StdoutLine: {'line': b'-- Installing: /root/install/vehicle_interfaces/include/vehicle_interfaces/msg/detail/qmc_data__type_support.h\n'}
[36.500035] (vehicle_interfaces) StdoutLine: {'line': b'-- Installing: /root/install/vehicle_interfaces/include/vehicle_interfaces/msg/detail/ir_data__functions.c\n'}
[36.500163] (vehicle_interfaces) StdoutLine: {'line': b'-- Installing: /root/install/vehicle_interfaces/include/vehicle_interfaces/msg/detail/gps_data__struct.h\n'}
[36.500346] (vehicle_interfaces) StdoutLine: {'line': b'-- Installing: /root/install/vehicle_interfaces/include/vehicle_interfaces/msg/detail/gps_data__functions.h\n'}
[36.500529] (vehicle_interfaces) StdoutLine: {'line': b'-- Installing: /root/install/vehicle_interfaces/include/vehicle_interfaces/msg/detail/sensor_data__struct.h\n'}
[36.500663] (vehicle_interfaces) StdoutLine: {'line': b'-- Installing: /root/install/vehicle_interfaces/include/vehicle_interfaces/msg/detail/ir_data__struct.h\n'}
[36.500787] (vehicle_interfaces) StdoutLine: {'line': b'-- Installing: /root/install/vehicle_interfaces/include/vehicle_interfaces/msg/detail/sensor_data__functions.c\n'}
[36.500916] (vehicle_interfaces) StdoutLine: {'line': b'-- Installing: /root/install/vehicle_interfaces/include/vehicle_interfaces/msg/detail/mpu_data__struct.h\n'}
[36.501141] (vehicle_interfaces) StdoutLine: {'line': b'-- Installing: /root/install/vehicle_interfaces/include/vehicle_interfaces/msg/detail/mpu_data__functions.h\n'}
[36.501354] (vehicle_interfaces) StdoutLine: {'line': b'-- Installing: /root/install/vehicle_interfaces/include/vehicle_interfaces/msg/detail/temperature_data__type_support.h\n'}
[36.501524] (vehicle_interfaces) StdoutLine: {'line': b'-- Installing: /root/install/vehicle_interfaces/include/vehicle_interfaces/msg/detail/ir_data__type_support.h\n'}
[36.501696] (vehicle_interfaces) StdoutLine: {'line': b'-- Installing: /root/install/vehicle_interfaces/include/vehicle_interfaces/msg/detail/mpu_data__type_support.h\n'}
[36.501874] (vehicle_interfaces) StdoutLine: {'line': b'-- Installing: /root/install/vehicle_interfaces/include/vehicle_interfaces/msg/detail/ultrasonic_data__struct.h\n'}
[36.502040] (vehicle_interfaces) StdoutLine: {'line': b'-- Installing: /root/install/vehicle_interfaces/include/vehicle_interfaces/msg/detail/control_data__struct.h\n'}
[36.502256] (vehicle_interfaces) StdoutLine: {'line': b'-- Installing: /root/install/vehicle_interfaces/include/vehicle_interfaces/msg/detail/control_data__functions.c\n'}
[36.502397] (vehicle_interfaces) StdoutLine: {'line': b'-- Installing: /root/install/vehicle_interfaces/include/vehicle_interfaces/msg/detail/temperature_data__functions.c\n'}
[36.502591] (vehicle_interfaces) StdoutLine: {'line': b'-- Installing: /root/install/vehicle_interfaces/include/vehicle_interfaces/msg/detail/gps_data__functions.c\n'}
[36.502872] (vehicle_interfaces) StdoutLine: {'line': b'-- Installing: /root/install/vehicle_interfaces/include/vehicle_interfaces/msg/detail/qmc_data__functions.h\n'}
[36.503262] (vehicle_interfaces) StdoutLine: {'line': b'-- Installing: /root/install/vehicle_interfaces/include/vehicle_interfaces/msg/detail/sensor_data__type_support.h\n'}
[36.503591] (vehicle_interfaces) StdoutLine: {'line': b'-- Installing: /root/install/vehicle_interfaces/include/vehicle_interfaces/msg/detail/control_data__functions.h\n'}
[36.503742] (vehicle_interfaces) StdoutLine: {'line': b'-- Installing: /root/install/vehicle_interfaces/include/vehicle_interfaces/msg/detail/ultrasonic_data__functions.c\n'}
[36.503874] (vehicle_interfaces) StdoutLine: {'line': b'-- Installing: /root/install/vehicle_interfaces/include/vehicle_interfaces/msg/detail/sensor_data__functions.h\n'}
[36.504058] (vehicle_interfaces) StdoutLine: {'line': b'-- Installing: /root/install/vehicle_interfaces/include/vehicle_interfaces/msg/detail/encoder_data__functions.c\n'}
[36.504196] (vehicle_interfaces) StdoutLine: {'line': b'-- Installing: /root/install/vehicle_interfaces/include/vehicle_interfaces/msg/detail/gps_data__type_support.h\n'}
[36.504420] (vehicle_interfaces) StdoutLine: {'line': b'-- Installing: /root/install/vehicle_interfaces/include/vehicle_interfaces/msg/detail/ir_data__functions.h\n'}
[36.504556] (vehicle_interfaces) StdoutLine: {'line': b'-- Installing: /root/install/vehicle_interfaces/include/vehicle_interfaces/msg/detail/to_f_data__functions.h\n'}
[36.504687] (vehicle_interfaces) StdoutLine: {'line': b'-- Installing: /root/install/vehicle_interfaces/include/vehicle_interfaces/msg/detail/encoder_data__type_support.h\n'}
[36.504882] (vehicle_interfaces) StdoutLine: {'line': b'-- Installing: /root/install/vehicle_interfaces/include/vehicle_interfaces/msg/detail/ultrasonic_data__functions.h\n'}
[36.505151] (vehicle_interfaces) StdoutLine: {'line': b'-- Installing: /root/install/vehicle_interfaces/include/vehicle_interfaces/msg/detail/to_f_data__type_support.h\n'}
[36.505347] (vehicle_interfaces) StdoutLine: {'line': b'-- Installing: /root/install/vehicle_interfaces/include/vehicle_interfaces/msg/detail/qmc_data__functions.c\n'}
[36.505492] (vehicle_interfaces) StdoutLine: {'line': b'-- Installing: /root/install/vehicle_interfaces/include/vehicle_interfaces/msg/detail/qmc_data__struct.h\n'}
[36.505680] (vehicle_interfaces) StdoutLine: {'line': b'-- Installing: /root/install/vehicle_interfaces/include/vehicle_interfaces/msg/detail/encoder_data__functions.h\n'}
[36.505893] (vehicle_interfaces) StdoutLine: {'line': b'-- Installing: /root/install/vehicle_interfaces/include/vehicle_interfaces/msg/detail/encoder_data__struct.h\n'}
[36.506097] (vehicle_interfaces) StdoutLine: {'line': b'-- Up-to-date: /root/install/vehicle_interfaces/include/vehicle_interfaces/srv\n'}
[36.506368] (vehicle_interfaces) StdoutLine: {'line': b'-- Installing: /root/install/vehicle_interfaces/include/vehicle_interfaces/srv/get_device_status.h\n'}
[36.506504] (vehicle_interfaces) StdoutLine: {'line': b'-- Installing: /root/install/vehicle_interfaces/include/vehicle_interfaces/srv/reset_serial_port.h\n'}
[36.506681] (vehicle_interfaces) StdoutLine: {'line': b'-- Installing: /root/install/vehicle_interfaces/include/vehicle_interfaces/srv/get_serial_port.h\n'}
[36.506849] (vehicle_interfaces) StdoutLine: {'line': b'-- Up-to-date: /root/install/vehicle_interfaces/include/vehicle_interfaces/srv/detail\n'}
[36.507040] (vehicle_interfaces) StdoutLine: {'line': b'-- Installing: /root/install/vehicle_interfaces/include/vehicle_interfaces/srv/detail/reset_serial_port__functions.c\n'}
[36.507328] (vehicle_interfaces) StdoutLine: {'line': b'-- Installing: /root/install/vehicle_interfaces/include/vehicle_interfaces/srv/detail/get_serial_port__functions.c\n'}
[36.508104] (vehicle_interfaces) StdoutLine: {'line': b'-- Installing: /root/install/vehicle_interfaces/include/vehicle_interfaces/srv/detail/reset_serial_port__type_support.h\n'}
[36.508400] (vehicle_interfaces) StdoutLine: {'line': b'-- Installing: /root/install/vehicle_interfaces/include/vehicle_interfaces/srv/detail/get_serial_port__functions.h\n'}
[36.508551] (vehicle_interfaces) StdoutLine: {'line': b'-- Installing: /root/install/vehicle_interfaces/include/vehicle_interfaces/srv/detail/get_device_status__struct.h\n'}
[36.508694] (vehicle_interfaces) StdoutLine: {'line': b'-- Installing: /root/install/vehicle_interfaces/include/vehicle_interfaces/srv/detail/reset_serial_port__functions.h\n'}
[36.508875] (vehicle_interfaces) StdoutLine: {'line': b'-- Installing: /root/install/vehicle_interfaces/include/vehicle_interfaces/srv/detail/get_serial_port__type_support.h\n'}
[36.509016] (vehicle_interfaces) StdoutLine: {'line': b'-- Installing: /root/install/vehicle_interfaces/include/vehicle_interfaces/srv/detail/get_device_status__functions.h\n'}
[36.509146] (vehicle_interfaces) StdoutLine: {'line': b'-- Installing: /root/install/vehicle_interfaces/include/vehicle_interfaces/srv/detail/get_serial_port__struct.h\n'}
[36.509290] (vehicle_interfaces) StdoutLine: {'line': b'-- Installing: /root/install/vehicle_interfaces/include/vehicle_interfaces/srv/detail/get_device_status__functions.c\n'}
[36.509419] (vehicle_interfaces) StdoutLine: {'line': b'-- Installing: /root/install/vehicle_interfaces/include/vehicle_interfaces/srv/detail/get_device_status__type_support.h\n'}
[36.509563] (vehicle_interfaces) StdoutLine: {'line': b'-- Installing: /root/install/vehicle_interfaces/include/vehicle_interfaces/srv/detail/reset_serial_port__struct.h\n'}
[36.509735] (vehicle_interfaces) StdoutLine: {'line': b'-- Up-to-date: /root/install/vehicle_interfaces/share/vehicle_interfaces/environment/library_path.sh\n'}
[36.509867] (vehicle_interfaces) StdoutLine: {'line': b'-- Installing: /root/install/vehicle_interfaces/share/vehicle_interfaces/environment/library_path.dsv\n'}
[36.510058] (vehicle_interfaces) StdoutLine: {'line': b'-- Installing: /root/install/vehicle_interfaces/lib/libvehicle_interfaces__rosidl_generator_c.so\n'}
[36.510216] (vehicle_interfaces) StdoutLine: {'line': b'-- Set runtime path of "/root/install/vehicle_interfaces/lib/libvehicle_interfaces__rosidl_generator_c.so" to ""\n'}
[36.510366] (vehicle_interfaces) StdoutLine: {'line': b'-- Up-to-date: /root/install/vehicle_interfaces/include/vehicle_interfaces\n'}
[36.510498] (vehicle_interfaces) StdoutLine: {'line': b'-- Up-to-date: /root/install/vehicle_interfaces/include/vehicle_interfaces/msg\n'}
[36.510633] (vehicle_interfaces) StdoutLine: {'line': b'-- Up-to-date: /root/install/vehicle_interfaces/include/vehicle_interfaces/msg/detail\n'}
[36.510875] (vehicle_interfaces) StdoutLine: {'line': b'-- Installing: /root/install/vehicle_interfaces/include/vehicle_interfaces/msg/detail/encoder_data__rosidl_typesupport_fastrtps_c.h\n'}
[36.511007] (vehicle_interfaces) StdoutLine: {'line': b'-- Installing: /root/install/vehicle_interfaces/include/vehicle_interfaces/msg/detail/qmc_data__rosidl_typesupport_fastrtps_c.h\n'}
[36.511187] (vehicle_interfaces) StdoutLine: {'line': b'-- Installing: /root/install/vehicle_interfaces/include/vehicle_interfaces/msg/detail/control_data__rosidl_typesupport_fastrtps_c.h\n'}
[36.511387] (vehicle_interfaces) StdoutLine: {'line': b'-- Installing: /root/install/vehicle_interfaces/include/vehicle_interfaces/msg/detail/to_f_data__rosidl_typesupport_fastrtps_c.h\n'}
[36.511522] (vehicle_interfaces) StdoutLine: {'line': b'-- Installing: /root/install/vehicle_interfaces/include/vehicle_interfaces/msg/detail/ultrasonic_data__rosidl_typesupport_fastrtps_c.h\n'}
[36.511701] (vehicle_interfaces) StdoutLine: {'line': b'-- Installing: /root/install/vehicle_interfaces/include/vehicle_interfaces/msg/detail/sensor_data__rosidl_typesupport_fastrtps_c.h\n'}
[36.511871] (vehicle_interfaces) StdoutLine: {'line': b'-- Installing: /root/install/vehicle_interfaces/include/vehicle_interfaces/msg/detail/temperature_data__rosidl_typesupport_fastrtps_c.h\n'}
[36.512036] (vehicle_interfaces) StdoutLine: {'line': b'-- Installing: /root/install/vehicle_interfaces/include/vehicle_interfaces/msg/detail/ir_data__rosidl_typesupport_fastrtps_c.h\n'}
[36.512197] (vehicle_interfaces) StdoutLine: {'line': b'-- Installing: /root/install/vehicle_interfaces/include/vehicle_interfaces/msg/detail/mpu_data__rosidl_typesupport_fastrtps_c.h\n'}
[36.512344] (vehicle_interfaces) StdoutLine: {'line': b'-- Installing: /root/install/vehicle_interfaces/include/vehicle_interfaces/msg/detail/gps_data__rosidl_typesupport_fastrtps_c.h\n'}
[36.512511] (vehicle_interfaces) StdoutLine: {'line': b'-- Up-to-date: /root/install/vehicle_interfaces/include/vehicle_interfaces/msg/rosidl_typesupport_fastrtps_c__visibility_control.h\n'}
[36.512671] (vehicle_interfaces) StdoutLine: {'line': b'-- Up-to-date: /root/install/vehicle_interfaces/include/vehicle_interfaces/srv\n'}
[36.512803] (vehicle_interfaces) StdoutLine: {'line': b'-- Up-to-date: /root/install/vehicle_interfaces/include/vehicle_interfaces/srv/detail\n'}
[36.512964] (vehicle_interfaces) StdoutLine: {'line': b'-- Installing: /root/install/vehicle_interfaces/include/vehicle_interfaces/srv/detail/reset_serial_port__rosidl_typesupport_fastrtps_c.h\n'}
[36.513128] (vehicle_interfaces) StdoutLine: {'line': b'-- Installing: /root/install/vehicle_interfaces/include/vehicle_interfaces/srv/detail/get_device_status__rosidl_typesupport_fastrtps_c.h\n'}
[36.513298] (vehicle_interfaces) StdoutLine: {'line': b'-- Installing: /root/install/vehicle_interfaces/include/vehicle_interfaces/srv/detail/get_serial_port__rosidl_typesupport_fastrtps_c.h\n'}
[36.513430] (vehicle_interfaces) StdoutLine: {'line': b'-- Installing: /root/install/vehicle_interfaces/lib/libvehicle_interfaces__rosidl_typesupport_fastrtps_c.so\n'}
[36.513563] (vehicle_interfaces) StdoutLine: {'line': b'-- Set runtime path of "/root/install/vehicle_interfaces/lib/libvehicle_interfaces__rosidl_typesupport_fastrtps_c.so" to ""\n'}
[36.513725] (vehicle_interfaces) StdoutLine: {'line': b'-- Up-to-date: /root/install/vehicle_interfaces/include/vehicle_interfaces\n'}
[36.513893] (vehicle_interfaces) StdoutLine: {'line': b'-- Up-to-date: /root/install/vehicle_interfaces/include/vehicle_interfaces/msg\n'}
[36.514053] (vehicle_interfaces) StdoutLine: {'line': b'-- Up-to-date: /root/install/vehicle_interfaces/include/vehicle_interfaces/msg/rosidl_typesupport_fastrtps_cpp__visibility_control.h\n'}
[36.514185] (vehicle_interfaces) StdoutLine: {'line': b'-- Up-to-date: /root/install/vehicle_interfaces/include/vehicle_interfaces/msg/detail\n'}
[36.514362] (vehicle_interfaces) StdoutLine: {'line': b'-- Installing: /root/install/vehicle_interfaces/include/vehicle_interfaces/msg/detail/ir_data__rosidl_typesupport_fastrtps_cpp.hpp\n'}
[36.514533] (vehicle_interfaces) StdoutLine: {'line': b'-- Installing: /root/install/vehicle_interfaces/include/vehicle_interfaces/msg/detail/encoder_data__rosidl_typesupport_fastrtps_cpp.hpp\n'}
[36.514658] (vehicle_interfaces) StdoutLine: {'line': b'-- Installing: /root/install/vehicle_interfaces/include/vehicle_interfaces/msg/detail/mpu_data__rosidl_typesupport_fastrtps_cpp.hpp\n'}
[36.514878] (vehicle_interfaces) StdoutLine: {'line': b'-- Installing: /root/install/vehicle_interfaces/include/vehicle_interfaces/msg/detail/qmc_data__rosidl_typesupport_fastrtps_cpp.hpp\n'}
[36.515014] (vehicle_interfaces) StdoutLine: {'line': b'-- Installing: /root/install/vehicle_interfaces/include/vehicle_interfaces/msg/detail/ultrasonic_data__rosidl_typesupport_fastrtps_cpp.hpp\n'}
[36.515261] (vehicle_interfaces) StdoutLine: {'line': b'-- Installing: /root/install/vehicle_interfaces/include/vehicle_interfaces/msg/detail/sensor_data__rosidl_typesupport_fastrtps_cpp.hpp\n'}
[36.515414] (vehicle_interfaces) StdoutLine: {'line': b'-- Installing: /root/install/vehicle_interfaces/include/vehicle_interfaces/msg/detail/control_data__rosidl_typesupport_fastrtps_cpp.hpp\n'}
[36.515626] (vehicle_interfaces) StdoutLine: {'line': b'-- Installing: /root/install/vehicle_interfaces/include/vehicle_interfaces/msg/detail/to_f_data__rosidl_typesupport_fastrtps_cpp.hpp\n'}
[36.515759] (vehicle_interfaces) StdoutLine: {'line': b'-- Installing: /root/install/vehicle_interfaces/include/vehicle_interfaces/msg/detail/temperature_data__rosidl_typesupport_fastrtps_cpp.hpp\n'}
[36.515925] (vehicle_interfaces) StdoutLine: {'line': b'-- Up-to-date: /root/install/vehicle_interfaces/include/vehicle_interfaces/msg/detail/dds_fastrtps\n'}
[36.516093] (vehicle_interfaces) StdoutLine: {'line': b'-- Installing: /root/install/vehicle_interfaces/include/vehicle_interfaces/msg/detail/gps_data__rosidl_typesupport_fastrtps_cpp.hpp\n'}
[36.516221] (vehicle_interfaces) StdoutLine: {'line': b'-- Up-to-date: /root/install/vehicle_interfaces/include/vehicle_interfaces/srv\n'}
[36.516364] (vehicle_interfaces) StdoutLine: {'line': b'-- Up-to-date: /root/install/vehicle_interfaces/include/vehicle_interfaces/srv/detail\n'}
[36.516481] (vehicle_interfaces) StdoutLine: {'line': b'-- Installing: /root/install/vehicle_interfaces/include/vehicle_interfaces/srv/detail/get_device_status__rosidl_typesupport_fastrtps_cpp.hpp\n'}
[36.516600] (vehicle_interfaces) StdoutLine: {'line': b'-- Installing: /root/install/vehicle_interfaces/include/vehicle_interfaces/srv/detail/get_serial_port__rosidl_typesupport_fastrtps_cpp.hpp\n'}
[36.516718] (vehicle_interfaces) StdoutLine: {'line': b'-- Installing: /root/install/vehicle_interfaces/include/vehicle_interfaces/srv/detail/reset_serial_port__rosidl_typesupport_fastrtps_cpp.hpp\n'}
[36.516841] (vehicle_interfaces) StdoutLine: {'line': b'-- Up-to-date: /root/install/vehicle_interfaces/include/vehicle_interfaces/srv/detail/dds_fastrtps\n'}
[36.517012] (vehicle_interfaces) StdoutLine: {'line': b'-- Installing: /root/install/vehicle_interfaces/lib/libvehicle_interfaces__rosidl_typesupport_fastrtps_cpp.so\n'}
[36.517143] (vehicle_interfaces) StdoutLine: {'line': b'-- Set runtime path of "/root/install/vehicle_interfaces/lib/libvehicle_interfaces__rosidl_typesupport_fastrtps_cpp.so" to ""\n'}
[36.517295] (vehicle_interfaces) StdoutLine: {'line': b'-- Up-to-date: /root/install/vehicle_interfaces/include/vehicle_interfaces\n'}
[36.517519] (vehicle_interfaces) StdoutLine: {'line': b'-- Up-to-date: /root/install/vehicle_interfaces/include/vehicle_interfaces/msg\n'}
[36.517710] (vehicle_interfaces) StdoutLine: {'line': b'-- Up-to-date: /root/install/vehicle_interfaces/include/vehicle_interfaces/msg/rosidl_typesupport_introspection_c__visibility_control.h\n'}
[36.517878] (vehicle_interfaces) StdoutLine: {'line': b'-- Up-to-date: /root/install/vehicle_interfaces/include/vehicle_interfaces/msg/detail\n'}
[36.518011] (vehicle_interfaces) StdoutLine: {'line': b'-- Installing: /root/install/vehicle_interfaces/include/vehicle_interfaces/msg/detail/gps_data__rosidl_typesupport_introspection_c.h\n'}
[36.518136] (vehicle_interfaces) StdoutLine: {'line': b'-- Installing: /root/install/vehicle_interfaces/include/vehicle_interfaces/msg/detail/mpu_data__type_support.c\n'}
[36.518273] (vehicle_interfaces) StdoutLine: {'line': b'-- Installing: /root/install/vehicle_interfaces/include/vehicle_interfaces/msg/detail/qmc_data__rosidl_typesupport_introspection_c.h\n'}
[36.518444] (vehicle_interfaces) StdoutLine: {'line': b'-- Installing: /root/install/vehicle_interfaces/include/vehicle_interfaces/msg/detail/ultrasonic_data__rosidl_typesupport_introspection_c.h\n'}
[36.518641] (vehicle_interfaces) StdoutLine: {'line': b'-- Installing: /root/install/vehicle_interfaces/include/vehicle_interfaces/msg/detail/gps_data__type_support.c\n'}
[36.518772] (vehicle_interfaces) StdoutLine: {'line': b'-- Installing: /root/install/vehicle_interfaces/include/vehicle_interfaces/msg/detail/control_data__rosidl_typesupport_introspection_c.h\n'}
[36.518940] (vehicle_interfaces) StdoutLine: {'line': b'-- Installing: /root/install/vehicle_interfaces/include/vehicle_interfaces/msg/detail/control_data__type_support.c\n'}
[36.519108] (vehicle_interfaces) StdoutLine: {'line': b'-- Installing: /root/install/vehicle_interfaces/include/vehicle_interfaces/msg/detail/ir_data__rosidl_typesupport_introspection_c.h\n'}
[36.519296] (vehicle_interfaces) StdoutLine: {'line': b'-- Installing: /root/install/vehicle_interfaces/include/vehicle_interfaces/msg/detail/to_f_data__rosidl_typesupport_introspection_c.h\n'}
[36.519428] (vehicle_interfaces) StdoutLine: {'line': b'-- Installing: /root/install/vehicle_interfaces/include/vehicle_interfaces/msg/detail/mpu_data__rosidl_typesupport_introspection_c.h\n'}
[36.519618] (vehicle_interfaces) StdoutLine: {'line': b'-- Installing: /root/install/vehicle_interfaces/include/vehicle_interfaces/msg/detail/ir_data__type_support.c\n'}
[36.519787] (vehicle_interfaces) StdoutLine: {'line': b'-- Installing: /root/install/vehicle_interfaces/include/vehicle_interfaces/msg/detail/temperature_data__rosidl_typesupport_introspection_c.h\n'}
[36.519948] (vehicle_interfaces) StdoutLine: {'line': b'-- Installing: /root/install/vehicle_interfaces/include/vehicle_interfaces/msg/detail/encoder_data__rosidl_typesupport_introspection_c.h\n'}
[36.520075] (vehicle_interfaces) StdoutLine: {'line': b'-- Installing: /root/install/vehicle_interfaces/include/vehicle_interfaces/msg/detail/ultrasonic_data__type_support.c\n'}
[36.520253] (vehicle_interfaces) StdoutLine: {'line': b'-- Installing: /root/install/vehicle_interfaces/include/vehicle_interfaces/msg/detail/encoder_data__type_support.c\n'}
[36.520388] (vehicle_interfaces) StdoutLine: {'line': b'-- Installing: /root/install/vehicle_interfaces/include/vehicle_interfaces/msg/detail/temperature_data__type_support.c\n'}
[36.520560] (vehicle_interfaces) StdoutLine: {'line': b'-- Installing: /root/install/vehicle_interfaces/include/vehicle_interfaces/msg/detail/qmc_data__type_support.c\n'}
[36.520753] (vehicle_interfaces) StdoutLine: {'line': b'-- Installing: /root/install/vehicle_interfaces/include/vehicle_interfaces/msg/detail/to_f_data__type_support.c\n'}
[36.520923] (vehicle_interfaces) StdoutLine: {'line': b'-- Installing: /root/install/vehicle_interfaces/include/vehicle_interfaces/msg/detail/sensor_data__rosidl_typesupport_introspection_c.h\n'}
[36.521085] (vehicle_interfaces) StdoutLine: {'line': b'-- Installing: /root/install/vehicle_interfaces/include/vehicle_interfaces/msg/detail/sensor_data__type_support.c\n'}
[36.521215] (vehicle_interfaces) StdoutLine: {'line': b'-- Up-to-date: /root/install/vehicle_interfaces/include/vehicle_interfaces/srv\n'}
[36.521411] (vehicle_interfaces) StdoutLine: {'line': b'-- Up-to-date: /root/install/vehicle_interfaces/include/vehicle_interfaces/srv/detail\n'}
[36.521579] (vehicle_interfaces) StdoutLine: {'line': b'-- Installing: /root/install/vehicle_interfaces/include/vehicle_interfaces/srv/detail/get_serial_port__type_support.c\n'}
[36.521743] (vehicle_interfaces) StdoutLine: {'line': b'-- Installing: /root/install/vehicle_interfaces/include/vehicle_interfaces/srv/detail/reset_serial_port__rosidl_typesupport_introspection_c.h\n'}
[36.521911] (vehicle_interfaces) StdoutLine: {'line': b'-- Installing: /root/install/vehicle_interfaces/include/vehicle_interfaces/srv/detail/reset_serial_port__type_support.c\n'}
[36.522072] (vehicle_interfaces) StdoutLine: {'line': b'-- Installing: /root/install/vehicle_interfaces/include/vehicle_interfaces/srv/detail/get_serial_port__rosidl_typesupport_introspection_c.h\n'}
[36.522241] (vehicle_interfaces) StdoutLine: {'line': b'-- Installing: /root/install/vehicle_interfaces/include/vehicle_interfaces/srv/detail/get_device_status__rosidl_typesupport_introspection_c.h\n'}
[36.522372] (vehicle_interfaces) StdoutLine: {'line': b'-- Installing: /root/install/vehicle_interfaces/include/vehicle_interfaces/srv/detail/get_device_status__type_support.c\n'}
[36.522518] (vehicle_interfaces) StdoutLine: {'line': b'-- Installing: /root/install/vehicle_interfaces/lib/libvehicle_interfaces__rosidl_typesupport_introspection_c.so\n'}
[36.522705] (vehicle_interfaces) StdoutLine: {'line': b'-- Set runtime path of "/root/install/vehicle_interfaces/lib/libvehicle_interfaces__rosidl_typesupport_introspection_c.so" to ""\n'}
[36.522863] (vehicle_interfaces) StdoutLine: {'line': b'-- Installing: /root/install/vehicle_interfaces/lib/libvehicle_interfaces__rosidl_typesupport_c.so\n'}
[36.522993] (vehicle_interfaces) StdoutLine: {'line': b'-- Set runtime path of "/root/install/vehicle_interfaces/lib/libvehicle_interfaces__rosidl_typesupport_c.so" to ""\n'}
[36.523155] (vehicle_interfaces) StdoutLine: {'line': b'-- Up-to-date: /root/install/vehicle_interfaces/include/vehicle_interfaces\n'}
[36.523338] (vehicle_interfaces) StdoutLine: {'line': b'-- Up-to-date: /root/install/vehicle_interfaces/include/vehicle_interfaces/msg\n'}
[36.523475] (vehicle_interfaces) StdoutLine: {'line': b'-- Installing: /root/install/vehicle_interfaces/include/vehicle_interfaces/msg/mpu_data.hpp\n'}
[36.523662] (vehicle_interfaces) StdoutLine: {'line': b'-- Installing: /root/install/vehicle_interfaces/include/vehicle_interfaces/msg/to_f_data.hpp\n'}
[36.523830] (vehicle_interfaces) StdoutLine: {'line': b'-- Installing: /root/install/vehicle_interfaces/include/vehicle_interfaces/msg/ir_data.hpp\n'}
[36.523976] (vehicle_interfaces) StdoutLine: {'line': b'-- Installing: /root/install/vehicle_interfaces/include/vehicle_interfaces/msg/control_data.hpp\n'}
[36.524105] (vehicle_interfaces) StdoutLine: {'line': b'-- Up-to-date: /root/install/vehicle_interfaces/include/vehicle_interfaces/msg/rosidl_generator_cpp__visibility_control.hpp\n'}
[36.524321] (vehicle_interfaces) StdoutLine: {'line': b'-- Installing: /root/install/vehicle_interfaces/include/vehicle_interfaces/msg/ultrasonic_data.hpp\n'}
[36.524461] (vehicle_interfaces) StdoutLine: {'line': b'-- Installing: /root/install/vehicle_interfaces/include/vehicle_interfaces/msg/encoder_data.hpp\n'}
[36.524627] (vehicle_interfaces) StdoutLine: {'line': b'-- Installing: /root/install/vehicle_interfaces/include/vehicle_interfaces/msg/gps_data.hpp\n'}
[36.524796] (vehicle_interfaces) StdoutLine: {'line': b'-- Installing: /root/install/vehicle_interfaces/include/vehicle_interfaces/msg/temperature_data.hpp\n'}
[36.525244] (vehicle_interfaces) StdoutLine: {'line': b'-- Installing: /root/install/vehicle_interfaces/include/vehicle_interfaces/msg/qmc_data.hpp\n'}
[36.525416] (vehicle_interfaces) StdoutLine: {'line': b'-- Up-to-date: /root/install/vehicle_interfaces/include/vehicle_interfaces/msg/detail\n'}
[36.525561] (vehicle_interfaces) StdoutLine: {'line': b'-- Installing: /root/install/vehicle_interfaces/include/vehicle_interfaces/msg/detail/control_data__builder.hpp\n'}
[36.525698] (vehicle_interfaces) StdoutLine: {'line': b'-- Installing: /root/install/vehicle_interfaces/include/vehicle_interfaces/msg/detail/mpu_data__type_support.hpp\n'}
[36.526392] (vehicle_interfaces) StdoutLine: {'line': b'-- Installing: /root/install/vehicle_interfaces/include/vehicle_interfaces/msg/detail/encoder_data__builder.hpp\n'}
[36.526585] (vehicle_interfaces) StdoutLine: {'line': b'-- Installing: /root/install/vehicle_interfaces/include/vehicle_interfaces/msg/detail/ultrasonic_data__traits.hpp\n'}
[36.526756] (vehicle_interfaces) StdoutLine: {'line': b'-- Installing: /root/install/vehicle_interfaces/include/vehicle_interfaces/msg/detail/to_f_data__builder.hpp\n'}
[36.526925] (vehicle_interfaces) StdoutLine: {'line': b'-- Installing: /root/install/vehicle_interfaces/include/vehicle_interfaces/msg/detail/control_data__type_support.hpp\n'}
[36.527060] (vehicle_interfaces) StdoutLine: {'line': b'-- Installing: /root/install/vehicle_interfaces/include/vehicle_interfaces/msg/detail/mpu_data__builder.hpp\n'}
[36.527196] (vehicle_interfaces) StdoutLine: {'line': b'-- Installing: /root/install/vehicle_interfaces/include/vehicle_interfaces/msg/detail/gps_data__builder.hpp\n'}
[36.527375] (vehicle_interfaces) StdoutLine: {'line': b'-- Installing: /root/install/vehicle_interfaces/include/vehicle_interfaces/msg/detail/sensor_data__traits.hpp\n'}
[36.527613] (vehicle_interfaces) StdoutLine: {'line': b'-- Installing: /root/install/vehicle_interfaces/include/vehicle_interfaces/msg/detail/temperature_data__type_support.hpp\n'}
[36.527787] (vehicle_interfaces) StdoutLine: {'line': b'-- Installing: /root/install/vehicle_interfaces/include/vehicle_interfaces/msg/detail/ir_data__builder.hpp\n'}
[36.527950] (vehicle_interfaces) StdoutLine: {'line': b'-- Installing: /root/install/vehicle_interfaces/include/vehicle_interfaces/msg/detail/sensor_data__builder.hpp\n'}
[36.528082] (vehicle_interfaces) StdoutLine: {'line': b'-- Installing: /root/install/vehicle_interfaces/include/vehicle_interfaces/msg/detail/qmc_data__struct.hpp\n'}
[36.528265] (vehicle_interfaces) StdoutLine: {'line': b'-- Installing: /root/install/vehicle_interfaces/include/vehicle_interfaces/msg/detail/sensor_data__struct.hpp\n'}
[36.528435] (vehicle_interfaces) StdoutLine: {'line': b'-- Installing: /root/install/vehicle_interfaces/include/vehicle_interfaces/msg/detail/temperature_data__struct.hpp\n'}
[36.528599] (vehicle_interfaces) StdoutLine: {'line': b'-- Installing: /root/install/vehicle_interfaces/include/vehicle_interfaces/msg/detail/gps_data__type_support.hpp\n'}
[36.528732] (vehicle_interfaces) StdoutLine: {'line': b'-- Installing: /root/install/vehicle_interfaces/include/vehicle_interfaces/msg/detail/sensor_data__type_support.hpp\n'}
[36.528894] (vehicle_interfaces) StdoutLine: {'line': b'-- Installing: /root/install/vehicle_interfaces/include/vehicle_interfaces/msg/detail/temperature_data__traits.hpp\n'}
[36.529101] (vehicle_interfaces) StdoutLine: {'line': b'-- Installing: /root/install/vehicle_interfaces/include/vehicle_interfaces/msg/detail/ir_data__type_support.hpp\n'}
[36.529372] (vehicle_interfaces) StdoutLine: {'line': b'-- Installing: /root/install/vehicle_interfaces/include/vehicle_interfaces/msg/detail/mpu_data__traits.hpp\n'}
[36.529563] (vehicle_interfaces) StdoutLine: {'line': b'-- Installing: /root/install/vehicle_interfaces/include/vehicle_interfaces/msg/detail/mpu_data__struct.hpp\n'}
[36.529699] (vehicle_interfaces) StdoutLine: {'line': b'-- Installing: /root/install/vehicle_interfaces/include/vehicle_interfaces/msg/detail/control_data__struct.hpp\n'}
[36.529898] (vehicle_interfaces) StdoutLine: {'line': b'-- Installing: /root/install/vehicle_interfaces/include/vehicle_interfaces/msg/detail/temperature_data__builder.hpp\n'}
[36.530069] (vehicle_interfaces) StdoutLine: {'line': b'-- Installing: /root/install/vehicle_interfaces/include/vehicle_interfaces/msg/detail/gps_data__struct.hpp\n'}
[36.530199] (vehicle_interfaces) StdoutLine: {'line': b'-- Installing: /root/install/vehicle_interfaces/include/vehicle_interfaces/msg/detail/ir_data__struct.hpp\n'}
[36.530470] (vehicle_interfaces) StdoutLine: {'line': b'-- Installing: /root/install/vehicle_interfaces/include/vehicle_interfaces/msg/detail/encoder_data__type_support.hpp\n'}
[36.530615] (vehicle_interfaces) StdoutLine: {'line': b'-- Installing: /root/install/vehicle_interfaces/include/vehicle_interfaces/msg/detail/encoder_data__traits.hpp\n'}
[36.530748] (vehicle_interfaces) StdoutLine: {'line': b'-- Installing: /root/install/vehicle_interfaces/include/vehicle_interfaces/msg/detail/encoder_data__struct.hpp\n'}
[36.530956] (vehicle_interfaces) StdoutLine: {'line': b'-- Installing: /root/install/vehicle_interfaces/include/vehicle_interfaces/msg/detail/to_f_data__traits.hpp\n'}
[36.531118] (vehicle_interfaces) StdoutLine: {'line': b'-- Installing: /root/install/vehicle_interfaces/include/vehicle_interfaces/msg/detail/qmc_data__type_support.hpp\n'}
[36.531257] (vehicle_interfaces) StdoutLine: {'line': b'-- Installing: /root/install/vehicle_interfaces/include/vehicle_interfaces/msg/detail/control_data__traits.hpp\n'}
[36.531386] (vehicle_interfaces) StdoutLine: {'line': b'-- Installing: /root/install/vehicle_interfaces/include/vehicle_interfaces/msg/detail/ir_data__traits.hpp\n'}
[36.531545] (vehicle_interfaces) StdoutLine: {'line': b'-- Installing: /root/install/vehicle_interfaces/include/vehicle_interfaces/msg/detail/to_f_data__struct.hpp\n'}
[36.531753] (vehicle_interfaces) StdoutLine: {'line': b'-- Installing: /root/install/vehicle_interfaces/include/vehicle_interfaces/msg/detail/gps_data__traits.hpp\n'}
[36.531882] (vehicle_interfaces) StdoutLine: {'line': b'-- Installing: /root/install/vehicle_interfaces/include/vehicle_interfaces/msg/detail/ultrasonic_data__struct.hpp\n'}
[36.532044] (vehicle_interfaces) StdoutLine: {'line': b'-- Installing: /root/install/vehicle_interfaces/include/vehicle_interfaces/msg/detail/to_f_data__type_support.hpp\n'}
[36.532209] (vehicle_interfaces) StdoutLine: {'line': b'-- Installing: /root/install/vehicle_interfaces/include/vehicle_interfaces/msg/detail/ultrasonic_data__type_support.hpp\n'}
[36.532373] (vehicle_interfaces) StdoutLine: {'line': b'-- Installing: /root/install/vehicle_interfaces/include/vehicle_interfaces/msg/detail/qmc_data__traits.hpp\n'}
[36.532505] (vehicle_interfaces) StdoutLine: {'line': b'-- Installing: /root/install/vehicle_interfaces/include/vehicle_interfaces/msg/detail/qmc_data__builder.hpp\n'}
[36.532633] (vehicle_interfaces) StdoutLine: {'line': b'-- Installing: /root/install/vehicle_interfaces/include/vehicle_interfaces/msg/detail/ultrasonic_data__builder.hpp\n'}
[36.532761] (vehicle_interfaces) StdoutLine: {'line': b'-- Installing: /root/install/vehicle_interfaces/include/vehicle_interfaces/msg/sensor_data.hpp\n'}
[36.532985] (vehicle_interfaces) StdoutLine: {'line': b'-- Up-to-date: /root/install/vehicle_interfaces/include/vehicle_interfaces/srv\n'}
[36.533121] (vehicle_interfaces) StdoutLine: {'line': b'-- Installing: /root/install/vehicle_interfaces/include/vehicle_interfaces/srv/get_serial_port.hpp\n'}
[36.533298] (vehicle_interfaces) StdoutLine: {'line': b'-- Installing: /root/install/vehicle_interfaces/include/vehicle_interfaces/srv/get_device_status.hpp\n'}
[36.533436] (vehicle_interfaces) StdoutLine: {'line': b'-- Installing: /root/install/vehicle_interfaces/include/vehicle_interfaces/srv/reset_serial_port.hpp\n'}
[36.533604] (vehicle_interfaces) StdoutLine: {'line': b'-- Up-to-date: /root/install/vehicle_interfaces/include/vehicle_interfaces/srv/detail\n'}
[36.533765] (vehicle_interfaces) StdoutLine: {'line': b'-- Installing: /root/install/vehicle_interfaces/include/vehicle_interfaces/srv/detail/get_serial_port__type_support.hpp\n'}
[36.533945] (vehicle_interfaces) StdoutLine: {'line': b'-- Installing: /root/install/vehicle_interfaces/include/vehicle_interfaces/srv/detail/get_device_status__traits.hpp\n'}
[36.534111] (vehicle_interfaces) StdoutLine: {'line': b'-- Installing: /root/install/vehicle_interfaces/include/vehicle_interfaces/srv/detail/get_serial_port__traits.hpp\n'}
[36.534291] (vehicle_interfaces) StdoutLine: {'line': b'-- Installing: /root/install/vehicle_interfaces/include/vehicle_interfaces/srv/detail/get_serial_port__struct.hpp\n'}
[36.534462] (vehicle_interfaces) StdoutLine: {'line': b'-- Installing: /root/install/vehicle_interfaces/include/vehicle_interfaces/srv/detail/reset_serial_port__traits.hpp\n'}
[36.534593] (vehicle_interfaces) StdoutLine: {'line': b'-- Installing: /root/install/vehicle_interfaces/include/vehicle_interfaces/srv/detail/get_serial_port__builder.hpp\n'}
[36.534762] (vehicle_interfaces) StdoutLine: {'line': b'-- Installing: /root/install/vehicle_interfaces/include/vehicle_interfaces/srv/detail/reset_serial_port__struct.hpp\n'}
[36.534896] (vehicle_interfaces) StdoutLine: {'line': b'-- Installing: /root/install/vehicle_interfaces/include/vehicle_interfaces/srv/detail/get_device_status__builder.hpp\n'}
[36.535087] (vehicle_interfaces) StdoutLine: {'line': b'-- Installing: /root/install/vehicle_interfaces/include/vehicle_interfaces/srv/detail/reset_serial_port__builder.hpp\n'}
[36.535211] (vehicle_interfaces) StdoutLine: {'line': b'-- Installing: /root/install/vehicle_interfaces/include/vehicle_interfaces/srv/detail/get_device_status__type_support.hpp\n'}
[36.535387] (vehicle_interfaces) StdoutLine: {'line': b'-- Installing: /root/install/vehicle_interfaces/include/vehicle_interfaces/srv/detail/reset_serial_port__type_support.hpp\n'}
[36.535556] (vehicle_interfaces) StdoutLine: {'line': b'-- Installing: /root/install/vehicle_interfaces/include/vehicle_interfaces/srv/detail/get_device_status__struct.hpp\n'}
[36.535687] (vehicle_interfaces) StdoutLine: {'line': b'-- Up-to-date: /root/install/vehicle_interfaces/include/vehicle_interfaces\n'}
[36.535849] (vehicle_interfaces) StdoutLine: {'line': b'-- Up-to-date: /root/install/vehicle_interfaces/include/vehicle_interfaces/msg\n'}
[36.536011] (vehicle_interfaces) StdoutLine: {'line': b'-- Up-to-date: /root/install/vehicle_interfaces/include/vehicle_interfaces/msg/detail\n'}
[36.536172] (vehicle_interfaces) StdoutLine: {'line': b'-- Installing: /root/install/vehicle_interfaces/include/vehicle_interfaces/msg/detail/temperature_data__rosidl_typesupport_introspection_cpp.hpp\n'}
[36.536353] (vehicle_interfaces) StdoutLine: {'line': b'-- Installing: /root/install/vehicle_interfaces/include/vehicle_interfaces/msg/detail/control_data__rosidl_typesupport_introspection_cpp.hpp\n'}
[36.536489] (vehicle_interfaces) StdoutLine: {'line': b'-- Installing: /root/install/vehicle_interfaces/include/vehicle_interfaces/msg/detail/mpu_data__rosidl_typesupport_introspection_cpp.hpp\n'}
[36.536655] (vehicle_interfaces) StdoutLine: {'line': b'-- Installing: /root/install/vehicle_interfaces/include/vehicle_interfaces/msg/detail/qmc_data__rosidl_typesupport_introspection_cpp.hpp\n'}
[36.536784] (vehicle_interfaces) StdoutLine: {'line': b'-- Installing: /root/install/vehicle_interfaces/include/vehicle_interfaces/msg/detail/to_f_data__type_support.cpp\n'}
[36.536909] (vehicle_interfaces) StdoutLine: {'line': b'-- Installing: /root/install/vehicle_interfaces/include/vehicle_interfaces/msg/detail/ir_data__rosidl_typesupport_introspection_cpp.hpp\n'}
[36.537036] (vehicle_interfaces) StdoutLine: {'line': b'-- Installing: /root/install/vehicle_interfaces/include/vehicle_interfaces/msg/detail/ir_data__type_support.cpp\n'}
[36.537261] (vehicle_interfaces) StdoutLine: {'line': b'-- Installing: /root/install/vehicle_interfaces/include/vehicle_interfaces/msg/detail/sensor_data__type_support.cpp\n'}
[36.537392] (vehicle_interfaces) StdoutLine: {'line': b'-- Installing: /root/install/vehicle_interfaces/include/vehicle_interfaces/msg/detail/gps_data__type_support.cpp\n'}
[36.537527] (vehicle_interfaces) StdoutLine: {'line': b'-- Installing: /root/install/vehicle_interfaces/include/vehicle_interfaces/msg/detail/sensor_data__rosidl_typesupport_introspection_cpp.hpp\n'}
[36.537684] (vehicle_interfaces) StdoutLine: {'line': b'-- Installing: /root/install/vehicle_interfaces/include/vehicle_interfaces/msg/detail/ultrasonic_data__rosidl_typesupport_introspection_cpp.hpp\n'}
[36.537850] (vehicle_interfaces) StdoutLine: {'line': b'-- Installing: /root/install/vehicle_interfaces/include/vehicle_interfaces/msg/detail/encoder_data__rosidl_typesupport_introspection_cpp.hpp\n'}
[36.538010] (vehicle_interfaces) StdoutLine: {'line': b'-- Installing: /root/install/vehicle_interfaces/include/vehicle_interfaces/msg/detail/gps_data__rosidl_typesupport_introspection_cpp.hpp\n'}
[36.538182] (vehicle_interfaces) StdoutLine: {'line': b'-- Installing: /root/install/vehicle_interfaces/include/vehicle_interfaces/msg/detail/to_f_data__rosidl_typesupport_introspection_cpp.hpp\n'}
[36.538329] (vehicle_interfaces) StdoutLine: {'line': b'-- Installing: /root/install/vehicle_interfaces/include/vehicle_interfaces/msg/detail/control_data__type_support.cpp\n'}
[36.538461] (vehicle_interfaces) StdoutLine: {'line': b'-- Installing: /root/install/vehicle_interfaces/include/vehicle_interfaces/msg/detail/mpu_data__type_support.cpp\n'}
[36.538580] (vehicle_interfaces) StdoutLine: {'line': b'-- Installing: /root/install/vehicle_interfaces/include/vehicle_interfaces/msg/detail/encoder_data__type_support.cpp\n'}
[36.538710] (vehicle_interfaces) StdoutLine: {'line': b'-- Installing: /root/install/vehicle_interfaces/include/vehicle_interfaces/msg/detail/qmc_data__type_support.cpp\n'}
[36.538842] (vehicle_interfaces) StdoutLine: {'line': b'-- Installing: /root/install/vehicle_interfaces/include/vehicle_interfaces/msg/detail/temperature_data__type_support.cpp\n'}
[36.538966] (vehicle_interfaces) StdoutLine: {'line': b'-- Installing: /root/install/vehicle_interfaces/include/vehicle_interfaces/msg/detail/ultrasonic_data__type_support.cpp\n'}
[36.539147] (vehicle_interfaces) StdoutLine: {'line': b'-- Up-to-date: /root/install/vehicle_interfaces/include/vehicle_interfaces/srv\n'}
[36.539295] (vehicle_interfaces) StdoutLine: {'line': b'-- Up-to-date: /root/install/vehicle_interfaces/include/vehicle_interfaces/srv/detail\n'}
[36.539424] (vehicle_interfaces) StdoutLine: {'line': b'-- Installing: /root/install/vehicle_interfaces/include/vehicle_interfaces/srv/detail/get_serial_port__rosidl_typesupport_introspection_cpp.hpp\n'}
[36.539553] (vehicle_interfaces) StdoutLine: {'line': b'-- Installing: /root/install/vehicle_interfaces/include/vehicle_interfaces/srv/detail/get_device_status__type_support.cpp\n'}
[36.539679] (vehicle_interfaces) StdoutLine: {'line': b'-- Installing: /root/install/vehicle_interfaces/include/vehicle_interfaces/srv/detail/reset_serial_port__rosidl_typesupport_introspection_cpp.hpp\n'}
[36.539805] (vehicle_interfaces) StdoutLine: {'line': b'-- Installing: /root/install/vehicle_interfaces/include/vehicle_interfaces/srv/detail/get_device_status__rosidl_typesupport_introspection_cpp.hpp\n'}
[36.539927] (vehicle_interfaces) StdoutLine: {'line': b'-- Installing: /root/install/vehicle_interfaces/include/vehicle_interfaces/srv/detail/reset_serial_port__type_support.cpp\n'}
[36.540086] (vehicle_interfaces) StdoutLine: {'line': b'-- Installing: /root/install/vehicle_interfaces/include/vehicle_interfaces/srv/detail/get_serial_port__type_support.cpp\n'}
[36.540215] (vehicle_interfaces) StdoutLine: {'line': b'-- Installing: /root/install/vehicle_interfaces/lib/libvehicle_interfaces__rosidl_typesupport_introspection_cpp.so\n'}
[36.540353] (vehicle_interfaces) StdoutLine: {'line': b'-- Set runtime path of "/root/install/vehicle_interfaces/lib/libvehicle_interfaces__rosidl_typesupport_introspection_cpp.so" to ""\n'}
[36.540546] (vehicle_interfaces) StdoutLine: {'line': b'-- Installing: /root/install/vehicle_interfaces/lib/libvehicle_interfaces__rosidl_typesupport_cpp.so\n'}
[36.540962] (vehicle_interfaces) StdoutLine: {'line': b'-- Set runtime path of "/root/install/vehicle_interfaces/lib/libvehicle_interfaces__rosidl_typesupport_cpp.so" to ""\n'}
[36.541135] (vehicle_interfaces) StdoutLine: {'line': b'-- Up-to-date: /root/install/vehicle_interfaces/share/vehicle_interfaces/environment/pythonpath.sh\n'}
[36.541321] (vehicle_interfaces) StdoutLine: {'line': b'-- Installing: /root/install/vehicle_interfaces/share/vehicle_interfaces/environment/pythonpath.dsv\n'}
[36.541559] (vehicle_interfaces) StdoutLine: {'line': b'-- Installing: /root/install/vehicle_interfaces/lib/python3.8/site-packages/vehicle_interfaces/__init__.py\n'}
[36.567827] (-) TimerEvent: {}
[36.598030] (vehicle_interfaces) StdoutLine: {'line': b"Compiling '/root/install/vehicle_interfaces/lib/python3.8/site-packages/vehicle_interfaces/__init__.py'...\n"}
[36.606328] (vehicle_interfaces) StdoutLine: {'line': b'-- Up-to-date: /root/install/vehicle_interfaces/lib/python3.8/site-packages/vehicle_interfaces/srv\n'}
[36.606672] (vehicle_interfaces) StdoutLine: {'line': b'-- Installing: /root/install/vehicle_interfaces/lib/python3.8/site-packages/vehicle_interfaces/srv/_reset_serial_port_s.c\n'}
[36.606909] (vehicle_interfaces) StdoutLine: {'line': b'-- Installing: /root/install/vehicle_interfaces/lib/python3.8/site-packages/vehicle_interfaces/srv/_reset_serial_port.py\n'}
[36.607529] (vehicle_interfaces) StdoutLine: {'line': b'-- Installing: /root/install/vehicle_interfaces/lib/python3.8/site-packages/vehicle_interfaces/srv/_get_serial_port_s.c\n'}
[36.607717] (vehicle_interfaces) StdoutLine: {'line': b'-- Installing: /root/install/vehicle_interfaces/lib/python3.8/site-packages/vehicle_interfaces/srv/_get_device_status.py\n'}
[36.608490] (vehicle_interfaces) StdoutLine: {'line': b'-- Installing: /root/install/vehicle_interfaces/lib/python3.8/site-packages/vehicle_interfaces/srv/__init__.py\n'}
[36.608692] (vehicle_interfaces) StdoutLine: {'line': b'-- Installing: /root/install/vehicle_interfaces/lib/python3.8/site-packages/vehicle_interfaces/srv/_get_device_status_s.c\n'}
[36.610585] (vehicle_interfaces) StdoutLine: {'line': b'-- Installing: /root/install/vehicle_interfaces/lib/python3.8/site-packages/vehicle_interfaces/srv/_get_serial_port.py\n'}
[36.610818] (vehicle_interfaces) StdoutLine: {'line': b'-- Up-to-date: /root/install/vehicle_interfaces/lib/python3.8/site-packages/vehicle_interfaces/msg\n'}
[36.611056] (vehicle_interfaces) StdoutLine: {'line': b'-- Installing: /root/install/vehicle_interfaces/lib/python3.8/site-packages/vehicle_interfaces/msg/_control_data.py\n'}
[36.611294] (vehicle_interfaces) StdoutLine: {'line': b'-- Installing: /root/install/vehicle_interfaces/lib/python3.8/site-packages/vehicle_interfaces/msg/_ir_data_s.c\n'}
[36.611509] (vehicle_interfaces) StdoutLine: {'line': b'-- Installing: /root/install/vehicle_interfaces/lib/python3.8/site-packages/vehicle_interfaces/msg/_to_f_data_s.c\n'}
[36.611716] (vehicle_interfaces) StdoutLine: {'line': b'-- Installing: /root/install/vehicle_interfaces/lib/python3.8/site-packages/vehicle_interfaces/msg/_ultrasonic_data_s.c\n'}
[36.611915] (vehicle_interfaces) StdoutLine: {'line': b'-- Installing: /root/install/vehicle_interfaces/lib/python3.8/site-packages/vehicle_interfaces/msg/_to_f_data.py\n'}
[36.612118] (vehicle_interfaces) StdoutLine: {'line': b'-- Installing: /root/install/vehicle_interfaces/lib/python3.8/site-packages/vehicle_interfaces/msg/_encoder_data_s.c\n'}
[36.612330] (vehicle_interfaces) StdoutLine: {'line': b'-- Installing: /root/install/vehicle_interfaces/lib/python3.8/site-packages/vehicle_interfaces/msg/_mpu_data_s.c\n'}
[36.612529] (vehicle_interfaces) StdoutLine: {'line': b'-- Installing: /root/install/vehicle_interfaces/lib/python3.8/site-packages/vehicle_interfaces/msg/_sensor_data.py\n'}
[36.612726] (vehicle_interfaces) StdoutLine: {'line': b'-- Installing: /root/install/vehicle_interfaces/lib/python3.8/site-packages/vehicle_interfaces/msg/_encoder_data.py\n'}
[36.612889] (vehicle_interfaces) StdoutLine: {'line': b'-- Installing: /root/install/vehicle_interfaces/lib/python3.8/site-packages/vehicle_interfaces/msg/_gps_data.py\n'}
[36.614544] (vehicle_interfaces) StdoutLine: {'line': b'-- Installing: /root/install/vehicle_interfaces/lib/python3.8/site-packages/vehicle_interfaces/msg/_ir_data.py\n'}
[36.614802] (vehicle_interfaces) StdoutLine: {'line': b'-- Installing: /root/install/vehicle_interfaces/lib/python3.8/site-packages/vehicle_interfaces/msg/_temperature_data_s.c\n'}
[36.615035] (vehicle_interfaces) StdoutLine: {'line': b'-- Installing: /root/install/vehicle_interfaces/lib/python3.8/site-packages/vehicle_interfaces/msg/_mpu_data.py\n'}
[36.615182] (vehicle_interfaces) StdoutLine: {'line': b'-- Installing: /root/install/vehicle_interfaces/lib/python3.8/site-packages/vehicle_interfaces/msg/_gps_data_s.c\n'}
[36.615335] (vehicle_interfaces) StdoutLine: {'line': b'-- Installing: /root/install/vehicle_interfaces/lib/python3.8/site-packages/vehicle_interfaces/msg/_sensor_data_s.c\n'}
[36.615502] (vehicle_interfaces) StdoutLine: {'line': b'-- Installing: /root/install/vehicle_interfaces/lib/python3.8/site-packages/vehicle_interfaces/msg/_qmc_data_s.c\n'}
[36.615659] (vehicle_interfaces) StdoutLine: {'line': b'-- Installing: /root/install/vehicle_interfaces/lib/python3.8/site-packages/vehicle_interfaces/msg/_control_data_s.c\n'}
[36.615890] (vehicle_interfaces) StdoutLine: {'line': b'-- Installing: /root/install/vehicle_interfaces/lib/python3.8/site-packages/vehicle_interfaces/msg/__init__.py\n'}
[36.616033] (vehicle_interfaces) StdoutLine: {'line': b'-- Installing: /root/install/vehicle_interfaces/lib/python3.8/site-packages/vehicle_interfaces/msg/_qmc_data.py\n'}
[36.616162] (vehicle_interfaces) StdoutLine: {'line': b'-- Installing: /root/install/vehicle_interfaces/lib/python3.8/site-packages/vehicle_interfaces/msg/_temperature_data.py\n'}
[36.616319] (vehicle_interfaces) StdoutLine: {'line': b'-- Installing: /root/install/vehicle_interfaces/lib/python3.8/site-packages/vehicle_interfaces/msg/_ultrasonic_data.py\n'}
[36.616484] (vehicle_interfaces) StdoutLine: {'line': b'-- Installing: /root/install/vehicle_interfaces/lib/python3.8/site-packages/vehicle_interfaces/vehicle_interfaces_s__rosidl_typesupport_fastrtps_c.cpython-38-x86_64-linux-gnu.so\n'}
[36.616643] (vehicle_interfaces) StdoutLine: {'line': b'-- Set runtime path of "/root/install/vehicle_interfaces/lib/python3.8/site-packages/vehicle_interfaces/vehicle_interfaces_s__rosidl_typesupport_fastrtps_c.cpython-38-x86_64-linux-gnu.so" to ""\n'}
[36.616843] (vehicle_interfaces) StdoutLine: {'line': b'-- Installing: /root/install/vehicle_interfaces/lib/python3.8/site-packages/vehicle_interfaces/vehicle_interfaces_s__rosidl_typesupport_introspection_c.cpython-38-x86_64-linux-gnu.so\n'}
[36.616979] (vehicle_interfaces) StdoutLine: {'line': b'-- Set runtime path of "/root/install/vehicle_interfaces/lib/python3.8/site-packages/vehicle_interfaces/vehicle_interfaces_s__rosidl_typesupport_introspection_c.cpython-38-x86_64-linux-gnu.so" to ""\n'}
[36.617457] (vehicle_interfaces) StdoutLine: {'line': b'-- Installing: /root/install/vehicle_interfaces/lib/python3.8/site-packages/vehicle_interfaces/vehicle_interfaces_s__rosidl_typesupport_c.cpython-38-x86_64-linux-gnu.so\n'}
[36.618354] (vehicle_interfaces) StdoutLine: {'line': b'-- Set runtime path of "/root/install/vehicle_interfaces/lib/python3.8/site-packages/vehicle_interfaces/vehicle_interfaces_s__rosidl_typesupport_c.cpython-38-x86_64-linux-gnu.so" to ""\n'}
[36.619130] (vehicle_interfaces) StdoutLine: {'line': b'-- Installing: /root/install/vehicle_interfaces/lib/libvehicle_interfaces__python.so\n'}
[36.620045] (vehicle_interfaces) StdoutLine: {'line': b'-- Set runtime path of "/root/install/vehicle_interfaces/lib/libvehicle_interfaces__python.so" to ""\n'}
[36.620297] (vehicle_interfaces) StdoutLine: {'line': b'-- Up-to-date: /root/install/vehicle_interfaces/share/vehicle_interfaces/srv/GetSerialPort.idl\n'}
[36.620908] (vehicle_interfaces) StdoutLine: {'line': b'-- Up-to-date: /root/install/vehicle_interfaces/share/vehicle_interfaces/srv/ResetSerialPort.idl\n'}
[36.621094] (vehicle_interfaces) StdoutLine: {'line': b'-- Up-to-date: /root/install/vehicle_interfaces/share/vehicle_interfaces/srv/GetDeviceStatus.idl\n'}
[36.621266] (vehicle_interfaces) StdoutLine: {'line': b'-- Up-to-date: /root/install/vehicle_interfaces/share/vehicle_interfaces/msg/SensorData.idl\n'}
[36.621427] (vehicle_interfaces) StdoutLine: {'line': b'-- Installing: /root/install/vehicle_interfaces/share/vehicle_interfaces/msg/ControlData.idl\n'}
[36.621648] (vehicle_interfaces) StdoutLine: {'line': b'-- Up-to-date: /root/install/vehicle_interfaces/share/vehicle_interfaces/msg/EncoderData.idl\n'}
[36.624273] (vehicle_interfaces) StdoutLine: {'line': b'-- Up-to-date: /root/install/vehicle_interfaces/share/vehicle_interfaces/msg/GPSData.idl\n'}
[36.624595] (vehicle_interfaces) StdoutLine: {'line': b'-- Up-to-date: /root/install/vehicle_interfaces/share/vehicle_interfaces/msg/IRData.idl\n'}
[36.624841] (vehicle_interfaces) StdoutLine: {'line': b'-- Up-to-date: /root/install/vehicle_interfaces/share/vehicle_interfaces/msg/MPUData.idl\n'}
[36.625073] (vehicle_interfaces) StdoutLine: {'line': b'-- Up-to-date: /root/install/vehicle_interfaces/share/vehicle_interfaces/msg/QMCData.idl\n'}
[36.625323] (vehicle_interfaces) StdoutLine: {'line': b'-- Up-to-date: /root/install/vehicle_interfaces/share/vehicle_interfaces/msg/TemperatureData.idl\n'}
[36.625577] (vehicle_interfaces) StdoutLine: {'line': b'-- Up-to-date: /root/install/vehicle_interfaces/share/vehicle_interfaces/msg/ToFData.idl\n'}
[36.625797] (vehicle_interfaces) StdoutLine: {'line': b'-- Up-to-date: /root/install/vehicle_interfaces/share/vehicle_interfaces/msg/UltrasonicData.idl\n'}
[36.625971] (vehicle_interfaces) StdoutLine: {'line': b'-- Up-to-date: /root/install/vehicle_interfaces/share/vehicle_interfaces/srv/GetSerialPort.srv\n'}
[36.626156] (vehicle_interfaces) StdoutLine: {'line': b'-- Up-to-date: /root/install/vehicle_interfaces/share/vehicle_interfaces/srv/GetSerialPort_Request.msg\n'}
[36.626337] (vehicle_interfaces) StdoutLine: {'line': b'-- Up-to-date: /root/install/vehicle_interfaces/share/vehicle_interfaces/srv/GetSerialPort_Response.msg\n'}
[36.626604] (vehicle_interfaces) StdoutLine: {'line': b'-- Up-to-date: /root/install/vehicle_interfaces/share/vehicle_interfaces/srv/ResetSerialPort.srv\n'}
[36.626759] (vehicle_interfaces) StdoutLine: {'line': b'-- Up-to-date: /root/install/vehicle_interfaces/share/vehicle_interfaces/srv/ResetSerialPort_Request.msg\n'}
[36.626919] (vehicle_interfaces) StdoutLine: {'line': b'-- Up-to-date: /root/install/vehicle_interfaces/share/vehicle_interfaces/srv/ResetSerialPort_Response.msg\n'}
[36.627109] (vehicle_interfaces) StdoutLine: {'line': b'-- Up-to-date: /root/install/vehicle_interfaces/share/vehicle_interfaces/srv/GetDeviceStatus.srv\n'}
[36.627284] (vehicle_interfaces) StdoutLine: {'line': b'-- Up-to-date: /root/install/vehicle_interfaces/share/vehicle_interfaces/srv/GetDeviceStatus_Request.msg\n'}
[36.627516] (vehicle_interfaces) StdoutLine: {'line': b'-- Up-to-date: /root/install/vehicle_interfaces/share/vehicle_interfaces/srv/GetDeviceStatus_Response.msg\n'}
[36.627682] (vehicle_interfaces) StdoutLine: {'line': b'-- Up-to-date: /root/install/vehicle_interfaces/share/vehicle_interfaces/msg/SensorData.msg\n'}
[36.627827] (vehicle_interfaces) StdoutLine: {'line': b'-- Installing: /root/install/vehicle_interfaces/share/vehicle_interfaces/msg/ControlData.msg\n'}
[36.628060] (vehicle_interfaces) StdoutLine: {'line': b'-- Up-to-date: /root/install/vehicle_interfaces/share/vehicle_interfaces/msg/EncoderData.msg\n'}
[36.628248] (vehicle_interfaces) StdoutLine: {'line': b'-- Up-to-date: /root/install/vehicle_interfaces/share/vehicle_interfaces/msg/GPSData.msg\n'}
[36.628425] (vehicle_interfaces) StdoutLine: {'line': b'-- Up-to-date: /root/install/vehicle_interfaces/share/vehicle_interfaces/msg/IRData.msg\n'}
[36.628674] (vehicle_interfaces) StdoutLine: {'line': b'-- Up-to-date: /root/install/vehicle_interfaces/share/vehicle_interfaces/msg/MPUData.msg\n'}
[36.628907] (vehicle_interfaces) StdoutLine: {'line': b'-- Up-to-date: /root/install/vehicle_interfaces/share/vehicle_interfaces/msg/QMCData.msg\n'}
[36.629069] (vehicle_interfaces) StdoutLine: {'line': b'-- Up-to-date: /root/install/vehicle_interfaces/share/vehicle_interfaces/msg/TemperatureData.msg\n'}
[36.629241] (vehicle_interfaces) StdoutLine: {'line': b'-- Up-to-date: /root/install/vehicle_interfaces/share/vehicle_interfaces/msg/ToFData.msg\n'}
[36.629425] (vehicle_interfaces) StdoutLine: {'line': b'-- Up-to-date: /root/install/vehicle_interfaces/share/vehicle_interfaces/msg/UltrasonicData.msg\n'}
[36.629676] (vehicle_interfaces) StdoutLine: {'line': b'-- Up-to-date: /root/install/vehicle_interfaces/share/ament_index/resource_index/package_run_dependencies/vehicle_interfaces\n'}
[36.629844] (vehicle_interfaces) StdoutLine: {'line': b'-- Up-to-date: /root/install/vehicle_interfaces/share/ament_index/resource_index/parent_prefix_path/vehicle_interfaces\n'}
[36.630053] (vehicle_interfaces) StdoutLine: {'line': b'-- Up-to-date: /root/install/vehicle_interfaces/share/vehicle_interfaces/environment/ament_prefix_path.sh\n'}
[36.630206] (vehicle_interfaces) StdoutLine: {'line': b'-- Installing: /root/install/vehicle_interfaces/share/vehicle_interfaces/environment/ament_prefix_path.dsv\n'}
[36.630374] (vehicle_interfaces) StdoutLine: {'line': b'-- Up-to-date: /root/install/vehicle_interfaces/share/vehicle_interfaces/environment/path.sh\n'}
[36.630474] (vehicle_interfaces) StdoutLine: {'line': b'-- Installing: /root/install/vehicle_interfaces/share/vehicle_interfaces/environment/path.dsv\n'}
[36.630576] (vehicle_interfaces) StdoutLine: {'line': b'-- Up-to-date: /root/install/vehicle_interfaces/share/vehicle_interfaces/local_setup.bash\n'}
[36.630771] (vehicle_interfaces) StdoutLine: {'line': b'-- Up-to-date: /root/install/vehicle_interfaces/share/vehicle_interfaces/local_setup.sh\n'}
[36.630872] (vehicle_interfaces) StdoutLine: {'line': b'-- Up-to-date: /root/install/vehicle_interfaces/share/vehicle_interfaces/local_setup.zsh\n'}
[36.630952] (vehicle_interfaces) StdoutLine: {'line': b'-- Installing: /root/install/vehicle_interfaces/share/vehicle_interfaces/local_setup.dsv\n'}
[36.631030] (vehicle_interfaces) StdoutLine: {'line': b'-- Installing: /root/install/vehicle_interfaces/share/vehicle_interfaces/package.dsv\n'}
[36.631105] (vehicle_interfaces) StdoutLine: {'line': b'-- Up-to-date: /root/install/vehicle_interfaces/share/ament_index/resource_index/packages/vehicle_interfaces\n'}
[36.631176] (vehicle_interfaces) StdoutLine: {'line': b'-- Up-to-date: /root/install/vehicle_interfaces/share/vehicle_interfaces/cmake/vehicle_interfaces__rosidl_generator_cExport.cmake\n'}
[36.631305] (vehicle_interfaces) StdoutLine: {'line': b'-- Installing: /root/install/vehicle_interfaces/share/vehicle_interfaces/cmake/vehicle_interfaces__rosidl_generator_cExport-noconfig.cmake\n'}
[36.631512] (vehicle_interfaces) StdoutLine: {'line': b'-- Up-to-date: /root/install/vehicle_interfaces/share/vehicle_interfaces/cmake/vehicle_interfaces__rosidl_typesupport_introspection_cExport.cmake\n'}
[36.631700] (vehicle_interfaces) StdoutLine: {'line': b'-- Installing: /root/install/vehicle_interfaces/share/vehicle_interfaces/cmake/vehicle_interfaces__rosidl_typesupport_introspection_cExport-noconfig.cmake\n'}
[36.632393] (vehicle_interfaces) StdoutLine: {'line': b'-- Up-to-date: /root/install/vehicle_interfaces/share/vehicle_interfaces/cmake/vehicle_interfaces__rosidl_typesupport_cExport.cmake\n'}
[36.632594] (vehicle_interfaces) StdoutLine: {'line': b'-- Installing: /root/install/vehicle_interfaces/share/vehicle_interfaces/cmake/vehicle_interfaces__rosidl_typesupport_cExport-noconfig.cmake\n'}
[36.633245] (vehicle_interfaces) StdoutLine: {'line': b'-- Up-to-date: /root/install/vehicle_interfaces/share/vehicle_interfaces/cmake/vehicle_interfaces__rosidl_generator_cppExport.cmake\n'}
[36.633758] (vehicle_interfaces) StdoutLine: {'line': b'-- Up-to-date: /root/install/vehicle_interfaces/share/vehicle_interfaces/cmake/vehicle_interfaces__rosidl_typesupport_introspection_cppExport.cmake\n'}
[36.634056] (vehicle_interfaces) StdoutLine: {'line': b'-- Installing: /root/install/vehicle_interfaces/share/vehicle_interfaces/cmake/vehicle_interfaces__rosidl_typesupport_introspection_cppExport-noconfig.cmake\n'}
[36.635019] (vehicle_interfaces) StdoutLine: {'line': b'-- Up-to-date: /root/install/vehicle_interfaces/share/vehicle_interfaces/cmake/vehicle_interfaces__rosidl_typesupport_cppExport.cmake\n'}
[36.635175] (vehicle_interfaces) StdoutLine: {'line': b'-- Installing: /root/install/vehicle_interfaces/share/vehicle_interfaces/cmake/vehicle_interfaces__rosidl_typesupport_cppExport-noconfig.cmake\n'}
[36.635390] (vehicle_interfaces) StdoutLine: {'line': b'-- Up-to-date: /root/install/vehicle_interfaces/share/vehicle_interfaces/cmake/rosidl_cmake-extras.cmake\n'}
[36.635647] (vehicle_interfaces) StdoutLine: {'line': b'-- Up-to-date: /root/install/vehicle_interfaces/share/vehicle_interfaces/cmake/ament_cmake_export_dependencies-extras.cmake\n'}
[36.635856] (vehicle_interfaces) StdoutLine: {'line': b'-- Up-to-date: /root/install/vehicle_interfaces/share/vehicle_interfaces/cmake/ament_cmake_export_libraries-extras.cmake\n'}
[36.636061] (vehicle_interfaces) StdoutLine: {'line': b'-- Up-to-date: /root/install/vehicle_interfaces/share/vehicle_interfaces/cmake/ament_cmake_export_targets-extras.cmake\n'}
[36.636269] (vehicle_interfaces) StdoutLine: {'line': b'-- Up-to-date: /root/install/vehicle_interfaces/share/vehicle_interfaces/cmake/ament_cmake_export_include_directories-extras.cmake\n'}
[36.639352] (vehicle_interfaces) StdoutLine: {'line': b'-- Up-to-date: /root/install/vehicle_interfaces/share/vehicle_interfaces/cmake/rosidl_cmake_export_typesupport_libraries-extras.cmake\n'}
[36.639522] (vehicle_interfaces) StdoutLine: {'line': b'-- Up-to-date: /root/install/vehicle_interfaces/share/vehicle_interfaces/cmake/rosidl_cmake_export_typesupport_targets-extras.cmake\n'}
[36.639618] (vehicle_interfaces) StdoutLine: {'line': b'-- Up-to-date: /root/install/vehicle_interfaces/share/vehicle_interfaces/cmake/vehicle_interfacesConfig.cmake\n'}
[36.639701] (vehicle_interfaces) StdoutLine: {'line': b'-- Up-to-date: /root/install/vehicle_interfaces/share/vehicle_interfaces/cmake/vehicle_interfacesConfig-version.cmake\n'}
[36.639773] (vehicle_interfaces) StdoutLine: {'line': b'-- Up-to-date: /root/install/vehicle_interfaces/share/vehicle_interfaces/package.xml\n'}
[36.642337] (vehicle_interfaces) CommandEnded: {'returncode': 0}
[36.668660] (-) TimerEvent: {}
[36.769038] (-) TimerEvent: {}
[36.869460] (-) TimerEvent: {}
[36.969949] (-) TimerEvent: {}
[37.069258] (vehicle_interfaces) JobEnded: {'identifier': 'vehicle_interfaces', 'rc': 0}
[37.070775] (-) TimerEvent: {}
[37.070909] (-) EventReactorShutdown: {}
