[0.000000] (-) TimerEvent: {}
[0.000439] (vehicle_interfaces) JobQueued: {'identifier': 'vehicle_interfaces', 'dependencies': OrderedDict()}
[0.000557] (vehicle_navigation) JobQueued: {'identifier': 'vehicle_navigation', 'dependencies': OrderedDict()}
[0.001580] (vehicle_networking) JobQueued: {'identifier': 'vehicle_networking', 'dependencies': OrderedDict()}
[0.002154] (vehicle_packet_manager) JobQueued: {'identifier': 'vehicle_packet_manager', 'dependencies': OrderedDict()}
[0.002404] (vehicle_simulation) JobQueued: {'identifier': 'vehicle_simulation', 'dependencies': OrderedDict()}
[0.002473] (vehicle_string_converter) JobQueued: {'identifier': 'vehicle_string_converter', 'dependencies': OrderedDict()}
[0.002512] (vehicle_interfaces) JobStarted: {'identifier': 'vehicle_interfaces'}
[0.014071] (vehicle_navigation) JobStarted: {'identifier': 'vehicle_navigation'}
[0.029831] (vehicle_networking) JobStarted: {'identifier': 'vehicle_networking'}
[0.041701] (vehicle_packet_manager) JobStarted: {'identifier': 'vehicle_packet_manager'}
[0.057033] (vehicle_interfaces) JobProgress: {'identifier': 'vehicle_interfaces', 'progress': 'cmake'}
[0.085854] (vehicle_interfaces) Command: {'cmd': ['/usr/bin/cmake', '/home/ethanreynolds/vscode/robot-rover-2025/code/system/ros2/src/vehicle_interfaces', '-DAMENT_CMAKE_SYMLINK_INSTALL=1', '-DCMAKE_INSTALL_PREFIX=/home/ethanreynolds/vscode/robot-rover-2025/code/system/ros2/install/vehicle_interfaces'], 'cwd': '/home/ethanreynolds/vscode/robot-rover-2025/code/system/ros2/build/vehicle_interfaces', 'env': OrderedDict([('LESSOPEN', '| /usr/bin/lesspipe %s'), ('USER', 'ethanreynolds'), ('SSH_CLIENT', '172.24.1.138 52822 22'), ('XDG_SESSION_TYPE', 'tty'), ('SHLVL', '1'), ('LD_LIBRARY_PATH', '/home/ethanreynolds/vscode/robot-rover-2025/code/system/ros2/install/vehicle_interfaces/lib:/opt/ros/foxy/opt/yaml_cpp_vendor/lib:/opt/ros/foxy/lib/x86_64-linux-gnu:/opt/ros/foxy/lib'), ('MOTD_SHOWN', 'pam'), ('HOME', '/home/ethanreynolds'), ('OLDPWD', '/home/ethanreynolds'), ('SSH_TTY', '/dev/pts/4'), ('ROS_PYTHON_VERSION', '3'), ('DBUS_SESSION_BUS_ADDRESS', 'unix:path=/run/user/1000/bus'), ('COLCON_PREFIX_PATH', '/home/ethanreynolds/vscode/robot-rover-2025/code/system/ros2/install'), ('ROS_DISTRO', 'foxy'), ('LOGNAME', 'ethanreynolds'), ('_', '/usr/bin/colcon'), ('ROS_VERSION', '2'), ('XDG_SESSION_CLASS', 'user'), ('TERM', 'xterm-256color'), ('XDG_SESSION_ID', '7'), ('ROS_LOCALHOST_ONLY', '0'), ('PATH', '/opt/ros/foxy/bin:/usr/local/sbin:/usr/local/bin:/usr/sbin:/usr/bin:/sbin:/bin:/usr/games:/usr/local/games:/snap/bin:/home/ethanreynolds/.local/share/JetBrains/Toolbox/scripts'), ('XDG_RUNTIME_DIR', '/run/user/1000'), ('LANG', 'en_US.UTF-8'), ('LS_COLORS', 'rs=0:di=01;34:ln=01;36:mh=00:pi=40;33:so=01;35:do=01;35:bd=40;33;01:cd=40;33;01:or=40;31;01:mi=00:su=37;41:sg=30;43:ca=30;41:tw=30;42:ow=34;42:st=37;44:ex=01;32:*.tar=01;31:*.tgz=01;31:*.arc=01;31:*.arj=01;31:*.taz=01;31:*.lha=01;31:*.lz4=01;31:*.lzh=01;31:*.lzma=01;31:*.tlz=01;31:*.txz=01;31:*.tzo=01;31:*.t7z=01;31:*.zip=01;31:*.z=01;31:*.dz=01;31:*.gz=01;31:*.lrz=01;31:*.lz=01;31:*.lzo=01;31:*.xz=01;31:*.zst=01;31:*.tzst=01;31:*.bz2=01;31:*.bz=01;31:*.tbz=01;31:*.tbz2=01;31:*.tz=01;31:*.deb=01;31:*.rpm=01;31:*.jar=01;31:*.war=01;31:*.ear=01;31:*.sar=01;31:*.rar=01;31:*.alz=01;31:*.ace=01;31:*.zoo=01;31:*.cpio=01;31:*.7z=01;31:*.rz=01;31:*.cab=01;31:*.wim=01;31:*.swm=01;31:*.dwm=01;31:*.esd=01;31:*.jpg=01;35:*.jpeg=01;35:*.mjpg=01;35:*.mjpeg=01;35:*.gif=01;35:*.bmp=01;35:*.pbm=01;35:*.pgm=01;35:*.ppm=01;35:*.tga=01;35:*.xbm=01;35:*.xpm=01;35:*.tif=01;35:*.tiff=01;35:*.png=01;35:*.svg=01;35:*.svgz=01;35:*.mng=01;35:*.pcx=01;35:*.mov=01;35:*.mpg=01;35:*.mpeg=01;35:*.m2v=01;35:*.mkv=01;35:*.webm=01;35:*.ogm=01;35:*.mp4=01;35:*.m4v=01;35:*.mp4v=01;35:*.vob=01;35:*.qt=01;35:*.nuv=01;35:*.wmv=01;35:*.asf=01;35:*.rm=01;35:*.rmvb=01;35:*.flc=01;35:*.avi=01;35:*.fli=01;35:*.flv=01;35:*.gl=01;35:*.dl=01;35:*.xcf=01;35:*.xwd=01;35:*.yuv=01;35:*.cgm=01;35:*.emf=01;35:*.ogv=01;35:*.ogx=01;35:*.aac=00;36:*.au=00;36:*.flac=00;36:*.m4a=00;36:*.mid=00;36:*.midi=00;36:*.mka=00;36:*.mp3=00;36:*.mpc=00;36:*.ogg=00;36:*.ra=00;36:*.wav=00;36:*.oga=00;36:*.opus=00;36:*.spx=00;36:*.xspf=00;36:'), ('AMENT_PREFIX_PATH', '/home/ethanreynolds/vscode/robot-rover-2025/code/system/ros2/install/vehicle_string_converter:/home/ethanreynolds/vscode/robot-rover-2025/code/system/ros2/install/vehicle_simulation:/home/ethanreynolds/vscode/robot-rover-2025/code/system/ros2/install/vehicle_networking:/home/ethanreynolds/vscode/robot-rover-2025/code/system/ros2/install/vehicle_interfaces:/opt/ros/foxy'), ('SHELL', '/bin/bash'), ('LESSCLOSE', '/usr/bin/lesspipe %s %s'), ('PWD', '/home/ethanreynolds/vscode/robot-rover-2025/code/system/ros2/build/vehicle_interfaces'), ('SSH_CONNECTION', '172.24.1.138 52822 172.24.1.184 22'), ('XDG_DATA_DIRS', '/usr/local/share:/usr/share:/var/lib/snapd/desktop'), ('PYTHONPATH', '/home/ethanreynolds/vscode/robot-rover-2025/code/system/ros2/install/vehicle_string_converter/lib/python3.8/site-packages:/home/ethanreynolds/vscode/robot-rover-2025/code/system/ros2/install/vehicle_simulation/lib/python3.8/site-packages:/home/ethanreynolds/vscode/robot-rover-2025/code/system/ros2/install/vehicle_networking/lib/python3.8/site-packages:/home/ethanreynolds/vscode/robot-rover-2025/code/system/ros2/install/vehicle_interfaces/lib/python3.8/site-packages:/opt/ros/foxy/lib/python3.8/site-packages'), ('COLCON', '1'), ('CMAKE_PREFIX_PATH', '/home/ethanreynolds/vscode/robot-rover-2025/code/system/ros2/install/vehicle_interfaces:/home/ethanreynolds/vscode/robot-rover-2025/code/system/ros2/install/vehicle_string_converter:/home/ethanreynolds/vscode/robot-rover-2025/code/system/ros2/install/vehicle_simulation:/home/ethanreynolds/vscode/robot-rover-2025/code/system/ros2/install/vehicle_networking:/opt/ros/foxy')]), 'shell': False}
[0.104891] (-) TimerEvent: {}
[0.207543] (-) TimerEvent: {}
[0.308388] (-) TimerEvent: {}
[0.408881] (-) TimerEvent: {}
[0.509270] (-) TimerEvent: {}
[0.609751] (-) TimerEvent: {}
[0.710798] (-) TimerEvent: {}
[0.811415] (-) TimerEvent: {}
[0.911825] (-) TimerEvent: {}
[1.012308] (-) TimerEvent: {}
[1.112918] (-) TimerEvent: {}
[1.213562] (-) TimerEvent: {}
[1.313954] (-) TimerEvent: {}
[1.365098] (vehicle_interfaces) StdoutLine: {'line': b'-- Found ament_cmake: 0.9.12 (/opt/ros/foxy/share/ament_cmake/cmake)\n'}
[1.366375] (vehicle_interfaces) StdoutLine: {'line': b'-- Found PythonInterp: /usr/bin/python3 (found suitable version "3.8.10", minimum required is "3") \n'}
[1.367315] (vehicle_interfaces) StdoutLine: {'line': b'-- Using PYTHON_EXECUTABLE: /usr/bin/python3\n'}
[1.367643] (vehicle_interfaces) StdoutLine: {'line': b'-- Override CMake install command with custom implementation using symlinks instead of copying resources\n'}
[1.368146] (vehicle_interfaces) StdoutLine: {'line': b'-- Found rosidl_default_generators: 1.0.1 (/opt/ros/foxy/share/rosidl_default_generators/cmake)\n'}
[1.411124] (vehicle_interfaces) StdoutLine: {'line': b'-- Using all available rosidl_typesupport_c: rosidl_typesupport_fastrtps_c;rosidl_typesupport_introspection_c\n'}
[1.414077] (-) TimerEvent: {}
[1.433330] (vehicle_interfaces) StdoutLine: {'line': b'-- Found rosidl_adapter: 1.3.1 (/opt/ros/foxy/share/rosidl_adapter/cmake)\n'}
[1.514192] (-) TimerEvent: {}
[1.614899] (-) TimerEvent: {}
[1.715646] (-) TimerEvent: {}
[1.816382] (-) TimerEvent: {}
[1.916894] (-) TimerEvent: {}
[2.017555] (-) TimerEvent: {}
[2.118030] (-) TimerEvent: {}
[2.218554] (-) TimerEvent: {}
[2.318981] (-) TimerEvent: {}
[2.419758] (-) TimerEvent: {}
[2.520249] (-) TimerEvent: {}
[2.620707] (-) TimerEvent: {}
[2.721190] (-) TimerEvent: {}
[2.821663] (-) TimerEvent: {}
[2.922111] (-) TimerEvent: {}
[3.022554] (-) TimerEvent: {}
[3.122968] (-) TimerEvent: {}
[3.223389] (-) TimerEvent: {}
[3.323826] (-) TimerEvent: {}
[3.424262] (-) TimerEvent: {}
[3.524702] (-) TimerEvent: {}
[3.625273] (-) TimerEvent: {}
[3.725874] (-) TimerEvent: {}
[3.730981] (vehicle_interfaces) StdoutLine: {'line': b'-- Using all available rosidl_typesupport_cpp: rosidl_typesupport_fastrtps_cpp;rosidl_typesupport_introspection_cpp\n'}
[3.826084] (-) TimerEvent: {}
[3.926661] (-) TimerEvent: {}
[4.027215] (-) TimerEvent: {}
[4.127717] (-) TimerEvent: {}
[4.228315] (-) TimerEvent: {}
[4.329071] (-) TimerEvent: {}
[4.429790] (-) TimerEvent: {}
[4.523535] (vehicle_interfaces) StdoutLine: {'line': b'-- Found std_msgs: 2.0.5 (/opt/ros/foxy/share/std_msgs/cmake)\n'}
[4.530007] (-) TimerEvent: {}
[4.630710] (-) TimerEvent: {}
[4.731374] (-) TimerEvent: {}
[4.831856] (-) TimerEvent: {}
[4.932332] (-) TimerEvent: {}
[5.005892] (vehicle_navigation) Command: {'cmd': ['/usr/bin/python3', '-W', 'ignore:setup.py install is deprecated', '-W', 'ignore:easy_install command is deprecated', 'setup.py', 'develop', '--editable', '--build-directory', '/home/ethanreynolds/vscode/robot-rover-2025/code/system/ros2/build/vehicle_navigation/build', '--no-deps', 'symlink_data', '--force'], 'cwd': '/home/ethanreynolds/vscode/robot-rover-2025/code/system/ros2/build/vehicle_navigation', 'env': {'LESSOPEN': '| /usr/bin/lesspipe %s', 'USER': 'ethanreynolds', 'SSH_CLIENT': '172.24.1.138 52822 22', 'XDG_SESSION_TYPE': 'tty', 'SHLVL': '1', 'LD_LIBRARY_PATH': '/home/ethanreynolds/vscode/robot-rover-2025/code/system/ros2/install/vehicle_interfaces/lib:/opt/ros/foxy/opt/yaml_cpp_vendor/lib:/opt/ros/foxy/lib/x86_64-linux-gnu:/opt/ros/foxy/lib', 'MOTD_SHOWN': 'pam', 'HOME': '/home/ethanreynolds', 'OLDPWD': '/home/ethanreynolds', 'SSH_TTY': '/dev/pts/4', 'ROS_PYTHON_VERSION': '3', 'DBUS_SESSION_BUS_ADDRESS': 'unix:path=/run/user/1000/bus', 'COLCON_PREFIX_PATH': '/home/ethanreynolds/vscode/robot-rover-2025/code/system/ros2/install', 'ROS_DISTRO': 'foxy', 'LOGNAME': 'ethanreynolds', '_': '/usr/bin/colcon', 'ROS_VERSION': '2', 'XDG_SESSION_CLASS': 'user', 'TERM': 'xterm-256color', 'XDG_SESSION_ID': '7', 'ROS_LOCALHOST_ONLY': '0', 'PATH': '/opt/ros/foxy/bin:/usr/local/sbin:/usr/local/bin:/usr/sbin:/usr/bin:/sbin:/bin:/usr/games:/usr/local/games:/snap/bin:/home/ethanreynolds/.local/share/JetBrains/Toolbox/scripts', 'XDG_RUNTIME_DIR': '/run/user/1000', 'LANG': 'en_US.UTF-8', 'LS_COLORS': 'rs=0:di=01;34:ln=01;36:mh=00:pi=40;33:so=01;35:do=01;35:bd=40;33;01:cd=40;33;01:or=40;31;01:mi=00:su=37;41:sg=30;43:ca=30;41:tw=30;42:ow=34;42:st=37;44:ex=01;32:*.tar=01;31:*.tgz=01;31:*.arc=01;31:*.arj=01;31:*.taz=01;31:*.lha=01;31:*.lz4=01;31:*.lzh=01;31:*.lzma=01;31:*.tlz=01;31:*.txz=01;31:*.tzo=01;31:*.t7z=01;31:*.zip=01;31:*.z=01;31:*.dz=01;31:*.gz=01;31:*.lrz=01;31:*.lz=01;31:*.lzo=01;31:*.xz=01;31:*.zst=01;31:*.tzst=01;31:*.bz2=01;31:*.bz=01;31:*.tbz=01;31:*.tbz2=01;31:*.tz=01;31:*.deb=01;31:*.rpm=01;31:*.jar=01;31:*.war=01;31:*.ear=01;31:*.sar=01;31:*.rar=01;31:*.alz=01;31:*.ace=01;31:*.zoo=01;31:*.cpio=01;31:*.7z=01;31:*.rz=01;31:*.cab=01;31:*.wim=01;31:*.swm=01;31:*.dwm=01;31:*.esd=01;31:*.jpg=01;35:*.jpeg=01;35:*.mjpg=01;35:*.mjpeg=01;35:*.gif=01;35:*.bmp=01;35:*.pbm=01;35:*.pgm=01;35:*.ppm=01;35:*.tga=01;35:*.xbm=01;35:*.xpm=01;35:*.tif=01;35:*.tiff=01;35:*.png=01;35:*.svg=01;35:*.svgz=01;35:*.mng=01;35:*.pcx=01;35:*.mov=01;35:*.mpg=01;35:*.mpeg=01;35:*.m2v=01;35:*.mkv=01;35:*.webm=01;35:*.ogm=01;35:*.mp4=01;35:*.m4v=01;35:*.mp4v=01;35:*.vob=01;35:*.qt=01;35:*.nuv=01;35:*.wmv=01;35:*.asf=01;35:*.rm=01;35:*.rmvb=01;35:*.flc=01;35:*.avi=01;35:*.fli=01;35:*.flv=01;35:*.gl=01;35:*.dl=01;35:*.xcf=01;35:*.xwd=01;35:*.yuv=01;35:*.cgm=01;35:*.emf=01;35:*.ogv=01;35:*.ogx=01;35:*.aac=00;36:*.au=00;36:*.flac=00;36:*.m4a=00;36:*.mid=00;36:*.midi=00;36:*.mka=00;36:*.mp3=00;36:*.mpc=00;36:*.ogg=00;36:*.ra=00;36:*.wav=00;36:*.oga=00;36:*.opus=00;36:*.spx=00;36:*.xspf=00;36:', 'AMENT_PREFIX_PATH': '/home/ethanreynolds/vscode/robot-rover-2025/code/system/ros2/install/vehicle_string_converter:/home/ethanreynolds/vscode/robot-rover-2025/code/system/ros2/install/vehicle_simulation:/home/ethanreynolds/vscode/robot-rover-2025/code/system/ros2/install/vehicle_networking:/home/ethanreynolds/vscode/robot-rover-2025/code/system/ros2/install/vehicle_interfaces:/opt/ros/foxy', 'SHELL': '/bin/bash', 'LESSCLOSE': '/usr/bin/lesspipe %s %s', 'PWD': '/home/ethanreynolds/vscode/robot-rover-2025/code/system/ros2/build/vehicle_navigation', 'SSH_CONNECTION': '172.24.1.138 52822 172.24.1.184 22', 'XDG_DATA_DIRS': '/usr/local/share:/usr/share:/var/lib/snapd/desktop', 'PYTHONPATH': '/home/ethanreynolds/vscode/robot-rover-2025/code/system/ros2/build/vehicle_navigation/prefix_override:/usr/lib/python3/dist-packages/colcon_core/task/python/colcon_distutils_commands:/home/ethanreynolds/vscode/robot-rover-2025/code/system/ros2/install/vehicle_navigation/lib/python3.8/site-packages:/home/ethanreynolds/vscode/robot-rover-2025/code/system/ros2/install/vehicle_string_converter/lib/python3.8/site-packages:/home/ethanreynolds/vscode/robot-rover-2025/code/system/ros2/install/vehicle_simulation/lib/python3.8/site-packages:/home/ethanreynolds/vscode/robot-rover-2025/code/system/ros2/install/vehicle_networking/lib/python3.8/site-packages:/home/ethanreynolds/vscode/robot-rover-2025/code/system/ros2/install/vehicle_interfaces/lib/python3.8/site-packages:/opt/ros/foxy/lib/python3.8/site-packages', 'COLCON': '1', 'CMAKE_PREFIX_PATH': '/home/ethanreynolds/vscode/robot-rover-2025/code/system/ros2/install/vehicle_interfaces'}, 'shell': False}
[5.016474] (vehicle_networking) Command: {'cmd': ['/usr/bin/python3', '-W', 'ignore:setup.py install is deprecated', '-W', 'ignore:easy_install command is deprecated', 'setup.py', 'develop', '--editable', '--build-directory', '/home/ethanreynolds/vscode/robot-rover-2025/code/system/ros2/build/vehicle_networking/build', '--no-deps', 'symlink_data', '--force'], 'cwd': '/home/ethanreynolds/vscode/robot-rover-2025/code/system/ros2/build/vehicle_networking', 'env': {'LESSOPEN': '| /usr/bin/lesspipe %s', 'USER': 'ethanreynolds', 'SSH_CLIENT': '172.24.1.138 52822 22', 'XDG_SESSION_TYPE': 'tty', 'SHLVL': '1', 'LD_LIBRARY_PATH': '/home/ethanreynolds/vscode/robot-rover-2025/code/system/ros2/install/vehicle_interfaces/lib:/opt/ros/foxy/opt/yaml_cpp_vendor/lib:/opt/ros/foxy/lib/x86_64-linux-gnu:/opt/ros/foxy/lib', 'MOTD_SHOWN': 'pam', 'HOME': '/home/ethanreynolds', 'OLDPWD': '/home/ethanreynolds', 'SSH_TTY': '/dev/pts/4', 'ROS_PYTHON_VERSION': '3', 'DBUS_SESSION_BUS_ADDRESS': 'unix:path=/run/user/1000/bus', 'COLCON_PREFIX_PATH': '/home/ethanreynolds/vscode/robot-rover-2025/code/system/ros2/install', 'ROS_DISTRO': 'foxy', 'LOGNAME': 'ethanreynolds', '_': '/usr/bin/colcon', 'ROS_VERSION': '2', 'XDG_SESSION_CLASS': 'user', 'TERM': 'xterm-256color', 'XDG_SESSION_ID': '7', 'ROS_LOCALHOST_ONLY': '0', 'PATH': '/opt/ros/foxy/bin:/usr/local/sbin:/usr/local/bin:/usr/sbin:/usr/bin:/sbin:/bin:/usr/games:/usr/local/games:/snap/bin:/home/ethanreynolds/.local/share/JetBrains/Toolbox/scripts', 'XDG_RUNTIME_DIR': '/run/user/1000', 'LANG': 'en_US.UTF-8', 'LS_COLORS': 'rs=0:di=01;34:ln=01;36:mh=00:pi=40;33:so=01;35:do=01;35:bd=40;33;01:cd=40;33;01:or=40;31;01:mi=00:su=37;41:sg=30;43:ca=30;41:tw=30;42:ow=34;42:st=37;44:ex=01;32:*.tar=01;31:*.tgz=01;31:*.arc=01;31:*.arj=01;31:*.taz=01;31:*.lha=01;31:*.lz4=01;31:*.lzh=01;31:*.lzma=01;31:*.tlz=01;31:*.txz=01;31:*.tzo=01;31:*.t7z=01;31:*.zip=01;31:*.z=01;31:*.dz=01;31:*.gz=01;31:*.lrz=01;31:*.lz=01;31:*.lzo=01;31:*.xz=01;31:*.zst=01;31:*.tzst=01;31:*.bz2=01;31:*.bz=01;31:*.tbz=01;31:*.tbz2=01;31:*.tz=01;31:*.deb=01;31:*.rpm=01;31:*.jar=01;31:*.war=01;31:*.ear=01;31:*.sar=01;31:*.rar=01;31:*.alz=01;31:*.ace=01;31:*.zoo=01;31:*.cpio=01;31:*.7z=01;31:*.rz=01;31:*.cab=01;31:*.wim=01;31:*.swm=01;31:*.dwm=01;31:*.esd=01;31:*.jpg=01;35:*.jpeg=01;35:*.mjpg=01;35:*.mjpeg=01;35:*.gif=01;35:*.bmp=01;35:*.pbm=01;35:*.pgm=01;35:*.ppm=01;35:*.tga=01;35:*.xbm=01;35:*.xpm=01;35:*.tif=01;35:*.tiff=01;35:*.png=01;35:*.svg=01;35:*.svgz=01;35:*.mng=01;35:*.pcx=01;35:*.mov=01;35:*.mpg=01;35:*.mpeg=01;35:*.m2v=01;35:*.mkv=01;35:*.webm=01;35:*.ogm=01;35:*.mp4=01;35:*.m4v=01;35:*.mp4v=01;35:*.vob=01;35:*.qt=01;35:*.nuv=01;35:*.wmv=01;35:*.asf=01;35:*.rm=01;35:*.rmvb=01;35:*.flc=01;35:*.avi=01;35:*.fli=01;35:*.flv=01;35:*.gl=01;35:*.dl=01;35:*.xcf=01;35:*.xwd=01;35:*.yuv=01;35:*.cgm=01;35:*.emf=01;35:*.ogv=01;35:*.ogx=01;35:*.aac=00;36:*.au=00;36:*.flac=00;36:*.m4a=00;36:*.mid=00;36:*.midi=00;36:*.mka=00;36:*.mp3=00;36:*.mpc=00;36:*.ogg=00;36:*.ra=00;36:*.wav=00;36:*.oga=00;36:*.opus=00;36:*.spx=00;36:*.xspf=00;36:', 'AMENT_PREFIX_PATH': '/home/ethanreynolds/vscode/robot-rover-2025/code/system/ros2/install/vehicle_string_converter:/home/ethanreynolds/vscode/robot-rover-2025/code/system/ros2/install/vehicle_simulation:/home/ethanreynolds/vscode/robot-rover-2025/code/system/ros2/install/vehicle_networking:/home/ethanreynolds/vscode/robot-rover-2025/code/system/ros2/install/vehicle_interfaces:/opt/ros/foxy', 'SHELL': '/bin/bash', 'LESSCLOSE': '/usr/bin/lesspipe %s %s', 'PWD': '/home/ethanreynolds/vscode/robot-rover-2025/code/system/ros2/build/vehicle_networking', 'SSH_CONNECTION': '172.24.1.138 52822 172.24.1.184 22', 'XDG_DATA_DIRS': '/usr/local/share:/usr/share:/var/lib/snapd/desktop', 'PYTHONPATH': '/home/ethanreynolds/vscode/robot-rover-2025/code/system/ros2/build/vehicle_networking/prefix_override:/usr/lib/python3/dist-packages/colcon_core/task/python/colcon_distutils_commands:/home/ethanreynolds/vscode/robot-rover-2025/code/system/ros2/install/vehicle_networking/lib/python3.8/site-packages:/home/ethanreynolds/vscode/robot-rover-2025/code/system/ros2/install/vehicle_string_converter/lib/python3.8/site-packages:/home/ethanreynolds/vscode/robot-rover-2025/code/system/ros2/install/vehicle_simulation/lib/python3.8/site-packages:/home/ethanreynolds/vscode/robot-rover-2025/code/system/ros2/install/vehicle_networking/lib/python3.8/site-packages:/home/ethanreynolds/vscode/robot-rover-2025/code/system/ros2/install/vehicle_interfaces/lib/python3.8/site-packages:/opt/ros/foxy/lib/python3.8/site-packages', 'COLCON': '1', 'CMAKE_PREFIX_PATH': '/home/ethanreynolds/vscode/robot-rover-2025/code/system/ros2/install/vehicle_interfaces'}, 'shell': False}
[5.032460] (-) TimerEvent: {}
[5.033162] (vehicle_packet_manager) Command: {'cmd': ['/usr/bin/python3', '-W', 'ignore:setup.py install is deprecated', '-W', 'ignore:easy_install command is deprecated', 'setup.py', 'develop', '--editable', '--build-directory', '/home/ethanreynolds/vscode/robot-rover-2025/code/system/ros2/build/vehicle_packet_manager/build', '--no-deps', 'symlink_data', '--force'], 'cwd': '/home/ethanreynolds/vscode/robot-rover-2025/code/system/ros2/build/vehicle_packet_manager', 'env': {'LESSOPEN': '| /usr/bin/lesspipe %s', 'USER': 'ethanreynolds', 'SSH_CLIENT': '172.24.1.138 52822 22', 'XDG_SESSION_TYPE': 'tty', 'SHLVL': '1', 'LD_LIBRARY_PATH': '/home/ethanreynolds/vscode/robot-rover-2025/code/system/ros2/install/vehicle_interfaces/lib:/opt/ros/foxy/opt/yaml_cpp_vendor/lib:/opt/ros/foxy/lib/x86_64-linux-gnu:/opt/ros/foxy/lib', 'MOTD_SHOWN': 'pam', 'HOME': '/home/ethanreynolds', 'OLDPWD': '/home/ethanreynolds', 'SSH_TTY': '/dev/pts/4', 'ROS_PYTHON_VERSION': '3', 'DBUS_SESSION_BUS_ADDRESS': 'unix:path=/run/user/1000/bus', 'COLCON_PREFIX_PATH': '/home/ethanreynolds/vscode/robot-rover-2025/code/system/ros2/install', 'ROS_DISTRO': 'foxy', 'LOGNAME': 'ethanreynolds', '_': '/usr/bin/colcon', 'ROS_VERSION': '2', 'XDG_SESSION_CLASS': 'user', 'TERM': 'xterm-256color', 'XDG_SESSION_ID': '7', 'ROS_LOCALHOST_ONLY': '0', 'PATH': '/opt/ros/foxy/bin:/usr/local/sbin:/usr/local/bin:/usr/sbin:/usr/bin:/sbin:/bin:/usr/games:/usr/local/games:/snap/bin:/home/ethanreynolds/.local/share/JetBrains/Toolbox/scripts', 'XDG_RUNTIME_DIR': '/run/user/1000', 'LANG': 'en_US.UTF-8', 'LS_COLORS': 'rs=0:di=01;34:ln=01;36:mh=00:pi=40;33:so=01;35:do=01;35:bd=40;33;01:cd=40;33;01:or=40;31;01:mi=00:su=37;41:sg=30;43:ca=30;41:tw=30;42:ow=34;42:st=37;44:ex=01;32:*.tar=01;31:*.tgz=01;31:*.arc=01;31:*.arj=01;31:*.taz=01;31:*.lha=01;31:*.lz4=01;31:*.lzh=01;31:*.lzma=01;31:*.tlz=01;31:*.txz=01;31:*.tzo=01;31:*.t7z=01;31:*.zip=01;31:*.z=01;31:*.dz=01;31:*.gz=01;31:*.lrz=01;31:*.lz=01;31:*.lzo=01;31:*.xz=01;31:*.zst=01;31:*.tzst=01;31:*.bz2=01;31:*.bz=01;31:*.tbz=01;31:*.tbz2=01;31:*.tz=01;31:*.deb=01;31:*.rpm=01;31:*.jar=01;31:*.war=01;31:*.ear=01;31:*.sar=01;31:*.rar=01;31:*.alz=01;31:*.ace=01;31:*.zoo=01;31:*.cpio=01;31:*.7z=01;31:*.rz=01;31:*.cab=01;31:*.wim=01;31:*.swm=01;31:*.dwm=01;31:*.esd=01;31:*.jpg=01;35:*.jpeg=01;35:*.mjpg=01;35:*.mjpeg=01;35:*.gif=01;35:*.bmp=01;35:*.pbm=01;35:*.pgm=01;35:*.ppm=01;35:*.tga=01;35:*.xbm=01;35:*.xpm=01;35:*.tif=01;35:*.tiff=01;35:*.png=01;35:*.svg=01;35:*.svgz=01;35:*.mng=01;35:*.pcx=01;35:*.mov=01;35:*.mpg=01;35:*.mpeg=01;35:*.m2v=01;35:*.mkv=01;35:*.webm=01;35:*.ogm=01;35:*.mp4=01;35:*.m4v=01;35:*.mp4v=01;35:*.vob=01;35:*.qt=01;35:*.nuv=01;35:*.wmv=01;35:*.asf=01;35:*.rm=01;35:*.rmvb=01;35:*.flc=01;35:*.avi=01;35:*.fli=01;35:*.flv=01;35:*.gl=01;35:*.dl=01;35:*.xcf=01;35:*.xwd=01;35:*.yuv=01;35:*.cgm=01;35:*.emf=01;35:*.ogv=01;35:*.ogx=01;35:*.aac=00;36:*.au=00;36:*.flac=00;36:*.m4a=00;36:*.mid=00;36:*.midi=00;36:*.mka=00;36:*.mp3=00;36:*.mpc=00;36:*.ogg=00;36:*.ra=00;36:*.wav=00;36:*.oga=00;36:*.opus=00;36:*.spx=00;36:*.xspf=00;36:', 'AMENT_PREFIX_PATH': '/home/ethanreynolds/vscode/robot-rover-2025/code/system/ros2/install/vehicle_string_converter:/home/ethanreynolds/vscode/robot-rover-2025/code/system/ros2/install/vehicle_simulation:/home/ethanreynolds/vscode/robot-rover-2025/code/system/ros2/install/vehicle_networking:/home/ethanreynolds/vscode/robot-rover-2025/code/system/ros2/install/vehicle_interfaces:/opt/ros/foxy', 'SHELL': '/bin/bash', 'LESSCLOSE': '/usr/bin/lesspipe %s %s', 'PWD': '/home/ethanreynolds/vscode/robot-rover-2025/code/system/ros2/build/vehicle_packet_manager', 'SSH_CONNECTION': '172.24.1.138 52822 172.24.1.184 22', 'XDG_DATA_DIRS': '/usr/local/share:/usr/share:/var/lib/snapd/desktop', 'PYTHONPATH': '/home/ethanreynolds/vscode/robot-rover-2025/code/system/ros2/build/vehicle_packet_manager/prefix_override:/usr/lib/python3/dist-packages/colcon_core/task/python/colcon_distutils_commands:/home/ethanreynolds/vscode/robot-rover-2025/code/system/ros2/install/vehicle_packet_manager/lib/python3.8/site-packages:/home/ethanreynolds/vscode/robot-rover-2025/code/system/ros2/install/vehicle_string_converter/lib/python3.8/site-packages:/home/ethanreynolds/vscode/robot-rover-2025/code/system/ros2/install/vehicle_simulation/lib/python3.8/site-packages:/home/ethanreynolds/vscode/robot-rover-2025/code/system/ros2/install/vehicle_networking/lib/python3.8/site-packages:/home/ethanreynolds/vscode/robot-rover-2025/code/system/ros2/install/vehicle_interfaces/lib/python3.8/site-packages:/opt/ros/foxy/lib/python3.8/site-packages', 'COLCON': '1', 'CMAKE_PREFIX_PATH': '/home/ethanreynolds/vscode/robot-rover-2025/code/system/ros2/install/vehicle_interfaces'}, 'shell': False}
[5.039200] (vehicle_interfaces) StdoutLine: {'line': b'-- Found sensor_msgs: 2.0.5 (/opt/ros/foxy/share/sensor_msgs/cmake)\n'}
[5.132587] (-) TimerEvent: {}
[5.233094] (-) TimerEvent: {}
[5.333836] (-) TimerEvent: {}
[5.435035] (-) TimerEvent: {}
[5.535782] (-) TimerEvent: {}
[5.581441] (vehicle_interfaces) StdoutLine: {'line': b'-- Found PythonInterp: /usr/bin/python3 (found version "3.8.10") \n'}
[5.635360] (vehicle_networking) StdoutLine: {'line': b'running develop\n'}
[5.635862] (-) TimerEvent: {}
[5.646583] (vehicle_navigation) StdoutLine: {'line': b'running develop\n'}
[5.648312] (vehicle_packet_manager) StdoutLine: {'line': b'running develop\n'}
[5.735982] (-) TimerEvent: {}
[5.836740] (-) TimerEvent: {}
[5.937563] (-) TimerEvent: {}
[6.027904] (vehicle_navigation) StdoutLine: {'line': b'running egg_info\n'}
[6.029508] (vehicle_navigation) StdoutLine: {'line': b'writing vehicle_navigation.egg-info/PKG-INFO\n'}
[6.031102] (vehicle_navigation) StdoutLine: {'line': b'writing dependency_links to vehicle_navigation.egg-info/dependency_links.txt\n'}
[6.032624] (vehicle_navigation) StdoutLine: {'line': b'writing entry points to vehicle_navigation.egg-info/entry_points.txt\n'}
[6.034128] (vehicle_navigation) StdoutLine: {'line': b'writing requirements to vehicle_navigation.egg-info/requires.txt\n'}
[6.035672] (vehicle_navigation) StdoutLine: {'line': b'writing top-level names to vehicle_navigation.egg-info/top_level.txt\n'}
[6.037652] (-) TimerEvent: {}
[6.040845] (vehicle_networking) StdoutLine: {'line': b'running egg_info\n'}
[6.045147] (vehicle_networking) StdoutLine: {'line': b'writing vehicle_networking.egg-info/PKG-INFO\n'}
[6.046792] (vehicle_networking) StdoutLine: {'line': b'writing dependency_links to vehicle_networking.egg-info/dependency_links.txt\n'}
[6.048424] (vehicle_networking) StdoutLine: {'line': b'writing entry points to vehicle_networking.egg-info/entry_points.txt\n'}
[6.049952] (vehicle_networking) StdoutLine: {'line': b'writing requirements to vehicle_networking.egg-info/requires.txt\n'}
[6.051444] (vehicle_networking) StdoutLine: {'line': b'writing top-level names to vehicle_networking.egg-info/top_level.txt\n'}
[6.061706] (vehicle_packet_manager) StdoutLine: {'line': b'running egg_info\n'}
[6.065503] (vehicle_packet_manager) StdoutLine: {'line': b'writing vehicle_packet_manager.egg-info/PKG-INFO\n'}
[6.068495] (vehicle_packet_manager) StdoutLine: {'line': b'writing dependency_links to vehicle_packet_manager.egg-info/dependency_links.txt\n'}
[6.070948] (vehicle_packet_manager) StdoutLine: {'line': b'writing entry points to vehicle_packet_manager.egg-info/entry_points.txt\n'}
[6.073390] (vehicle_packet_manager) StdoutLine: {'line': b'writing requirements to vehicle_packet_manager.egg-info/requires.txt\n'}
[6.075556] (vehicle_packet_manager) StdoutLine: {'line': b'writing top-level names to vehicle_packet_manager.egg-info/top_level.txt\n'}
[6.137774] (-) TimerEvent: {}
[6.138294] (vehicle_navigation) StdoutLine: {'line': b"reading manifest file 'vehicle_navigation.egg-info/SOURCES.txt'\n"}
[6.140811] (vehicle_navigation) StdoutLine: {'line': b"writing manifest file 'vehicle_navigation.egg-info/SOURCES.txt'\n"}
[6.147199] (vehicle_networking) StdoutLine: {'line': b"reading manifest file 'vehicle_networking.egg-info/SOURCES.txt'\n"}
[6.149755] (vehicle_networking) StdoutLine: {'line': b"writing manifest file 'vehicle_networking.egg-info/SOURCES.txt'\n"}
[6.174581] (vehicle_packet_manager) StdoutLine: {'line': b"reading manifest file 'vehicle_packet_manager.egg-info/SOURCES.txt'\n"}
[6.177583] (vehicle_packet_manager) StdoutLine: {'line': b"writing manifest file 'vehicle_packet_manager.egg-info/SOURCES.txt'\n"}
[6.237906] (-) TimerEvent: {}
[6.250714] (vehicle_networking) StdoutLine: {'line': b'running build_ext\n'}
[6.251036] (vehicle_navigation) StdoutLine: {'line': b'running build_ext\n'}
[6.271447] (vehicle_packet_manager) StdoutLine: {'line': b'running build_ext\n'}
[6.287490] (vehicle_networking) StdoutLine: {'line': b'Creating /home/ethanreynolds/vscode/robot-rover-2025/code/system/ros2/install/vehicle_networking/lib/python3.8/site-packages/site.py\n'}
[6.287822] (vehicle_packet_manager) StdoutLine: {'line': b'Creating /home/ethanreynolds/vscode/robot-rover-2025/code/system/ros2/install/vehicle_packet_manager/lib/python3.8/site-packages/site.py\n'}
[6.288122] (vehicle_navigation) StdoutLine: {'line': b'Creating /home/ethanreynolds/vscode/robot-rover-2025/code/system/ros2/install/vehicle_navigation/lib/python3.8/site-packages/site.py\n'}
[6.291934] (vehicle_navigation) StdoutLine: {'line': b'Creating /home/ethanreynolds/vscode/robot-rover-2025/code/system/ros2/install/vehicle_navigation/lib/python3.8/site-packages/vehicle-navigation.egg-link (link to .)\n'}
[6.293440] (vehicle_packet_manager) StdoutLine: {'line': b'Creating /home/ethanreynolds/vscode/robot-rover-2025/code/system/ros2/install/vehicle_packet_manager/lib/python3.8/site-packages/vehicle-packet-manager.egg-link (link to .)\n'}
[6.293928] (vehicle_navigation) StdoutLine: {'line': b'\n'}
[6.294156] (vehicle_navigation) StdoutLine: {'line': b'Installed /home/ethanreynolds/vscode/robot-rover-2025/code/system/ros2/build/vehicle_navigation\n'}
[6.294404] (vehicle_navigation) StdoutLine: {'line': b'running symlink_data\n'}
[6.294642] (vehicle_navigation) StdoutLine: {'line': b'symbolically linking /home/ethanreynolds/vscode/robot-rover-2025/code/system/ros2/build/vehicle_navigation/resource/vehicle_navigation -> /home/ethanreynolds/vscode/robot-rover-2025/code/system/ros2/install/vehicle_navigation/share/ament_index/resource_index/packages\n'}
[6.294952] (vehicle_navigation) StdoutLine: {'line': b'symbolically linking /home/ethanreynolds/vscode/robot-rover-2025/code/system/ros2/build/vehicle_navigation/package.xml -> /home/ethanreynolds/vscode/robot-rover-2025/code/system/ros2/install/vehicle_navigation/share/vehicle_navigation\n'}
[6.297046] (vehicle_packet_manager) StdoutLine: {'line': b'\n'}
[6.297443] (vehicle_packet_manager) StdoutLine: {'line': b'Installed /home/ethanreynolds/vscode/robot-rover-2025/code/system/ros2/build/vehicle_packet_manager\n'}
[6.297949] (vehicle_packet_manager) StdoutLine: {'line': b'running symlink_data\n'}
[6.298661] (vehicle_packet_manager) StdoutLine: {'line': b'symbolically linking /home/ethanreynolds/vscode/robot-rover-2025/code/system/ros2/build/vehicle_packet_manager/resource/vehicle_packet_manager -> /home/ethanreynolds/vscode/robot-rover-2025/code/system/ros2/install/vehicle_packet_manager/share/ament_index/resource_index/packages\n'}
[6.299428] (vehicle_packet_manager) StdoutLine: {'line': b'symbolically linking /home/ethanreynolds/vscode/robot-rover-2025/code/system/ros2/build/vehicle_packet_manager/package.xml -> /home/ethanreynolds/vscode/robot-rover-2025/code/system/ros2/install/vehicle_packet_manager/share/vehicle_packet_manager\n'}
[6.307184] (vehicle_networking) StdoutLine: {'line': b'Creating /home/ethanreynolds/vscode/robot-rover-2025/code/system/ros2/install/vehicle_networking/lib/python3.8/site-packages/vehicle-networking.egg-link (link to .)\n'}
[6.316854] (vehicle_networking) StdoutLine: {'line': b'Installing control_serial_interface script to /home/ethanreynolds/vscode/robot-rover-2025/code/system/ros2/install/vehicle_networking/lib/vehicle_networking\n'}
[6.318876] (vehicle_networking) StdoutLine: {'line': b'Installing get_device_info_tool script to /home/ethanreynolds/vscode/robot-rover-2025/code/system/ros2/install/vehicle_networking/lib/vehicle_networking\n'}
[6.319293] (vehicle_networking) StdoutLine: {'line': b'Installing sensor_serial_interface script to /home/ethanreynolds/vscode/robot-rover-2025/code/system/ros2/install/vehicle_networking/lib/vehicle_networking\n'}
[6.319642] (vehicle_networking) StdoutLine: {'line': b'Installing serial_manager script to /home/ethanreynolds/vscode/robot-rover-2025/code/system/ros2/install/vehicle_networking/lib/vehicle_networking\n'}
[6.320030] (vehicle_networking) StdoutLine: {'line': b'\n'}
[6.320271] (vehicle_networking) StdoutLine: {'line': b'Installed /home/ethanreynolds/vscode/robot-rover-2025/code/system/ros2/build/vehicle_networking\n'}
[6.320552] (vehicle_networking) StdoutLine: {'line': b'running symlink_data\n'}
[6.330635] (vehicle_networking) StdoutLine: {'line': b'symbolically linking /home/ethanreynolds/vscode/robot-rover-2025/code/system/ros2/build/vehicle_networking/resource/vehicle_networking -> /home/ethanreynolds/vscode/robot-rover-2025/code/system/ros2/install/vehicle_networking/share/ament_index/resource_index/packages\n'}
[6.331072] (vehicle_networking) StdoutLine: {'line': b'symbolically linking /home/ethanreynolds/vscode/robot-rover-2025/code/system/ros2/build/vehicle_networking/package.xml -> /home/ethanreynolds/vscode/robot-rover-2025/code/system/ros2/install/vehicle_networking/share/vehicle_networking\n'}
[6.331388] (vehicle_networking) StdoutLine: {'line': b'symbolically linking /home/ethanreynolds/vscode/robot-rover-2025/code/system/ros2/build/vehicle_networking/config/device_identifiers.json -> /home/ethanreynolds/vscode/robot-rover-2025/code/system/ros2/install/vehicle_networking/share/vehicle_networking/config\n'}
[6.338046] (-) TimerEvent: {}
[6.363760] (vehicle_navigation) CommandEnded: {'returncode': 0}
[6.393514] (vehicle_navigation) JobEnded: {'identifier': 'vehicle_navigation', 'rc': 0}
[6.395190] (vehicle_simulation) JobStarted: {'identifier': 'vehicle_simulation'}
[6.410693] (vehicle_packet_manager) CommandEnded: {'returncode': 0}
[6.432318] (vehicle_packet_manager) JobEnded: {'identifier': 'vehicle_packet_manager', 'rc': 0}
[6.433395] (vehicle_networking) CommandEnded: {'returncode': 0}
[6.438168] (-) TimerEvent: {}
[6.445767] (vehicle_networking) JobEnded: {'identifier': 'vehicle_networking', 'rc': 0}
[6.447901] (vehicle_string_converter) JobStarted: {'identifier': 'vehicle_string_converter'}
[6.538360] (-) TimerEvent: {}
[6.565540] (vehicle_interfaces) StdoutLine: {'line': b'-- Found ament_cmake_ros: 0.9.2 (/opt/ros/foxy/share/ament_cmake_ros/cmake)\n'}
[6.639056] (-) TimerEvent: {}
[6.739823] (-) TimerEvent: {}
[6.840247] (-) TimerEvent: {}
[6.940679] (-) TimerEvent: {}
[7.041187] (-) TimerEvent: {}
[7.141807] (-) TimerEvent: {}
[7.242593] (-) TimerEvent: {}
[7.343309] (-) TimerEvent: {}
[7.444414] (-) TimerEvent: {}
[7.545002] (-) TimerEvent: {}
[7.618311] (vehicle_interfaces) StdoutLine: {'line': b'-- Using all available rosidl_typesupport_c: rosidl_typesupport_fastrtps_c;rosidl_typesupport_introspection_c\n'}
[7.645135] (-) TimerEvent: {}
[7.746042] (-) TimerEvent: {}
[7.849044] (-) TimerEvent: {}
[7.951363] (-) TimerEvent: {}
[8.058492] (-) TimerEvent: {}
[8.158890] (-) TimerEvent: {}
[8.260922] (-) TimerEvent: {}
[8.366510] (-) TimerEvent: {}
[8.384882] (vehicle_simulation) Command: {'cmd': ['/usr/bin/python3', '-W', 'ignore:setup.py install is deprecated', '-W', 'ignore:easy_install command is deprecated', 'setup.py', 'develop', '--editable', '--build-directory', '/home/ethanreynolds/vscode/robot-rover-2025/code/system/ros2/build/vehicle_simulation/build', '--no-deps', 'symlink_data', '--force'], 'cwd': '/home/ethanreynolds/vscode/robot-rover-2025/code/system/ros2/build/vehicle_simulation', 'env': {'LESSOPEN': '| /usr/bin/lesspipe %s', 'USER': 'ethanreynolds', 'SSH_CLIENT': '172.24.1.138 52822 22', 'XDG_SESSION_TYPE': 'tty', 'SHLVL': '1', 'LD_LIBRARY_PATH': '/home/ethanreynolds/vscode/robot-rover-2025/code/system/ros2/install/vehicle_interfaces/lib:/opt/ros/foxy/opt/yaml_cpp_vendor/lib:/opt/ros/foxy/lib/x86_64-linux-gnu:/opt/ros/foxy/lib', 'MOTD_SHOWN': 'pam', 'HOME': '/home/ethanreynolds', 'OLDPWD': '/home/ethanreynolds', 'SSH_TTY': '/dev/pts/4', 'ROS_PYTHON_VERSION': '3', 'DBUS_SESSION_BUS_ADDRESS': 'unix:path=/run/user/1000/bus', 'COLCON_PREFIX_PATH': '/home/ethanreynolds/vscode/robot-rover-2025/code/system/ros2/install', 'ROS_DISTRO': 'foxy', 'LOGNAME': 'ethanreynolds', '_': '/usr/bin/colcon', 'ROS_VERSION': '2', 'XDG_SESSION_CLASS': 'user', 'TERM': 'xterm-256color', 'XDG_SESSION_ID': '7', 'ROS_LOCALHOST_ONLY': '0', 'PATH': '/opt/ros/foxy/bin:/usr/local/sbin:/usr/local/bin:/usr/sbin:/usr/bin:/sbin:/bin:/usr/games:/usr/local/games:/snap/bin:/home/ethanreynolds/.local/share/JetBrains/Toolbox/scripts', 'XDG_RUNTIME_DIR': '/run/user/1000', 'LANG': 'en_US.UTF-8', 'LS_COLORS': 'rs=0:di=01;34:ln=01;36:mh=00:pi=40;33:so=01;35:do=01;35:bd=40;33;01:cd=40;33;01:or=40;31;01:mi=00:su=37;41:sg=30;43:ca=30;41:tw=30;42:ow=34;42:st=37;44:ex=01;32:*.tar=01;31:*.tgz=01;31:*.arc=01;31:*.arj=01;31:*.taz=01;31:*.lha=01;31:*.lz4=01;31:*.lzh=01;31:*.lzma=01;31:*.tlz=01;31:*.txz=01;31:*.tzo=01;31:*.t7z=01;31:*.zip=01;31:*.z=01;31:*.dz=01;31:*.gz=01;31:*.lrz=01;31:*.lz=01;31:*.lzo=01;31:*.xz=01;31:*.zst=01;31:*.tzst=01;31:*.bz2=01;31:*.bz=01;31:*.tbz=01;31:*.tbz2=01;31:*.tz=01;31:*.deb=01;31:*.rpm=01;31:*.jar=01;31:*.war=01;31:*.ear=01;31:*.sar=01;31:*.rar=01;31:*.alz=01;31:*.ace=01;31:*.zoo=01;31:*.cpio=01;31:*.7z=01;31:*.rz=01;31:*.cab=01;31:*.wim=01;31:*.swm=01;31:*.dwm=01;31:*.esd=01;31:*.jpg=01;35:*.jpeg=01;35:*.mjpg=01;35:*.mjpeg=01;35:*.gif=01;35:*.bmp=01;35:*.pbm=01;35:*.pgm=01;35:*.ppm=01;35:*.tga=01;35:*.xbm=01;35:*.xpm=01;35:*.tif=01;35:*.tiff=01;35:*.png=01;35:*.svg=01;35:*.svgz=01;35:*.mng=01;35:*.pcx=01;35:*.mov=01;35:*.mpg=01;35:*.mpeg=01;35:*.m2v=01;35:*.mkv=01;35:*.webm=01;35:*.ogm=01;35:*.mp4=01;35:*.m4v=01;35:*.mp4v=01;35:*.vob=01;35:*.qt=01;35:*.nuv=01;35:*.wmv=01;35:*.asf=01;35:*.rm=01;35:*.rmvb=01;35:*.flc=01;35:*.avi=01;35:*.fli=01;35:*.flv=01;35:*.gl=01;35:*.dl=01;35:*.xcf=01;35:*.xwd=01;35:*.yuv=01;35:*.cgm=01;35:*.emf=01;35:*.ogv=01;35:*.ogx=01;35:*.aac=00;36:*.au=00;36:*.flac=00;36:*.m4a=00;36:*.mid=00;36:*.midi=00;36:*.mka=00;36:*.mp3=00;36:*.mpc=00;36:*.ogg=00;36:*.ra=00;36:*.wav=00;36:*.oga=00;36:*.opus=00;36:*.spx=00;36:*.xspf=00;36:', 'AMENT_PREFIX_PATH': '/home/ethanreynolds/vscode/robot-rover-2025/code/system/ros2/install/vehicle_string_converter:/home/ethanreynolds/vscode/robot-rover-2025/code/system/ros2/install/vehicle_simulation:/home/ethanreynolds/vscode/robot-rover-2025/code/system/ros2/install/vehicle_networking:/home/ethanreynolds/vscode/robot-rover-2025/code/system/ros2/install/vehicle_interfaces:/opt/ros/foxy', 'SHELL': '/bin/bash', 'LESSCLOSE': '/usr/bin/lesspipe %s %s', 'PWD': '/home/ethanreynolds/vscode/robot-rover-2025/code/system/ros2/build/vehicle_simulation', 'SSH_CONNECTION': '172.24.1.138 52822 172.24.1.184 22', 'XDG_DATA_DIRS': '/usr/local/share:/usr/share:/var/lib/snapd/desktop', 'PYTHONPATH': '/home/ethanreynolds/vscode/robot-rover-2025/code/system/ros2/build/vehicle_simulation/prefix_override:/usr/lib/python3/dist-packages/colcon_core/task/python/colcon_distutils_commands:/home/ethanreynolds/vscode/robot-rover-2025/code/system/ros2/install/vehicle_simulation/lib/python3.8/site-packages:/home/ethanreynolds/vscode/robot-rover-2025/code/system/ros2/install/vehicle_string_converter/lib/python3.8/site-packages:/home/ethanreynolds/vscode/robot-rover-2025/code/system/ros2/install/vehicle_simulation/lib/python3.8/site-packages:/home/ethanreynolds/vscode/robot-rover-2025/code/system/ros2/install/vehicle_networking/lib/python3.8/site-packages:/home/ethanreynolds/vscode/robot-rover-2025/code/system/ros2/install/vehicle_interfaces/lib/python3.8/site-packages:/opt/ros/foxy/lib/python3.8/site-packages', 'COLCON': '1', 'CMAKE_PREFIX_PATH': '/home/ethanreynolds/vscode/robot-rover-2025/code/system/ros2/install/vehicle_interfaces'}, 'shell': False}
[8.405256] (vehicle_interfaces) StdoutLine: {'line': b'-- Using all available rosidl_typesupport_cpp: rosidl_typesupport_fastrtps_cpp;rosidl_typesupport_introspection_cpp\n'}
[8.466626] (-) TimerEvent: {}
[8.545369] (vehicle_interfaces) StdoutLine: {'line': b'-- Found PythonInterp: /usr/bin/python3 (found suitable version "3.8.10", minimum required is "3.5") \n'}
[8.561253] (vehicle_interfaces) StdoutLine: {'line': b'-- Found python_cmake_module: 0.8.1 (/opt/ros/foxy/share/python_cmake_module/cmake)\n'}
[8.574046] (-) TimerEvent: {}
[8.662940] (vehicle_string_converter) Command: {'cmd': ['/usr/bin/python3', '-W', 'ignore:setup.py install is deprecated', '-W', 'ignore:easy_install command is deprecated', 'setup.py', 'develop', '--editable', '--build-directory', '/home/ethanreynolds/vscode/robot-rover-2025/code/system/ros2/build/vehicle_string_converter/build', '--no-deps', 'symlink_data', '--force'], 'cwd': '/home/ethanreynolds/vscode/robot-rover-2025/code/system/ros2/build/vehicle_string_converter', 'env': {'LESSOPEN': '| /usr/bin/lesspipe %s', 'USER': 'ethanreynolds', 'SSH_CLIENT': '172.24.1.138 52822 22', 'XDG_SESSION_TYPE': 'tty', 'SHLVL': '1', 'LD_LIBRARY_PATH': '/home/ethanreynolds/vscode/robot-rover-2025/code/system/ros2/install/vehicle_interfaces/lib:/opt/ros/foxy/opt/yaml_cpp_vendor/lib:/opt/ros/foxy/lib/x86_64-linux-gnu:/opt/ros/foxy/lib', 'MOTD_SHOWN': 'pam', 'HOME': '/home/ethanreynolds', 'OLDPWD': '/home/ethanreynolds', 'SSH_TTY': '/dev/pts/4', 'ROS_PYTHON_VERSION': '3', 'DBUS_SESSION_BUS_ADDRESS': 'unix:path=/run/user/1000/bus', 'COLCON_PREFIX_PATH': '/home/ethanreynolds/vscode/robot-rover-2025/code/system/ros2/install', 'ROS_DISTRO': 'foxy', 'LOGNAME': 'ethanreynolds', '_': '/usr/bin/colcon', 'ROS_VERSION': '2', 'XDG_SESSION_CLASS': 'user', 'TERM': 'xterm-256color', 'XDG_SESSION_ID': '7', 'ROS_LOCALHOST_ONLY': '0', 'PATH': '/opt/ros/foxy/bin:/usr/local/sbin:/usr/local/bin:/usr/sbin:/usr/bin:/sbin:/bin:/usr/games:/usr/local/games:/snap/bin:/home/ethanreynolds/.local/share/JetBrains/Toolbox/scripts', 'XDG_RUNTIME_DIR': '/run/user/1000', 'LANG': 'en_US.UTF-8', 'LS_COLORS': 'rs=0:di=01;34:ln=01;36:mh=00:pi=40;33:so=01;35:do=01;35:bd=40;33;01:cd=40;33;01:or=40;31;01:mi=00:su=37;41:sg=30;43:ca=30;41:tw=30;42:ow=34;42:st=37;44:ex=01;32:*.tar=01;31:*.tgz=01;31:*.arc=01;31:*.arj=01;31:*.taz=01;31:*.lha=01;31:*.lz4=01;31:*.lzh=01;31:*.lzma=01;31:*.tlz=01;31:*.txz=01;31:*.tzo=01;31:*.t7z=01;31:*.zip=01;31:*.z=01;31:*.dz=01;31:*.gz=01;31:*.lrz=01;31:*.lz=01;31:*.lzo=01;31:*.xz=01;31:*.zst=01;31:*.tzst=01;31:*.bz2=01;31:*.bz=01;31:*.tbz=01;31:*.tbz2=01;31:*.tz=01;31:*.deb=01;31:*.rpm=01;31:*.jar=01;31:*.war=01;31:*.ear=01;31:*.sar=01;31:*.rar=01;31:*.alz=01;31:*.ace=01;31:*.zoo=01;31:*.cpio=01;31:*.7z=01;31:*.rz=01;31:*.cab=01;31:*.wim=01;31:*.swm=01;31:*.dwm=01;31:*.esd=01;31:*.jpg=01;35:*.jpeg=01;35:*.mjpg=01;35:*.mjpeg=01;35:*.gif=01;35:*.bmp=01;35:*.pbm=01;35:*.pgm=01;35:*.ppm=01;35:*.tga=01;35:*.xbm=01;35:*.xpm=01;35:*.tif=01;35:*.tiff=01;35:*.png=01;35:*.svg=01;35:*.svgz=01;35:*.mng=01;35:*.pcx=01;35:*.mov=01;35:*.mpg=01;35:*.mpeg=01;35:*.m2v=01;35:*.mkv=01;35:*.webm=01;35:*.ogm=01;35:*.mp4=01;35:*.m4v=01;35:*.mp4v=01;35:*.vob=01;35:*.qt=01;35:*.nuv=01;35:*.wmv=01;35:*.asf=01;35:*.rm=01;35:*.rmvb=01;35:*.flc=01;35:*.avi=01;35:*.fli=01;35:*.flv=01;35:*.gl=01;35:*.dl=01;35:*.xcf=01;35:*.xwd=01;35:*.yuv=01;35:*.cgm=01;35:*.emf=01;35:*.ogv=01;35:*.ogx=01;35:*.aac=00;36:*.au=00;36:*.flac=00;36:*.m4a=00;36:*.mid=00;36:*.midi=00;36:*.mka=00;36:*.mp3=00;36:*.mpc=00;36:*.ogg=00;36:*.ra=00;36:*.wav=00;36:*.oga=00;36:*.opus=00;36:*.spx=00;36:*.xspf=00;36:', 'AMENT_PREFIX_PATH': '/home/ethanreynolds/vscode/robot-rover-2025/code/system/ros2/install/vehicle_string_converter:/home/ethanreynolds/vscode/robot-rover-2025/code/system/ros2/install/vehicle_simulation:/home/ethanreynolds/vscode/robot-rover-2025/code/system/ros2/install/vehicle_networking:/home/ethanreynolds/vscode/robot-rover-2025/code/system/ros2/install/vehicle_interfaces:/opt/ros/foxy', 'SHELL': '/bin/bash', 'LESSCLOSE': '/usr/bin/lesspipe %s %s', 'PWD': '/home/ethanreynolds/vscode/robot-rover-2025/code/system/ros2/build/vehicle_string_converter', 'SSH_CONNECTION': '172.24.1.138 52822 172.24.1.184 22', 'XDG_DATA_DIRS': '/usr/local/share:/usr/share:/var/lib/snapd/desktop', 'PYTHONPATH': '/home/ethanreynolds/vscode/robot-rover-2025/code/system/ros2/build/vehicle_string_converter/prefix_override:/usr/lib/python3/dist-packages/colcon_core/task/python/colcon_distutils_commands:/home/ethanreynolds/vscode/robot-rover-2025/code/system/ros2/install/vehicle_string_converter/lib/python3.8/site-packages:/home/ethanreynolds/vscode/robot-rover-2025/code/system/ros2/install/vehicle_string_converter/lib/python3.8/site-packages:/home/ethanreynolds/vscode/robot-rover-2025/code/system/ros2/install/vehicle_simulation/lib/python3.8/site-packages:/home/ethanreynolds/vscode/robot-rover-2025/code/system/ros2/install/vehicle_networking/lib/python3.8/site-packages:/home/ethanreynolds/vscode/robot-rover-2025/code/system/ros2/install/vehicle_interfaces/lib/python3.8/site-packages:/opt/ros/foxy/lib/python3.8/site-packages', 'COLCON': '1', 'CMAKE_PREFIX_PATH': '/home/ethanreynolds/vscode/robot-rover-2025/code/system/ros2/install/vehicle_interfaces'}, 'shell': False}
[8.674256] (-) TimerEvent: {}
[8.726647] (vehicle_interfaces) StdoutLine: {'line': b'-- Using PYTHON_EXECUTABLE: /usr/bin/python3\n'}
[8.727100] (vehicle_interfaces) StdoutLine: {'line': b'-- Using PYTHON_INCLUDE_DIRS: /usr/include/python3.8\n'}
[8.727317] (vehicle_interfaces) StdoutLine: {'line': b'-- Using PYTHON_LIBRARIES: /usr/lib/x86_64-linux-gnu/libpython3.8.so\n'}
[8.774333] (-) TimerEvent: {}
[8.875115] (-) TimerEvent: {}
[8.975901] (-) TimerEvent: {}
[9.076434] (-) TimerEvent: {}
[9.139560] (vehicle_interfaces) StdoutLine: {'line': b'-- Found ament_lint_auto: 0.9.8 (/opt/ros/foxy/share/ament_lint_auto/cmake)\n'}
[9.176549] (-) TimerEvent: {}
[9.178744] (vehicle_simulation) StdoutLine: {'line': b'running develop\n'}
[9.276673] (-) TimerEvent: {}
[9.323091] (vehicle_string_converter) StdoutLine: {'line': b'running develop\n'}
[9.376790] (-) TimerEvent: {}
[9.477234] (-) TimerEvent: {}
[9.513605] (vehicle_simulation) StdoutLine: {'line': b'running egg_info\n'}
[9.514041] (vehicle_simulation) StdoutLine: {'line': b'writing vehicle_simulation.egg-info/PKG-INFO\n'}
[9.514712] (vehicle_simulation) StdoutLine: {'line': b'writing dependency_links to vehicle_simulation.egg-info/dependency_links.txt\n'}
[9.515248] (vehicle_simulation) StdoutLine: {'line': b'writing entry points to vehicle_simulation.egg-info/entry_points.txt\n'}
[9.515662] (vehicle_simulation) StdoutLine: {'line': b'writing requirements to vehicle_simulation.egg-info/requires.txt\n'}
[9.516058] (vehicle_simulation) StdoutLine: {'line': b'writing top-level names to vehicle_simulation.egg-info/top_level.txt\n'}
[9.577342] (-) TimerEvent: {}
[9.616781] (vehicle_simulation) StdoutLine: {'line': b"reading manifest file 'vehicle_simulation.egg-info/SOURCES.txt'\n"}
[9.618872] (vehicle_simulation) StdoutLine: {'line': b"writing manifest file 'vehicle_simulation.egg-info/SOURCES.txt'\n"}
[9.677467] (-) TimerEvent: {}
[9.712645] (vehicle_string_converter) StdoutLine: {'line': b'running egg_info\n'}
[9.713345] (vehicle_string_converter) StdoutLine: {'line': b'writing vehicle_string_converter.egg-info/PKG-INFO\n'}
[9.714162] (vehicle_string_converter) StdoutLine: {'line': b'writing dependency_links to vehicle_string_converter.egg-info/dependency_links.txt\n'}
[9.714886] (vehicle_string_converter) StdoutLine: {'line': b'writing entry points to vehicle_string_converter.egg-info/entry_points.txt\n'}
[9.715530] (vehicle_string_converter) StdoutLine: {'line': b'writing requirements to vehicle_string_converter.egg-info/requires.txt\n'}
[9.716028] (vehicle_string_converter) StdoutLine: {'line': b'writing top-level names to vehicle_string_converter.egg-info/top_level.txt\n'}
[9.728119] (vehicle_simulation) StdoutLine: {'line': b'running build_ext\n'}
[9.729129] (vehicle_simulation) StdoutLine: {'line': b'Creating /home/ethanreynolds/vscode/robot-rover-2025/code/system/ros2/install/vehicle_simulation/lib/python3.8/site-packages/site.py\n'}
[9.734543] (vehicle_simulation) StdoutLine: {'line': b'Creating /home/ethanreynolds/vscode/robot-rover-2025/code/system/ros2/install/vehicle_simulation/lib/python3.8/site-packages/vehicle-simulation.egg-link (link to .)\n'}
[9.736421] (vehicle_simulation) StdoutLine: {'line': b'Installing vehicle_control_sim script to /home/ethanreynolds/vscode/robot-rover-2025/code/system/ros2/install/vehicle_simulation/lib/vehicle_simulation\n'}
[9.736906] (vehicle_simulation) StdoutLine: {'line': b'Installing vehicle_sensor_sim script to /home/ethanreynolds/vscode/robot-rover-2025/code/system/ros2/install/vehicle_simulation/lib/vehicle_simulation\n'}
[9.737503] (vehicle_simulation) StdoutLine: {'line': b'\n'}
[9.737854] (vehicle_simulation) StdoutLine: {'line': b'Installed /home/ethanreynolds/vscode/robot-rover-2025/code/system/ros2/build/vehicle_simulation\n'}
[9.738145] (vehicle_simulation) StdoutLine: {'line': b'running symlink_data\n'}
[9.738475] (vehicle_simulation) StdoutLine: {'line': b'symbolically linking /home/ethanreynolds/vscode/robot-rover-2025/code/system/ros2/build/vehicle_simulation/resource/vehicle_simulation -> /home/ethanreynolds/vscode/robot-rover-2025/code/system/ros2/install/vehicle_simulation/share/ament_index/resource_index/packages\n'}
[9.738793] (vehicle_simulation) StdoutLine: {'line': b'symbolically linking /home/ethanreynolds/vscode/robot-rover-2025/code/system/ros2/build/vehicle_simulation/package.xml -> /home/ethanreynolds/vscode/robot-rover-2025/code/system/ros2/install/vehicle_simulation/share/vehicle_simulation\n'}
[9.777590] (-) TimerEvent: {}
[9.811413] (vehicle_simulation) CommandEnded: {'returncode': 0}
[9.815981] (vehicle_string_converter) StdoutLine: {'line': b"reading manifest file 'vehicle_string_converter.egg-info/SOURCES.txt'\n"}
[9.819592] (vehicle_string_converter) StdoutLine: {'line': b"writing manifest file 'vehicle_string_converter.egg-info/SOURCES.txt'\n"}
[9.835390] (vehicle_simulation) JobEnded: {'identifier': 'vehicle_simulation', 'rc': 0}
[9.877708] (-) TimerEvent: {}
[9.896376] (vehicle_string_converter) StdoutLine: {'line': b'running build_ext\n'}
[9.897292] (vehicle_string_converter) StdoutLine: {'line': b'Creating /home/ethanreynolds/vscode/robot-rover-2025/code/system/ros2/install/vehicle_string_converter/lib/python3.8/site-packages/site.py\n'}
[9.901404] (vehicle_string_converter) StdoutLine: {'line': b'Creating /home/ethanreynolds/vscode/robot-rover-2025/code/system/ros2/install/vehicle_string_converter/lib/python3.8/site-packages/vehicle-string-converter.egg-link (link to .)\n'}
[9.903111] (vehicle_string_converter) StdoutLine: {'line': b'Installing control_string_builder script to /home/ethanreynolds/vscode/robot-rover-2025/code/system/ros2/install/vehicle_string_converter/lib/vehicle_string_converter\n'}
[9.903560] (vehicle_string_converter) StdoutLine: {'line': b'Installing control_string_parser script to /home/ethanreynolds/vscode/robot-rover-2025/code/system/ros2/install/vehicle_string_converter/lib/vehicle_string_converter\n'}
[9.903918] (vehicle_string_converter) StdoutLine: {'line': b'Installing sensor_string_parser script to /home/ethanreynolds/vscode/robot-rover-2025/code/system/ros2/install/vehicle_string_converter/lib/vehicle_string_converter\n'}
[9.904324] (vehicle_string_converter) StdoutLine: {'line': b'\n'}
[9.904577] (vehicle_string_converter) StdoutLine: {'line': b'Installed /home/ethanreynolds/vscode/robot-rover-2025/code/system/ros2/build/vehicle_string_converter\n'}
[9.904910] (vehicle_string_converter) StdoutLine: {'line': b'running symlink_data\n'}
[9.905205] (vehicle_string_converter) StdoutLine: {'line': b'symbolically linking /home/ethanreynolds/vscode/robot-rover-2025/code/system/ros2/build/vehicle_string_converter/resource/vehicle_string_converter -> /home/ethanreynolds/vscode/robot-rover-2025/code/system/ros2/install/vehicle_string_converter/share/ament_index/resource_index/packages\n'}
[9.905474] (vehicle_string_converter) StdoutLine: {'line': b'symbolically linking /home/ethanreynolds/vscode/robot-rover-2025/code/system/ros2/build/vehicle_string_converter/package.xml -> /home/ethanreynolds/vscode/robot-rover-2025/code/system/ros2/install/vehicle_string_converter/share/vehicle_string_converter\n'}
[9.905838] (vehicle_string_converter) StdoutLine: {'line': b'symbolically linking /home/ethanreynolds/vscode/robot-rover-2025/code/system/ros2/build/vehicle_string_converter/config/control_codes.yaml -> /home/ethanreynolds/vscode/robot-rover-2025/code/system/ros2/install/vehicle_string_converter/share/vehicle_string_converter/config\n'}
[9.906179] (vehicle_string_converter) StdoutLine: {'line': b'symbolically linking /home/ethanreynolds/vscode/robot-rover-2025/code/system/ros2/build/vehicle_string_converter/config/sensor_fields.yaml -> /home/ethanreynolds/vscode/robot-rover-2025/code/system/ros2/install/vehicle_string_converter/share/vehicle_string_converter/config\n'}
[9.906540] (vehicle_string_converter) StdoutLine: {'line': b'symbolically linking /home/ethanreynolds/vscode/robot-rover-2025/code/system/ros2/build/vehicle_string_converter/config/sensor_codes.yaml -> /home/ethanreynolds/vscode/robot-rover-2025/code/system/ros2/install/vehicle_string_converter/share/vehicle_string_converter/config\n'}
[9.906834] (vehicle_string_converter) StdoutLine: {'line': b'symbolically linking /home/ethanreynolds/vscode/robot-rover-2025/code/system/ros2/build/vehicle_string_converter/config/sensor_names.yaml -> /home/ethanreynolds/vscode/robot-rover-2025/code/system/ros2/install/vehicle_string_converter/share/vehicle_string_converter/config\n'}
[9.907059] (vehicle_string_converter) StdoutLine: {'line': b'symbolically linking /home/ethanreynolds/vscode/robot-rover-2025/code/system/ros2/build/vehicle_string_converter/config/delimiters.yaml -> /home/ethanreynolds/vscode/robot-rover-2025/code/system/ros2/install/vehicle_string_converter/share/vehicle_string_converter/config\n'}
[9.907296] (vehicle_string_converter) StdoutLine: {'line': b'symbolically linking /home/ethanreynolds/vscode/robot-rover-2025/code/system/ros2/build/vehicle_string_converter/config/sensor_encoding.yaml -> /home/ethanreynolds/vscode/robot-rover-2025/code/system/ros2/install/vehicle_string_converter/share/vehicle_string_converter/config\n'}
[9.964360] (vehicle_string_converter) CommandEnded: {'returncode': 0}
[9.978103] (-) TimerEvent: {}
[9.984766] (vehicle_string_converter) JobEnded: {'identifier': 'vehicle_string_converter', 'rc': 0}
[10.078237] (-) TimerEvent: {}
[10.178755] (-) TimerEvent: {}
[10.279467] (-) TimerEvent: {}
[10.379925] (-) TimerEvent: {}
[10.480378] (-) TimerEvent: {}
[10.580882] (-) TimerEvent: {}
[10.608245] (vehicle_interfaces) StdoutLine: {'line': b"-- Added test 'copyright' to check source files copyright and LICENSE\n"}
[10.679327] (vehicle_interfaces) StdoutLine: {'line': b"-- Added test 'lint_cmake' to check CMake code style\n"}
[10.680966] (-) TimerEvent: {}
[10.688567] (vehicle_interfaces) StdoutLine: {'line': b"-- Added test 'xmllint' to check XML markup files\n"}
[10.747667] (vehicle_interfaces) StdoutLine: {'line': b'-- Configuring done\n'}
[10.781101] (-) TimerEvent: {}
[10.881520] (-) TimerEvent: {}
[10.982039] (-) TimerEvent: {}
[11.082770] (-) TimerEvent: {}
[11.183481] (-) TimerEvent: {}
[11.283956] (-) TimerEvent: {}
[11.384431] (-) TimerEvent: {}
[11.434384] (vehicle_interfaces) StdoutLine: {'line': b'-- Generating done\n'}
[11.484562] (-) TimerEvent: {}
[11.498890] (vehicle_interfaces) StdoutLine: {'line': b'-- Build files have been written to: /home/ethanreynolds/vscode/robot-rover-2025/code/system/ros2/build/vehicle_interfaces\n'}
[11.519099] (vehicle_interfaces) CommandEnded: {'returncode': 0}
[11.520331] (vehicle_interfaces) JobProgress: {'identifier': 'vehicle_interfaces', 'progress': 'build'}
[11.521619] (vehicle_interfaces) Command: {'cmd': ['/usr/bin/cmake', '--build', '/home/ethanreynolds/vscode/robot-rover-2025/code/system/ros2/build/vehicle_interfaces', '--', '-j4', '-l4'], 'cwd': '/home/ethanreynolds/vscode/robot-rover-2025/code/system/ros2/build/vehicle_interfaces', 'env': OrderedDict([('LESSOPEN', '| /usr/bin/lesspipe %s'), ('USER', 'ethanreynolds'), ('SSH_CLIENT', '172.24.1.138 52822 22'), ('XDG_SESSION_TYPE', 'tty'), ('SHLVL', '1'), ('LD_LIBRARY_PATH', '/home/ethanreynolds/vscode/robot-rover-2025/code/system/ros2/install/vehicle_interfaces/lib:/opt/ros/foxy/opt/yaml_cpp_vendor/lib:/opt/ros/foxy/lib/x86_64-linux-gnu:/opt/ros/foxy/lib'), ('MOTD_SHOWN', 'pam'), ('HOME', '/home/ethanreynolds'), ('OLDPWD', '/home/ethanreynolds'), ('SSH_TTY', '/dev/pts/4'), ('ROS_PYTHON_VERSION', '3'), ('DBUS_SESSION_BUS_ADDRESS', 'unix:path=/run/user/1000/bus'), ('COLCON_PREFIX_PATH', '/home/ethanreynolds/vscode/robot-rover-2025/code/system/ros2/install'), ('ROS_DISTRO', 'foxy'), ('LOGNAME', 'ethanreynolds'), ('_', '/usr/bin/colcon'), ('ROS_VERSION', '2'), ('XDG_SESSION_CLASS', 'user'), ('TERM', 'xterm-256color'), ('XDG_SESSION_ID', '7'), ('ROS_LOCALHOST_ONLY', '0'), ('PATH', '/opt/ros/foxy/bin:/usr/local/sbin:/usr/local/bin:/usr/sbin:/usr/bin:/sbin:/bin:/usr/games:/usr/local/games:/snap/bin:/home/ethanreynolds/.local/share/JetBrains/Toolbox/scripts'), ('XDG_RUNTIME_DIR', '/run/user/1000'), ('LANG', 'en_US.UTF-8'), ('LS_COLORS', 'rs=0:di=01;34:ln=01;36:mh=00:pi=40;33:so=01;35:do=01;35:bd=40;33;01:cd=40;33;01:or=40;31;01:mi=00:su=37;41:sg=30;43:ca=30;41:tw=30;42:ow=34;42:st=37;44:ex=01;32:*.tar=01;31:*.tgz=01;31:*.arc=01;31:*.arj=01;31:*.taz=01;31:*.lha=01;31:*.lz4=01;31:*.lzh=01;31:*.lzma=01;31:*.tlz=01;31:*.txz=01;31:*.tzo=01;31:*.t7z=01;31:*.zip=01;31:*.z=01;31:*.dz=01;31:*.gz=01;31:*.lrz=01;31:*.lz=01;31:*.lzo=01;31:*.xz=01;31:*.zst=01;31:*.tzst=01;31:*.bz2=01;31:*.bz=01;31:*.tbz=01;31:*.tbz2=01;31:*.tz=01;31:*.deb=01;31:*.rpm=01;31:*.jar=01;31:*.war=01;31:*.ear=01;31:*.sar=01;31:*.rar=01;31:*.alz=01;31:*.ace=01;31:*.zoo=01;31:*.cpio=01;31:*.7z=01;31:*.rz=01;31:*.cab=01;31:*.wim=01;31:*.swm=01;31:*.dwm=01;31:*.esd=01;31:*.jpg=01;35:*.jpeg=01;35:*.mjpg=01;35:*.mjpeg=01;35:*.gif=01;35:*.bmp=01;35:*.pbm=01;35:*.pgm=01;35:*.ppm=01;35:*.tga=01;35:*.xbm=01;35:*.xpm=01;35:*.tif=01;35:*.tiff=01;35:*.png=01;35:*.svg=01;35:*.svgz=01;35:*.mng=01;35:*.pcx=01;35:*.mov=01;35:*.mpg=01;35:*.mpeg=01;35:*.m2v=01;35:*.mkv=01;35:*.webm=01;35:*.ogm=01;35:*.mp4=01;35:*.m4v=01;35:*.mp4v=01;35:*.vob=01;35:*.qt=01;35:*.nuv=01;35:*.wmv=01;35:*.asf=01;35:*.rm=01;35:*.rmvb=01;35:*.flc=01;35:*.avi=01;35:*.fli=01;35:*.flv=01;35:*.gl=01;35:*.dl=01;35:*.xcf=01;35:*.xwd=01;35:*.yuv=01;35:*.cgm=01;35:*.emf=01;35:*.ogv=01;35:*.ogx=01;35:*.aac=00;36:*.au=00;36:*.flac=00;36:*.m4a=00;36:*.mid=00;36:*.midi=00;36:*.mka=00;36:*.mp3=00;36:*.mpc=00;36:*.ogg=00;36:*.ra=00;36:*.wav=00;36:*.oga=00;36:*.opus=00;36:*.spx=00;36:*.xspf=00;36:'), ('AMENT_PREFIX_PATH', '/home/ethanreynolds/vscode/robot-rover-2025/code/system/ros2/install/vehicle_string_converter:/home/ethanreynolds/vscode/robot-rover-2025/code/system/ros2/install/vehicle_simulation:/home/ethanreynolds/vscode/robot-rover-2025/code/system/ros2/install/vehicle_networking:/home/ethanreynolds/vscode/robot-rover-2025/code/system/ros2/install/vehicle_interfaces:/opt/ros/foxy'), ('SHELL', '/bin/bash'), ('LESSCLOSE', '/usr/bin/lesspipe %s %s'), ('PWD', '/home/ethanreynolds/vscode/robot-rover-2025/code/system/ros2/build/vehicle_interfaces'), ('SSH_CONNECTION', '172.24.1.138 52822 172.24.1.184 22'), ('XDG_DATA_DIRS', '/usr/local/share:/usr/share:/var/lib/snapd/desktop'), ('PYTHONPATH', '/home/ethanreynolds/vscode/robot-rover-2025/code/system/ros2/install/vehicle_string_converter/lib/python3.8/site-packages:/home/ethanreynolds/vscode/robot-rover-2025/code/system/ros2/install/vehicle_simulation/lib/python3.8/site-packages:/home/ethanreynolds/vscode/robot-rover-2025/code/system/ros2/install/vehicle_networking/lib/python3.8/site-packages:/home/ethanreynolds/vscode/robot-rover-2025/code/system/ros2/install/vehicle_interfaces/lib/python3.8/site-packages:/opt/ros/foxy/lib/python3.8/site-packages'), ('COLCON', '1'), ('CMAKE_PREFIX_PATH', '/home/ethanreynolds/vscode/robot-rover-2025/code/system/ros2/install/vehicle_interfaces:/home/ethanreynolds/vscode/robot-rover-2025/code/system/ros2/install/vehicle_string_converter:/home/ethanreynolds/vscode/robot-rover-2025/code/system/ros2/install/vehicle_simulation:/home/ethanreynolds/vscode/robot-rover-2025/code/system/ros2/install/vehicle_networking:/opt/ros/foxy')]), 'shell': False}
[11.584729] (-) TimerEvent: {}
[11.685369] (-) TimerEvent: {}
[11.717081] (vehicle_interfaces) StdoutLine: {'line': b'[  0%] Built target vehicle_interfaces__cpp\n'}
[11.785525] (-) TimerEvent: {}
[11.885985] (-) TimerEvent: {}
[11.918637] (vehicle_interfaces) StdoutLine: {'line': b'[ 12%] Built target vehicle_interfaces__rosidl_typesupport_introspection_cpp\n'}
[11.919017] (vehicle_interfaces) StdoutLine: {'line': b'[ 24%] Built target vehicle_interfaces__rosidl_typesupport_cpp\n'}
[11.934888] (vehicle_interfaces) StdoutLine: {'line': b'[ 36%] Built target vehicle_interfaces__rosidl_generator_c\n'}
[11.935380] (vehicle_interfaces) StdoutLine: {'line': b'[ 36%] \x1b[32m\x1b[1mLinking CXX shared library libvehicle_interfaces__rosidl_typesupport_fastrtps_cpp.so\x1b[0m\n'}
[11.986861] (-) TimerEvent: {}
[12.003443] (vehicle_interfaces) StdoutLine: {'line': b'[ 57%] Built target vehicle_interfaces__rosidl_typesupport_introspection_c\n'}
[12.005402] (vehicle_interfaces) StdoutLine: {'line': b'[ 60%] Built target vehicle_interfaces__rosidl_typesupport_c\n'}
[12.086983] (-) TimerEvent: {}
[12.187419] (-) TimerEvent: {}
[12.287884] (-) TimerEvent: {}
[12.388347] (-) TimerEvent: {}
[12.488781] (-) TimerEvent: {}
[12.589301] (-) TimerEvent: {}
[12.689807] (-) TimerEvent: {}
[12.790239] (-) TimerEvent: {}
[12.890692] (-) TimerEvent: {}
[12.895204] (vehicle_interfaces) StdoutLine: {'line': b'[ 72%] Built target vehicle_interfaces__rosidl_typesupport_fastrtps_cpp\n'}
[12.994501] (vehicle_interfaces) StdoutLine: {'line': b'[ 73%] \x1b[32m\x1b[1mLinking CXX shared library libvehicle_interfaces__rosidl_typesupport_fastrtps_c.so\x1b[0m\n'}
[12.994929] (-) TimerEvent: {}
[13.095307] (-) TimerEvent: {}
[13.195767] (-) TimerEvent: {}
[13.225978] (vehicle_interfaces) StdoutLine: {'line': b'[ 84%] Built target vehicle_interfaces__rosidl_typesupport_fastrtps_c\n'}
[13.257645] (vehicle_interfaces) StdoutLine: {'line': b'[ 84%] Built target vehicle_interfaces\n'}
[13.295919] (-) TimerEvent: {}
[13.329534] (vehicle_interfaces) StdoutLine: {'line': b'[ 85%] Built target vehicle_interfaces__py\n'}
[13.396042] (-) TimerEvent: {}
[13.443259] (vehicle_interfaces) StdoutLine: {'line': b'[ 86%] \x1b[32m\x1b[1mLinking C shared library rosidl_generator_py/vehicle_interfaces/libvehicle_interfaces__python.so\x1b[0m\n'}
[13.496165] (-) TimerEvent: {}
[13.588019] (vehicle_interfaces) StdoutLine: {'line': b'[ 96%] Built target vehicle_interfaces__python\n'}
[13.598514] (-) TimerEvent: {}
[13.645375] (vehicle_interfaces) StdoutLine: {'line': b'[ 96%] \x1b[32m\x1b[1mLinking CXX shared library rosidl_generator_py/vehicle_interfaces/vehicle_interfaces_s__rosidl_typesupport_fastrtps_c.cpython-38-x86_64-linux-gnu.so\x1b[0m\n'}
[13.645765] (vehicle_interfaces) StdoutLine: {'line': b'[ 96%] \x1b[32m\x1b[1mLinking C shared library rosidl_generator_py/vehicle_interfaces/vehicle_interfaces_s__rosidl_typesupport_c.cpython-38-x86_64-linux-gnu.so\x1b[0m\n'}
[13.648131] (vehicle_interfaces) StdoutLine: {'line': b'[ 97%] \x1b[32m\x1b[1mLinking C shared library rosidl_generator_py/vehicle_interfaces/vehicle_interfaces_s__rosidl_typesupport_introspection_c.cpython-38-x86_64-linux-gnu.so\x1b[0m\n'}
[13.698646] (-) TimerEvent: {}
[13.784629] (vehicle_interfaces) StdoutLine: {'line': b'[ 98%] Built target vehicle_interfaces__rosidl_typesupport_c__pyext\n'}
[13.786894] (vehicle_interfaces) StdoutLine: {'line': b'[ 99%] Built target vehicle_interfaces__rosidl_typesupport_introspection_c__pyext\n'}
[13.798763] (-) TimerEvent: {}
[13.816479] (vehicle_interfaces) StdoutLine: {'line': b'[100%] Built target vehicle_interfaces__rosidl_typesupport_fastrtps_c__pyext\n'}
[13.840025] (vehicle_interfaces) CommandEnded: {'returncode': 0}
[13.842176] (vehicle_interfaces) JobProgress: {'identifier': 'vehicle_interfaces', 'progress': 'install'}
[13.861554] (vehicle_interfaces) Command: {'cmd': ['/usr/bin/cmake', '--install', '/home/ethanreynolds/vscode/robot-rover-2025/code/system/ros2/build/vehicle_interfaces'], 'cwd': '/home/ethanreynolds/vscode/robot-rover-2025/code/system/ros2/build/vehicle_interfaces', 'env': OrderedDict([('LESSOPEN', '| /usr/bin/lesspipe %s'), ('USER', 'ethanreynolds'), ('SSH_CLIENT', '172.24.1.138 52822 22'), ('XDG_SESSION_TYPE', 'tty'), ('SHLVL', '1'), ('LD_LIBRARY_PATH', '/home/ethanreynolds/vscode/robot-rover-2025/code/system/ros2/install/vehicle_interfaces/lib:/opt/ros/foxy/opt/yaml_cpp_vendor/lib:/opt/ros/foxy/lib/x86_64-linux-gnu:/opt/ros/foxy/lib'), ('MOTD_SHOWN', 'pam'), ('HOME', '/home/ethanreynolds'), ('OLDPWD', '/home/ethanreynolds'), ('SSH_TTY', '/dev/pts/4'), ('ROS_PYTHON_VERSION', '3'), ('DBUS_SESSION_BUS_ADDRESS', 'unix:path=/run/user/1000/bus'), ('COLCON_PREFIX_PATH', '/home/ethanreynolds/vscode/robot-rover-2025/code/system/ros2/install'), ('ROS_DISTRO', 'foxy'), ('LOGNAME', 'ethanreynolds'), ('_', '/usr/bin/colcon'), ('ROS_VERSION', '2'), ('XDG_SESSION_CLASS', 'user'), ('TERM', 'xterm-256color'), ('XDG_SESSION_ID', '7'), ('ROS_LOCALHOST_ONLY', '0'), ('PATH', '/opt/ros/foxy/bin:/usr/local/sbin:/usr/local/bin:/usr/sbin:/usr/bin:/sbin:/bin:/usr/games:/usr/local/games:/snap/bin:/home/ethanreynolds/.local/share/JetBrains/Toolbox/scripts'), ('XDG_RUNTIME_DIR', '/run/user/1000'), ('LANG', 'en_US.UTF-8'), ('LS_COLORS', 'rs=0:di=01;34:ln=01;36:mh=00:pi=40;33:so=01;35:do=01;35:bd=40;33;01:cd=40;33;01:or=40;31;01:mi=00:su=37;41:sg=30;43:ca=30;41:tw=30;42:ow=34;42:st=37;44:ex=01;32:*.tar=01;31:*.tgz=01;31:*.arc=01;31:*.arj=01;31:*.taz=01;31:*.lha=01;31:*.lz4=01;31:*.lzh=01;31:*.lzma=01;31:*.tlz=01;31:*.txz=01;31:*.tzo=01;31:*.t7z=01;31:*.zip=01;31:*.z=01;31:*.dz=01;31:*.gz=01;31:*.lrz=01;31:*.lz=01;31:*.lzo=01;31:*.xz=01;31:*.zst=01;31:*.tzst=01;31:*.bz2=01;31:*.bz=01;31:*.tbz=01;31:*.tbz2=01;31:*.tz=01;31:*.deb=01;31:*.rpm=01;31:*.jar=01;31:*.war=01;31:*.ear=01;31:*.sar=01;31:*.rar=01;31:*.alz=01;31:*.ace=01;31:*.zoo=01;31:*.cpio=01;31:*.7z=01;31:*.rz=01;31:*.cab=01;31:*.wim=01;31:*.swm=01;31:*.dwm=01;31:*.esd=01;31:*.jpg=01;35:*.jpeg=01;35:*.mjpg=01;35:*.mjpeg=01;35:*.gif=01;35:*.bmp=01;35:*.pbm=01;35:*.pgm=01;35:*.ppm=01;35:*.tga=01;35:*.xbm=01;35:*.xpm=01;35:*.tif=01;35:*.tiff=01;35:*.png=01;35:*.svg=01;35:*.svgz=01;35:*.mng=01;35:*.pcx=01;35:*.mov=01;35:*.mpg=01;35:*.mpeg=01;35:*.m2v=01;35:*.mkv=01;35:*.webm=01;35:*.ogm=01;35:*.mp4=01;35:*.m4v=01;35:*.mp4v=01;35:*.vob=01;35:*.qt=01;35:*.nuv=01;35:*.wmv=01;35:*.asf=01;35:*.rm=01;35:*.rmvb=01;35:*.flc=01;35:*.avi=01;35:*.fli=01;35:*.flv=01;35:*.gl=01;35:*.dl=01;35:*.xcf=01;35:*.xwd=01;35:*.yuv=01;35:*.cgm=01;35:*.emf=01;35:*.ogv=01;35:*.ogx=01;35:*.aac=00;36:*.au=00;36:*.flac=00;36:*.m4a=00;36:*.mid=00;36:*.midi=00;36:*.mka=00;36:*.mp3=00;36:*.mpc=00;36:*.ogg=00;36:*.ra=00;36:*.wav=00;36:*.oga=00;36:*.opus=00;36:*.spx=00;36:*.xspf=00;36:'), ('AMENT_PREFIX_PATH', '/home/ethanreynolds/vscode/robot-rover-2025/code/system/ros2/install/vehicle_string_converter:/home/ethanreynolds/vscode/robot-rover-2025/code/system/ros2/install/vehicle_simulation:/home/ethanreynolds/vscode/robot-rover-2025/code/system/ros2/install/vehicle_networking:/home/ethanreynolds/vscode/robot-rover-2025/code/system/ros2/install/vehicle_interfaces:/opt/ros/foxy'), ('SHELL', '/bin/bash'), ('LESSCLOSE', '/usr/bin/lesspipe %s %s'), ('PWD', '/home/ethanreynolds/vscode/robot-rover-2025/code/system/ros2/build/vehicle_interfaces'), ('SSH_CONNECTION', '172.24.1.138 52822 172.24.1.184 22'), ('XDG_DATA_DIRS', '/usr/local/share:/usr/share:/var/lib/snapd/desktop'), ('PYTHONPATH', '/home/ethanreynolds/vscode/robot-rover-2025/code/system/ros2/install/vehicle_string_converter/lib/python3.8/site-packages:/home/ethanreynolds/vscode/robot-rover-2025/code/system/ros2/install/vehicle_simulation/lib/python3.8/site-packages:/home/ethanreynolds/vscode/robot-rover-2025/code/system/ros2/install/vehicle_networking/lib/python3.8/site-packages:/home/ethanreynolds/vscode/robot-rover-2025/code/system/ros2/install/vehicle_interfaces/lib/python3.8/site-packages:/opt/ros/foxy/lib/python3.8/site-packages'), ('COLCON', '1'), ('CMAKE_PREFIX_PATH', '/home/ethanreynolds/vscode/robot-rover-2025/code/system/ros2/install/vehicle_interfaces:/home/ethanreynolds/vscode/robot-rover-2025/code/system/ros2/install/vehicle_string_converter:/home/ethanreynolds/vscode/robot-rover-2025/code/system/ros2/install/vehicle_simulation:/home/ethanreynolds/vscode/robot-rover-2025/code/system/ros2/install/vehicle_networking:/opt/ros/foxy')]), 'shell': False}
[13.876664] (vehicle_interfaces) StdoutLine: {'line': b'-- Install configuration: ""\n'}
[13.877844] (vehicle_interfaces) StdoutLine: {'line': b'-- Execute custom install script\n'}
[13.878431] (vehicle_interfaces) StdoutLine: {'line': b'-- Symlinking: /home/ethanreynolds/vscode/robot-rover-2025/code/system/ros2/install/vehicle_interfaces/share/ament_index/resource_index/rosidl_interfaces/vehicle_interfaces\n'}
[13.891988] (vehicle_interfaces) StdoutLine: {'line': b'-- Symlinking: /home/ethanreynolds/vscode/robot-rover-2025/code/system/ros2/install/vehicle_interfaces/include/vehicle_interfaces/msg/control_data.h\n'}
[13.898891] (-) TimerEvent: {}
[13.905831] (vehicle_interfaces) StdoutLine: {'line': b'-- Symlinking: /home/ethanreynolds/vscode/robot-rover-2025/code/system/ros2/install/vehicle_interfaces/include/vehicle_interfaces/msg/detail/control_data__functions.h\n'}
[13.922742] (vehicle_interfaces) StdoutLine: {'line': b'-- Symlinking: /home/ethanreynolds/vscode/robot-rover-2025/code/system/ros2/install/vehicle_interfaces/include/vehicle_interfaces/msg/detail/control_data__struct.h\n'}
[13.947102] (vehicle_interfaces) StdoutLine: {'line': b'-- Symlinking: /home/ethanreynolds/vscode/robot-rover-2025/code/system/ros2/install/vehicle_interfaces/include/vehicle_interfaces/msg/detail/control_data__type_support.h\n'}
[13.962979] (vehicle_interfaces) StdoutLine: {'line': b'-- Symlinking: /home/ethanreynolds/vscode/robot-rover-2025/code/system/ros2/install/vehicle_interfaces/include/vehicle_interfaces/msg/detail/encoder_data__functions.h\n'}
[13.975082] (vehicle_interfaces) StdoutLine: {'line': b'-- Symlinking: /home/ethanreynolds/vscode/robot-rover-2025/code/system/ros2/install/vehicle_interfaces/include/vehicle_interfaces/msg/detail/encoder_data__struct.h\n'}
[13.986974] (vehicle_interfaces) StdoutLine: {'line': b'-- Symlinking: /home/ethanreynolds/vscode/robot-rover-2025/code/system/ros2/install/vehicle_interfaces/include/vehicle_interfaces/msg/detail/encoder_data__type_support.h\n'}
[13.999019] (-) TimerEvent: {}
[14.000199] (vehicle_interfaces) StdoutLine: {'line': b'-- Symlinking: /home/ethanreynolds/vscode/robot-rover-2025/code/system/ros2/install/vehicle_interfaces/include/vehicle_interfaces/msg/detail/gps_data__functions.h\n'}
[14.013549] (vehicle_interfaces) StdoutLine: {'line': b'-- Symlinking: /home/ethanreynolds/vscode/robot-rover-2025/code/system/ros2/install/vehicle_interfaces/include/vehicle_interfaces/msg/detail/gps_data__struct.h\n'}
[14.025316] (vehicle_interfaces) StdoutLine: {'line': b'-- Symlinking: /home/ethanreynolds/vscode/robot-rover-2025/code/system/ros2/install/vehicle_interfaces/include/vehicle_interfaces/msg/detail/gps_data__type_support.h\n'}
[14.044228] (vehicle_interfaces) StdoutLine: {'line': b'-- Symlinking: /home/ethanreynolds/vscode/robot-rover-2025/code/system/ros2/install/vehicle_interfaces/include/vehicle_interfaces/msg/detail/ir_data__functions.h\n'}
[14.058555] (vehicle_interfaces) StdoutLine: {'line': b'-- Symlinking: /home/ethanreynolds/vscode/robot-rover-2025/code/system/ros2/install/vehicle_interfaces/include/vehicle_interfaces/msg/detail/ir_data__struct.h\n'}
[14.075423] (vehicle_interfaces) StdoutLine: {'line': b'-- Symlinking: /home/ethanreynolds/vscode/robot-rover-2025/code/system/ros2/install/vehicle_interfaces/include/vehicle_interfaces/msg/detail/ir_data__type_support.h\n'}
[14.092493] (vehicle_interfaces) StdoutLine: {'line': b'-- Symlinking: /home/ethanreynolds/vscode/robot-rover-2025/code/system/ros2/install/vehicle_interfaces/include/vehicle_interfaces/msg/detail/mpu_data__functions.h\n'}
[14.099139] (-) TimerEvent: {}
[14.106064] (vehicle_interfaces) StdoutLine: {'line': b'-- Symlinking: /home/ethanreynolds/vscode/robot-rover-2025/code/system/ros2/install/vehicle_interfaces/include/vehicle_interfaces/msg/detail/mpu_data__struct.h\n'}
[14.124095] (vehicle_interfaces) StdoutLine: {'line': b'-- Symlinking: /home/ethanreynolds/vscode/robot-rover-2025/code/system/ros2/install/vehicle_interfaces/include/vehicle_interfaces/msg/detail/mpu_data__type_support.h\n'}
[14.140920] (vehicle_interfaces) StdoutLine: {'line': b'-- Symlinking: /home/ethanreynolds/vscode/robot-rover-2025/code/system/ros2/install/vehicle_interfaces/include/vehicle_interfaces/msg/detail/qmc_data__functions.h\n'}
[14.158660] (vehicle_interfaces) StdoutLine: {'line': b'-- Symlinking: /home/ethanreynolds/vscode/robot-rover-2025/code/system/ros2/install/vehicle_interfaces/include/vehicle_interfaces/msg/detail/qmc_data__struct.h\n'}
[14.175448] (vehicle_interfaces) StdoutLine: {'line': b'-- Symlinking: /home/ethanreynolds/vscode/robot-rover-2025/code/system/ros2/install/vehicle_interfaces/include/vehicle_interfaces/msg/detail/qmc_data__type_support.h\n'}
[14.192142] (vehicle_interfaces) StdoutLine: {'line': b'-- Symlinking: /home/ethanreynolds/vscode/robot-rover-2025/code/system/ros2/install/vehicle_interfaces/include/vehicle_interfaces/msg/detail/sensor_data__functions.h\n'}
[14.199292] (-) TimerEvent: {}
[14.208985] (vehicle_interfaces) StdoutLine: {'line': b'-- Symlinking: /home/ethanreynolds/vscode/robot-rover-2025/code/system/ros2/install/vehicle_interfaces/include/vehicle_interfaces/msg/detail/sensor_data__struct.h\n'}
[14.225842] (vehicle_interfaces) StdoutLine: {'line': b'-- Symlinking: /home/ethanreynolds/vscode/robot-rover-2025/code/system/ros2/install/vehicle_interfaces/include/vehicle_interfaces/msg/detail/sensor_data__type_support.h\n'}
[14.238380] (vehicle_interfaces) StdoutLine: {'line': b'-- Symlinking: /home/ethanreynolds/vscode/robot-rover-2025/code/system/ros2/install/vehicle_interfaces/include/vehicle_interfaces/msg/detail/temperature_data__functions.h\n'}
[14.255797] (vehicle_interfaces) StdoutLine: {'line': b'-- Symlinking: /home/ethanreynolds/vscode/robot-rover-2025/code/system/ros2/install/vehicle_interfaces/include/vehicle_interfaces/msg/detail/temperature_data__struct.h\n'}
[14.273166] (vehicle_interfaces) StdoutLine: {'line': b'-- Symlinking: /home/ethanreynolds/vscode/robot-rover-2025/code/system/ros2/install/vehicle_interfaces/include/vehicle_interfaces/msg/detail/temperature_data__type_support.h\n'}
[14.286151] (vehicle_interfaces) StdoutLine: {'line': b'-- Symlinking: /home/ethanreynolds/vscode/robot-rover-2025/code/system/ros2/install/vehicle_interfaces/include/vehicle_interfaces/msg/detail/to_f_data__functions.h\n'}
[14.298986] (vehicle_interfaces) StdoutLine: {'line': b'-- Symlinking: /home/ethanreynolds/vscode/robot-rover-2025/code/system/ros2/install/vehicle_interfaces/include/vehicle_interfaces/msg/detail/to_f_data__struct.h\n'}
[14.299388] (-) TimerEvent: {}
[14.312104] (vehicle_interfaces) StdoutLine: {'line': b'-- Symlinking: /home/ethanreynolds/vscode/robot-rover-2025/code/system/ros2/install/vehicle_interfaces/include/vehicle_interfaces/msg/detail/to_f_data__type_support.h\n'}
[14.326012] (vehicle_interfaces) StdoutLine: {'line': b'-- Symlinking: /home/ethanreynolds/vscode/robot-rover-2025/code/system/ros2/install/vehicle_interfaces/include/vehicle_interfaces/msg/detail/ultrasonic_data__functions.h\n'}
[14.344899] (vehicle_interfaces) StdoutLine: {'line': b'-- Symlinking: /home/ethanreynolds/vscode/robot-rover-2025/code/system/ros2/install/vehicle_interfaces/include/vehicle_interfaces/msg/detail/ultrasonic_data__struct.h\n'}
[14.357051] (vehicle_interfaces) StdoutLine: {'line': b'-- Symlinking: /home/ethanreynolds/vscode/robot-rover-2025/code/system/ros2/install/vehicle_interfaces/include/vehicle_interfaces/msg/detail/ultrasonic_data__type_support.h\n'}
[14.369513] (vehicle_interfaces) StdoutLine: {'line': b'-- Symlinking: /home/ethanreynolds/vscode/robot-rover-2025/code/system/ros2/install/vehicle_interfaces/include/vehicle_interfaces/msg/encoder_data.h\n'}
[14.381796] (vehicle_interfaces) StdoutLine: {'line': b'-- Symlinking: /home/ethanreynolds/vscode/robot-rover-2025/code/system/ros2/install/vehicle_interfaces/include/vehicle_interfaces/msg/gps_data.h\n'}
[14.394386] (vehicle_interfaces) StdoutLine: {'line': b'-- Symlinking: /home/ethanreynolds/vscode/robot-rover-2025/code/system/ros2/install/vehicle_interfaces/include/vehicle_interfaces/msg/ir_data.h\n'}
[14.399532] (-) TimerEvent: {}
[14.406997] (vehicle_interfaces) StdoutLine: {'line': b'-- Symlinking: /home/ethanreynolds/vscode/robot-rover-2025/code/system/ros2/install/vehicle_interfaces/include/vehicle_interfaces/msg/mpu_data.h\n'}
[14.419797] (vehicle_interfaces) StdoutLine: {'line': b'-- Symlinking: /home/ethanreynolds/vscode/robot-rover-2025/code/system/ros2/install/vehicle_interfaces/include/vehicle_interfaces/msg/qmc_data.h\n'}
[14.434489] (vehicle_interfaces) StdoutLine: {'line': b'-- Symlinking: /home/ethanreynolds/vscode/robot-rover-2025/code/system/ros2/install/vehicle_interfaces/include/vehicle_interfaces/msg/rosidl_generator_c__visibility_control.h\n'}
[14.450590] (vehicle_interfaces) StdoutLine: {'line': b'-- Symlinking: /home/ethanreynolds/vscode/robot-rover-2025/code/system/ros2/install/vehicle_interfaces/include/vehicle_interfaces/msg/sensor_data.h\n'}
[14.463311] (vehicle_interfaces) StdoutLine: {'line': b'-- Symlinking: /home/ethanreynolds/vscode/robot-rover-2025/code/system/ros2/install/vehicle_interfaces/include/vehicle_interfaces/msg/temperature_data.h\n'}
[14.476002] (vehicle_interfaces) StdoutLine: {'line': b'-- Symlinking: /home/ethanreynolds/vscode/robot-rover-2025/code/system/ros2/install/vehicle_interfaces/include/vehicle_interfaces/msg/to_f_data.h\n'}
[14.490005] (vehicle_interfaces) StdoutLine: {'line': b'-- Symlinking: /home/ethanreynolds/vscode/robot-rover-2025/code/system/ros2/install/vehicle_interfaces/include/vehicle_interfaces/msg/ultrasonic_data.h\n'}
[14.499661] (-) TimerEvent: {}
[14.503072] (vehicle_interfaces) StdoutLine: {'line': b'-- Symlinking: /home/ethanreynolds/vscode/robot-rover-2025/code/system/ros2/install/vehicle_interfaces/include/vehicle_interfaces/srv/detail/get_serial_device_status__functions.h\n'}
[14.516580] (vehicle_interfaces) StdoutLine: {'line': b'-- Symlinking: /home/ethanreynolds/vscode/robot-rover-2025/code/system/ros2/install/vehicle_interfaces/include/vehicle_interfaces/srv/detail/get_serial_device_status__struct.h\n'}
[14.533179] (vehicle_interfaces) StdoutLine: {'line': b'-- Symlinking: /home/ethanreynolds/vscode/robot-rover-2025/code/system/ros2/install/vehicle_interfaces/include/vehicle_interfaces/srv/detail/get_serial_device_status__type_support.h\n'}
[14.550365] (vehicle_interfaces) StdoutLine: {'line': b'-- Symlinking: /home/ethanreynolds/vscode/robot-rover-2025/code/system/ros2/install/vehicle_interfaces/include/vehicle_interfaces/srv/detail/get_serial_port__functions.h\n'}
[14.565106] (vehicle_interfaces) StdoutLine: {'line': b'-- Symlinking: /home/ethanreynolds/vscode/robot-rover-2025/code/system/ros2/install/vehicle_interfaces/include/vehicle_interfaces/srv/detail/get_serial_port__struct.h\n'}
[14.576983] (vehicle_interfaces) StdoutLine: {'line': b'-- Symlinking: /home/ethanreynolds/vscode/robot-rover-2025/code/system/ros2/install/vehicle_interfaces/include/vehicle_interfaces/srv/detail/get_serial_port__type_support.h\n'}
[14.594100] (vehicle_interfaces) StdoutLine: {'line': b'-- Symlinking: /home/ethanreynolds/vscode/robot-rover-2025/code/system/ros2/install/vehicle_interfaces/include/vehicle_interfaces/srv/detail/reset_serial_port__functions.h\n'}
[14.599812] (-) TimerEvent: {}
[14.610258] (vehicle_interfaces) StdoutLine: {'line': b'-- Symlinking: /home/ethanreynolds/vscode/robot-rover-2025/code/system/ros2/install/vehicle_interfaces/include/vehicle_interfaces/srv/detail/reset_serial_port__struct.h\n'}
[14.626581] (vehicle_interfaces) StdoutLine: {'line': b'-- Symlinking: /home/ethanreynolds/vscode/robot-rover-2025/code/system/ros2/install/vehicle_interfaces/include/vehicle_interfaces/srv/detail/reset_serial_port__type_support.h\n'}
[14.643473] (vehicle_interfaces) StdoutLine: {'line': b'-- Symlinking: /home/ethanreynolds/vscode/robot-rover-2025/code/system/ros2/install/vehicle_interfaces/include/vehicle_interfaces/srv/get_serial_device_status.h\n'}
[14.657570] (vehicle_interfaces) StdoutLine: {'line': b'-- Symlinking: /home/ethanreynolds/vscode/robot-rover-2025/code/system/ros2/install/vehicle_interfaces/include/vehicle_interfaces/srv/get_serial_port.h\n'}
[14.669679] (vehicle_interfaces) StdoutLine: {'line': b'-- Symlinking: /home/ethanreynolds/vscode/robot-rover-2025/code/system/ros2/install/vehicle_interfaces/include/vehicle_interfaces/srv/reset_serial_port.h\n'}
[14.682641] (vehicle_interfaces) StdoutLine: {'line': b'-- Symlinking: /home/ethanreynolds/vscode/robot-rover-2025/code/system/ros2/install/vehicle_interfaces/share/vehicle_interfaces/environment/library_path.sh\n'}
[14.699251] (vehicle_interfaces) StdoutLine: {'line': b'-- Symlinking: /home/ethanreynolds/vscode/robot-rover-2025/code/system/ros2/install/vehicle_interfaces/share/vehicle_interfaces/environment/library_path.dsv\n'}
[14.699887] (-) TimerEvent: {}
[14.712950] (vehicle_interfaces) StdoutLine: {'line': b'-- Symlinking: /home/ethanreynolds/vscode/robot-rover-2025/code/system/ros2/install/vehicle_interfaces/include/vehicle_interfaces/msg/detail/control_data__rosidl_typesupport_fastrtps_c.h\n'}
[14.724718] (vehicle_interfaces) StdoutLine: {'line': b'-- Symlinking: /home/ethanreynolds/vscode/robot-rover-2025/code/system/ros2/install/vehicle_interfaces/include/vehicle_interfaces/msg/detail/encoder_data__rosidl_typesupport_fastrtps_c.h\n'}
[14.736559] (vehicle_interfaces) StdoutLine: {'line': b'-- Symlinking: /home/ethanreynolds/vscode/robot-rover-2025/code/system/ros2/install/vehicle_interfaces/include/vehicle_interfaces/msg/detail/gps_data__rosidl_typesupport_fastrtps_c.h\n'}
[14.748980] (vehicle_interfaces) StdoutLine: {'line': b'-- Symlinking: /home/ethanreynolds/vscode/robot-rover-2025/code/system/ros2/install/vehicle_interfaces/include/vehicle_interfaces/msg/detail/ir_data__rosidl_typesupport_fastrtps_c.h\n'}
[14.768630] (vehicle_interfaces) StdoutLine: {'line': b'-- Symlinking: /home/ethanreynolds/vscode/robot-rover-2025/code/system/ros2/install/vehicle_interfaces/include/vehicle_interfaces/msg/detail/mpu_data__rosidl_typesupport_fastrtps_c.h\n'}
[14.790516] (vehicle_interfaces) StdoutLine: {'line': b'-- Symlinking: /home/ethanreynolds/vscode/robot-rover-2025/code/system/ros2/install/vehicle_interfaces/include/vehicle_interfaces/msg/detail/qmc_data__rosidl_typesupport_fastrtps_c.h\n'}
[14.800032] (-) TimerEvent: {}
[14.807713] (vehicle_interfaces) StdoutLine: {'line': b'-- Symlinking: /home/ethanreynolds/vscode/robot-rover-2025/code/system/ros2/install/vehicle_interfaces/include/vehicle_interfaces/msg/detail/sensor_data__rosidl_typesupport_fastrtps_c.h\n'}
[14.825135] (vehicle_interfaces) StdoutLine: {'line': b'-- Symlinking: /home/ethanreynolds/vscode/robot-rover-2025/code/system/ros2/install/vehicle_interfaces/include/vehicle_interfaces/msg/detail/temperature_data__rosidl_typesupport_fastrtps_c.h\n'}
[14.847598] (vehicle_interfaces) StdoutLine: {'line': b'-- Symlinking: /home/ethanreynolds/vscode/robot-rover-2025/code/system/ros2/install/vehicle_interfaces/include/vehicle_interfaces/msg/detail/to_f_data__rosidl_typesupport_fastrtps_c.h\n'}
[14.869431] (vehicle_interfaces) StdoutLine: {'line': b'-- Symlinking: /home/ethanreynolds/vscode/robot-rover-2025/code/system/ros2/install/vehicle_interfaces/include/vehicle_interfaces/msg/detail/ultrasonic_data__rosidl_typesupport_fastrtps_c.h\n'}
[14.886586] (vehicle_interfaces) StdoutLine: {'line': b'-- Symlinking: /home/ethanreynolds/vscode/robot-rover-2025/code/system/ros2/install/vehicle_interfaces/include/vehicle_interfaces/msg/rosidl_typesupport_fastrtps_c__visibility_control.h\n'}
[14.900156] (-) TimerEvent: {}
[14.906590] (vehicle_interfaces) StdoutLine: {'line': b'-- Symlinking: /home/ethanreynolds/vscode/robot-rover-2025/code/system/ros2/install/vehicle_interfaces/include/vehicle_interfaces/srv/detail/get_serial_device_status__rosidl_typesupport_fastrtps_c.h\n'}
[14.931342] (vehicle_interfaces) StdoutLine: {'line': b'-- Symlinking: /home/ethanreynolds/vscode/robot-rover-2025/code/system/ros2/install/vehicle_interfaces/include/vehicle_interfaces/srv/detail/get_serial_port__rosidl_typesupport_fastrtps_c.h\n'}
[14.950660] (vehicle_interfaces) StdoutLine: {'line': b'-- Symlinking: /home/ethanreynolds/vscode/robot-rover-2025/code/system/ros2/install/vehicle_interfaces/include/vehicle_interfaces/srv/detail/reset_serial_port__rosidl_typesupport_fastrtps_c.h\n'}
[14.969817] (vehicle_interfaces) StdoutLine: {'line': b'-- Symlinking: /home/ethanreynolds/vscode/robot-rover-2025/code/system/ros2/install/vehicle_interfaces/lib/libvehicle_interfaces__rosidl_typesupport_fastrtps_c.so\n'}
[14.990677] (vehicle_interfaces) StdoutLine: {'line': b'-- Symlinking: /home/ethanreynolds/vscode/robot-rover-2025/code/system/ros2/install/vehicle_interfaces/include/vehicle_interfaces/msg/detail/control_data__rosidl_typesupport_fastrtps_cpp.hpp\n'}
[15.000301] (-) TimerEvent: {}
[15.006808] (vehicle_interfaces) StdoutLine: {'line': b'-- Symlinking: /home/ethanreynolds/vscode/robot-rover-2025/code/system/ros2/install/vehicle_interfaces/include/vehicle_interfaces/msg/detail/encoder_data__rosidl_typesupport_fastrtps_cpp.hpp\n'}
[15.027910] (vehicle_interfaces) StdoutLine: {'line': b'-- Symlinking: /home/ethanreynolds/vscode/robot-rover-2025/code/system/ros2/install/vehicle_interfaces/include/vehicle_interfaces/msg/detail/gps_data__rosidl_typesupport_fastrtps_cpp.hpp\n'}
[15.044995] (vehicle_interfaces) StdoutLine: {'line': b'-- Symlinking: /home/ethanreynolds/vscode/robot-rover-2025/code/system/ros2/install/vehicle_interfaces/include/vehicle_interfaces/msg/detail/ir_data__rosidl_typesupport_fastrtps_cpp.hpp\n'}
[15.060856] (vehicle_interfaces) StdoutLine: {'line': b'-- Symlinking: /home/ethanreynolds/vscode/robot-rover-2025/code/system/ros2/install/vehicle_interfaces/include/vehicle_interfaces/msg/detail/mpu_data__rosidl_typesupport_fastrtps_cpp.hpp\n'}
[15.077928] (vehicle_interfaces) StdoutLine: {'line': b'-- Symlinking: /home/ethanreynolds/vscode/robot-rover-2025/code/system/ros2/install/vehicle_interfaces/include/vehicle_interfaces/msg/detail/qmc_data__rosidl_typesupport_fastrtps_cpp.hpp\n'}
[15.094785] (vehicle_interfaces) StdoutLine: {'line': b'-- Symlinking: /home/ethanreynolds/vscode/robot-rover-2025/code/system/ros2/install/vehicle_interfaces/include/vehicle_interfaces/msg/detail/sensor_data__rosidl_typesupport_fastrtps_cpp.hpp\n'}
[15.100436] (-) TimerEvent: {}
[15.112462] (vehicle_interfaces) StdoutLine: {'line': b'-- Symlinking: /home/ethanreynolds/vscode/robot-rover-2025/code/system/ros2/install/vehicle_interfaces/include/vehicle_interfaces/msg/detail/temperature_data__rosidl_typesupport_fastrtps_cpp.hpp\n'}
[15.129733] (vehicle_interfaces) StdoutLine: {'line': b'-- Symlinking: /home/ethanreynolds/vscode/robot-rover-2025/code/system/ros2/install/vehicle_interfaces/include/vehicle_interfaces/msg/detail/to_f_data__rosidl_typesupport_fastrtps_cpp.hpp\n'}
[15.147449] (vehicle_interfaces) StdoutLine: {'line': b'-- Symlinking: /home/ethanreynolds/vscode/robot-rover-2025/code/system/ros2/install/vehicle_interfaces/include/vehicle_interfaces/msg/detail/ultrasonic_data__rosidl_typesupport_fastrtps_cpp.hpp\n'}
[15.164396] (vehicle_interfaces) StdoutLine: {'line': b'-- Symlinking: /home/ethanreynolds/vscode/robot-rover-2025/code/system/ros2/install/vehicle_interfaces/include/vehicle_interfaces/msg/rosidl_typesupport_fastrtps_cpp__visibility_control.h\n'}
[15.181858] (vehicle_interfaces) StdoutLine: {'line': b'-- Symlinking: /home/ethanreynolds/vscode/robot-rover-2025/code/system/ros2/install/vehicle_interfaces/include/vehicle_interfaces/srv/detail/get_serial_device_status__rosidl_typesupport_fastrtps_cpp.hpp\n'}
[15.196164] (vehicle_interfaces) StdoutLine: {'line': b'-- Symlinking: /home/ethanreynolds/vscode/robot-rover-2025/code/system/ros2/install/vehicle_interfaces/include/vehicle_interfaces/srv/detail/get_serial_port__rosidl_typesupport_fastrtps_cpp.hpp\n'}
[15.200561] (-) TimerEvent: {}
[15.210070] (vehicle_interfaces) StdoutLine: {'line': b'-- Symlinking: /home/ethanreynolds/vscode/robot-rover-2025/code/system/ros2/install/vehicle_interfaces/include/vehicle_interfaces/srv/detail/reset_serial_port__rosidl_typesupport_fastrtps_cpp.hpp\n'}
[15.224650] (vehicle_interfaces) StdoutLine: {'line': b'-- Symlinking: /home/ethanreynolds/vscode/robot-rover-2025/code/system/ros2/install/vehicle_interfaces/lib/libvehicle_interfaces__rosidl_typesupport_fastrtps_cpp.so\n'}
[15.241665] (vehicle_interfaces) StdoutLine: {'line': b'-- Symlinking: /home/ethanreynolds/vscode/robot-rover-2025/code/system/ros2/install/vehicle_interfaces/include/vehicle_interfaces/msg/detail/control_data__rosidl_typesupport_introspection_c.h\n'}
[15.255296] (vehicle_interfaces) StdoutLine: {'line': b'-- Symlinking: /home/ethanreynolds/vscode/robot-rover-2025/code/system/ros2/install/vehicle_interfaces/include/vehicle_interfaces/msg/detail/encoder_data__rosidl_typesupport_introspection_c.h\n'}
[15.269841] (vehicle_interfaces) StdoutLine: {'line': b'-- Symlinking: /home/ethanreynolds/vscode/robot-rover-2025/code/system/ros2/install/vehicle_interfaces/include/vehicle_interfaces/msg/detail/gps_data__rosidl_typesupport_introspection_c.h\n'}
[15.284988] (vehicle_interfaces) StdoutLine: {'line': b'-- Symlinking: /home/ethanreynolds/vscode/robot-rover-2025/code/system/ros2/install/vehicle_interfaces/include/vehicle_interfaces/msg/detail/ir_data__rosidl_typesupport_introspection_c.h\n'}
[15.299233] (vehicle_interfaces) StdoutLine: {'line': b'-- Symlinking: /home/ethanreynolds/vscode/robot-rover-2025/code/system/ros2/install/vehicle_interfaces/include/vehicle_interfaces/msg/detail/mpu_data__rosidl_typesupport_introspection_c.h\n'}
[15.300670] (-) TimerEvent: {}
[15.316362] (vehicle_interfaces) StdoutLine: {'line': b'-- Symlinking: /home/ethanreynolds/vscode/robot-rover-2025/code/system/ros2/install/vehicle_interfaces/include/vehicle_interfaces/msg/detail/qmc_data__rosidl_typesupport_introspection_c.h\n'}
[15.333286] (vehicle_interfaces) StdoutLine: {'line': b'-- Symlinking: /home/ethanreynolds/vscode/robot-rover-2025/code/system/ros2/install/vehicle_interfaces/include/vehicle_interfaces/msg/detail/sensor_data__rosidl_typesupport_introspection_c.h\n'}
[15.346031] (vehicle_interfaces) StdoutLine: {'line': b'-- Symlinking: /home/ethanreynolds/vscode/robot-rover-2025/code/system/ros2/install/vehicle_interfaces/include/vehicle_interfaces/msg/detail/temperature_data__rosidl_typesupport_introspection_c.h\n'}
[15.364727] (vehicle_interfaces) StdoutLine: {'line': b'-- Symlinking: /home/ethanreynolds/vscode/robot-rover-2025/code/system/ros2/install/vehicle_interfaces/include/vehicle_interfaces/msg/detail/to_f_data__rosidl_typesupport_introspection_c.h\n'}
[15.376303] (vehicle_interfaces) StdoutLine: {'line': b'-- Symlinking: /home/ethanreynolds/vscode/robot-rover-2025/code/system/ros2/install/vehicle_interfaces/include/vehicle_interfaces/msg/detail/ultrasonic_data__rosidl_typesupport_introspection_c.h\n'}
[15.393730] (vehicle_interfaces) StdoutLine: {'line': b'-- Symlinking: /home/ethanreynolds/vscode/robot-rover-2025/code/system/ros2/install/vehicle_interfaces/include/vehicle_interfaces/msg/rosidl_typesupport_introspection_c__visibility_control.h\n'}
[15.400799] (-) TimerEvent: {}
[15.406785] (vehicle_interfaces) StdoutLine: {'line': b'-- Symlinking: /home/ethanreynolds/vscode/robot-rover-2025/code/system/ros2/install/vehicle_interfaces/include/vehicle_interfaces/srv/detail/get_serial_device_status__rosidl_typesupport_introspection_c.h\n'}
[15.419911] (vehicle_interfaces) StdoutLine: {'line': b'-- Symlinking: /home/ethanreynolds/vscode/robot-rover-2025/code/system/ros2/install/vehicle_interfaces/include/vehicle_interfaces/srv/detail/get_serial_port__rosidl_typesupport_introspection_c.h\n'}
[15.432758] (vehicle_interfaces) StdoutLine: {'line': b'-- Symlinking: /home/ethanreynolds/vscode/robot-rover-2025/code/system/ros2/install/vehicle_interfaces/include/vehicle_interfaces/srv/detail/reset_serial_port__rosidl_typesupport_introspection_c.h\n'}
[15.449806] (vehicle_interfaces) StdoutLine: {'line': b'-- Symlinking: /home/ethanreynolds/vscode/robot-rover-2025/code/system/ros2/install/vehicle_interfaces/include/vehicle_interfaces/msg/control_data.hpp\n'}
[15.470658] (vehicle_interfaces) StdoutLine: {'line': b'-- Symlinking: /home/ethanreynolds/vscode/robot-rover-2025/code/system/ros2/install/vehicle_interfaces/include/vehicle_interfaces/msg/detail/control_data__builder.hpp\n'}
[15.484813] (vehicle_interfaces) StdoutLine: {'line': b'-- Symlinking: /home/ethanreynolds/vscode/robot-rover-2025/code/system/ros2/install/vehicle_interfaces/include/vehicle_interfaces/msg/detail/control_data__struct.hpp\n'}
[15.500917] (-) TimerEvent: {}
[15.503423] (vehicle_interfaces) StdoutLine: {'line': b'-- Symlinking: /home/ethanreynolds/vscode/robot-rover-2025/code/system/ros2/install/vehicle_interfaces/include/vehicle_interfaces/msg/detail/control_data__traits.hpp\n'}
[15.522477] (vehicle_interfaces) StdoutLine: {'line': b'-- Symlinking: /home/ethanreynolds/vscode/robot-rover-2025/code/system/ros2/install/vehicle_interfaces/include/vehicle_interfaces/msg/detail/control_data__type_support.hpp\n'}
[15.535347] (vehicle_interfaces) StdoutLine: {'line': b'-- Symlinking: /home/ethanreynolds/vscode/robot-rover-2025/code/system/ros2/install/vehicle_interfaces/include/vehicle_interfaces/msg/detail/encoder_data__builder.hpp\n'}
[15.550312] (vehicle_interfaces) StdoutLine: {'line': b'-- Symlinking: /home/ethanreynolds/vscode/robot-rover-2025/code/system/ros2/install/vehicle_interfaces/include/vehicle_interfaces/msg/detail/encoder_data__struct.hpp\n'}
[15.568252] (vehicle_interfaces) StdoutLine: {'line': b'-- Symlinking: /home/ethanreynolds/vscode/robot-rover-2025/code/system/ros2/install/vehicle_interfaces/include/vehicle_interfaces/msg/detail/encoder_data__traits.hpp\n'}
[15.581550] (vehicle_interfaces) StdoutLine: {'line': b'-- Symlinking: /home/ethanreynolds/vscode/robot-rover-2025/code/system/ros2/install/vehicle_interfaces/include/vehicle_interfaces/msg/detail/encoder_data__type_support.hpp\n'}
[15.595714] (vehicle_interfaces) StdoutLine: {'line': b'-- Symlinking: /home/ethanreynolds/vscode/robot-rover-2025/code/system/ros2/install/vehicle_interfaces/include/vehicle_interfaces/msg/detail/gps_data__builder.hpp\n'}
[15.601035] (-) TimerEvent: {}
[15.608944] (vehicle_interfaces) StdoutLine: {'line': b'-- Symlinking: /home/ethanreynolds/vscode/robot-rover-2025/code/system/ros2/install/vehicle_interfaces/include/vehicle_interfaces/msg/detail/gps_data__struct.hpp\n'}
[15.621965] (vehicle_interfaces) StdoutLine: {'line': b'-- Symlinking: /home/ethanreynolds/vscode/robot-rover-2025/code/system/ros2/install/vehicle_interfaces/include/vehicle_interfaces/msg/detail/gps_data__traits.hpp\n'}
[15.638642] (vehicle_interfaces) StdoutLine: {'line': b'-- Symlinking: /home/ethanreynolds/vscode/robot-rover-2025/code/system/ros2/install/vehicle_interfaces/include/vehicle_interfaces/msg/detail/gps_data__type_support.hpp\n'}
[15.651955] (vehicle_interfaces) StdoutLine: {'line': b'-- Symlinking: /home/ethanreynolds/vscode/robot-rover-2025/code/system/ros2/install/vehicle_interfaces/include/vehicle_interfaces/msg/detail/ir_data__builder.hpp\n'}
[15.665632] (vehicle_interfaces) StdoutLine: {'line': b'-- Symlinking: /home/ethanreynolds/vscode/robot-rover-2025/code/system/ros2/install/vehicle_interfaces/include/vehicle_interfaces/msg/detail/ir_data__struct.hpp\n'}
[15.679080] (vehicle_interfaces) StdoutLine: {'line': b'-- Symlinking: /home/ethanreynolds/vscode/robot-rover-2025/code/system/ros2/install/vehicle_interfaces/include/vehicle_interfaces/msg/detail/ir_data__traits.hpp\n'}
[15.694191] (vehicle_interfaces) StdoutLine: {'line': b'-- Symlinking: /home/ethanreynolds/vscode/robot-rover-2025/code/system/ros2/install/vehicle_interfaces/include/vehicle_interfaces/msg/detail/ir_data__type_support.hpp\n'}
[15.701166] (-) TimerEvent: {}
[15.714660] (vehicle_interfaces) StdoutLine: {'line': b'-- Symlinking: /home/ethanreynolds/vscode/robot-rover-2025/code/system/ros2/install/vehicle_interfaces/include/vehicle_interfaces/msg/detail/mpu_data__builder.hpp\n'}
[15.730741] (vehicle_interfaces) StdoutLine: {'line': b'-- Symlinking: /home/ethanreynolds/vscode/robot-rover-2025/code/system/ros2/install/vehicle_interfaces/include/vehicle_interfaces/msg/detail/mpu_data__struct.hpp\n'}
[15.747999] (vehicle_interfaces) StdoutLine: {'line': b'-- Symlinking: /home/ethanreynolds/vscode/robot-rover-2025/code/system/ros2/install/vehicle_interfaces/include/vehicle_interfaces/msg/detail/mpu_data__traits.hpp\n'}
[15.761166] (vehicle_interfaces) StdoutLine: {'line': b'-- Symlinking: /home/ethanreynolds/vscode/robot-rover-2025/code/system/ros2/install/vehicle_interfaces/include/vehicle_interfaces/msg/detail/mpu_data__type_support.hpp\n'}
[15.774404] (vehicle_interfaces) StdoutLine: {'line': b'-- Symlinking: /home/ethanreynolds/vscode/robot-rover-2025/code/system/ros2/install/vehicle_interfaces/include/vehicle_interfaces/msg/detail/qmc_data__builder.hpp\n'}
[15.787155] (vehicle_interfaces) StdoutLine: {'line': b'-- Symlinking: /home/ethanreynolds/vscode/robot-rover-2025/code/system/ros2/install/vehicle_interfaces/include/vehicle_interfaces/msg/detail/qmc_data__struct.hpp\n'}
[15.801291] (-) TimerEvent: {}
[15.804850] (vehicle_interfaces) StdoutLine: {'line': b'-- Symlinking: /home/ethanreynolds/vscode/robot-rover-2025/code/system/ros2/install/vehicle_interfaces/include/vehicle_interfaces/msg/detail/qmc_data__traits.hpp\n'}
[15.822366] (vehicle_interfaces) StdoutLine: {'line': b'-- Symlinking: /home/ethanreynolds/vscode/robot-rover-2025/code/system/ros2/install/vehicle_interfaces/include/vehicle_interfaces/msg/detail/qmc_data__type_support.hpp\n'}
[15.840967] (vehicle_interfaces) StdoutLine: {'line': b'-- Symlinking: /home/ethanreynolds/vscode/robot-rover-2025/code/system/ros2/install/vehicle_interfaces/include/vehicle_interfaces/msg/detail/sensor_data__builder.hpp\n'}
[15.858169] (vehicle_interfaces) StdoutLine: {'line': b'-- Symlinking: /home/ethanreynolds/vscode/robot-rover-2025/code/system/ros2/install/vehicle_interfaces/include/vehicle_interfaces/msg/detail/sensor_data__struct.hpp\n'}
[15.871772] (vehicle_interfaces) StdoutLine: {'line': b'-- Symlinking: /home/ethanreynolds/vscode/robot-rover-2025/code/system/ros2/install/vehicle_interfaces/include/vehicle_interfaces/msg/detail/sensor_data__traits.hpp\n'}
[15.886166] (vehicle_interfaces) StdoutLine: {'line': b'-- Symlinking: /home/ethanreynolds/vscode/robot-rover-2025/code/system/ros2/install/vehicle_interfaces/include/vehicle_interfaces/msg/detail/sensor_data__type_support.hpp\n'}
[15.898891] (vehicle_interfaces) StdoutLine: {'line': b'-- Symlinking: /home/ethanreynolds/vscode/robot-rover-2025/code/system/ros2/install/vehicle_interfaces/include/vehicle_interfaces/msg/detail/temperature_data__builder.hpp\n'}
[15.901411] (-) TimerEvent: {}
[15.911569] (vehicle_interfaces) StdoutLine: {'line': b'-- Symlinking: /home/ethanreynolds/vscode/robot-rover-2025/code/system/ros2/install/vehicle_interfaces/include/vehicle_interfaces/msg/detail/temperature_data__struct.hpp\n'}
[15.923840] (vehicle_interfaces) StdoutLine: {'line': b'-- Symlinking: /home/ethanreynolds/vscode/robot-rover-2025/code/system/ros2/install/vehicle_interfaces/include/vehicle_interfaces/msg/detail/temperature_data__traits.hpp\n'}
[15.936199] (vehicle_interfaces) StdoutLine: {'line': b'-- Symlinking: /home/ethanreynolds/vscode/robot-rover-2025/code/system/ros2/install/vehicle_interfaces/include/vehicle_interfaces/msg/detail/temperature_data__type_support.hpp\n'}
[15.950473] (vehicle_interfaces) StdoutLine: {'line': b'-- Symlinking: /home/ethanreynolds/vscode/robot-rover-2025/code/system/ros2/install/vehicle_interfaces/include/vehicle_interfaces/msg/detail/to_f_data__builder.hpp\n'}
[15.967520] (vehicle_interfaces) StdoutLine: {'line': b'-- Symlinking: /home/ethanreynolds/vscode/robot-rover-2025/code/system/ros2/install/vehicle_interfaces/include/vehicle_interfaces/msg/detail/to_f_data__struct.hpp\n'}
[15.980298] (vehicle_interfaces) StdoutLine: {'line': b'-- Symlinking: /home/ethanreynolds/vscode/robot-rover-2025/code/system/ros2/install/vehicle_interfaces/include/vehicle_interfaces/msg/detail/to_f_data__traits.hpp\n'}
[15.993308] (vehicle_interfaces) StdoutLine: {'line': b'-- Symlinking: /home/ethanreynolds/vscode/robot-rover-2025/code/system/ros2/install/vehicle_interfaces/include/vehicle_interfaces/msg/detail/to_f_data__type_support.hpp\n'}
[16.001546] (-) TimerEvent: {}
[16.006734] (vehicle_interfaces) StdoutLine: {'line': b'-- Symlinking: /home/ethanreynolds/vscode/robot-rover-2025/code/system/ros2/install/vehicle_interfaces/include/vehicle_interfaces/msg/detail/ultrasonic_data__builder.hpp\n'}
[16.019332] (vehicle_interfaces) StdoutLine: {'line': b'-- Symlinking: /home/ethanreynolds/vscode/robot-rover-2025/code/system/ros2/install/vehicle_interfaces/include/vehicle_interfaces/msg/detail/ultrasonic_data__struct.hpp\n'}
[16.036197] (vehicle_interfaces) StdoutLine: {'line': b'-- Symlinking: /home/ethanreynolds/vscode/robot-rover-2025/code/system/ros2/install/vehicle_interfaces/include/vehicle_interfaces/msg/detail/ultrasonic_data__traits.hpp\n'}
[16.049000] (vehicle_interfaces) StdoutLine: {'line': b'-- Symlinking: /home/ethanreynolds/vscode/robot-rover-2025/code/system/ros2/install/vehicle_interfaces/include/vehicle_interfaces/msg/detail/ultrasonic_data__type_support.hpp\n'}
[16.067582] (vehicle_interfaces) StdoutLine: {'line': b'-- Symlinking: /home/ethanreynolds/vscode/robot-rover-2025/code/system/ros2/install/vehicle_interfaces/include/vehicle_interfaces/msg/encoder_data.hpp\n'}
[16.085843] (vehicle_interfaces) StdoutLine: {'line': b'-- Symlinking: /home/ethanreynolds/vscode/robot-rover-2025/code/system/ros2/install/vehicle_interfaces/include/vehicle_interfaces/msg/gps_data.hpp\n'}
[16.099893] (vehicle_interfaces) StdoutLine: {'line': b'-- Symlinking: /home/ethanreynolds/vscode/robot-rover-2025/code/system/ros2/install/vehicle_interfaces/include/vehicle_interfaces/msg/ir_data.hpp\n'}
[16.101647] (-) TimerEvent: {}
[16.113746] (vehicle_interfaces) StdoutLine: {'line': b'-- Symlinking: /home/ethanreynolds/vscode/robot-rover-2025/code/system/ros2/install/vehicle_interfaces/include/vehicle_interfaces/msg/mpu_data.hpp\n'}
[16.129540] (vehicle_interfaces) StdoutLine: {'line': b'-- Symlinking: /home/ethanreynolds/vscode/robot-rover-2025/code/system/ros2/install/vehicle_interfaces/include/vehicle_interfaces/msg/qmc_data.hpp\n'}
[16.148000] (vehicle_interfaces) StdoutLine: {'line': b'-- Symlinking: /home/ethanreynolds/vscode/robot-rover-2025/code/system/ros2/install/vehicle_interfaces/include/vehicle_interfaces/msg/rosidl_generator_cpp__visibility_control.hpp\n'}
[16.165059] (vehicle_interfaces) StdoutLine: {'line': b'-- Symlinking: /home/ethanreynolds/vscode/robot-rover-2025/code/system/ros2/install/vehicle_interfaces/include/vehicle_interfaces/msg/sensor_data.hpp\n'}
[16.180521] (vehicle_interfaces) StdoutLine: {'line': b'-- Symlinking: /home/ethanreynolds/vscode/robot-rover-2025/code/system/ros2/install/vehicle_interfaces/include/vehicle_interfaces/msg/temperature_data.hpp\n'}
[16.199120] (vehicle_interfaces) StdoutLine: {'line': b'-- Symlinking: /home/ethanreynolds/vscode/robot-rover-2025/code/system/ros2/install/vehicle_interfaces/include/vehicle_interfaces/msg/to_f_data.hpp\n'}
[16.201760] (-) TimerEvent: {}
[16.216859] (vehicle_interfaces) StdoutLine: {'line': b'-- Symlinking: /home/ethanreynolds/vscode/robot-rover-2025/code/system/ros2/install/vehicle_interfaces/include/vehicle_interfaces/msg/ultrasonic_data.hpp\n'}
[16.233817] (vehicle_interfaces) StdoutLine: {'line': b'-- Symlinking: /home/ethanreynolds/vscode/robot-rover-2025/code/system/ros2/install/vehicle_interfaces/include/vehicle_interfaces/srv/detail/get_serial_device_status__builder.hpp\n'}
[16.249967] (vehicle_interfaces) StdoutLine: {'line': b'-- Symlinking: /home/ethanreynolds/vscode/robot-rover-2025/code/system/ros2/install/vehicle_interfaces/include/vehicle_interfaces/srv/detail/get_serial_device_status__struct.hpp\n'}
[16.268124] (vehicle_interfaces) StdoutLine: {'line': b'-- Symlinking: /home/ethanreynolds/vscode/robot-rover-2025/code/system/ros2/install/vehicle_interfaces/include/vehicle_interfaces/srv/detail/get_serial_device_status__traits.hpp\n'}
[16.286203] (vehicle_interfaces) StdoutLine: {'line': b'-- Symlinking: /home/ethanreynolds/vscode/robot-rover-2025/code/system/ros2/install/vehicle_interfaces/include/vehicle_interfaces/srv/detail/get_serial_device_status__type_support.hpp\n'}
[16.301617] (vehicle_interfaces) StdoutLine: {'line': b'-- Symlinking: /home/ethanreynolds/vscode/robot-rover-2025/code/system/ros2/install/vehicle_interfaces/include/vehicle_interfaces/srv/detail/get_serial_port__builder.hpp\n'}
[16.302006] (-) TimerEvent: {}
[16.320889] (vehicle_interfaces) StdoutLine: {'line': b'-- Symlinking: /home/ethanreynolds/vscode/robot-rover-2025/code/system/ros2/install/vehicle_interfaces/include/vehicle_interfaces/srv/detail/get_serial_port__struct.hpp\n'}
[16.337608] (vehicle_interfaces) StdoutLine: {'line': b'-- Symlinking: /home/ethanreynolds/vscode/robot-rover-2025/code/system/ros2/install/vehicle_interfaces/include/vehicle_interfaces/srv/detail/get_serial_port__traits.hpp\n'}
[16.356217] (vehicle_interfaces) StdoutLine: {'line': b'-- Symlinking: /home/ethanreynolds/vscode/robot-rover-2025/code/system/ros2/install/vehicle_interfaces/include/vehicle_interfaces/srv/detail/get_serial_port__type_support.hpp\n'}
[16.370914] (vehicle_interfaces) StdoutLine: {'line': b'-- Symlinking: /home/ethanreynolds/vscode/robot-rover-2025/code/system/ros2/install/vehicle_interfaces/include/vehicle_interfaces/srv/detail/reset_serial_port__builder.hpp\n'}
[16.389410] (vehicle_interfaces) StdoutLine: {'line': b'-- Symlinking: /home/ethanreynolds/vscode/robot-rover-2025/code/system/ros2/install/vehicle_interfaces/include/vehicle_interfaces/srv/detail/reset_serial_port__struct.hpp\n'}
[16.402143] (-) TimerEvent: {}
[16.406170] (vehicle_interfaces) StdoutLine: {'line': b'-- Symlinking: /home/ethanreynolds/vscode/robot-rover-2025/code/system/ros2/install/vehicle_interfaces/include/vehicle_interfaces/srv/detail/reset_serial_port__traits.hpp\n'}
[16.422804] (vehicle_interfaces) StdoutLine: {'line': b'-- Symlinking: /home/ethanreynolds/vscode/robot-rover-2025/code/system/ros2/install/vehicle_interfaces/include/vehicle_interfaces/srv/detail/reset_serial_port__type_support.hpp\n'}
[16.441658] (vehicle_interfaces) StdoutLine: {'line': b'-- Symlinking: /home/ethanreynolds/vscode/robot-rover-2025/code/system/ros2/install/vehicle_interfaces/include/vehicle_interfaces/srv/get_serial_device_status.hpp\n'}
[16.455955] (vehicle_interfaces) StdoutLine: {'line': b'-- Symlinking: /home/ethanreynolds/vscode/robot-rover-2025/code/system/ros2/install/vehicle_interfaces/include/vehicle_interfaces/srv/get_serial_port.hpp\n'}
[16.474067] (vehicle_interfaces) StdoutLine: {'line': b'-- Symlinking: /home/ethanreynolds/vscode/robot-rover-2025/code/system/ros2/install/vehicle_interfaces/include/vehicle_interfaces/srv/reset_serial_port.hpp\n'}
[16.489022] (vehicle_interfaces) StdoutLine: {'line': b'-- Symlinking: /home/ethanreynolds/vscode/robot-rover-2025/code/system/ros2/install/vehicle_interfaces/include/vehicle_interfaces/msg/detail/control_data__rosidl_typesupport_introspection_cpp.hpp\n'}
[16.502277] (-) TimerEvent: {}
[16.505177] (vehicle_interfaces) StdoutLine: {'line': b'-- Symlinking: /home/ethanreynolds/vscode/robot-rover-2025/code/system/ros2/install/vehicle_interfaces/include/vehicle_interfaces/msg/detail/encoder_data__rosidl_typesupport_introspection_cpp.hpp\n'}
[16.520433] (vehicle_interfaces) StdoutLine: {'line': b'-- Symlinking: /home/ethanreynolds/vscode/robot-rover-2025/code/system/ros2/install/vehicle_interfaces/include/vehicle_interfaces/msg/detail/gps_data__rosidl_typesupport_introspection_cpp.hpp\n'}
[16.538167] (vehicle_interfaces) StdoutLine: {'line': b'-- Symlinking: /home/ethanreynolds/vscode/robot-rover-2025/code/system/ros2/install/vehicle_interfaces/include/vehicle_interfaces/msg/detail/ir_data__rosidl_typesupport_introspection_cpp.hpp\n'}
[16.555332] (vehicle_interfaces) StdoutLine: {'line': b'-- Symlinking: /home/ethanreynolds/vscode/robot-rover-2025/code/system/ros2/install/vehicle_interfaces/include/vehicle_interfaces/msg/detail/mpu_data__rosidl_typesupport_introspection_cpp.hpp\n'}
[16.568988] (vehicle_interfaces) StdoutLine: {'line': b'-- Symlinking: /home/ethanreynolds/vscode/robot-rover-2025/code/system/ros2/install/vehicle_interfaces/include/vehicle_interfaces/msg/detail/qmc_data__rosidl_typesupport_introspection_cpp.hpp\n'}
[16.586204] (vehicle_interfaces) StdoutLine: {'line': b'-- Symlinking: /home/ethanreynolds/vscode/robot-rover-2025/code/system/ros2/install/vehicle_interfaces/include/vehicle_interfaces/msg/detail/sensor_data__rosidl_typesupport_introspection_cpp.hpp\n'}
[16.602408] (-) TimerEvent: {}
[16.604590] (vehicle_interfaces) StdoutLine: {'line': b'-- Symlinking: /home/ethanreynolds/vscode/robot-rover-2025/code/system/ros2/install/vehicle_interfaces/include/vehicle_interfaces/msg/detail/temperature_data__rosidl_typesupport_introspection_cpp.hpp\n'}
[16.622513] (vehicle_interfaces) StdoutLine: {'line': b'-- Symlinking: /home/ethanreynolds/vscode/robot-rover-2025/code/system/ros2/install/vehicle_interfaces/include/vehicle_interfaces/msg/detail/to_f_data__rosidl_typesupport_introspection_cpp.hpp\n'}
[16.641087] (vehicle_interfaces) StdoutLine: {'line': b'-- Symlinking: /home/ethanreynolds/vscode/robot-rover-2025/code/system/ros2/install/vehicle_interfaces/include/vehicle_interfaces/msg/detail/ultrasonic_data__rosidl_typesupport_introspection_cpp.hpp\n'}
[16.662618] (vehicle_interfaces) StdoutLine: {'line': b'-- Symlinking: /home/ethanreynolds/vscode/robot-rover-2025/code/system/ros2/install/vehicle_interfaces/include/vehicle_interfaces/srv/detail/get_serial_device_status__rosidl_typesupport_introspection_cpp.hpp\n'}
[16.675377] (vehicle_interfaces) StdoutLine: {'line': b'-- Symlinking: /home/ethanreynolds/vscode/robot-rover-2025/code/system/ros2/install/vehicle_interfaces/include/vehicle_interfaces/srv/detail/get_serial_port__rosidl_typesupport_introspection_cpp.hpp\n'}
[16.687702] (vehicle_interfaces) StdoutLine: {'line': b'-- Symlinking: /home/ethanreynolds/vscode/robot-rover-2025/code/system/ros2/install/vehicle_interfaces/include/vehicle_interfaces/srv/detail/reset_serial_port__rosidl_typesupport_introspection_cpp.hpp\n'}
[16.700793] (vehicle_interfaces) StdoutLine: {'line': b'-- Symlinking: /home/ethanreynolds/vscode/robot-rover-2025/code/system/ros2/install/vehicle_interfaces/share/vehicle_interfaces/environment/pythonpath.sh\n'}
[16.702482] (-) TimerEvent: {}
[16.719505] (vehicle_interfaces) StdoutLine: {'line': b'-- Symlinking: /home/ethanreynolds/vscode/robot-rover-2025/code/system/ros2/install/vehicle_interfaces/share/vehicle_interfaces/environment/pythonpath.dsv\n'}
[16.733244] (vehicle_interfaces) StdoutLine: {'line': b'-- Symlinking: /home/ethanreynolds/vscode/robot-rover-2025/code/system/ros2/install/vehicle_interfaces/lib/python3.8/site-packages/vehicle_interfaces/__init__.py\n'}
[16.752147] (vehicle_interfaces) StdoutLine: {'line': b'-- Symlinking: /home/ethanreynolds/vscode/robot-rover-2025/code/system/ros2/install/vehicle_interfaces/lib/python3.8/site-packages/vehicle_interfaces/srv/__init__.py\n'}
[16.767327] (vehicle_interfaces) StdoutLine: {'line': b'-- Symlinking: /home/ethanreynolds/vscode/robot-rover-2025/code/system/ros2/install/vehicle_interfaces/lib/python3.8/site-packages/vehicle_interfaces/srv/_get_serial_device_status.py\n'}
[16.785424] (vehicle_interfaces) StdoutLine: {'line': b'-- Symlinking: /home/ethanreynolds/vscode/robot-rover-2025/code/system/ros2/install/vehicle_interfaces/lib/python3.8/site-packages/vehicle_interfaces/srv/_get_serial_port.py\n'}
[16.802630] (-) TimerEvent: {}
[16.803240] (vehicle_interfaces) StdoutLine: {'line': b'-- Symlinking: /home/ethanreynolds/vscode/robot-rover-2025/code/system/ros2/install/vehicle_interfaces/lib/python3.8/site-packages/vehicle_interfaces/srv/_reset_serial_port.py\n'}
[16.818268] (vehicle_interfaces) StdoutLine: {'line': b'-- Symlinking: /home/ethanreynolds/vscode/robot-rover-2025/code/system/ros2/install/vehicle_interfaces/lib/python3.8/site-packages/vehicle_interfaces/msg/__init__.py\n'}
[16.837167] (vehicle_interfaces) StdoutLine: {'line': b'-- Symlinking: /home/ethanreynolds/vscode/robot-rover-2025/code/system/ros2/install/vehicle_interfaces/lib/python3.8/site-packages/vehicle_interfaces/msg/_control_data.py\n'}
[16.849100] (vehicle_interfaces) StdoutLine: {'line': b'-- Symlinking: /home/ethanreynolds/vscode/robot-rover-2025/code/system/ros2/install/vehicle_interfaces/lib/python3.8/site-packages/vehicle_interfaces/msg/_encoder_data.py\n'}
[16.861992] (vehicle_interfaces) StdoutLine: {'line': b'-- Symlinking: /home/ethanreynolds/vscode/robot-rover-2025/code/system/ros2/install/vehicle_interfaces/lib/python3.8/site-packages/vehicle_interfaces/msg/_gps_data.py\n'}
[16.876695] (vehicle_interfaces) StdoutLine: {'line': b'-- Symlinking: /home/ethanreynolds/vscode/robot-rover-2025/code/system/ros2/install/vehicle_interfaces/lib/python3.8/site-packages/vehicle_interfaces/msg/_ir_data.py\n'}
[16.891927] (vehicle_interfaces) StdoutLine: {'line': b'-- Symlinking: /home/ethanreynolds/vscode/robot-rover-2025/code/system/ros2/install/vehicle_interfaces/lib/python3.8/site-packages/vehicle_interfaces/msg/_mpu_data.py\n'}
[16.902751] (-) TimerEvent: {}
[16.904903] (vehicle_interfaces) StdoutLine: {'line': b'-- Symlinking: /home/ethanreynolds/vscode/robot-rover-2025/code/system/ros2/install/vehicle_interfaces/lib/python3.8/site-packages/vehicle_interfaces/msg/_qmc_data.py\n'}
[16.917738] (vehicle_interfaces) StdoutLine: {'line': b'-- Symlinking: /home/ethanreynolds/vscode/robot-rover-2025/code/system/ros2/install/vehicle_interfaces/lib/python3.8/site-packages/vehicle_interfaces/msg/_sensor_data.py\n'}
[16.930720] (vehicle_interfaces) StdoutLine: {'line': b'-- Symlinking: /home/ethanreynolds/vscode/robot-rover-2025/code/system/ros2/install/vehicle_interfaces/lib/python3.8/site-packages/vehicle_interfaces/msg/_temperature_data.py\n'}
[16.948525] (vehicle_interfaces) StdoutLine: {'line': b'-- Symlinking: /home/ethanreynolds/vscode/robot-rover-2025/code/system/ros2/install/vehicle_interfaces/lib/python3.8/site-packages/vehicle_interfaces/msg/_to_f_data.py\n'}
[16.966186] (vehicle_interfaces) StdoutLine: {'line': b'-- Symlinking: /home/ethanreynolds/vscode/robot-rover-2025/code/system/ros2/install/vehicle_interfaces/lib/python3.8/site-packages/vehicle_interfaces/msg/_ultrasonic_data.py\n'}
[16.981263] (vehicle_interfaces) StdoutLine: {'line': b'-- Symlinking: /home/ethanreynolds/vscode/robot-rover-2025/code/system/ros2/install/vehicle_interfaces/lib/python3.8/site-packages/vehicle_interfaces/vehicle_interfaces_s__rosidl_typesupport_fastrtps_c.cpython-38-x86_64-linux-gnu.so\n'}
[16.996252] (vehicle_interfaces) StdoutLine: {'line': b'-- Symlinking: /home/ethanreynolds/vscode/robot-rover-2025/code/system/ros2/install/vehicle_interfaces/lib/python3.8/site-packages/vehicle_interfaces/vehicle_interfaces_s__rosidl_typesupport_introspection_c.cpython-38-x86_64-linux-gnu.so\n'}
[17.002878] (-) TimerEvent: {}
[17.010303] (vehicle_interfaces) StdoutLine: {'line': b'-- Symlinking: /home/ethanreynolds/vscode/robot-rover-2025/code/system/ros2/install/vehicle_interfaces/lib/python3.8/site-packages/vehicle_interfaces/vehicle_interfaces_s__rosidl_typesupport_c.cpython-38-x86_64-linux-gnu.so\n'}
[17.023270] (vehicle_interfaces) StdoutLine: {'line': b'-- Symlinking: /home/ethanreynolds/vscode/robot-rover-2025/code/system/ros2/install/vehicle_interfaces/lib/libvehicle_interfaces__python.so\n'}
[17.036336] (vehicle_interfaces) StdoutLine: {'line': b'-- Symlinking: /home/ethanreynolds/vscode/robot-rover-2025/code/system/ros2/install/vehicle_interfaces/share/vehicle_interfaces/srv/GetSerialPort.idl\n'}
[17.051118] (vehicle_interfaces) StdoutLine: {'line': b'-- Symlinking: /home/ethanreynolds/vscode/robot-rover-2025/code/system/ros2/install/vehicle_interfaces/share/vehicle_interfaces/srv/ResetSerialPort.idl\n'}
[17.069419] (vehicle_interfaces) StdoutLine: {'line': b'-- Symlinking: /home/ethanreynolds/vscode/robot-rover-2025/code/system/ros2/install/vehicle_interfaces/share/vehicle_interfaces/srv/GetSerialDeviceStatus.idl\n'}
[17.086834] (vehicle_interfaces) StdoutLine: {'line': b'-- Symlinking: /home/ethanreynolds/vscode/robot-rover-2025/code/system/ros2/install/vehicle_interfaces/share/vehicle_interfaces/msg/SensorData.idl\n'}
[17.103120] (-) TimerEvent: {}
[17.109137] (vehicle_interfaces) StdoutLine: {'line': b'-- Symlinking: /home/ethanreynolds/vscode/robot-rover-2025/code/system/ros2/install/vehicle_interfaces/share/vehicle_interfaces/msg/ControlData.idl\n'}
[17.121061] (vehicle_interfaces) StdoutLine: {'line': b'-- Symlinking: /home/ethanreynolds/vscode/robot-rover-2025/code/system/ros2/install/vehicle_interfaces/share/vehicle_interfaces/msg/EncoderData.idl\n'}
[17.134084] (vehicle_interfaces) StdoutLine: {'line': b'-- Symlinking: /home/ethanreynolds/vscode/robot-rover-2025/code/system/ros2/install/vehicle_interfaces/share/vehicle_interfaces/msg/GPSData.idl\n'}
[17.150170] (vehicle_interfaces) StdoutLine: {'line': b'-- Symlinking: /home/ethanreynolds/vscode/robot-rover-2025/code/system/ros2/install/vehicle_interfaces/share/vehicle_interfaces/msg/IRData.idl\n'}
[17.167785] (vehicle_interfaces) StdoutLine: {'line': b'-- Symlinking: /home/ethanreynolds/vscode/robot-rover-2025/code/system/ros2/install/vehicle_interfaces/share/vehicle_interfaces/msg/MPUData.idl\n'}
[17.180815] (vehicle_interfaces) StdoutLine: {'line': b'-- Symlinking: /home/ethanreynolds/vscode/robot-rover-2025/code/system/ros2/install/vehicle_interfaces/share/vehicle_interfaces/msg/QMCData.idl\n'}
[17.195413] (vehicle_interfaces) StdoutLine: {'line': b'-- Symlinking: /home/ethanreynolds/vscode/robot-rover-2025/code/system/ros2/install/vehicle_interfaces/share/vehicle_interfaces/msg/TemperatureData.idl\n'}
[17.203247] (-) TimerEvent: {}
[17.210125] (vehicle_interfaces) StdoutLine: {'line': b'-- Symlinking: /home/ethanreynolds/vscode/robot-rover-2025/code/system/ros2/install/vehicle_interfaces/share/vehicle_interfaces/msg/ToFData.idl\n'}
[17.222464] (vehicle_interfaces) StdoutLine: {'line': b'-- Symlinking: /home/ethanreynolds/vscode/robot-rover-2025/code/system/ros2/install/vehicle_interfaces/share/vehicle_interfaces/msg/UltrasonicData.idl\n'}
[17.235572] (vehicle_interfaces) StdoutLine: {'line': b'-- Symlinking: /home/ethanreynolds/vscode/robot-rover-2025/code/system/ros2/install/vehicle_interfaces/share/vehicle_interfaces/srv/GetSerialPort.srv\n'}
[17.249617] (vehicle_interfaces) StdoutLine: {'line': b'-- Symlinking: /home/ethanreynolds/vscode/robot-rover-2025/code/system/ros2/install/vehicle_interfaces/share/vehicle_interfaces/srv/GetSerialPort_Request.msg\n'}
[17.262549] (vehicle_interfaces) StdoutLine: {'line': b'-- Symlinking: /home/ethanreynolds/vscode/robot-rover-2025/code/system/ros2/install/vehicle_interfaces/share/vehicle_interfaces/srv/GetSerialPort_Response.msg\n'}
[17.275119] (vehicle_interfaces) StdoutLine: {'line': b'-- Symlinking: /home/ethanreynolds/vscode/robot-rover-2025/code/system/ros2/install/vehicle_interfaces/share/vehicle_interfaces/srv/ResetSerialPort.srv\n'}
[17.287944] (vehicle_interfaces) StdoutLine: {'line': b'-- Symlinking: /home/ethanreynolds/vscode/robot-rover-2025/code/system/ros2/install/vehicle_interfaces/share/vehicle_interfaces/srv/ResetSerialPort_Request.msg\n'}
[17.300648] (vehicle_interfaces) StdoutLine: {'line': b'-- Symlinking: /home/ethanreynolds/vscode/robot-rover-2025/code/system/ros2/install/vehicle_interfaces/share/vehicle_interfaces/srv/ResetSerialPort_Response.msg\n'}
[17.303370] (-) TimerEvent: {}
[17.313817] (vehicle_interfaces) StdoutLine: {'line': b'-- Symlinking: /home/ethanreynolds/vscode/robot-rover-2025/code/system/ros2/install/vehicle_interfaces/share/vehicle_interfaces/srv/GetSerialDeviceStatus.srv\n'}
[17.326224] (vehicle_interfaces) StdoutLine: {'line': b'-- Symlinking: /home/ethanreynolds/vscode/robot-rover-2025/code/system/ros2/install/vehicle_interfaces/share/vehicle_interfaces/srv/GetSerialDeviceStatus_Request.msg\n'}
[17.338594] (vehicle_interfaces) StdoutLine: {'line': b'-- Symlinking: /home/ethanreynolds/vscode/robot-rover-2025/code/system/ros2/install/vehicle_interfaces/share/vehicle_interfaces/srv/GetSerialDeviceStatus_Response.msg\n'}
[17.352208] (vehicle_interfaces) StdoutLine: {'line': b'-- Symlinking: /home/ethanreynolds/vscode/robot-rover-2025/code/system/ros2/install/vehicle_interfaces/share/vehicle_interfaces/msg/SensorData.msg\n'}
[17.364520] (vehicle_interfaces) StdoutLine: {'line': b'-- Symlinking: /home/ethanreynolds/vscode/robot-rover-2025/code/system/ros2/install/vehicle_interfaces/share/vehicle_interfaces/msg/ControlData.msg\n'}
[17.381313] (vehicle_interfaces) StdoutLine: {'line': b'-- Symlinking: /home/ethanreynolds/vscode/robot-rover-2025/code/system/ros2/install/vehicle_interfaces/share/vehicle_interfaces/msg/EncoderData.msg\n'}
[17.399475] (vehicle_interfaces) StdoutLine: {'line': b'-- Symlinking: /home/ethanreynolds/vscode/robot-rover-2025/code/system/ros2/install/vehicle_interfaces/share/vehicle_interfaces/msg/GPSData.msg\n'}
[17.403630] (-) TimerEvent: {}
[17.417596] (vehicle_interfaces) StdoutLine: {'line': b'-- Symlinking: /home/ethanreynolds/vscode/robot-rover-2025/code/system/ros2/install/vehicle_interfaces/share/vehicle_interfaces/msg/IRData.msg\n'}
[17.435789] (vehicle_interfaces) StdoutLine: {'line': b'-- Symlinking: /home/ethanreynolds/vscode/robot-rover-2025/code/system/ros2/install/vehicle_interfaces/share/vehicle_interfaces/msg/MPUData.msg\n'}
[17.453999] (vehicle_interfaces) StdoutLine: {'line': b'-- Symlinking: /home/ethanreynolds/vscode/robot-rover-2025/code/system/ros2/install/vehicle_interfaces/share/vehicle_interfaces/msg/QMCData.msg\n'}
[17.468564] (vehicle_interfaces) StdoutLine: {'line': b'-- Symlinking: /home/ethanreynolds/vscode/robot-rover-2025/code/system/ros2/install/vehicle_interfaces/share/vehicle_interfaces/msg/TemperatureData.msg\n'}
[17.481816] (vehicle_interfaces) StdoutLine: {'line': b'-- Symlinking: /home/ethanreynolds/vscode/robot-rover-2025/code/system/ros2/install/vehicle_interfaces/share/vehicle_interfaces/msg/ToFData.msg\n'}
[17.500824] (vehicle_interfaces) StdoutLine: {'line': b'-- Symlinking: /home/ethanreynolds/vscode/robot-rover-2025/code/system/ros2/install/vehicle_interfaces/share/vehicle_interfaces/msg/UltrasonicData.msg\n'}
[17.503757] (-) TimerEvent: {}
[17.518294] (vehicle_interfaces) StdoutLine: {'line': b'-- Symlinking: /home/ethanreynolds/vscode/robot-rover-2025/code/system/ros2/install/vehicle_interfaces/share/ament_index/resource_index/package_run_dependencies/vehicle_interfaces\n'}
[17.531557] (vehicle_interfaces) StdoutLine: {'line': b'-- Symlinking: /home/ethanreynolds/vscode/robot-rover-2025/code/system/ros2/install/vehicle_interfaces/share/ament_index/resource_index/parent_prefix_path/vehicle_interfaces\n'}
[17.546481] (vehicle_interfaces) StdoutLine: {'line': b'-- Symlinking: /home/ethanreynolds/vscode/robot-rover-2025/code/system/ros2/install/vehicle_interfaces/share/vehicle_interfaces/environment/ament_prefix_path.sh\n'}
[17.558885] (vehicle_interfaces) StdoutLine: {'line': b'-- Symlinking: /home/ethanreynolds/vscode/robot-rover-2025/code/system/ros2/install/vehicle_interfaces/share/vehicle_interfaces/environment/ament_prefix_path.dsv\n'}
[17.572426] (vehicle_interfaces) StdoutLine: {'line': b'-- Symlinking: /home/ethanreynolds/vscode/robot-rover-2025/code/system/ros2/install/vehicle_interfaces/share/vehicle_interfaces/environment/path.sh\n'}
[17.584915] (vehicle_interfaces) StdoutLine: {'line': b'-- Symlinking: /home/ethanreynolds/vscode/robot-rover-2025/code/system/ros2/install/vehicle_interfaces/share/vehicle_interfaces/environment/path.dsv\n'}
[17.597688] (vehicle_interfaces) StdoutLine: {'line': b'-- Symlinking: /home/ethanreynolds/vscode/robot-rover-2025/code/system/ros2/install/vehicle_interfaces/share/vehicle_interfaces/local_setup.bash\n'}
[17.603882] (-) TimerEvent: {}
[17.610607] (vehicle_interfaces) StdoutLine: {'line': b'-- Symlinking: /home/ethanreynolds/vscode/robot-rover-2025/code/system/ros2/install/vehicle_interfaces/share/vehicle_interfaces/local_setup.sh\n'}
[17.624250] (vehicle_interfaces) StdoutLine: {'line': b'-- Symlinking: /home/ethanreynolds/vscode/robot-rover-2025/code/system/ros2/install/vehicle_interfaces/share/vehicle_interfaces/local_setup.zsh\n'}
[17.637411] (vehicle_interfaces) StdoutLine: {'line': b'-- Symlinking: /home/ethanreynolds/vscode/robot-rover-2025/code/system/ros2/install/vehicle_interfaces/share/vehicle_interfaces/local_setup.dsv\n'}
[17.650633] (vehicle_interfaces) StdoutLine: {'line': b'-- Symlinking: /home/ethanreynolds/vscode/robot-rover-2025/code/system/ros2/install/vehicle_interfaces/share/vehicle_interfaces/package.dsv\n'}
[17.663775] (vehicle_interfaces) StdoutLine: {'line': b'-- Symlinking: /home/ethanreynolds/vscode/robot-rover-2025/code/system/ros2/install/vehicle_interfaces/share/ament_index/resource_index/packages/vehicle_interfaces\n'}
[17.676514] (vehicle_interfaces) StdoutLine: {'line': b'-- Symlinking: /home/ethanreynolds/vscode/robot-rover-2025/code/system/ros2/install/vehicle_interfaces/share/vehicle_interfaces/cmake/rosidl_cmake-extras.cmake\n'}
[17.689655] (vehicle_interfaces) StdoutLine: {'line': b'-- Symlinking: /home/ethanreynolds/vscode/robot-rover-2025/code/system/ros2/install/vehicle_interfaces/share/vehicle_interfaces/cmake/ament_cmake_export_dependencies-extras.cmake\n'}
[17.702137] (vehicle_interfaces) StdoutLine: {'line': b'-- Symlinking: /home/ethanreynolds/vscode/robot-rover-2025/code/system/ros2/install/vehicle_interfaces/share/vehicle_interfaces/cmake/ament_cmake_export_libraries-extras.cmake\n'}
[17.704001] (-) TimerEvent: {}
[17.714972] (vehicle_interfaces) StdoutLine: {'line': b'-- Symlinking: /home/ethanreynolds/vscode/robot-rover-2025/code/system/ros2/install/vehicle_interfaces/share/vehicle_interfaces/cmake/ament_cmake_export_targets-extras.cmake\n'}
[17.727738] (vehicle_interfaces) StdoutLine: {'line': b'-- Symlinking: /home/ethanreynolds/vscode/robot-rover-2025/code/system/ros2/install/vehicle_interfaces/share/vehicle_interfaces/cmake/ament_cmake_export_include_directories-extras.cmake\n'}
[17.740905] (vehicle_interfaces) StdoutLine: {'line': b'-- Symlinking: /home/ethanreynolds/vscode/robot-rover-2025/code/system/ros2/install/vehicle_interfaces/share/vehicle_interfaces/cmake/rosidl_cmake_export_typesupport_libraries-extras.cmake\n'}
[17.755555] (vehicle_interfaces) StdoutLine: {'line': b'-- Symlinking: /home/ethanreynolds/vscode/robot-rover-2025/code/system/ros2/install/vehicle_interfaces/share/vehicle_interfaces/cmake/rosidl_cmake_export_typesupport_targets-extras.cmake\n'}
[17.773976] (vehicle_interfaces) StdoutLine: {'line': b'-- Symlinking: /home/ethanreynolds/vscode/robot-rover-2025/code/system/ros2/install/vehicle_interfaces/share/vehicle_interfaces/cmake/vehicle_interfacesConfig.cmake\n'}
[17.787293] (vehicle_interfaces) StdoutLine: {'line': b'-- Symlinking: /home/ethanreynolds/vscode/robot-rover-2025/code/system/ros2/install/vehicle_interfaces/share/vehicle_interfaces/cmake/vehicle_interfacesConfig-version.cmake\n'}
[17.802619] (vehicle_interfaces) StdoutLine: {'line': b'-- Symlinking: /home/ethanreynolds/vscode/robot-rover-2025/code/system/ros2/install/vehicle_interfaces/share/vehicle_interfaces/package.xml\n'}
[17.804141] (-) TimerEvent: {}
[17.821632] (vehicle_interfaces) StdoutLine: {'line': b'-- Up-to-date: /home/ethanreynolds/vscode/robot-rover-2025/code/system/ros2/install/vehicle_interfaces/lib/libvehicle_interfaces__rosidl_generator_c.so\n'}
[17.822155] (vehicle_interfaces) StdoutLine: {'line': b'-- Up-to-date: /home/ethanreynolds/vscode/robot-rover-2025/code/system/ros2/install/vehicle_interfaces/lib/libvehicle_interfaces__rosidl_typesupport_introspection_c.so\n'}
[17.822777] (vehicle_interfaces) StdoutLine: {'line': b'-- Up-to-date: /home/ethanreynolds/vscode/robot-rover-2025/code/system/ros2/install/vehicle_interfaces/lib/libvehicle_interfaces__rosidl_typesupport_c.so\n'}
[17.823383] (vehicle_interfaces) StdoutLine: {'line': b'-- Up-to-date: /home/ethanreynolds/vscode/robot-rover-2025/code/system/ros2/install/vehicle_interfaces/lib/libvehicle_interfaces__rosidl_typesupport_introspection_cpp.so\n'}
[17.824000] (vehicle_interfaces) StdoutLine: {'line': b'-- Up-to-date: /home/ethanreynolds/vscode/robot-rover-2025/code/system/ros2/install/vehicle_interfaces/lib/libvehicle_interfaces__rosidl_typesupport_cpp.so\n'}
[17.871600] (vehicle_interfaces) StdoutLine: {'line': b"Compiling '/home/ethanreynolds/vscode/robot-rover-2025/code/system/ros2/install/vehicle_interfaces/lib/python3.8/site-packages/vehicle_interfaces/__init__.py'...\n"}
[17.878642] (vehicle_interfaces) StdoutLine: {'line': b'-- Up-to-date: /home/ethanreynolds/vscode/robot-rover-2025/code/system/ros2/install/vehicle_interfaces/share/vehicle_interfaces/cmake/vehicle_interfaces__rosidl_generator_cExport.cmake\n'}
[17.879187] (vehicle_interfaces) StdoutLine: {'line': b'-- Installing: /home/ethanreynolds/vscode/robot-rover-2025/code/system/ros2/install/vehicle_interfaces/share/vehicle_interfaces/cmake/vehicle_interfaces__rosidl_generator_cExport-noconfig.cmake\n'}
[17.879566] (vehicle_interfaces) StdoutLine: {'line': b'-- Up-to-date: /home/ethanreynolds/vscode/robot-rover-2025/code/system/ros2/install/vehicle_interfaces/share/vehicle_interfaces/cmake/vehicle_interfaces__rosidl_typesupport_introspection_cExport.cmake\n'}
[17.879812] (vehicle_interfaces) StdoutLine: {'line': b'-- Installing: /home/ethanreynolds/vscode/robot-rover-2025/code/system/ros2/install/vehicle_interfaces/share/vehicle_interfaces/cmake/vehicle_interfaces__rosidl_typesupport_introspection_cExport-noconfig.cmake\n'}
[17.880174] (vehicle_interfaces) StdoutLine: {'line': b'-- Up-to-date: /home/ethanreynolds/vscode/robot-rover-2025/code/system/ros2/install/vehicle_interfaces/share/vehicle_interfaces/cmake/vehicle_interfaces__rosidl_typesupport_cExport.cmake\n'}
[17.880484] (vehicle_interfaces) StdoutLine: {'line': b'-- Installing: /home/ethanreynolds/vscode/robot-rover-2025/code/system/ros2/install/vehicle_interfaces/share/vehicle_interfaces/cmake/vehicle_interfaces__rosidl_typesupport_cExport-noconfig.cmake\n'}
[17.880936] (vehicle_interfaces) StdoutLine: {'line': b'-- Up-to-date: /home/ethanreynolds/vscode/robot-rover-2025/code/system/ros2/install/vehicle_interfaces/share/vehicle_interfaces/cmake/vehicle_interfaces__rosidl_generator_cppExport.cmake\n'}
[17.883716] (vehicle_interfaces) StdoutLine: {'line': b'-- Up-to-date: /home/ethanreynolds/vscode/robot-rover-2025/code/system/ros2/install/vehicle_interfaces/share/vehicle_interfaces/cmake/vehicle_interfaces__rosidl_typesupport_introspection_cppExport.cmake\n'}
[17.884084] (vehicle_interfaces) StdoutLine: {'line': b'-- Installing: /home/ethanreynolds/vscode/robot-rover-2025/code/system/ros2/install/vehicle_interfaces/share/vehicle_interfaces/cmake/vehicle_interfaces__rosidl_typesupport_introspection_cppExport-noconfig.cmake\n'}
[17.884330] (vehicle_interfaces) StdoutLine: {'line': b'-- Up-to-date: /home/ethanreynolds/vscode/robot-rover-2025/code/system/ros2/install/vehicle_interfaces/share/vehicle_interfaces/cmake/vehicle_interfaces__rosidl_typesupport_cppExport.cmake\n'}
[17.884572] (vehicle_interfaces) StdoutLine: {'line': b'-- Installing: /home/ethanreynolds/vscode/robot-rover-2025/code/system/ros2/install/vehicle_interfaces/share/vehicle_interfaces/cmake/vehicle_interfaces__rosidl_typesupport_cppExport-noconfig.cmake\n'}
[17.886793] (vehicle_interfaces) CommandEnded: {'returncode': 0}
[17.904388] (-) TimerEvent: {}
[17.924415] (vehicle_interfaces) JobEnded: {'identifier': 'vehicle_interfaces', 'rc': 0}
[17.925964] (-) EventReactorShutdown: {}
