[0.000000] (-) TimerEvent: {}
[0.000711] (-) JobUnselected: {'identifier': 'vehicle_navigation'}
[0.000943] (-) JobUnselected: {'identifier': 'vehicle_networking'}
[0.001254] (-) JobUnselected: {'identifier': 'vehicle_simulation'}
[0.001291] (-) JobUnselected: {'identifier': 'vehicle_string_converter'}
[0.001317] (vehicle_interfaces) JobQueued: {'identifier': 'vehicle_interfaces', 'dependencies': OrderedDict()}
[0.001354] (vehicle_interfaces) JobStarted: {'identifier': 'vehicle_interfaces'}
[0.032822] (vehicle_interfaces) JobProgress: {'identifier': 'vehicle_interfaces', 'progress': 'cmake'}
[0.034185] (vehicle_interfaces) JobProgress: {'identifier': 'vehicle_interfaces', 'progress': 'build'}
[0.035388] (vehicle_interfaces) Command: {'cmd': ['/usr/bin/cmake', '--build', '/root/build/vehicle_interfaces', '--', '-j4', '-l4'], 'cwd': '/root/build/vehicle_interfaces', 'env': OrderedDict([('HOSTNAME', '2a33c685da1f'), ('SHLVL', '1'), ('LD_LIBRARY_PATH', '/opt/ros/foxy/opt/yaml_cpp_vendor/lib:/opt/ros/foxy/opt/rviz_ogre_vendor/lib:/opt/ros/foxy/lib/x86_64-linux-gnu:/opt/ros/foxy/lib'), ('HOME', '/root'), ('OLDPWD', '/'), ('ROS_PYTHON_VERSION', '3'), ('COLCON_PREFIX_PATH', '/root/install'), ('ROS_DISTRO', 'foxy'), ('_', '/usr/bin/colcon'), ('ROS_VERSION', '2'), ('TERM', 'xterm'), ('ROS_LOCALHOST_ONLY', '0'), ('QT_X11_NO_MITSHM', '1'), ('PATH', '/opt/ros/foxy/bin:/usr/local/sbin:/usr/local/bin:/usr/sbin:/usr/bin:/sbin:/bin'), ('DISPLAY', ':0.0'), ('LANG', 'C.UTF-8'), ('AMENT_PREFIX_PATH', '/root/install/vehicle_string_converter:/root/install/vehicle_simulation:/opt/ros/foxy'), ('DEBIAN_FRONTEND', 'noninteractive'), ('PWD', '/root/build/vehicle_interfaces'), ('LC_ALL', 'C.UTF-8'), ('PYTHONPATH', '/root/install/vehicle_string_converter/lib/python3.8/site-packages:/root/install/vehicle_simulation/lib/python3.8/site-packages:/opt/ros/foxy/lib/python3.8/site-packages'), ('COLCON', '1'), ('CMAKE_PREFIX_PATH', '/root/install/vehicle_string_converter:/root/install/vehicle_simulation:/opt/ros/foxy')]), 'shell': False}
[0.099739] (-) TimerEvent: {}
[0.146956] (vehicle_interfaces) StdoutLine: {'line': b'-- Found ament_cmake: 0.9.12 (/opt/ros/foxy/share/ament_cmake/cmake)\n'}
[0.184577] (vehicle_interfaces) StdoutLine: {'line': b'-- Found PythonInterp: /usr/bin/python3 (found suitable version "3.8.10", minimum required is "3") \n'}
[0.184887] (vehicle_interfaces) StdoutLine: {'line': b'-- Using PYTHON_EXECUTABLE: /usr/bin/python3\n'}
[0.199822] (-) TimerEvent: {}
[0.300197] (-) TimerEvent: {}
[0.400558] (-) TimerEvent: {}
[0.485530] (vehicle_interfaces) StdoutLine: {'line': b'-- Found rosidl_default_generators: 1.0.1 (/opt/ros/foxy/share/rosidl_default_generators/cmake)\n'}
[0.490708] (vehicle_interfaces) StdoutLine: {'line': b'-- Using all available rosidl_typesupport_c: rosidl_typesupport_fastrtps_c;rosidl_typesupport_introspection_c\n'}
[0.496670] (vehicle_interfaces) StdoutLine: {'line': b'-- Found rosidl_adapter: 1.3.1 (/opt/ros/foxy/share/rosidl_adapter/cmake)\n'}
[0.500683] (-) TimerEvent: {}
[0.601039] (-) TimerEvent: {}
[0.701375] (-) TimerEvent: {}
[0.742461] (vehicle_interfaces) StdoutLine: {'line': b'-- Using all available rosidl_typesupport_cpp: rosidl_typesupport_fastrtps_cpp;rosidl_typesupport_introspection_cpp\n'}
[0.801483] (-) TimerEvent: {}
[0.811310] (vehicle_interfaces) StdoutLine: {'line': b'-- Found PythonInterp: /usr/bin/python3 (found version "3.8.10") \n'}
[0.901589] (-) TimerEvent: {}
[1.001992] (-) TimerEvent: {}
[1.099996] (vehicle_interfaces) StdoutLine: {'line': b'-- Found ament_cmake_ros: 0.9.2 (/opt/ros/foxy/share/ament_cmake_ros/cmake)\n'}
[1.102075] (-) TimerEvent: {}
[1.202334] (-) TimerEvent: {}
[1.252081] (vehicle_interfaces) StdoutLine: {'line': b'-- Using all available rosidl_typesupport_c: rosidl_typesupport_fastrtps_c;rosidl_typesupport_introspection_c\n'}
[1.270388] (vehicle_interfaces) StdoutLine: {'line': b'-- Using all available rosidl_typesupport_cpp: rosidl_typesupport_fastrtps_cpp;rosidl_typesupport_introspection_cpp\n'}
[1.299550] (vehicle_interfaces) StdoutLine: {'line': b'-- Found PythonInterp: /usr/bin/python3 (found suitable version "3.8.10", minimum required is "3.5") \n'}
[1.300364] (vehicle_interfaces) StdoutLine: {'line': b'-- Found python_cmake_module: 0.8.1 (/opt/ros/foxy/share/python_cmake_module/cmake)\n'}
[1.302449] (-) TimerEvent: {}
[1.340312] (vehicle_interfaces) StdoutLine: {'line': b'-- Using PYTHON_EXECUTABLE: /usr/bin/python3\n'}
[1.340507] (vehicle_interfaces) StdoutLine: {'line': b'-- Using PYTHON_INCLUDE_DIRS: /usr/include/python3.8\n'}
[1.340596] (vehicle_interfaces) StdoutLine: {'line': b'-- Using PYTHON_LIBRARIES: /usr/lib/x86_64-linux-gnu/libpython3.8.so\n'}
[1.362101] (vehicle_interfaces) StdoutLine: {'line': b'-- Found ament_lint_auto: 0.9.8 (/opt/ros/foxy/share/ament_lint_auto/cmake)\n'}
[1.383360] (vehicle_interfaces) StdoutLine: {'line': b"-- Added test 'copyright' to check source files copyright and LICENSE\n"}
[1.388799] (vehicle_interfaces) StdoutLine: {'line': b"-- Added test 'lint_cmake' to check CMake code style\n"}
[1.391607] (vehicle_interfaces) StdoutLine: {'line': b"-- Added test 'xmllint' to check XML markup files\n"}
[1.397719] (vehicle_interfaces) StdoutLine: {'line': b'-- Configuring done\n'}
[1.402540] (-) TimerEvent: {}
[1.502828] (-) TimerEvent: {}
[1.533664] (vehicle_interfaces) StdoutLine: {'line': b'-- Generating done\n'}
[1.540384] (vehicle_interfaces) StdoutLine: {'line': b'-- Build files have been written to: /root/build/vehicle_interfaces\n'}
[1.585037] (vehicle_interfaces) StdoutLine: {'line': b'[  1%] \x1b[34m\x1b[1mGenerating C code for ROS interfaces\x1b[0m\n'}
[1.585938] (vehicle_interfaces) StdoutLine: {'line': b'\x1b[35m\x1b[1mScanning dependencies of target vehicle_interfaces__cpp\x1b[0m\n'}
[1.602288] (vehicle_interfaces) StdoutLine: {'line': b'[  1%] \x1b[34m\x1b[1mGenerating C++ code for ROS interfaces\x1b[0m\n'}
[1.602916] (-) TimerEvent: {}
[1.703215] (-) TimerEvent: {}
[1.803682] (-) TimerEvent: {}
[1.904026] (-) TimerEvent: {}
[2.004380] (-) TimerEvent: {}
[2.104680] (-) TimerEvent: {}
[2.204997] (-) TimerEvent: {}
[2.305316] (-) TimerEvent: {}
[2.405666] (-) TimerEvent: {}
[2.506309] (-) TimerEvent: {}
[2.606657] (-) TimerEvent: {}
[2.707005] (-) TimerEvent: {}
[2.807362] (-) TimerEvent: {}
[2.907683] (-) TimerEvent: {}
[3.008041] (-) TimerEvent: {}
[3.108375] (-) TimerEvent: {}
[3.208726] (-) TimerEvent: {}
[3.309068] (-) TimerEvent: {}
[3.409686] (-) TimerEvent: {}
[3.511686] (-) TimerEvent: {}
[3.612355] (-) TimerEvent: {}
[3.713136] (-) TimerEvent: {}
[3.815974] (-) TimerEvent: {}
[3.917713] (-) TimerEvent: {}
[4.019707] (-) TimerEvent: {}
[4.122716] (-) TimerEvent: {}
[4.133715] (vehicle_interfaces) StdoutLine: {'line': b'[  1%] Built target vehicle_interfaces__cpp\n'}
[4.185858] (vehicle_interfaces) StdoutLine: {'line': b'[  2%] \x1b[34m\x1b[1mGenerating C++ type support dispatch for ROS interfaces\x1b[0m\n'}
[4.189296] (vehicle_interfaces) StdoutLine: {'line': b'[  3%] \x1b[34m\x1b[1mGenerating C++ type support for eProsima Fast-RTPS\x1b[0m\n'}
[4.245575] (vehicle_interfaces) StdoutLine: {'line': b'[  3%] \x1b[34m\x1b[1mGenerating C++ introspection for ROS interfaces\x1b[0m\n'}
[4.273552] (-) TimerEvent: {}
[4.374696] (-) TimerEvent: {}
[4.475309] (-) TimerEvent: {}
[4.544805] (vehicle_interfaces) StdoutLine: {'line': b'\x1b[35m\x1b[1mScanning dependencies of target vehicle_interfaces__rosidl_generator_c\x1b[0m\n'}
[4.575410] (-) TimerEvent: {}
[4.676050] (-) TimerEvent: {}
[4.709898] (vehicle_interfaces) StdoutLine: {'line': b'[  4%] \x1b[32mBuilding C object CMakeFiles/vehicle_interfaces__rosidl_generator_c.dir/rosidl_generator_c/vehicle_interfaces/srv/detail/get_serial_port__functions.c.o\x1b[0m\n'}
[4.776167] (-) TimerEvent: {}
[4.876687] (-) TimerEvent: {}
[4.977462] (-) TimerEvent: {}
[5.078252] (-) TimerEvent: {}
[5.210353] (vehicle_interfaces) StdoutLine: {'line': b'[  4%] \x1b[32mBuilding C object CMakeFiles/vehicle_interfaces__rosidl_generator_c.dir/rosidl_generator_c/vehicle_interfaces/srv/detail/reset_serial_port__functions.c.o\x1b[0m\n'}
[5.226952] (-) TimerEvent: {}
[5.335588] (-) TimerEvent: {}
[5.435997] (-) TimerEvent: {}
[5.555779] (-) TimerEvent: {}
[5.604452] (vehicle_interfaces) StdoutLine: {'line': b'[  5%] \x1b[32mBuilding C object CMakeFiles/vehicle_interfaces__rosidl_generator_c.dir/rosidl_generator_c/vehicle_interfaces/srv/detail/get_device_status__functions.c.o\x1b[0m\n'}
[5.656693] (-) TimerEvent: {}
[5.757695] (-) TimerEvent: {}
[5.819891] (vehicle_interfaces) StdoutLine: {'line': b'[  6%] \x1b[32mBuilding C object CMakeFiles/vehicle_interfaces__rosidl_generator_c.dir/rosidl_generator_c/vehicle_interfaces/msg/detail/sensor_data__functions.c.o\x1b[0m\n'}
[5.858698] (-) TimerEvent: {}
[5.959752] (-) TimerEvent: {}
[6.060295] (-) TimerEvent: {}
[6.062716] (vehicle_interfaces) StdoutLine: {'line': b'[  7%] \x1b[32mBuilding C object CMakeFiles/vehicle_interfaces__rosidl_generator_c.dir/rosidl_generator_c/vehicle_interfaces/msg/detail/control_data__functions.c.o\x1b[0m\n'}
[6.160399] (-) TimerEvent: {}
[6.261703] (-) TimerEvent: {}
[6.305702] (vehicle_interfaces) StdoutLine: {'line': b'[  8%] \x1b[32mBuilding C object CMakeFiles/vehicle_interfaces__rosidl_generator_c.dir/rosidl_generator_c/vehicle_interfaces/msg/detail/encoder_data__functions.c.o\x1b[0m\n'}
[6.361801] (-) TimerEvent: {}
[6.462555] (-) TimerEvent: {}
[6.542696] (vehicle_interfaces) StdoutLine: {'line': b'[  8%] \x1b[32mBuilding C object CMakeFiles/vehicle_interfaces__rosidl_generator_c.dir/rosidl_generator_c/vehicle_interfaces/msg/detail/gps_data__functions.c.o\x1b[0m\n'}
[6.562702] (-) TimerEvent: {}
[6.666728] (-) TimerEvent: {}
[6.701649] (vehicle_interfaces) StdoutLine: {'line': b'[  9%] \x1b[32mBuilding C object CMakeFiles/vehicle_interfaces__rosidl_generator_c.dir/rosidl_generator_c/vehicle_interfaces/msg/detail/ir_data__functions.c.o\x1b[0m\n'}
[6.766828] (-) TimerEvent: {}
[6.819314] (vehicle_interfaces) StdoutLine: {'line': b'[ 10%] \x1b[32mBuilding C object CMakeFiles/vehicle_interfaces__rosidl_generator_c.dir/rosidl_generator_c/vehicle_interfaces/msg/detail/mpu_data__functions.c.o\x1b[0m\n'}
[6.867685] (-) TimerEvent: {}
[6.917664] (vehicle_interfaces) StdoutLine: {'line': b'[ 11%] \x1b[32mBuilding C object CMakeFiles/vehicle_interfaces__rosidl_generator_c.dir/rosidl_generator_c/vehicle_interfaces/msg/detail/qmc_data__functions.c.o\x1b[0m\n'}
[6.967791] (-) TimerEvent: {}
[7.078256] (-) TimerEvent: {}
[7.167439] (vehicle_interfaces) StdoutLine: {'line': b'[ 12%] \x1b[32mBuilding C object CMakeFiles/vehicle_interfaces__rosidl_generator_c.dir/rosidl_generator_c/vehicle_interfaces/msg/detail/temperature_data__functions.c.o\x1b[0m\n'}
[7.180694] (-) TimerEvent: {}
[7.282450] (-) TimerEvent: {}
[7.305503] (vehicle_interfaces) StdoutLine: {'line': b'[ 12%] \x1b[32mBuilding C object CMakeFiles/vehicle_interfaces__rosidl_generator_c.dir/rosidl_generator_c/vehicle_interfaces/msg/detail/to_f_data__functions.c.o\x1b[0m\n'}
[7.382664] (-) TimerEvent: {}
[7.483947] (-) TimerEvent: {}
[7.526098] (vehicle_interfaces) StdoutLine: {'line': b'[ 13%] \x1b[32mBuilding C object CMakeFiles/vehicle_interfaces__rosidl_generator_c.dir/rosidl_generator_c/vehicle_interfaces/msg/detail/ultrasonic_data__functions.c.o\x1b[0m\n'}
[7.584069] (-) TimerEvent: {}
[7.672722] (vehicle_interfaces) StdoutLine: {'line': b'[ 14%] \x1b[32m\x1b[1mLinking C shared library libvehicle_interfaces__rosidl_generator_c.so\x1b[0m\n'}
[7.684170] (-) TimerEvent: {}
[7.785768] (-) TimerEvent: {}
[7.880479] (vehicle_interfaces) StdoutLine: {'line': b'[ 14%] Built target vehicle_interfaces__rosidl_generator_c\n'}
[7.886694] (-) TimerEvent: {}
[7.999834] (-) TimerEvent: {}
[8.000568] (vehicle_interfaces) StdoutLine: {'line': b'[ 15%] \x1b[34m\x1b[1mGenerating C introspection for ROS interfaces\x1b[0m\n'}
[8.193693] (vehicle_interfaces) StdoutLine: {'line': b'\x1b[35m\x1b[1mScanning dependencies of target vehicle_interfaces__rosidl_typesupport_introspection_cpp\x1b[0m\n'}
[8.193982] (-) TimerEvent: {}
[8.194176] (vehicle_interfaces) StdoutLine: {'line': b'[ 16%] \x1b[32mBuilding CXX object CMakeFiles/vehicle_interfaces__rosidl_typesupport_introspection_cpp.dir/rosidl_typesupport_introspection_cpp/vehicle_interfaces/srv/detail/get_serial_port__type_support.cpp.o\x1b[0m\n'}
[8.212883] (vehicle_interfaces) StdoutLine: {'line': b'\x1b[35m\x1b[1mScanning dependencies of target vehicle_interfaces__rosidl_typesupport_cpp\x1b[0m\n'}
[8.294091] (-) TimerEvent: {}
[8.299559] (vehicle_interfaces) StdoutLine: {'line': b'[ 17%] \x1b[32mBuilding CXX object CMakeFiles/vehicle_interfaces__rosidl_typesupport_cpp.dir/rosidl_typesupport_cpp/vehicle_interfaces/srv/get_serial_port__type_support.cpp.o\x1b[0m\n'}
[8.394201] (-) TimerEvent: {}
[8.495680] (-) TimerEvent: {}
[8.596700] (-) TimerEvent: {}
[8.697679] (-) TimerEvent: {}
[8.798738] (-) TimerEvent: {}
[8.900700] (-) TimerEvent: {}
[9.001403] (-) TimerEvent: {}
[9.102688] (-) TimerEvent: {}
[9.203693] (-) TimerEvent: {}
[9.278458] (vehicle_interfaces) StdoutLine: {'line': b'[ 18%] \x1b[32mBuilding CXX object CMakeFiles/vehicle_interfaces__rosidl_typesupport_cpp.dir/rosidl_typesupport_cpp/vehicle_interfaces/srv/reset_serial_port__type_support.cpp.o\x1b[0m\n'}
[9.286363] (vehicle_interfaces) StdoutLine: {'line': b'[ 19%] \x1b[32mBuilding CXX object CMakeFiles/vehicle_interfaces__rosidl_typesupport_introspection_cpp.dir/rosidl_typesupport_introspection_cpp/vehicle_interfaces/srv/detail/reset_serial_port__type_support.cpp.o\x1b[0m\n'}
[9.303809] (-) TimerEvent: {}
[9.405138] (-) TimerEvent: {}
[9.506410] (-) TimerEvent: {}
[9.539299] (vehicle_interfaces) StdoutLine: {'line': b'\x1b[35m\x1b[1mScanning dependencies of target vehicle_interfaces__rosidl_typesupport_fastrtps_cpp\x1b[0m\n'}
[9.606736] (-) TimerEvent: {}
[9.764923] (-) TimerEvent: {}
[9.935690] (-) TimerEvent: {}
[10.017721] (vehicle_interfaces) StdoutLine: {'line': b'[ 20%] \x1b[32mBuilding CXX object CMakeFiles/vehicle_interfaces__rosidl_typesupport_fastrtps_cpp.dir/rosidl_typesupport_fastrtps_cpp/vehicle_interfaces/srv/detail/dds_fastrtps/get_serial_port__type_support.cpp.o\x1b[0m\n'}
[10.038895] (-) TimerEvent: {}
[10.144835] (-) TimerEvent: {}
[10.238703] (vehicle_interfaces) StdoutLine: {'line': b'[ 21%] \x1b[32mBuilding CXX object CMakeFiles/vehicle_interfaces__rosidl_typesupport_introspection_cpp.dir/rosidl_typesupport_introspection_cpp/vehicle_interfaces/srv/detail/get_device_status__type_support.cpp.o\x1b[0m\n'}
[10.244942] (-) TimerEvent: {}
[10.327187] (vehicle_interfaces) StdoutLine: {'line': b'[ 21%] \x1b[32mBuilding CXX object CMakeFiles/vehicle_interfaces__rosidl_typesupport_cpp.dir/rosidl_typesupport_cpp/vehicle_interfaces/srv/get_device_status__type_support.cpp.o\x1b[0m\n'}
[10.345056] (-) TimerEvent: {}
[10.459048] (-) TimerEvent: {}
[10.561820] (-) TimerEvent: {}
[10.663230] (-) TimerEvent: {}
[10.835528] (-) TimerEvent: {}
[10.939421] (-) TimerEvent: {}
[11.041838] (-) TimerEvent: {}
[11.160127] (-) TimerEvent: {}
[11.164359] (vehicle_interfaces) StdoutLine: {'line': b'[ 22%] \x1b[32mBuilding CXX object CMakeFiles/vehicle_interfaces__rosidl_typesupport_introspection_cpp.dir/rosidl_typesupport_introspection_cpp/vehicle_interfaces/msg/detail/sensor_data__type_support.cpp.o\x1b[0m\n'}
[11.260242] (-) TimerEvent: {}
[11.361672] (-) TimerEvent: {}
[11.434568] (vehicle_interfaces) StdoutLine: {'line': b'[ 23%] \x1b[32mBuilding CXX object CMakeFiles/vehicle_interfaces__rosidl_typesupport_cpp.dir/rosidl_typesupport_cpp/vehicle_interfaces/msg/sensor_data__type_support.cpp.o\x1b[0m\n'}
[11.461776] (-) TimerEvent: {}
[11.562155] (-) TimerEvent: {}
[11.662533] (-) TimerEvent: {}
[11.676167] (vehicle_interfaces) StdoutLine: {'line': b'[ 24%] \x1b[32mBuilding CXX object CMakeFiles/vehicle_interfaces__rosidl_typesupport_fastrtps_cpp.dir/rosidl_typesupport_fastrtps_cpp/vehicle_interfaces/srv/detail/dds_fastrtps/reset_serial_port__type_support.cpp.o\x1b[0m\n'}
[11.762667] (-) TimerEvent: {}
[11.863782] (-) TimerEvent: {}
[11.968965] (-) TimerEvent: {}
[12.073702] (-) TimerEvent: {}
[12.175361] (-) TimerEvent: {}
[12.201375] (vehicle_interfaces) StdoutLine: {'line': b'[ 25%] \x1b[32mBuilding CXX object CMakeFiles/vehicle_interfaces__rosidl_typesupport_cpp.dir/rosidl_typesupport_cpp/vehicle_interfaces/msg/control_data__type_support.cpp.o\x1b[0m\n'}
[12.275485] (-) TimerEvent: {}
[12.376243] (-) TimerEvent: {}
[12.477112] (-) TimerEvent: {}
[12.529541] (vehicle_interfaces) StdoutLine: {'line': b'\x1b[35m\x1b[1mScanning dependencies of target vehicle_interfaces__rosidl_typesupport_introspection_c\x1b[0m\n'}
[12.578696] (-) TimerEvent: {}
[12.640789] (vehicle_interfaces) StdoutLine: {'line': b'[ 26%] \x1b[32mBuilding C object CMakeFiles/vehicle_interfaces__rosidl_typesupport_introspection_c.dir/rosidl_typesupport_introspection_c/vehicle_interfaces/srv/detail/get_serial_port__type_support.c.o\x1b[0m\n'}
[12.680704] (-) TimerEvent: {}
[12.714973] (vehicle_interfaces) StdoutLine: {'line': b'[ 27%] \x1b[32mBuilding C object CMakeFiles/vehicle_interfaces__rosidl_typesupport_introspection_c.dir/rosidl_typesupport_introspection_c/vehicle_interfaces/srv/detail/reset_serial_port__type_support.c.o\x1b[0m\n'}
[12.792723] (-) TimerEvent: {}
[12.841556] (vehicle_interfaces) StdoutLine: {'line': b'[ 27%] \x1b[32mBuilding C object CMakeFiles/vehicle_interfaces__rosidl_typesupport_introspection_c.dir/rosidl_typesupport_introspection_c/vehicle_interfaces/srv/detail/get_device_status__type_support.c.o\x1b[0m\n'}
[12.892845] (-) TimerEvent: {}
[12.961604] (vehicle_interfaces) StdoutLine: {'line': b'[ 28%] \x1b[32mBuilding C object CMakeFiles/vehicle_interfaces__rosidl_typesupport_introspection_c.dir/rosidl_typesupport_introspection_c/vehicle_interfaces/msg/detail/sensor_data__type_support.c.o\x1b[0m\n'}
[12.992970] (-) TimerEvent: {}
[13.094139] (-) TimerEvent: {}
[13.111473] (vehicle_interfaces) StdoutLine: {'line': b'[ 29%] \x1b[32mBuilding CXX object CMakeFiles/vehicle_interfaces__rosidl_typesupport_fastrtps_cpp.dir/rosidl_typesupport_fastrtps_cpp/vehicle_interfaces/srv/detail/dds_fastrtps/get_device_status__type_support.cpp.o\x1b[0m\n'}
[13.114805] (vehicle_interfaces) StdoutLine: {'line': b'[ 30%] \x1b[32mBuilding C object CMakeFiles/vehicle_interfaces__rosidl_typesupport_introspection_c.dir/rosidl_typesupport_introspection_c/vehicle_interfaces/msg/detail/control_data__type_support.c.o\x1b[0m\n'}
[13.170669] (vehicle_interfaces) StdoutLine: {'line': b'[ 31%] \x1b[32mBuilding CXX object CMakeFiles/vehicle_interfaces__rosidl_typesupport_cpp.dir/rosidl_typesupport_cpp/vehicle_interfaces/msg/encoder_data__type_support.cpp.o\x1b[0m\n'}
[13.191796] (vehicle_interfaces) StdoutLine: {'line': b'[ 32%] \x1b[32mBuilding C object CMakeFiles/vehicle_interfaces__rosidl_typesupport_introspection_c.dir/rosidl_typesupport_introspection_c/vehicle_interfaces/msg/detail/encoder_data__type_support.c.o\x1b[0m\n'}
[13.194252] (-) TimerEvent: {}
[13.291946] (vehicle_interfaces) StdoutLine: {'line': b'[ 33%] \x1b[32mBuilding C object CMakeFiles/vehicle_interfaces__rosidl_typesupport_introspection_c.dir/rosidl_typesupport_introspection_c/vehicle_interfaces/msg/detail/gps_data__type_support.c.o\x1b[0m\n'}
[13.294366] (-) TimerEvent: {}
[13.363885] (vehicle_interfaces) StdoutLine: {'line': b'[ 33%] \x1b[32mBuilding C object CMakeFiles/vehicle_interfaces__rosidl_typesupport_introspection_c.dir/rosidl_typesupport_introspection_c/vehicle_interfaces/msg/detail/ir_data__type_support.c.o\x1b[0m\n'}
[13.388764] (vehicle_interfaces) StdoutLine: {'line': b'[ 33%] \x1b[32mBuilding CXX object CMakeFiles/vehicle_interfaces__rosidl_typesupport_introspection_cpp.dir/rosidl_typesupport_introspection_cpp/vehicle_interfaces/msg/detail/control_data__type_support.cpp.o\x1b[0m\n'}
[13.394485] (-) TimerEvent: {}
[13.441609] (vehicle_interfaces) StdoutLine: {'line': b'[ 34%] \x1b[32mBuilding C object CMakeFiles/vehicle_interfaces__rosidl_typesupport_introspection_c.dir/rosidl_typesupport_introspection_c/vehicle_interfaces/msg/detail/mpu_data__type_support.c.o\x1b[0m\n'}
[13.494747] (-) TimerEvent: {}
[13.522917] (vehicle_interfaces) StdoutLine: {'line': b'[ 35%] \x1b[32mBuilding C object CMakeFiles/vehicle_interfaces__rosidl_typesupport_introspection_c.dir/rosidl_typesupport_introspection_c/vehicle_interfaces/msg/detail/qmc_data__type_support.c.o\x1b[0m\n'}
[13.594924] (-) TimerEvent: {}
[13.606188] (vehicle_interfaces) StdoutLine: {'line': b'[ 36%] \x1b[32mBuilding C object CMakeFiles/vehicle_interfaces__rosidl_typesupport_introspection_c.dir/rosidl_typesupport_introspection_c/vehicle_interfaces/msg/detail/temperature_data__type_support.c.o\x1b[0m\n'}
[13.685802] (vehicle_interfaces) StdoutLine: {'line': b'[ 37%] \x1b[32mBuilding C object CMakeFiles/vehicle_interfaces__rosidl_typesupport_introspection_c.dir/rosidl_typesupport_introspection_c/vehicle_interfaces/msg/detail/to_f_data__type_support.c.o\x1b[0m\n'}
[13.695846] (-) TimerEvent: {}
[13.766211] (vehicle_interfaces) StdoutLine: {'line': b'[ 37%] \x1b[32mBuilding C object CMakeFiles/vehicle_interfaces__rosidl_typesupport_introspection_c.dir/rosidl_typesupport_introspection_c/vehicle_interfaces/msg/detail/ultrasonic_data__type_support.c.o\x1b[0m\n'}
[13.796044] (-) TimerEvent: {}
[13.897700] (vehicle_interfaces) StdoutLine: {'line': b'[ 38%] \x1b[32m\x1b[1mLinking C shared library libvehicle_interfaces__rosidl_typesupport_introspection_c.so\x1b[0m\n'}
[13.898028] (-) TimerEvent: {}
[13.999163] (-) TimerEvent: {}
[14.005056] (vehicle_interfaces) StdoutLine: {'line': b'[ 38%] Built target vehicle_interfaces__rosidl_typesupport_introspection_c\n'}
[14.044017] (vehicle_interfaces) StdoutLine: {'line': b'[ 39%] \x1b[32mBuilding CXX object CMakeFiles/vehicle_interfaces__rosidl_typesupport_cpp.dir/rosidl_typesupport_cpp/vehicle_interfaces/msg/gps_data__type_support.cpp.o\x1b[0m\n'}
[14.074324] (vehicle_interfaces) StdoutLine: {'line': b'[ 39%] \x1b[32mBuilding CXX object CMakeFiles/vehicle_interfaces__rosidl_typesupport_fastrtps_cpp.dir/rosidl_typesupport_fastrtps_cpp/vehicle_interfaces/msg/detail/dds_fastrtps/sensor_data__type_support.cpp.o\x1b[0m\n'}
[14.099292] (-) TimerEvent: {}
[14.123752] (vehicle_interfaces) StdoutLine: {'line': b'[ 39%] \x1b[32mBuilding CXX object CMakeFiles/vehicle_interfaces__rosidl_typesupport_cpp.dir/rosidl_typesupport_cpp/vehicle_interfaces/msg/ir_data__type_support.cpp.o\x1b[0m\n'}
[14.199410] (-) TimerEvent: {}
[14.286117] (vehicle_interfaces) StdoutLine: {'line': b'[ 40%] \x1b[32mBuilding CXX object CMakeFiles/vehicle_interfaces__rosidl_typesupport_introspection_cpp.dir/rosidl_typesupport_introspection_cpp/vehicle_interfaces/msg/detail/encoder_data__type_support.cpp.o\x1b[0m\n'}
[14.299527] (-) TimerEvent: {}
[14.401036] (-) TimerEvent: {}
[14.501797] (-) TimerEvent: {}
[14.603079] (-) TimerEvent: {}
[14.711157] (-) TimerEvent: {}
[14.814477] (-) TimerEvent: {}
[14.849732] (vehicle_interfaces) StdoutLine: {'line': b'[ 41%] \x1b[32mBuilding CXX object CMakeFiles/vehicle_interfaces__rosidl_typesupport_fastrtps_cpp.dir/rosidl_typesupport_fastrtps_cpp/vehicle_interfaces/msg/detail/dds_fastrtps/control_data__type_support.cpp.o\x1b[0m\n'}
[14.895816] (vehicle_interfaces) StdoutLine: {'line': b'[ 42%] \x1b[32mBuilding CXX object CMakeFiles/vehicle_interfaces__rosidl_typesupport_cpp.dir/rosidl_typesupport_cpp/vehicle_interfaces/msg/mpu_data__type_support.cpp.o\x1b[0m\n'}
[14.914592] (-) TimerEvent: {}
[15.015362] (-) TimerEvent: {}
[15.116835] (-) TimerEvent: {}
[15.181353] (vehicle_interfaces) StdoutLine: {'line': b'[ 43%] \x1b[32mBuilding CXX object CMakeFiles/vehicle_interfaces__rosidl_typesupport_introspection_cpp.dir/rosidl_typesupport_introspection_cpp/vehicle_interfaces/msg/detail/gps_data__type_support.cpp.o\x1b[0m\n'}
[15.216947] (-) TimerEvent: {}
[15.319258] (-) TimerEvent: {}
[15.422353] (-) TimerEvent: {}
[15.523566] (-) TimerEvent: {}
[15.625244] (-) TimerEvent: {}
[15.648675] (vehicle_interfaces) StdoutLine: {'line': b'[ 44%] \x1b[32mBuilding CXX object CMakeFiles/vehicle_interfaces__rosidl_typesupport_cpp.dir/rosidl_typesupport_cpp/vehicle_interfaces/msg/qmc_data__type_support.cpp.o\x1b[0m\n'}
[15.725402] (-) TimerEvent: {}
[15.829504] (-) TimerEvent: {}
[15.930879] (-) TimerEvent: {}
[15.937583] (vehicle_interfaces) StdoutLine: {'line': b'[ 45%] \x1b[32mBuilding CXX object CMakeFiles/vehicle_interfaces__rosidl_typesupport_introspection_cpp.dir/rosidl_typesupport_introspection_cpp/vehicle_interfaces/msg/detail/ir_data__type_support.cpp.o\x1b[0m\n'}
[16.031003] (-) TimerEvent: {}
[16.132371] (-) TimerEvent: {}
[16.141822] (vehicle_interfaces) StdoutLine: {'line': b'[ 46%] \x1b[34m\x1b[1mGenerating C type support dispatch for ROS interfaces\x1b[0m\n'}
[16.232668] (-) TimerEvent: {}
[16.333833] (-) TimerEvent: {}
[16.364730] (vehicle_interfaces) StdoutLine: {'line': b'[ 47%] \x1b[32mBuilding CXX object CMakeFiles/vehicle_interfaces__rosidl_typesupport_cpp.dir/rosidl_typesupport_cpp/vehicle_interfaces/msg/temperature_data__type_support.cpp.o\x1b[0m\n'}
[16.433949] (-) TimerEvent: {}
[16.535710] (-) TimerEvent: {}
[16.621238] (vehicle_interfaces) StdoutLine: {'line': b'[ 48%] \x1b[32mBuilding CXX object CMakeFiles/vehicle_interfaces__rosidl_typesupport_fastrtps_cpp.dir/rosidl_typesupport_fastrtps_cpp/vehicle_interfaces/msg/detail/dds_fastrtps/encoder_data__type_support.cpp.o\x1b[0m\n'}
[16.635820] (-) TimerEvent: {}
[16.727547] (vehicle_interfaces) StdoutLine: {'line': b'[ 49%] \x1b[32mBuilding CXX object CMakeFiles/vehicle_interfaces__rosidl_typesupport_introspection_cpp.dir/rosidl_typesupport_introspection_cpp/vehicle_interfaces/msg/detail/mpu_data__type_support.cpp.o\x1b[0m\n'}
[16.735928] (-) TimerEvent: {}
[16.837140] (-) TimerEvent: {}
[16.941856] (-) TimerEvent: {}
[17.032567] (vehicle_interfaces) StdoutLine: {'line': b'[ 50%] \x1b[32mBuilding CXX object CMakeFiles/vehicle_interfaces__rosidl_typesupport_cpp.dir/rosidl_typesupport_cpp/vehicle_interfaces/msg/to_f_data__type_support.cpp.o\x1b[0m\n'}
[17.041963] (-) TimerEvent: {}
[17.143354] (-) TimerEvent: {}
[17.245313] (-) TimerEvent: {}
[17.347353] (-) TimerEvent: {}
[17.448862] (-) TimerEvent: {}
[17.506274] (vehicle_interfaces) StdoutLine: {'line': b'[ 50%] \x1b[32mBuilding CXX object CMakeFiles/vehicle_interfaces__rosidl_typesupport_introspection_cpp.dir/rosidl_typesupport_introspection_cpp/vehicle_interfaces/msg/detail/qmc_data__type_support.cpp.o\x1b[0m\n'}
[17.548977] (-) TimerEvent: {}
[17.650352] (-) TimerEvent: {}
[17.751699] (-) TimerEvent: {}
[17.771503] (vehicle_interfaces) StdoutLine: {'line': b'[ 51%] \x1b[32mBuilding CXX object CMakeFiles/vehicle_interfaces__rosidl_typesupport_fastrtps_cpp.dir/rosidl_typesupport_fastrtps_cpp/vehicle_interfaces/msg/detail/dds_fastrtps/gps_data__type_support.cpp.o\x1b[0m\n'}
[17.834875] (vehicle_interfaces) StdoutLine: {'line': b'[ 51%] \x1b[32mBuilding CXX object CMakeFiles/vehicle_interfaces__rosidl_typesupport_cpp.dir/rosidl_typesupport_cpp/vehicle_interfaces/msg/ultrasonic_data__type_support.cpp.o\x1b[0m\n'}
[17.851817] (-) TimerEvent: {}
[17.953128] (-) TimerEvent: {}
[18.055124] (-) TimerEvent: {}
[18.158558] (-) TimerEvent: {}
[18.259835] (-) TimerEvent: {}
[18.271445] (vehicle_interfaces) StdoutLine: {'line': b'[ 52%] \x1b[32mBuilding CXX object CMakeFiles/vehicle_interfaces__rosidl_typesupport_introspection_cpp.dir/rosidl_typesupport_introspection_cpp/vehicle_interfaces/msg/detail/temperature_data__type_support.cpp.o\x1b[0m\n'}
[18.359944] (-) TimerEvent: {}
[18.461365] (-) TimerEvent: {}
[18.560008] (vehicle_interfaces) StdoutLine: {'line': b'[ 53%] \x1b[32m\x1b[1mLinking CXX shared library libvehicle_interfaces__rosidl_typesupport_cpp.so\x1b[0m\n'}
[18.561461] (-) TimerEvent: {}
[18.662097] (-) TimerEvent: {}
[18.762686] (-) TimerEvent: {}
[18.810839] (vehicle_interfaces) StdoutLine: {'line': b'[ 53%] Built target vehicle_interfaces__rosidl_typesupport_cpp\n'}
[18.877696] (-) TimerEvent: {}
[18.977997] (vehicle_interfaces) StdoutLine: {'line': b'[ 54%] \x1b[32mBuilding CXX object CMakeFiles/vehicle_interfaces__rosidl_typesupport_introspection_cpp.dir/rosidl_typesupport_introspection_cpp/vehicle_interfaces/msg/detail/to_f_data__type_support.cpp.o\x1b[0m\n'}
[18.978340] (-) TimerEvent: {}
[19.081700] (-) TimerEvent: {}
[19.128108] (vehicle_interfaces) StdoutLine: {'line': b'[ 55%] \x1b[32mBuilding CXX object CMakeFiles/vehicle_interfaces__rosidl_typesupport_fastrtps_cpp.dir/rosidl_typesupport_fastrtps_cpp/vehicle_interfaces/msg/detail/dds_fastrtps/ir_data__type_support.cpp.o\x1b[0m\n'}
[19.181823] (-) TimerEvent: {}
[19.282696] (-) TimerEvent: {}
[19.362814] (vehicle_interfaces) StdoutLine: {'line': b'[ 55%] \x1b[32mBuilding CXX object CMakeFiles/vehicle_interfaces__rosidl_typesupport_fastrtps_cpp.dir/rosidl_typesupport_fastrtps_cpp/vehicle_interfaces/msg/detail/dds_fastrtps/mpu_data__type_support.cpp.o\x1b[0m\n'}
[19.382816] (-) TimerEvent: {}
[19.386495] (vehicle_interfaces) StdoutLine: {'line': b'\x1b[35m\x1b[1mScanning dependencies of target vehicle_interfaces__rosidl_typesupport_c\x1b[0m\n'}
[19.465119] (vehicle_interfaces) StdoutLine: {'line': b'[ 55%] \x1b[32mBuilding CXX object CMakeFiles/vehicle_interfaces__rosidl_typesupport_c.dir/rosidl_typesupport_c/vehicle_interfaces/srv/get_serial_port__type_support.cpp.o\x1b[0m\n'}
[19.482933] (-) TimerEvent: {}
[19.584734] (-) TimerEvent: {}
[19.631822] (vehicle_interfaces) StdoutLine: {'line': b'[ 56%] \x1b[32mBuilding CXX object CMakeFiles/vehicle_interfaces__rosidl_typesupport_c.dir/rosidl_typesupport_c/vehicle_interfaces/srv/reset_serial_port__type_support.cpp.o\x1b[0m\n'}
[19.686704] (-) TimerEvent: {}
[19.711903] (vehicle_interfaces) StdoutLine: {'line': b'[ 57%] \x1b[32mBuilding CXX object CMakeFiles/vehicle_interfaces__rosidl_typesupport_c.dir/rosidl_typesupport_c/vehicle_interfaces/srv/get_device_status__type_support.cpp.o\x1b[0m\n'}
[19.786835] (-) TimerEvent: {}
[19.801068] (vehicle_interfaces) StdoutLine: {'line': b'[ 58%] \x1b[32mBuilding CXX object CMakeFiles/vehicle_interfaces__rosidl_typesupport_c.dir/rosidl_typesupport_c/vehicle_interfaces/msg/sensor_data__type_support.cpp.o\x1b[0m\n'}
[19.848408] (vehicle_interfaces) StdoutLine: {'line': b'[ 59%] \x1b[32mBuilding CXX object CMakeFiles/vehicle_interfaces__rosidl_typesupport_introspection_cpp.dir/rosidl_typesupport_introspection_cpp/vehicle_interfaces/msg/detail/ultrasonic_data__type_support.cpp.o\x1b[0m\n'}
[19.885857] (vehicle_interfaces) StdoutLine: {'line': b'[ 60%] \x1b[32mBuilding CXX object CMakeFiles/vehicle_interfaces__rosidl_typesupport_c.dir/rosidl_typesupport_c/vehicle_interfaces/msg/control_data__type_support.cpp.o\x1b[0m\n'}
[19.886915] (-) TimerEvent: {}
[19.964291] (vehicle_interfaces) StdoutLine: {'line': b'[ 60%] \x1b[32mBuilding CXX object CMakeFiles/vehicle_interfaces__rosidl_typesupport_c.dir/rosidl_typesupport_c/vehicle_interfaces/msg/encoder_data__type_support.cpp.o\x1b[0m\n'}
[19.987047] (-) TimerEvent: {}
[20.050463] (vehicle_interfaces) StdoutLine: {'line': b'[ 61%] \x1b[32mBuilding CXX object CMakeFiles/vehicle_interfaces__rosidl_typesupport_c.dir/rosidl_typesupport_c/vehicle_interfaces/msg/gps_data__type_support.cpp.o\x1b[0m\n'}
[20.087170] (-) TimerEvent: {}
[20.113937] (vehicle_interfaces) StdoutLine: {'line': b'[ 62%] \x1b[32mBuilding CXX object CMakeFiles/vehicle_interfaces__rosidl_typesupport_c.dir/rosidl_typesupport_c/vehicle_interfaces/msg/ir_data__type_support.cpp.o\x1b[0m\n'}
[20.184927] (vehicle_interfaces) StdoutLine: {'line': b'[ 63%] \x1b[32mBuilding CXX object CMakeFiles/vehicle_interfaces__rosidl_typesupport_c.dir/rosidl_typesupport_c/vehicle_interfaces/msg/mpu_data__type_support.cpp.o\x1b[0m\n'}
[20.187706] (-) TimerEvent: {}
[20.262811] (vehicle_interfaces) StdoutLine: {'line': b'[ 64%] \x1b[32mBuilding CXX object CMakeFiles/vehicle_interfaces__rosidl_typesupport_c.dir/rosidl_typesupport_c/vehicle_interfaces/msg/qmc_data__type_support.cpp.o\x1b[0m\n'}
[20.287832] (-) TimerEvent: {}
[20.334826] (vehicle_interfaces) StdoutLine: {'line': b'[ 64%] \x1b[32mBuilding CXX object CMakeFiles/vehicle_interfaces__rosidl_typesupport_c.dir/rosidl_typesupport_c/vehicle_interfaces/msg/temperature_data__type_support.cpp.o\x1b[0m\n'}
[20.387958] (-) TimerEvent: {}
[20.399731] (vehicle_interfaces) StdoutLine: {'line': b'[ 65%] \x1b[32mBuilding CXX object CMakeFiles/vehicle_interfaces__rosidl_typesupport_c.dir/rosidl_typesupport_c/vehicle_interfaces/msg/to_f_data__type_support.cpp.o\x1b[0m\n'}
[20.411281] (vehicle_interfaces) StdoutLine: {'line': b'[ 66%] \x1b[32mBuilding CXX object CMakeFiles/vehicle_interfaces__rosidl_typesupport_fastrtps_cpp.dir/rosidl_typesupport_fastrtps_cpp/vehicle_interfaces/msg/detail/dds_fastrtps/qmc_data__type_support.cpp.o\x1b[0m\n'}
[20.488070] (-) TimerEvent: {}
[20.499864] (vehicle_interfaces) StdoutLine: {'line': b'[ 67%] \x1b[32mBuilding CXX object CMakeFiles/vehicle_interfaces__rosidl_typesupport_c.dir/rosidl_typesupport_c/vehicle_interfaces/msg/ultrasonic_data__type_support.cpp.o\x1b[0m\n'}
[20.523586] (vehicle_interfaces) StdoutLine: {'line': b'[ 68%] \x1b[32m\x1b[1mLinking CXX shared library libvehicle_interfaces__rosidl_typesupport_introspection_cpp.so\x1b[0m\n'}
[20.571319] (vehicle_interfaces) StdoutLine: {'line': b'[ 69%] \x1b[32m\x1b[1mLinking CXX shared library libvehicle_interfaces__rosidl_typesupport_c.so\x1b[0m\n'}
[20.588218] (-) TimerEvent: {}
[20.692293] (-) TimerEvent: {}
[20.713704] (vehicle_interfaces) StdoutLine: {'line': b'[ 69%] Built target vehicle_interfaces__rosidl_typesupport_c\n'}
[20.733424] (vehicle_interfaces) StdoutLine: {'line': b'[ 70%] \x1b[32mBuilding CXX object CMakeFiles/vehicle_interfaces__rosidl_typesupport_fastrtps_cpp.dir/rosidl_typesupport_fastrtps_cpp/vehicle_interfaces/msg/detail/dds_fastrtps/temperature_data__type_support.cpp.o\x1b[0m\n'}
[20.772247] (vehicle_interfaces) StdoutLine: {'line': b'[ 71%] \x1b[32mBuilding CXX object CMakeFiles/vehicle_interfaces__rosidl_typesupport_fastrtps_cpp.dir/rosidl_typesupport_fastrtps_cpp/vehicle_interfaces/msg/detail/dds_fastrtps/to_f_data__type_support.cpp.o\x1b[0m\n'}
[20.792409] (-) TimerEvent: {}
[20.892891] (-) TimerEvent: {}
[20.899244] (vehicle_interfaces) StdoutLine: {'line': b'[ 71%] Built target vehicle_interfaces__rosidl_typesupport_introspection_cpp\n'}
[20.921343] (vehicle_interfaces) StdoutLine: {'line': b'[ 72%] \x1b[32mBuilding CXX object CMakeFiles/vehicle_interfaces__rosidl_typesupport_fastrtps_cpp.dir/rosidl_typesupport_fastrtps_cpp/vehicle_interfaces/msg/detail/dds_fastrtps/ultrasonic_data__type_support.cpp.o\x1b[0m\n'}
[20.993005] (-) TimerEvent: {}
[21.094081] (-) TimerEvent: {}
[21.195707] (-) TimerEvent: {}
[21.297132] (-) TimerEvent: {}
[21.400027] (-) TimerEvent: {}
[21.500709] (-) TimerEvent: {}
[21.601396] (-) TimerEvent: {}
[21.702548] (-) TimerEvent: {}
[21.802962] (-) TimerEvent: {}
[21.903472] (-) TimerEvent: {}
[21.920252] (vehicle_interfaces) StdoutLine: {'line': b'[ 72%] \x1b[32m\x1b[1mLinking CXX shared library libvehicle_interfaces__rosidl_typesupport_fastrtps_cpp.so\x1b[0m\n'}
[22.003601] (-) TimerEvent: {}
[22.082619] (vehicle_interfaces) StdoutLine: {'line': b'[ 72%] Built target vehicle_interfaces__rosidl_typesupport_fastrtps_cpp\n'}
[22.098223] (vehicle_interfaces) StdoutLine: {'line': b'[ 73%] \x1b[34m\x1b[1mGenerating C type support for eProsima Fast-RTPS\x1b[0m\n'}
[22.103693] (-) TimerEvent: {}
[22.204126] (-) TimerEvent: {}
[22.304455] (-) TimerEvent: {}
[22.404848] (-) TimerEvent: {}
[22.505196] (-) TimerEvent: {}
[22.605586] (-) TimerEvent: {}
[22.705973] (-) TimerEvent: {}
[22.806352] (-) TimerEvent: {}
[22.907171] (-) TimerEvent: {}
[23.007588] (-) TimerEvent: {}
[23.107950] (-) TimerEvent: {}
[23.208325] (-) TimerEvent: {}
[23.308797] (-) TimerEvent: {}
[23.409267] (-) TimerEvent: {}
[23.509641] (-) TimerEvent: {}
[23.609995] (-) TimerEvent: {}
[23.710401] (-) TimerEvent: {}
[23.810815] (-) TimerEvent: {}
[23.911198] (-) TimerEvent: {}
[23.914243] (vehicle_interfaces) StdoutLine: {'line': b'\x1b[35m\x1b[1mScanning dependencies of target vehicle_interfaces__rosidl_typesupport_fastrtps_c\x1b[0m\n'}
[23.964521] (vehicle_interfaces) StdoutLine: {'line': b'[ 74%] \x1b[32mBuilding CXX object CMakeFiles/vehicle_interfaces__rosidl_typesupport_fastrtps_c.dir/rosidl_typesupport_fastrtps_c/vehicle_interfaces/srv/detail/get_serial_port__type_support_c.cpp.o\x1b[0m\n'}
[23.966404] (vehicle_interfaces) StdoutLine: {'line': b'[ 74%] \x1b[32mBuilding CXX object CMakeFiles/vehicle_interfaces__rosidl_typesupport_fastrtps_c.dir/rosidl_typesupport_fastrtps_c/vehicle_interfaces/srv/detail/reset_serial_port__type_support_c.cpp.o\x1b[0m\n'}
[24.011695] (-) TimerEvent: {}
[24.112067] (-) TimerEvent: {}
[24.212785] (-) TimerEvent: {}
[24.313667] (-) TimerEvent: {}
[24.415042] (-) TimerEvent: {}
[24.515975] (-) TimerEvent: {}
[24.598329] (vehicle_interfaces) StdoutLine: {'line': b'[ 75%] \x1b[32mBuilding CXX object CMakeFiles/vehicle_interfaces__rosidl_typesupport_fastrtps_c.dir/rosidl_typesupport_fastrtps_c/vehicle_interfaces/msg/detail/sensor_data__type_support_c.cpp.o\x1b[0m\n'}
[24.611940] (vehicle_interfaces) StdoutLine: {'line': b'[ 76%] \x1b[32mBuilding CXX object CMakeFiles/vehicle_interfaces__rosidl_typesupport_fastrtps_c.dir/rosidl_typesupport_fastrtps_c/vehicle_interfaces/msg/detail/control_data__type_support_c.cpp.o\x1b[0m\n'}
[24.616096] (-) TimerEvent: {}
[24.716501] (-) TimerEvent: {}
[24.817518] (-) TimerEvent: {}
[24.917927] (-) TimerEvent: {}
[25.019500] (-) TimerEvent: {}
[25.120139] (-) TimerEvent: {}
[25.157259] (vehicle_interfaces) StdoutLine: {'line': b'[ 77%] \x1b[32mBuilding CXX object CMakeFiles/vehicle_interfaces__rosidl_typesupport_fastrtps_c.dir/rosidl_typesupport_fastrtps_c/vehicle_interfaces/msg/detail/encoder_data__type_support_c.cpp.o\x1b[0m\n'}
[25.176267] (vehicle_interfaces) StdoutLine: {'line': b'[ 77%] \x1b[32mBuilding CXX object CMakeFiles/vehicle_interfaces__rosidl_typesupport_fastrtps_c.dir/rosidl_typesupport_fastrtps_c/vehicle_interfaces/msg/detail/gps_data__type_support_c.cpp.o\x1b[0m\n'}
[25.220250] (-) TimerEvent: {}
[25.320612] (-) TimerEvent: {}
[25.421039] (-) TimerEvent: {}
[25.521509] (-) TimerEvent: {}
[25.622468] (-) TimerEvent: {}
[25.676602] (vehicle_interfaces) StdoutLine: {'line': b'[ 78%] \x1b[32mBuilding CXX object CMakeFiles/vehicle_interfaces__rosidl_typesupport_fastrtps_c.dir/rosidl_typesupport_fastrtps_c/vehicle_interfaces/msg/detail/ir_data__type_support_c.cpp.o\x1b[0m\n'}
[25.685449] (vehicle_interfaces) StdoutLine: {'line': b'[ 79%] \x1b[32mBuilding CXX object CMakeFiles/vehicle_interfaces__rosidl_typesupport_fastrtps_c.dir/rosidl_typesupport_fastrtps_c/vehicle_interfaces/msg/detail/mpu_data__type_support_c.cpp.o\x1b[0m\n'}
[25.722582] (-) TimerEvent: {}
[25.823633] (-) TimerEvent: {}
[25.924145] (-) TimerEvent: {}
[26.024575] (-) TimerEvent: {}
[26.125200] (-) TimerEvent: {}
[26.225605] (-) TimerEvent: {}
[26.233812] (vehicle_interfaces) StdoutLine: {'line': b'[ 80%] \x1b[32mBuilding CXX object CMakeFiles/vehicle_interfaces__rosidl_typesupport_fastrtps_c.dir/rosidl_typesupport_fastrtps_c/vehicle_interfaces/msg/detail/qmc_data__type_support_c.cpp.o\x1b[0m\n'}
[26.253819] (vehicle_interfaces) StdoutLine: {'line': b'[ 81%] \x1b[32mBuilding CXX object CMakeFiles/vehicle_interfaces__rosidl_typesupport_fastrtps_c.dir/rosidl_typesupport_fastrtps_c/vehicle_interfaces/msg/detail/temperature_data__type_support_c.cpp.o\x1b[0m\n'}
[26.325696] (-) TimerEvent: {}
[26.426086] (-) TimerEvent: {}
[26.526473] (-) TimerEvent: {}
[26.626867] (-) TimerEvent: {}
[26.727244] (-) TimerEvent: {}
[26.782834] (vehicle_interfaces) StdoutLine: {'line': b'[ 81%] \x1b[32mBuilding CXX object CMakeFiles/vehicle_interfaces__rosidl_typesupport_fastrtps_c.dir/rosidl_typesupport_fastrtps_c/vehicle_interfaces/msg/detail/to_f_data__type_support_c.cpp.o\x1b[0m\n'}
[26.800354] (vehicle_interfaces) StdoutLine: {'line': b'[ 82%] \x1b[32mBuilding CXX object CMakeFiles/vehicle_interfaces__rosidl_typesupport_fastrtps_c.dir/rosidl_typesupport_fastrtps_c/vehicle_interfaces/msg/detail/ultrasonic_data__type_support_c.cpp.o\x1b[0m\n'}
[26.827360] (-) TimerEvent: {}
[26.927706] (-) TimerEvent: {}
[27.028091] (-) TimerEvent: {}
[27.128514] (-) TimerEvent: {}
[27.228910] (-) TimerEvent: {}
[27.293283] (vehicle_interfaces) StdoutLine: {'line': b'[ 83%] \x1b[32mBuilding CXX object CMakeFiles/vehicle_interfaces__rosidl_typesupport_fastrtps_c.dir/rosidl_typesupport_fastrtps_c/vehicle_interfaces/srv/detail/get_device_status__type_support_c.cpp.o\x1b[0m\n'}
[27.329022] (-) TimerEvent: {}
[27.429335] (-) TimerEvent: {}
[27.529655] (-) TimerEvent: {}
[27.629966] (-) TimerEvent: {}
[27.730310] (-) TimerEvent: {}
[27.830720] (-) TimerEvent: {}
[27.859334] (vehicle_interfaces) StdoutLine: {'line': b'[ 84%] \x1b[32m\x1b[1mLinking CXX shared library libvehicle_interfaces__rosidl_typesupport_fastrtps_c.so\x1b[0m\n'}
[27.930844] (-) TimerEvent: {}
[28.020443] (vehicle_interfaces) StdoutLine: {'line': b'[ 84%] Built target vehicle_interfaces__rosidl_typesupport_fastrtps_c\n'}
[28.030952] (-) TimerEvent: {}
[28.035438] (vehicle_interfaces) StdoutLine: {'line': b'\x1b[35m\x1b[1mScanning dependencies of target vehicle_interfaces\x1b[0m\n'}
[28.056943] (vehicle_interfaces) StdoutLine: {'line': b'[ 84%] Built target vehicle_interfaces\n'}
[28.073007] (vehicle_interfaces) StdoutLine: {'line': b'\x1b[35m\x1b[1mScanning dependencies of target vehicle_interfaces__py\x1b[0m\n'}
[28.088484] (vehicle_interfaces) StdoutLine: {'line': b'[ 85%] \x1b[34m\x1b[1mGenerating Python code for ROS interfaces\x1b[0m\n'}
[28.131054] (-) TimerEvent: {}
[28.231396] (-) TimerEvent: {}
[28.331761] (-) TimerEvent: {}
[28.432094] (-) TimerEvent: {}
[28.532401] (-) TimerEvent: {}
[28.632701] (-) TimerEvent: {}
[28.733087] (-) TimerEvent: {}
[28.833401] (-) TimerEvent: {}
[28.933687] (-) TimerEvent: {}
[29.033988] (-) TimerEvent: {}
[29.134300] (-) TimerEvent: {}
[29.234612] (-) TimerEvent: {}
[29.334932] (-) TimerEvent: {}
[29.435263] (-) TimerEvent: {}
[29.535653] (-) TimerEvent: {}
[29.635978] (-) TimerEvent: {}
[29.736358] (-) TimerEvent: {}
[29.836683] (-) TimerEvent: {}
[29.937031] (-) TimerEvent: {}
[30.037463] (-) TimerEvent: {}
[30.137948] (-) TimerEvent: {}
[30.238289] (-) TimerEvent: {}
[30.338590] (-) TimerEvent: {}
[30.438958] (-) TimerEvent: {}
[30.539277] (-) TimerEvent: {}
[30.639651] (-) TimerEvent: {}
[30.740020] (-) TimerEvent: {}
[30.840450] (-) TimerEvent: {}
[30.940781] (-) TimerEvent: {}
[31.041102] (-) TimerEvent: {}
[31.141426] (-) TimerEvent: {}
[31.241753] (-) TimerEvent: {}
[31.342078] (-) TimerEvent: {}
[31.442401] (-) TimerEvent: {}
[31.542728] (-) TimerEvent: {}
[31.643071] (-) TimerEvent: {}
[31.743706] (-) TimerEvent: {}
[31.844429] (-) TimerEvent: {}
[31.945971] (-) TimerEvent: {}
[31.946418] (vehicle_interfaces) StdoutLine: {'line': b'[ 85%] Built target vehicle_interfaces__py\n'}
[31.968481] (vehicle_interfaces) StdoutLine: {'line': b'\x1b[35m\x1b[1mScanning dependencies of target vehicle_interfaces__python\x1b[0m\n'}
[32.046155] (-) TimerEvent: {}
[32.062505] (vehicle_interfaces) StdoutLine: {'line': b'[ 85%] \x1b[32mBuilding C object CMakeFiles/vehicle_interfaces__python.dir/rosidl_generator_py/vehicle_interfaces/srv/_get_device_status_s.c.o\x1b[0m\n'}
[32.091565] (vehicle_interfaces) StdoutLine: {'line': b'[ 86%] \x1b[32mBuilding C object CMakeFiles/vehicle_interfaces__python.dir/rosidl_generator_py/vehicle_interfaces/srv/_get_serial_port_s.c.o\x1b[0m\n'}
[32.117639] (vehicle_interfaces) StdoutLine: {'line': b'[ 87%] \x1b[32mBuilding C object CMakeFiles/vehicle_interfaces__python.dir/rosidl_generator_py/vehicle_interfaces/srv/_reset_serial_port_s.c.o\x1b[0m\n'}
[32.146274] (-) TimerEvent: {}
[32.246998] (-) TimerEvent: {}
[32.350181] (-) TimerEvent: {}
[32.453582] (vehicle_interfaces) StdoutLine: {'line': b'[ 88%] \x1b[32mBuilding C object CMakeFiles/vehicle_interfaces__python.dir/rosidl_generator_py/vehicle_interfaces/msg/_sensor_data_s.c.o\x1b[0m\n'}
[32.453879] (-) TimerEvent: {}
[32.470743] (vehicle_interfaces) StdoutLine: {'line': b'[ 89%] \x1b[32mBuilding C object CMakeFiles/vehicle_interfaces__python.dir/rosidl_generator_py/vehicle_interfaces/msg/_control_data_s.c.o\x1b[0m\n'}
[32.474046] (vehicle_interfaces) StdoutLine: {'line': b'[ 90%] \x1b[32mBuilding C object CMakeFiles/vehicle_interfaces__python.dir/rosidl_generator_py/vehicle_interfaces/msg/_encoder_data_s.c.o\x1b[0m\n'}
[32.554013] (-) TimerEvent: {}
[32.654499] (-) TimerEvent: {}
[32.734844] (vehicle_interfaces) StdoutLine: {'line': b'[ 90%] \x1b[32mBuilding C object CMakeFiles/vehicle_interfaces__python.dir/rosidl_generator_py/vehicle_interfaces/msg/_ir_data_s.c.o\x1b[0m\n'}
[32.754615] (-) TimerEvent: {}
[32.763125] (vehicle_interfaces) StdoutLine: {'line': b'[ 91%] \x1b[32mBuilding C object CMakeFiles/vehicle_interfaces__python.dir/rosidl_generator_py/vehicle_interfaces/msg/_mpu_data_s.c.o\x1b[0m\n'}
[32.764430] (vehicle_interfaces) StdoutLine: {'line': b'[ 92%] \x1b[32mBuilding C object CMakeFiles/vehicle_interfaces__python.dir/rosidl_generator_py/vehicle_interfaces/msg/_gps_data_s.c.o\x1b[0m\n'}
[32.854707] (-) TimerEvent: {}
[32.949703] (vehicle_interfaces) StdoutLine: {'line': b'[ 93%] \x1b[32mBuilding C object CMakeFiles/vehicle_interfaces__python.dir/rosidl_generator_py/vehicle_interfaces/msg/_qmc_data_s.c.o\x1b[0m\n'}
[32.954831] (-) TimerEvent: {}
[32.988926] (vehicle_interfaces) StdoutLine: {'line': b'[ 94%] \x1b[32mBuilding C object CMakeFiles/vehicle_interfaces__python.dir/rosidl_generator_py/vehicle_interfaces/msg/_temperature_data_s.c.o\x1b[0m\n'}
[33.054694] (vehicle_interfaces) StdoutLine: {'line': b'[ 95%] \x1b[32mBuilding C object CMakeFiles/vehicle_interfaces__python.dir/rosidl_generator_py/vehicle_interfaces/msg/_to_f_data_s.c.o\x1b[0m\n'}
[33.055795] (-) TimerEvent: {}
[33.156706] (-) TimerEvent: {}
[33.163820] (vehicle_interfaces) StdoutLine: {'line': b'[ 95%] \x1b[32mBuilding C object CMakeFiles/vehicle_interfaces__python.dir/rosidl_generator_py/vehicle_interfaces/msg/_ultrasonic_data_s.c.o\x1b[0m\n'}
[33.256813] (-) TimerEvent: {}
[33.298246] (vehicle_interfaces) StdoutLine: {'line': b'[ 96%] \x1b[32m\x1b[1mLinking C shared library rosidl_generator_py/vehicle_interfaces/libvehicle_interfaces__python.so\x1b[0m\n'}
[33.356923] (-) TimerEvent: {}
[33.357809] (vehicle_interfaces) StdoutLine: {'line': b'[ 96%] Built target vehicle_interfaces__python\n'}
[33.374685] (vehicle_interfaces) StdoutLine: {'line': b'\x1b[35m\x1b[1mScanning dependencies of target vehicle_interfaces__rosidl_typesupport_fastrtps_c__pyext\x1b[0m\n'}
[33.381701] (vehicle_interfaces) StdoutLine: {'line': b'\x1b[35m\x1b[1mScanning dependencies of target vehicle_interfaces__rosidl_typesupport_c__pyext\x1b[0m\n'}
[33.385371] (vehicle_interfaces) StdoutLine: {'line': b'\x1b[35m\x1b[1mScanning dependencies of target vehicle_interfaces__rosidl_typesupport_introspection_c__pyext\x1b[0m\n'}
[33.429641] (vehicle_interfaces) StdoutLine: {'line': b'[ 97%] \x1b[32mBuilding C object CMakeFiles/vehicle_interfaces__rosidl_typesupport_fastrtps_c__pyext.dir/rosidl_generator_py/vehicle_interfaces/_vehicle_interfaces_s.ep.rosidl_typesupport_fastrtps_c.c.o\x1b[0m\n'}
[33.452412] (vehicle_interfaces) StdoutLine: {'line': b'[ 99%] \x1b[32mBuilding C object CMakeFiles/vehicle_interfaces__rosidl_typesupport_introspection_c__pyext.dir/rosidl_generator_py/vehicle_interfaces/_vehicle_interfaces_s.ep.rosidl_typesupport_introspection_c.c.o\x1b[0m\n'}
[33.452710] (vehicle_interfaces) StdoutLine: {'line': b'[ 99%] \x1b[32mBuilding C object CMakeFiles/vehicle_interfaces__rosidl_typesupport_c__pyext.dir/rosidl_generator_py/vehicle_interfaces/_vehicle_interfaces_s.ep.rosidl_typesupport_c.c.o\x1b[0m\n'}
[33.457712] (-) TimerEvent: {}
[33.558094] (-) TimerEvent: {}
[33.658506] (-) TimerEvent: {}
[33.761735] (-) TimerEvent: {}
[33.794709] (vehicle_interfaces) StdoutLine: {'line': b'[ 99%] \x1b[32m\x1b[1mLinking CXX shared library rosidl_generator_py/vehicle_interfaces/vehicle_interfaces_s__rosidl_typesupport_fastrtps_c.cpython-38-x86_64-linux-gnu.so\x1b[0m\n'}
[33.862701] (-) TimerEvent: {}
[33.902763] (vehicle_interfaces) StdoutLine: {'line': b'[100%] \x1b[32m\x1b[1mLinking C shared library rosidl_generator_py/vehicle_interfaces/vehicle_interfaces_s__rosidl_typesupport_introspection_c.cpython-38-x86_64-linux-gnu.so\x1b[0m\n'}
[33.967516] (-) TimerEvent: {}
[34.041262] (vehicle_interfaces) StdoutLine: {'line': b'[100%] Built target vehicle_interfaces__rosidl_typesupport_fastrtps_c__pyext\n'}
[34.042148] (vehicle_interfaces) StdoutLine: {'line': b'[100%] \x1b[32m\x1b[1mLinking C shared library rosidl_generator_py/vehicle_interfaces/vehicle_interfaces_s__rosidl_typesupport_c.cpython-38-x86_64-linux-gnu.so\x1b[0m\n'}
[34.067629] (-) TimerEvent: {}
[34.115501] (vehicle_interfaces) StdoutLine: {'line': b'[100%] Built target vehicle_interfaces__rosidl_typesupport_c__pyext\n'}
[34.165903] (vehicle_interfaces) StdoutLine: {'line': b'[100%] Built target vehicle_interfaces__rosidl_typesupport_introspection_c__pyext\n'}
[34.167680] (-) TimerEvent: {}
[34.186998] (vehicle_interfaces) CommandEnded: {'returncode': 0}
[34.267840] (-) TimerEvent: {}
[34.368601] (-) TimerEvent: {}
[34.469116] (-) TimerEvent: {}
[34.554271] (vehicle_interfaces) JobProgress: {'identifier': 'vehicle_interfaces', 'progress': 'install'}
[34.569486] (vehicle_interfaces) Command: {'cmd': ['/usr/bin/cmake', '--install', '/root/build/vehicle_interfaces'], 'cwd': '/root/build/vehicle_interfaces', 'env': OrderedDict([('HOSTNAME', '2a33c685da1f'), ('SHLVL', '1'), ('LD_LIBRARY_PATH', '/opt/ros/foxy/opt/yaml_cpp_vendor/lib:/opt/ros/foxy/opt/rviz_ogre_vendor/lib:/opt/ros/foxy/lib/x86_64-linux-gnu:/opt/ros/foxy/lib'), ('HOME', '/root'), ('OLDPWD', '/'), ('ROS_PYTHON_VERSION', '3'), ('COLCON_PREFIX_PATH', '/root/install'), ('ROS_DISTRO', 'foxy'), ('_', '/usr/bin/colcon'), ('ROS_VERSION', '2'), ('TERM', 'xterm'), ('ROS_LOCALHOST_ONLY', '0'), ('QT_X11_NO_MITSHM', '1'), ('PATH', '/opt/ros/foxy/bin:/usr/local/sbin:/usr/local/bin:/usr/sbin:/usr/bin:/sbin:/bin'), ('DISPLAY', ':0.0'), ('LANG', 'C.UTF-8'), ('AMENT_PREFIX_PATH', '/root/install/vehicle_string_converter:/root/install/vehicle_simulation:/opt/ros/foxy'), ('DEBIAN_FRONTEND', 'noninteractive'), ('PWD', '/root/build/vehicle_interfaces'), ('LC_ALL', 'C.UTF-8'), ('PYTHONPATH', '/root/install/vehicle_string_converter/lib/python3.8/site-packages:/root/install/vehicle_simulation/lib/python3.8/site-packages:/opt/ros/foxy/lib/python3.8/site-packages'), ('COLCON', '1'), ('CMAKE_PREFIX_PATH', '/root/install/vehicle_string_converter:/root/install/vehicle_simulation:/opt/ros/foxy')]), 'shell': False}
[34.572130] (-) TimerEvent: {}
[34.588971] (vehicle_interfaces) StdoutLine: {'line': b'-- Install configuration: ""\n'}
[34.589376] (vehicle_interfaces) StdoutLine: {'line': b'-- Installing: /root/install/vehicle_interfaces/share/ament_index/resource_index/rosidl_interfaces/vehicle_interfaces\n'}
[34.590818] (vehicle_interfaces) StdoutLine: {'line': b'-- Installing: /root/install/vehicle_interfaces/include/vehicle_interfaces\n'}
[34.591015] (vehicle_interfaces) StdoutLine: {'line': b'-- Installing: /root/install/vehicle_interfaces/include/vehicle_interfaces/msg\n'}
[34.591162] (vehicle_interfaces) StdoutLine: {'line': b'-- Installing: /root/install/vehicle_interfaces/include/vehicle_interfaces/msg/ultrasonic_data.h\n'}
[34.591308] (vehicle_interfaces) StdoutLine: {'line': b'-- Installing: /root/install/vehicle_interfaces/include/vehicle_interfaces/msg/qmc_data.h\n'}
[34.591451] (vehicle_interfaces) StdoutLine: {'line': b'-- Installing: /root/install/vehicle_interfaces/include/vehicle_interfaces/msg/temperature_data.h\n'}
[34.591585] (vehicle_interfaces) StdoutLine: {'line': b'-- Installing: /root/install/vehicle_interfaces/include/vehicle_interfaces/msg/mpu_data.h\n'}
[34.591733] (vehicle_interfaces) StdoutLine: {'line': b'-- Installing: /root/install/vehicle_interfaces/include/vehicle_interfaces/msg/sensor_data.h\n'}
[34.592662] (vehicle_interfaces) StdoutLine: {'line': b'-- Installing: /root/install/vehicle_interfaces/include/vehicle_interfaces/msg/encoder_data.h\n'}
[34.592852] (vehicle_interfaces) StdoutLine: {'line': b'-- Installing: /root/install/vehicle_interfaces/include/vehicle_interfaces/msg/rosidl_generator_c__visibility_control.h\n'}
[34.592999] (vehicle_interfaces) StdoutLine: {'line': b'-- Installing: /root/install/vehicle_interfaces/include/vehicle_interfaces/msg/gps_data.h\n'}
[34.593340] (vehicle_interfaces) StdoutLine: {'line': b'-- Installing: /root/install/vehicle_interfaces/include/vehicle_interfaces/msg/to_f_data.h\n'}
[34.593762] (vehicle_interfaces) StdoutLine: {'line': b'-- Installing: /root/install/vehicle_interfaces/include/vehicle_interfaces/msg/control_data.h\n'}
[34.594165] (vehicle_interfaces) StdoutLine: {'line': b'-- Installing: /root/install/vehicle_interfaces/include/vehicle_interfaces/msg/ir_data.h\n'}
[34.594584] (vehicle_interfaces) StdoutLine: {'line': b'-- Installing: /root/install/vehicle_interfaces/include/vehicle_interfaces/msg/detail\n'}
[34.595662] (vehicle_interfaces) StdoutLine: {'line': b'-- Installing: /root/install/vehicle_interfaces/include/vehicle_interfaces/msg/detail/to_f_data__struct.h\n'}
[34.595862] (vehicle_interfaces) StdoutLine: {'line': b'-- Installing: /root/install/vehicle_interfaces/include/vehicle_interfaces/msg/detail/temperature_data__functions.h\n'}
[34.596005] (vehicle_interfaces) StdoutLine: {'line': b'-- Installing: /root/install/vehicle_interfaces/include/vehicle_interfaces/msg/detail/temperature_data__struct.h\n'}
[34.596145] (vehicle_interfaces) StdoutLine: {'line': b'-- Installing: /root/install/vehicle_interfaces/include/vehicle_interfaces/msg/detail/mpu_data__functions.c\n'}
[34.596428] (vehicle_interfaces) StdoutLine: {'line': b'-- Installing: /root/install/vehicle_interfaces/include/vehicle_interfaces/msg/detail/ultrasonic_data__type_support.h\n'}
[34.596824] (vehicle_interfaces) StdoutLine: {'line': b'-- Installing: /root/install/vehicle_interfaces/include/vehicle_interfaces/msg/detail/control_data__type_support.h\n'}
[34.597212] (vehicle_interfaces) StdoutLine: {'line': b'-- Installing: /root/install/vehicle_interfaces/include/vehicle_interfaces/msg/detail/to_f_data__functions.c\n'}
[34.597616] (vehicle_interfaces) StdoutLine: {'line': b'-- Installing: /root/install/vehicle_interfaces/include/vehicle_interfaces/msg/detail/qmc_data__type_support.h\n'}
[34.598030] (vehicle_interfaces) StdoutLine: {'line': b'-- Installing: /root/install/vehicle_interfaces/include/vehicle_interfaces/msg/detail/ir_data__functions.c\n'}
[34.599297] (vehicle_interfaces) StdoutLine: {'line': b'-- Installing: /root/install/vehicle_interfaces/include/vehicle_interfaces/msg/detail/gps_data__struct.h\n'}
[34.599505] (vehicle_interfaces) StdoutLine: {'line': b'-- Installing: /root/install/vehicle_interfaces/include/vehicle_interfaces/msg/detail/gps_data__functions.h\n'}
[34.599711] (vehicle_interfaces) StdoutLine: {'line': b'-- Installing: /root/install/vehicle_interfaces/include/vehicle_interfaces/msg/detail/sensor_data__struct.h\n'}
[34.599887] (vehicle_interfaces) StdoutLine: {'line': b'-- Installing: /root/install/vehicle_interfaces/include/vehicle_interfaces/msg/detail/ir_data__struct.h\n'}
[34.600032] (vehicle_interfaces) StdoutLine: {'line': b'-- Installing: /root/install/vehicle_interfaces/include/vehicle_interfaces/msg/detail/sensor_data__functions.c\n'}
[34.600939] (vehicle_interfaces) StdoutLine: {'line': b'-- Installing: /root/install/vehicle_interfaces/include/vehicle_interfaces/msg/detail/mpu_data__struct.h\n'}
[34.601230] (vehicle_interfaces) StdoutLine: {'line': b'-- Installing: /root/install/vehicle_interfaces/include/vehicle_interfaces/msg/detail/mpu_data__functions.h\n'}
[34.601457] (vehicle_interfaces) StdoutLine: {'line': b'-- Installing: /root/install/vehicle_interfaces/include/vehicle_interfaces/msg/detail/temperature_data__type_support.h\n'}
[34.601749] (vehicle_interfaces) StdoutLine: {'line': b'-- Installing: /root/install/vehicle_interfaces/include/vehicle_interfaces/msg/detail/ir_data__type_support.h\n'}
[34.601983] (vehicle_interfaces) StdoutLine: {'line': b'-- Installing: /root/install/vehicle_interfaces/include/vehicle_interfaces/msg/detail/mpu_data__type_support.h\n'}
[34.602181] (vehicle_interfaces) StdoutLine: {'line': b'-- Installing: /root/install/vehicle_interfaces/include/vehicle_interfaces/msg/detail/ultrasonic_data__struct.h\n'}
[34.602391] (vehicle_interfaces) StdoutLine: {'line': b'-- Installing: /root/install/vehicle_interfaces/include/vehicle_interfaces/msg/detail/control_data__struct.h\n'}
[34.602602] (vehicle_interfaces) StdoutLine: {'line': b'-- Installing: /root/install/vehicle_interfaces/include/vehicle_interfaces/msg/detail/control_data__functions.c\n'}
[34.602825] (vehicle_interfaces) StdoutLine: {'line': b'-- Installing: /root/install/vehicle_interfaces/include/vehicle_interfaces/msg/detail/temperature_data__functions.c\n'}
[34.602998] (vehicle_interfaces) StdoutLine: {'line': b'-- Installing: /root/install/vehicle_interfaces/include/vehicle_interfaces/msg/detail/gps_data__functions.c\n'}
[34.603265] (vehicle_interfaces) StdoutLine: {'line': b'-- Installing: /root/install/vehicle_interfaces/include/vehicle_interfaces/msg/detail/qmc_data__functions.h\n'}
[34.603530] (vehicle_interfaces) StdoutLine: {'line': b'-- Installing: /root/install/vehicle_interfaces/include/vehicle_interfaces/msg/detail/sensor_data__type_support.h\n'}
[34.603768] (vehicle_interfaces) StdoutLine: {'line': b'-- Installing: /root/install/vehicle_interfaces/include/vehicle_interfaces/msg/detail/control_data__functions.h\n'}
[34.603984] (vehicle_interfaces) StdoutLine: {'line': b'-- Installing: /root/install/vehicle_interfaces/include/vehicle_interfaces/msg/detail/ultrasonic_data__functions.c\n'}
[34.604285] (vehicle_interfaces) StdoutLine: {'line': b'-- Installing: /root/install/vehicle_interfaces/include/vehicle_interfaces/msg/detail/sensor_data__functions.h\n'}
[34.604574] (vehicle_interfaces) StdoutLine: {'line': b'-- Installing: /root/install/vehicle_interfaces/include/vehicle_interfaces/msg/detail/encoder_data__functions.c\n'}
[34.604866] (vehicle_interfaces) StdoutLine: {'line': b'-- Installing: /root/install/vehicle_interfaces/include/vehicle_interfaces/msg/detail/gps_data__type_support.h\n'}
[34.605094] (vehicle_interfaces) StdoutLine: {'line': b'-- Installing: /root/install/vehicle_interfaces/include/vehicle_interfaces/msg/detail/ir_data__functions.h\n'}
[34.605312] (vehicle_interfaces) StdoutLine: {'line': b'-- Installing: /root/install/vehicle_interfaces/include/vehicle_interfaces/msg/detail/to_f_data__functions.h\n'}
[34.605509] (vehicle_interfaces) StdoutLine: {'line': b'-- Installing: /root/install/vehicle_interfaces/include/vehicle_interfaces/msg/detail/encoder_data__type_support.h\n'}
[34.605726] (vehicle_interfaces) StdoutLine: {'line': b'-- Installing: /root/install/vehicle_interfaces/include/vehicle_interfaces/msg/detail/ultrasonic_data__functions.h\n'}
[34.605932] (vehicle_interfaces) StdoutLine: {'line': b'-- Installing: /root/install/vehicle_interfaces/include/vehicle_interfaces/msg/detail/to_f_data__type_support.h\n'}
[34.606181] (vehicle_interfaces) StdoutLine: {'line': b'-- Installing: /root/install/vehicle_interfaces/include/vehicle_interfaces/msg/detail/qmc_data__functions.c\n'}
[34.606421] (vehicle_interfaces) StdoutLine: {'line': b'-- Installing: /root/install/vehicle_interfaces/include/vehicle_interfaces/msg/detail/qmc_data__struct.h\n'}
[34.606669] (vehicle_interfaces) StdoutLine: {'line': b'-- Installing: /root/install/vehicle_interfaces/include/vehicle_interfaces/msg/detail/encoder_data__functions.h\n'}
[34.606939] (vehicle_interfaces) StdoutLine: {'line': b'-- Installing: /root/install/vehicle_interfaces/include/vehicle_interfaces/msg/detail/encoder_data__struct.h\n'}
[34.607056] (vehicle_interfaces) StdoutLine: {'line': b'-- Installing: /root/install/vehicle_interfaces/include/vehicle_interfaces/srv\n'}
[34.607229] (vehicle_interfaces) StdoutLine: {'line': b'-- Installing: /root/install/vehicle_interfaces/include/vehicle_interfaces/srv/get_device_status.h\n'}
[34.607396] (vehicle_interfaces) StdoutLine: {'line': b'-- Installing: /root/install/vehicle_interfaces/include/vehicle_interfaces/srv/reset_serial_port.h\n'}
[34.607559] (vehicle_interfaces) StdoutLine: {'line': b'-- Installing: /root/install/vehicle_interfaces/include/vehicle_interfaces/srv/get_serial_port.h\n'}
[34.607766] (vehicle_interfaces) StdoutLine: {'line': b'-- Installing: /root/install/vehicle_interfaces/include/vehicle_interfaces/srv/detail\n'}
[34.607985] (vehicle_interfaces) StdoutLine: {'line': b'-- Installing: /root/install/vehicle_interfaces/include/vehicle_interfaces/srv/detail/reset_serial_port__functions.c\n'}
[34.608227] (vehicle_interfaces) StdoutLine: {'line': b'-- Installing: /root/install/vehicle_interfaces/include/vehicle_interfaces/srv/detail/get_serial_port__functions.c\n'}
[34.608432] (vehicle_interfaces) StdoutLine: {'line': b'-- Installing: /root/install/vehicle_interfaces/include/vehicle_interfaces/srv/detail/reset_serial_port__type_support.h\n'}
[34.608647] (vehicle_interfaces) StdoutLine: {'line': b'-- Installing: /root/install/vehicle_interfaces/include/vehicle_interfaces/srv/detail/get_serial_port__functions.h\n'}
[34.608878] (vehicle_interfaces) StdoutLine: {'line': b'-- Installing: /root/install/vehicle_interfaces/include/vehicle_interfaces/srv/detail/get_device_status__struct.h\n'}
[34.609063] (vehicle_interfaces) StdoutLine: {'line': b'-- Installing: /root/install/vehicle_interfaces/include/vehicle_interfaces/srv/detail/reset_serial_port__functions.h\n'}
[34.609217] (vehicle_interfaces) StdoutLine: {'line': b'-- Installing: /root/install/vehicle_interfaces/include/vehicle_interfaces/srv/detail/get_serial_port__type_support.h\n'}
[34.609386] (vehicle_interfaces) StdoutLine: {'line': b'-- Installing: /root/install/vehicle_interfaces/include/vehicle_interfaces/srv/detail/get_device_status__functions.h\n'}
[34.609549] (vehicle_interfaces) StdoutLine: {'line': b'-- Installing: /root/install/vehicle_interfaces/include/vehicle_interfaces/srv/detail/get_serial_port__struct.h\n'}
[34.609741] (vehicle_interfaces) StdoutLine: {'line': b'-- Installing: /root/install/vehicle_interfaces/include/vehicle_interfaces/srv/detail/get_device_status__functions.c\n'}
[34.610007] (vehicle_interfaces) StdoutLine: {'line': b'-- Installing: /root/install/vehicle_interfaces/include/vehicle_interfaces/srv/detail/get_device_status__type_support.h\n'}
[34.610105] (vehicle_interfaces) StdoutLine: {'line': b'-- Installing: /root/install/vehicle_interfaces/include/vehicle_interfaces/srv/detail/reset_serial_port__struct.h\n'}
[34.610238] (vehicle_interfaces) StdoutLine: {'line': b'-- Installing: /root/install/vehicle_interfaces/share/vehicle_interfaces/environment/library_path.sh\n'}
[34.610458] (vehicle_interfaces) StdoutLine: {'line': b'-- Installing: /root/install/vehicle_interfaces/share/vehicle_interfaces/environment/library_path.dsv\n'}
[34.611612] (vehicle_interfaces) StdoutLine: {'line': b'-- Installing: /root/install/vehicle_interfaces/lib/libvehicle_interfaces__rosidl_generator_c.so\n'}
[34.612300] (vehicle_interfaces) StdoutLine: {'line': b'-- Set runtime path of "/root/install/vehicle_interfaces/lib/libvehicle_interfaces__rosidl_generator_c.so" to ""\n'}
[34.612548] (vehicle_interfaces) StdoutLine: {'line': b'-- Up-to-date: /root/install/vehicle_interfaces/include/vehicle_interfaces\n'}
[34.612729] (vehicle_interfaces) StdoutLine: {'line': b'-- Up-to-date: /root/install/vehicle_interfaces/include/vehicle_interfaces/msg\n'}
[34.612945] (vehicle_interfaces) StdoutLine: {'line': b'-- Up-to-date: /root/install/vehicle_interfaces/include/vehicle_interfaces/msg/detail\n'}
[34.613198] (vehicle_interfaces) StdoutLine: {'line': b'-- Installing: /root/install/vehicle_interfaces/include/vehicle_interfaces/msg/detail/encoder_data__rosidl_typesupport_fastrtps_c.h\n'}
[34.613361] (vehicle_interfaces) StdoutLine: {'line': b'-- Installing: /root/install/vehicle_interfaces/include/vehicle_interfaces/msg/detail/qmc_data__rosidl_typesupport_fastrtps_c.h\n'}
[34.613575] (vehicle_interfaces) StdoutLine: {'line': b'-- Installing: /root/install/vehicle_interfaces/include/vehicle_interfaces/msg/detail/control_data__rosidl_typesupport_fastrtps_c.h\n'}
[34.613787] (vehicle_interfaces) StdoutLine: {'line': b'-- Installing: /root/install/vehicle_interfaces/include/vehicle_interfaces/msg/detail/to_f_data__rosidl_typesupport_fastrtps_c.h\n'}
[34.613989] (vehicle_interfaces) StdoutLine: {'line': b'-- Installing: /root/install/vehicle_interfaces/include/vehicle_interfaces/msg/detail/ultrasonic_data__rosidl_typesupport_fastrtps_c.h\n'}
[34.614230] (vehicle_interfaces) StdoutLine: {'line': b'-- Installing: /root/install/vehicle_interfaces/include/vehicle_interfaces/msg/detail/sensor_data__rosidl_typesupport_fastrtps_c.h\n'}
[34.614443] (vehicle_interfaces) StdoutLine: {'line': b'-- Installing: /root/install/vehicle_interfaces/include/vehicle_interfaces/msg/detail/temperature_data__rosidl_typesupport_fastrtps_c.h\n'}
[34.614657] (vehicle_interfaces) StdoutLine: {'line': b'-- Installing: /root/install/vehicle_interfaces/include/vehicle_interfaces/msg/detail/ir_data__rosidl_typesupport_fastrtps_c.h\n'}
[34.614858] (vehicle_interfaces) StdoutLine: {'line': b'-- Installing: /root/install/vehicle_interfaces/include/vehicle_interfaces/msg/detail/mpu_data__rosidl_typesupport_fastrtps_c.h\n'}
[34.615026] (vehicle_interfaces) StdoutLine: {'line': b'-- Installing: /root/install/vehicle_interfaces/include/vehicle_interfaces/msg/detail/gps_data__rosidl_typesupport_fastrtps_c.h\n'}
[34.615180] (vehicle_interfaces) StdoutLine: {'line': b'-- Installing: /root/install/vehicle_interfaces/include/vehicle_interfaces/msg/rosidl_typesupport_fastrtps_c__visibility_control.h\n'}
[34.615383] (vehicle_interfaces) StdoutLine: {'line': b'-- Up-to-date: /root/install/vehicle_interfaces/include/vehicle_interfaces/srv\n'}
[34.615537] (vehicle_interfaces) StdoutLine: {'line': b'-- Up-to-date: /root/install/vehicle_interfaces/include/vehicle_interfaces/srv/detail\n'}
[34.615714] (vehicle_interfaces) StdoutLine: {'line': b'-- Installing: /root/install/vehicle_interfaces/include/vehicle_interfaces/srv/detail/reset_serial_port__rosidl_typesupport_fastrtps_c.h\n'}
[34.615882] (vehicle_interfaces) StdoutLine: {'line': b'-- Installing: /root/install/vehicle_interfaces/include/vehicle_interfaces/srv/detail/get_device_status__rosidl_typesupport_fastrtps_c.h\n'}
[34.616035] (vehicle_interfaces) StdoutLine: {'line': b'-- Installing: /root/install/vehicle_interfaces/include/vehicle_interfaces/srv/detail/get_serial_port__rosidl_typesupport_fastrtps_c.h\n'}
[34.616263] (vehicle_interfaces) StdoutLine: {'line': b'-- Installing: /root/install/vehicle_interfaces/lib/libvehicle_interfaces__rosidl_typesupport_fastrtps_c.so\n'}
[34.616500] (vehicle_interfaces) StdoutLine: {'line': b'-- Set runtime path of "/root/install/vehicle_interfaces/lib/libvehicle_interfaces__rosidl_typesupport_fastrtps_c.so" to ""\n'}
[34.616733] (vehicle_interfaces) StdoutLine: {'line': b'-- Up-to-date: /root/install/vehicle_interfaces/include/vehicle_interfaces\n'}
[34.616922] (vehicle_interfaces) StdoutLine: {'line': b'-- Up-to-date: /root/install/vehicle_interfaces/include/vehicle_interfaces/msg\n'}
[34.617107] (vehicle_interfaces) StdoutLine: {'line': b'-- Installing: /root/install/vehicle_interfaces/include/vehicle_interfaces/msg/rosidl_typesupport_fastrtps_cpp__visibility_control.h\n'}
[34.617289] (vehicle_interfaces) StdoutLine: {'line': b'-- Up-to-date: /root/install/vehicle_interfaces/include/vehicle_interfaces/msg/detail\n'}
[34.617448] (vehicle_interfaces) StdoutLine: {'line': b'-- Installing: /root/install/vehicle_interfaces/include/vehicle_interfaces/msg/detail/ir_data__rosidl_typesupport_fastrtps_cpp.hpp\n'}
[34.617917] (vehicle_interfaces) StdoutLine: {'line': b'-- Installing: /root/install/vehicle_interfaces/include/vehicle_interfaces/msg/detail/encoder_data__rosidl_typesupport_fastrtps_cpp.hpp\n'}
[34.618082] (vehicle_interfaces) StdoutLine: {'line': b'-- Installing: /root/install/vehicle_interfaces/include/vehicle_interfaces/msg/detail/mpu_data__rosidl_typesupport_fastrtps_cpp.hpp\n'}
[34.618241] (vehicle_interfaces) StdoutLine: {'line': b'-- Installing: /root/install/vehicle_interfaces/include/vehicle_interfaces/msg/detail/qmc_data__rosidl_typesupport_fastrtps_cpp.hpp\n'}
[34.618396] (vehicle_interfaces) StdoutLine: {'line': b'-- Installing: /root/install/vehicle_interfaces/include/vehicle_interfaces/msg/detail/ultrasonic_data__rosidl_typesupport_fastrtps_cpp.hpp\n'}
[34.618567] (vehicle_interfaces) StdoutLine: {'line': b'-- Installing: /root/install/vehicle_interfaces/include/vehicle_interfaces/msg/detail/sensor_data__rosidl_typesupport_fastrtps_cpp.hpp\n'}
[34.619153] (vehicle_interfaces) StdoutLine: {'line': b'-- Installing: /root/install/vehicle_interfaces/include/vehicle_interfaces/msg/detail/control_data__rosidl_typesupport_fastrtps_cpp.hpp\n'}
[34.619293] (vehicle_interfaces) StdoutLine: {'line': b'-- Installing: /root/install/vehicle_interfaces/include/vehicle_interfaces/msg/detail/to_f_data__rosidl_typesupport_fastrtps_cpp.hpp\n'}
[34.619386] (vehicle_interfaces) StdoutLine: {'line': b'-- Installing: /root/install/vehicle_interfaces/include/vehicle_interfaces/msg/detail/temperature_data__rosidl_typesupport_fastrtps_cpp.hpp\n'}
[34.619482] (vehicle_interfaces) StdoutLine: {'line': b'-- Installing: /root/install/vehicle_interfaces/include/vehicle_interfaces/msg/detail/dds_fastrtps\n'}
[34.619564] (vehicle_interfaces) StdoutLine: {'line': b'-- Installing: /root/install/vehicle_interfaces/include/vehicle_interfaces/msg/detail/gps_data__rosidl_typesupport_fastrtps_cpp.hpp\n'}
[34.619684] (vehicle_interfaces) StdoutLine: {'line': b'-- Up-to-date: /root/install/vehicle_interfaces/include/vehicle_interfaces/srv\n'}
[34.619879] (vehicle_interfaces) StdoutLine: {'line': b'-- Up-to-date: /root/install/vehicle_interfaces/include/vehicle_interfaces/srv/detail\n'}
[34.620069] (vehicle_interfaces) StdoutLine: {'line': b'-- Installing: /root/install/vehicle_interfaces/include/vehicle_interfaces/srv/detail/get_device_status__rosidl_typesupport_fastrtps_cpp.hpp\n'}
[34.620221] (vehicle_interfaces) StdoutLine: {'line': b'-- Installing: /root/install/vehicle_interfaces/include/vehicle_interfaces/srv/detail/get_serial_port__rosidl_typesupport_fastrtps_cpp.hpp\n'}
[34.620420] (vehicle_interfaces) StdoutLine: {'line': b'-- Installing: /root/install/vehicle_interfaces/include/vehicle_interfaces/srv/detail/reset_serial_port__rosidl_typesupport_fastrtps_cpp.hpp\n'}
[34.620585] (vehicle_interfaces) StdoutLine: {'line': b'-- Installing: /root/install/vehicle_interfaces/include/vehicle_interfaces/srv/detail/dds_fastrtps\n'}
[34.620767] (vehicle_interfaces) StdoutLine: {'line': b'-- Installing: /root/install/vehicle_interfaces/lib/libvehicle_interfaces__rosidl_typesupport_fastrtps_cpp.so\n'}
[34.621363] (vehicle_interfaces) StdoutLine: {'line': b'-- Set runtime path of "/root/install/vehicle_interfaces/lib/libvehicle_interfaces__rosidl_typesupport_fastrtps_cpp.so" to ""\n'}
[34.621603] (vehicle_interfaces) StdoutLine: {'line': b'-- Up-to-date: /root/install/vehicle_interfaces/include/vehicle_interfaces\n'}
[34.621870] (vehicle_interfaces) StdoutLine: {'line': b'-- Up-to-date: /root/install/vehicle_interfaces/include/vehicle_interfaces/msg\n'}
[34.622060] (vehicle_interfaces) StdoutLine: {'line': b'-- Installing: /root/install/vehicle_interfaces/include/vehicle_interfaces/msg/rosidl_typesupport_introspection_c__visibility_control.h\n'}
[34.622250] (vehicle_interfaces) StdoutLine: {'line': b'-- Up-to-date: /root/install/vehicle_interfaces/include/vehicle_interfaces/msg/detail\n'}
[34.622438] (vehicle_interfaces) StdoutLine: {'line': b'-- Installing: /root/install/vehicle_interfaces/include/vehicle_interfaces/msg/detail/gps_data__rosidl_typesupport_introspection_c.h\n'}
[34.622621] (vehicle_interfaces) StdoutLine: {'line': b'-- Installing: /root/install/vehicle_interfaces/include/vehicle_interfaces/msg/detail/mpu_data__type_support.c\n'}
[34.622826] (vehicle_interfaces) StdoutLine: {'line': b'-- Installing: /root/install/vehicle_interfaces/include/vehicle_interfaces/msg/detail/qmc_data__rosidl_typesupport_introspection_c.h\n'}
[34.623015] (vehicle_interfaces) StdoutLine: {'line': b'-- Installing: /root/install/vehicle_interfaces/include/vehicle_interfaces/msg/detail/ultrasonic_data__rosidl_typesupport_introspection_c.h\n'}
[34.623204] (vehicle_interfaces) StdoutLine: {'line': b'-- Installing: /root/install/vehicle_interfaces/include/vehicle_interfaces/msg/detail/gps_data__type_support.c\n'}
[34.623397] (vehicle_interfaces) StdoutLine: {'line': b'-- Installing: /root/install/vehicle_interfaces/include/vehicle_interfaces/msg/detail/control_data__rosidl_typesupport_introspection_c.h\n'}
[34.623586] (vehicle_interfaces) StdoutLine: {'line': b'-- Installing: /root/install/vehicle_interfaces/include/vehicle_interfaces/msg/detail/control_data__type_support.c\n'}
[34.623792] (vehicle_interfaces) StdoutLine: {'line': b'-- Installing: /root/install/vehicle_interfaces/include/vehicle_interfaces/msg/detail/ir_data__rosidl_typesupport_introspection_c.h\n'}
[34.623979] (vehicle_interfaces) StdoutLine: {'line': b'-- Installing: /root/install/vehicle_interfaces/include/vehicle_interfaces/msg/detail/to_f_data__rosidl_typesupport_introspection_c.h\n'}
[34.624176] (vehicle_interfaces) StdoutLine: {'line': b'-- Installing: /root/install/vehicle_interfaces/include/vehicle_interfaces/msg/detail/mpu_data__rosidl_typesupport_introspection_c.h\n'}
[34.624390] (vehicle_interfaces) StdoutLine: {'line': b'-- Installing: /root/install/vehicle_interfaces/include/vehicle_interfaces/msg/detail/ir_data__type_support.c\n'}
[34.624598] (vehicle_interfaces) StdoutLine: {'line': b'-- Installing: /root/install/vehicle_interfaces/include/vehicle_interfaces/msg/detail/temperature_data__rosidl_typesupport_introspection_c.h\n'}
[34.624825] (vehicle_interfaces) StdoutLine: {'line': b'-- Installing: /root/install/vehicle_interfaces/include/vehicle_interfaces/msg/detail/encoder_data__rosidl_typesupport_introspection_c.h\n'}
[34.625016] (vehicle_interfaces) StdoutLine: {'line': b'-- Installing: /root/install/vehicle_interfaces/include/vehicle_interfaces/msg/detail/ultrasonic_data__type_support.c\n'}
[34.625204] (vehicle_interfaces) StdoutLine: {'line': b'-- Installing: /root/install/vehicle_interfaces/include/vehicle_interfaces/msg/detail/encoder_data__type_support.c\n'}
[34.625389] (vehicle_interfaces) StdoutLine: {'line': b'-- Installing: /root/install/vehicle_interfaces/include/vehicle_interfaces/msg/detail/temperature_data__type_support.c\n'}
[34.625590] (vehicle_interfaces) StdoutLine: {'line': b'-- Installing: /root/install/vehicle_interfaces/include/vehicle_interfaces/msg/detail/qmc_data__type_support.c\n'}
[34.625783] (vehicle_interfaces) StdoutLine: {'line': b'-- Installing: /root/install/vehicle_interfaces/include/vehicle_interfaces/msg/detail/to_f_data__type_support.c\n'}
[34.626035] (vehicle_interfaces) StdoutLine: {'line': b'-- Installing: /root/install/vehicle_interfaces/include/vehicle_interfaces/msg/detail/sensor_data__rosidl_typesupport_introspection_c.h\n'}
[34.626223] (vehicle_interfaces) StdoutLine: {'line': b'-- Installing: /root/install/vehicle_interfaces/include/vehicle_interfaces/msg/detail/sensor_data__type_support.c\n'}
[34.626439] (vehicle_interfaces) StdoutLine: {'line': b'-- Up-to-date: /root/install/vehicle_interfaces/include/vehicle_interfaces/srv\n'}
[34.626641] (vehicle_interfaces) StdoutLine: {'line': b'-- Up-to-date: /root/install/vehicle_interfaces/include/vehicle_interfaces/srv/detail\n'}
[34.626834] (vehicle_interfaces) StdoutLine: {'line': b'-- Installing: /root/install/vehicle_interfaces/include/vehicle_interfaces/srv/detail/get_serial_port__type_support.c\n'}
[34.627030] (vehicle_interfaces) StdoutLine: {'line': b'-- Installing: /root/install/vehicle_interfaces/include/vehicle_interfaces/srv/detail/reset_serial_port__rosidl_typesupport_introspection_c.h\n'}
[34.627187] (vehicle_interfaces) StdoutLine: {'line': b'-- Installing: /root/install/vehicle_interfaces/include/vehicle_interfaces/srv/detail/reset_serial_port__type_support.c\n'}
[34.627338] (vehicle_interfaces) StdoutLine: {'line': b'-- Installing: /root/install/vehicle_interfaces/include/vehicle_interfaces/srv/detail/get_serial_port__rosidl_typesupport_introspection_c.h\n'}
[34.627545] (vehicle_interfaces) StdoutLine: {'line': b'-- Installing: /root/install/vehicle_interfaces/include/vehicle_interfaces/srv/detail/get_device_status__rosidl_typesupport_introspection_c.h\n'}
[34.627718] (vehicle_interfaces) StdoutLine: {'line': b'-- Installing: /root/install/vehicle_interfaces/include/vehicle_interfaces/srv/detail/get_device_status__type_support.c\n'}
[34.627865] (vehicle_interfaces) StdoutLine: {'line': b'-- Installing: /root/install/vehicle_interfaces/lib/libvehicle_interfaces__rosidl_typesupport_introspection_c.so\n'}
[34.628288] (vehicle_interfaces) StdoutLine: {'line': b'-- Set runtime path of "/root/install/vehicle_interfaces/lib/libvehicle_interfaces__rosidl_typesupport_introspection_c.so" to ""\n'}
[34.628527] (vehicle_interfaces) StdoutLine: {'line': b'-- Installing: /root/install/vehicle_interfaces/lib/libvehicle_interfaces__rosidl_typesupport_c.so\n'}
[34.629857] (vehicle_interfaces) StdoutLine: {'line': b'-- Set runtime path of "/root/install/vehicle_interfaces/lib/libvehicle_interfaces__rosidl_typesupport_c.so" to ""\n'}
[34.630140] (vehicle_interfaces) StdoutLine: {'line': b'-- Up-to-date: /root/install/vehicle_interfaces/include/vehicle_interfaces\n'}
[34.630340] (vehicle_interfaces) StdoutLine: {'line': b'-- Up-to-date: /root/install/vehicle_interfaces/include/vehicle_interfaces/msg\n'}
[34.630482] (vehicle_interfaces) StdoutLine: {'line': b'-- Installing: /root/install/vehicle_interfaces/include/vehicle_interfaces/msg/mpu_data.hpp\n'}
[34.630664] (vehicle_interfaces) StdoutLine: {'line': b'-- Installing: /root/install/vehicle_interfaces/include/vehicle_interfaces/msg/to_f_data.hpp\n'}
[34.630935] (vehicle_interfaces) StdoutLine: {'line': b'-- Installing: /root/install/vehicle_interfaces/include/vehicle_interfaces/msg/ir_data.hpp\n'}
[34.631216] (vehicle_interfaces) StdoutLine: {'line': b'-- Installing: /root/install/vehicle_interfaces/include/vehicle_interfaces/msg/control_data.hpp\n'}
[34.631464] (vehicle_interfaces) StdoutLine: {'line': b'-- Installing: /root/install/vehicle_interfaces/include/vehicle_interfaces/msg/rosidl_generator_cpp__visibility_control.hpp\n'}
[34.631836] (vehicle_interfaces) StdoutLine: {'line': b'-- Installing: /root/install/vehicle_interfaces/include/vehicle_interfaces/msg/ultrasonic_data.hpp\n'}
[34.632079] (vehicle_interfaces) StdoutLine: {'line': b'-- Installing: /root/install/vehicle_interfaces/include/vehicle_interfaces/msg/encoder_data.hpp\n'}
[34.632277] (vehicle_interfaces) StdoutLine: {'line': b'-- Installing: /root/install/vehicle_interfaces/include/vehicle_interfaces/msg/gps_data.hpp\n'}
[34.632451] (vehicle_interfaces) StdoutLine: {'line': b'-- Installing: /root/install/vehicle_interfaces/include/vehicle_interfaces/msg/temperature_data.hpp\n'}
[34.632724] (vehicle_interfaces) StdoutLine: {'line': b'-- Installing: /root/install/vehicle_interfaces/include/vehicle_interfaces/msg/qmc_data.hpp\n'}
[34.632876] (vehicle_interfaces) StdoutLine: {'line': b'-- Up-to-date: /root/install/vehicle_interfaces/include/vehicle_interfaces/msg/detail\n'}
[34.633023] (vehicle_interfaces) StdoutLine: {'line': b'-- Installing: /root/install/vehicle_interfaces/include/vehicle_interfaces/msg/detail/control_data__builder.hpp\n'}
[34.633167] (vehicle_interfaces) StdoutLine: {'line': b'-- Installing: /root/install/vehicle_interfaces/include/vehicle_interfaces/msg/detail/mpu_data__type_support.hpp\n'}
[34.633307] (vehicle_interfaces) StdoutLine: {'line': b'-- Installing: /root/install/vehicle_interfaces/include/vehicle_interfaces/msg/detail/encoder_data__builder.hpp\n'}
[34.633457] (vehicle_interfaces) StdoutLine: {'line': b'-- Installing: /root/install/vehicle_interfaces/include/vehicle_interfaces/msg/detail/ultrasonic_data__traits.hpp\n'}
[34.633591] (vehicle_interfaces) StdoutLine: {'line': b'-- Installing: /root/install/vehicle_interfaces/include/vehicle_interfaces/msg/detail/to_f_data__builder.hpp\n'}
[34.633868] (vehicle_interfaces) StdoutLine: {'line': b'-- Installing: /root/install/vehicle_interfaces/include/vehicle_interfaces/msg/detail/control_data__type_support.hpp\n'}
[34.634855] (vehicle_interfaces) StdoutLine: {'line': b'-- Installing: /root/install/vehicle_interfaces/include/vehicle_interfaces/msg/detail/mpu_data__builder.hpp\n'}
[34.635163] (vehicle_interfaces) StdoutLine: {'line': b'-- Installing: /root/install/vehicle_interfaces/include/vehicle_interfaces/msg/detail/gps_data__builder.hpp\n'}
[34.635418] (vehicle_interfaces) StdoutLine: {'line': b'-- Installing: /root/install/vehicle_interfaces/include/vehicle_interfaces/msg/detail/sensor_data__traits.hpp\n'}
[34.635697] (vehicle_interfaces) StdoutLine: {'line': b'-- Installing: /root/install/vehicle_interfaces/include/vehicle_interfaces/msg/detail/temperature_data__type_support.hpp\n'}
[34.635972] (vehicle_interfaces) StdoutLine: {'line': b'-- Installing: /root/install/vehicle_interfaces/include/vehicle_interfaces/msg/detail/ir_data__builder.hpp\n'}
[34.636179] (vehicle_interfaces) StdoutLine: {'line': b'-- Installing: /root/install/vehicle_interfaces/include/vehicle_interfaces/msg/detail/sensor_data__builder.hpp\n'}
[34.636438] (vehicle_interfaces) StdoutLine: {'line': b'-- Installing: /root/install/vehicle_interfaces/include/vehicle_interfaces/msg/detail/qmc_data__struct.hpp\n'}
[34.636723] (vehicle_interfaces) StdoutLine: {'line': b'-- Installing: /root/install/vehicle_interfaces/include/vehicle_interfaces/msg/detail/sensor_data__struct.hpp\n'}
[34.637398] (vehicle_interfaces) StdoutLine: {'line': b'-- Installing: /root/install/vehicle_interfaces/include/vehicle_interfaces/msg/detail/temperature_data__struct.hpp\n'}
[34.637606] (vehicle_interfaces) StdoutLine: {'line': b'-- Installing: /root/install/vehicle_interfaces/include/vehicle_interfaces/msg/detail/gps_data__type_support.hpp\n'}
[34.637931] (vehicle_interfaces) StdoutLine: {'line': b'-- Installing: /root/install/vehicle_interfaces/include/vehicle_interfaces/msg/detail/sensor_data__type_support.hpp\n'}
[34.638202] (vehicle_interfaces) StdoutLine: {'line': b'-- Installing: /root/install/vehicle_interfaces/include/vehicle_interfaces/msg/detail/temperature_data__traits.hpp\n'}
[34.638478] (vehicle_interfaces) StdoutLine: {'line': b'-- Installing: /root/install/vehicle_interfaces/include/vehicle_interfaces/msg/detail/ir_data__type_support.hpp\n'}
[34.638672] (vehicle_interfaces) StdoutLine: {'line': b'-- Installing: /root/install/vehicle_interfaces/include/vehicle_interfaces/msg/detail/mpu_data__traits.hpp\n'}
[34.638845] (vehicle_interfaces) StdoutLine: {'line': b'-- Installing: /root/install/vehicle_interfaces/include/vehicle_interfaces/msg/detail/mpu_data__struct.hpp\n'}
[34.639014] (vehicle_interfaces) StdoutLine: {'line': b'-- Installing: /root/install/vehicle_interfaces/include/vehicle_interfaces/msg/detail/control_data__struct.hpp\n'}
[34.639281] (vehicle_interfaces) StdoutLine: {'line': b'-- Installing: /root/install/vehicle_interfaces/include/vehicle_interfaces/msg/detail/temperature_data__builder.hpp\n'}
[34.639476] (vehicle_interfaces) StdoutLine: {'line': b'-- Installing: /root/install/vehicle_interfaces/include/vehicle_interfaces/msg/detail/gps_data__struct.hpp\n'}
[34.639651] (vehicle_interfaces) StdoutLine: {'line': b'-- Installing: /root/install/vehicle_interfaces/include/vehicle_interfaces/msg/detail/ir_data__struct.hpp\n'}
[34.639814] (vehicle_interfaces) StdoutLine: {'line': b'-- Installing: /root/install/vehicle_interfaces/include/vehicle_interfaces/msg/detail/encoder_data__type_support.hpp\n'}
[34.640067] (vehicle_interfaces) StdoutLine: {'line': b'-- Installing: /root/install/vehicle_interfaces/include/vehicle_interfaces/msg/detail/encoder_data__traits.hpp\n'}
[34.640319] (vehicle_interfaces) StdoutLine: {'line': b'-- Installing: /root/install/vehicle_interfaces/include/vehicle_interfaces/msg/detail/encoder_data__struct.hpp\n'}
[34.640484] (vehicle_interfaces) StdoutLine: {'line': b'-- Installing: /root/install/vehicle_interfaces/include/vehicle_interfaces/msg/detail/to_f_data__traits.hpp\n'}
[34.640650] (vehicle_interfaces) StdoutLine: {'line': b'-- Installing: /root/install/vehicle_interfaces/include/vehicle_interfaces/msg/detail/qmc_data__type_support.hpp\n'}
[34.640806] (vehicle_interfaces) StdoutLine: {'line': b'-- Installing: /root/install/vehicle_interfaces/include/vehicle_interfaces/msg/detail/control_data__traits.hpp\n'}
[34.641057] (vehicle_interfaces) StdoutLine: {'line': b'-- Installing: /root/install/vehicle_interfaces/include/vehicle_interfaces/msg/detail/ir_data__traits.hpp\n'}
[34.641240] (vehicle_interfaces) StdoutLine: {'line': b'-- Installing: /root/install/vehicle_interfaces/include/vehicle_interfaces/msg/detail/to_f_data__struct.hpp\n'}
[34.641400] (vehicle_interfaces) StdoutLine: {'line': b'-- Installing: /root/install/vehicle_interfaces/include/vehicle_interfaces/msg/detail/gps_data__traits.hpp\n'}
[34.641556] (vehicle_interfaces) StdoutLine: {'line': b'-- Installing: /root/install/vehicle_interfaces/include/vehicle_interfaces/msg/detail/ultrasonic_data__struct.hpp\n'}
[34.641781] (vehicle_interfaces) StdoutLine: {'line': b'-- Installing: /root/install/vehicle_interfaces/include/vehicle_interfaces/msg/detail/to_f_data__type_support.hpp\n'}
[34.642030] (vehicle_interfaces) StdoutLine: {'line': b'-- Installing: /root/install/vehicle_interfaces/include/vehicle_interfaces/msg/detail/ultrasonic_data__type_support.hpp\n'}
[34.642223] (vehicle_interfaces) StdoutLine: {'line': b'-- Installing: /root/install/vehicle_interfaces/include/vehicle_interfaces/msg/detail/qmc_data__traits.hpp\n'}
[34.642337] (vehicle_interfaces) StdoutLine: {'line': b'-- Installing: /root/install/vehicle_interfaces/include/vehicle_interfaces/msg/detail/qmc_data__builder.hpp\n'}
[34.642490] (vehicle_interfaces) StdoutLine: {'line': b'-- Installing: /root/install/vehicle_interfaces/include/vehicle_interfaces/msg/detail/ultrasonic_data__builder.hpp\n'}
[34.642755] (vehicle_interfaces) StdoutLine: {'line': b'-- Installing: /root/install/vehicle_interfaces/include/vehicle_interfaces/msg/sensor_data.hpp\n'}
[34.642974] (vehicle_interfaces) StdoutLine: {'line': b'-- Up-to-date: /root/install/vehicle_interfaces/include/vehicle_interfaces/srv\n'}
[34.643141] (vehicle_interfaces) StdoutLine: {'line': b'-- Installing: /root/install/vehicle_interfaces/include/vehicle_interfaces/srv/get_serial_port.hpp\n'}
[34.643286] (vehicle_interfaces) StdoutLine: {'line': b'-- Installing: /root/install/vehicle_interfaces/include/vehicle_interfaces/srv/get_device_status.hpp\n'}
[34.643558] (vehicle_interfaces) StdoutLine: {'line': b'-- Installing: /root/install/vehicle_interfaces/include/vehicle_interfaces/srv/reset_serial_port.hpp\n'}
[34.643797] (vehicle_interfaces) StdoutLine: {'line': b'-- Up-to-date: /root/install/vehicle_interfaces/include/vehicle_interfaces/srv/detail\n'}
[34.643950] (vehicle_interfaces) StdoutLine: {'line': b'-- Installing: /root/install/vehicle_interfaces/include/vehicle_interfaces/srv/detail/get_serial_port__type_support.hpp\n'}
[34.644182] (vehicle_interfaces) StdoutLine: {'line': b'-- Installing: /root/install/vehicle_interfaces/include/vehicle_interfaces/srv/detail/get_device_status__traits.hpp\n'}
[34.644362] (vehicle_interfaces) StdoutLine: {'line': b'-- Installing: /root/install/vehicle_interfaces/include/vehicle_interfaces/srv/detail/get_serial_port__traits.hpp\n'}
[34.644586] (vehicle_interfaces) StdoutLine: {'line': b'-- Installing: /root/install/vehicle_interfaces/include/vehicle_interfaces/srv/detail/get_serial_port__struct.hpp\n'}
[34.644786] (vehicle_interfaces) StdoutLine: {'line': b'-- Installing: /root/install/vehicle_interfaces/include/vehicle_interfaces/srv/detail/reset_serial_port__traits.hpp\n'}
[34.645084] (vehicle_interfaces) StdoutLine: {'line': b'-- Installing: /root/install/vehicle_interfaces/include/vehicle_interfaces/srv/detail/get_serial_port__builder.hpp\n'}
[34.645271] (vehicle_interfaces) StdoutLine: {'line': b'-- Installing: /root/install/vehicle_interfaces/include/vehicle_interfaces/srv/detail/reset_serial_port__struct.hpp\n'}
[34.645498] (vehicle_interfaces) StdoutLine: {'line': b'-- Installing: /root/install/vehicle_interfaces/include/vehicle_interfaces/srv/detail/get_device_status__builder.hpp\n'}
[34.645751] (vehicle_interfaces) StdoutLine: {'line': b'-- Installing: /root/install/vehicle_interfaces/include/vehicle_interfaces/srv/detail/reset_serial_port__builder.hpp\n'}
[34.645992] (vehicle_interfaces) StdoutLine: {'line': b'-- Installing: /root/install/vehicle_interfaces/include/vehicle_interfaces/srv/detail/get_device_status__type_support.hpp\n'}
[34.646229] (vehicle_interfaces) StdoutLine: {'line': b'-- Installing: /root/install/vehicle_interfaces/include/vehicle_interfaces/srv/detail/reset_serial_port__type_support.hpp\n'}
[34.646444] (vehicle_interfaces) StdoutLine: {'line': b'-- Installing: /root/install/vehicle_interfaces/include/vehicle_interfaces/srv/detail/get_device_status__struct.hpp\n'}
[34.646811] (vehicle_interfaces) StdoutLine: {'line': b'-- Up-to-date: /root/install/vehicle_interfaces/include/vehicle_interfaces\n'}
[34.647072] (vehicle_interfaces) StdoutLine: {'line': b'-- Up-to-date: /root/install/vehicle_interfaces/include/vehicle_interfaces/msg\n'}
[34.647255] (vehicle_interfaces) StdoutLine: {'line': b'-- Up-to-date: /root/install/vehicle_interfaces/include/vehicle_interfaces/msg/detail\n'}
[34.647430] (vehicle_interfaces) StdoutLine: {'line': b'-- Installing: /root/install/vehicle_interfaces/include/vehicle_interfaces/msg/detail/temperature_data__rosidl_typesupport_introspection_cpp.hpp\n'}
[34.647682] (vehicle_interfaces) StdoutLine: {'line': b'-- Installing: /root/install/vehicle_interfaces/include/vehicle_interfaces/msg/detail/control_data__rosidl_typesupport_introspection_cpp.hpp\n'}
[34.647861] (vehicle_interfaces) StdoutLine: {'line': b'-- Installing: /root/install/vehicle_interfaces/include/vehicle_interfaces/msg/detail/mpu_data__rosidl_typesupport_introspection_cpp.hpp\n'}
[34.648021] (vehicle_interfaces) StdoutLine: {'line': b'-- Installing: /root/install/vehicle_interfaces/include/vehicle_interfaces/msg/detail/qmc_data__rosidl_typesupport_introspection_cpp.hpp\n'}
[34.648270] (vehicle_interfaces) StdoutLine: {'line': b'-- Installing: /root/install/vehicle_interfaces/include/vehicle_interfaces/msg/detail/to_f_data__type_support.cpp\n'}
[34.648440] (vehicle_interfaces) StdoutLine: {'line': b'-- Installing: /root/install/vehicle_interfaces/include/vehicle_interfaces/msg/detail/ir_data__rosidl_typesupport_introspection_cpp.hpp\n'}
[34.648682] (vehicle_interfaces) StdoutLine: {'line': b'-- Installing: /root/install/vehicle_interfaces/include/vehicle_interfaces/msg/detail/ir_data__type_support.cpp\n'}
[34.648922] (vehicle_interfaces) StdoutLine: {'line': b'-- Installing: /root/install/vehicle_interfaces/include/vehicle_interfaces/msg/detail/sensor_data__type_support.cpp\n'}
[34.649105] (vehicle_interfaces) StdoutLine: {'line': b'-- Installing: /root/install/vehicle_interfaces/include/vehicle_interfaces/msg/detail/gps_data__type_support.cpp\n'}
[34.649269] (vehicle_interfaces) StdoutLine: {'line': b'-- Installing: /root/install/vehicle_interfaces/include/vehicle_interfaces/msg/detail/sensor_data__rosidl_typesupport_introspection_cpp.hpp\n'}
[34.649497] (vehicle_interfaces) StdoutLine: {'line': b'-- Installing: /root/install/vehicle_interfaces/include/vehicle_interfaces/msg/detail/ultrasonic_data__rosidl_typesupport_introspection_cpp.hpp\n'}
[34.649734] (vehicle_interfaces) StdoutLine: {'line': b'-- Installing: /root/install/vehicle_interfaces/include/vehicle_interfaces/msg/detail/encoder_data__rosidl_typesupport_introspection_cpp.hpp\n'}
[34.649984] (vehicle_interfaces) StdoutLine: {'line': b'-- Installing: /root/install/vehicle_interfaces/include/vehicle_interfaces/msg/detail/gps_data__rosidl_typesupport_introspection_cpp.hpp\n'}
[34.650174] (vehicle_interfaces) StdoutLine: {'line': b'-- Installing: /root/install/vehicle_interfaces/include/vehicle_interfaces/msg/detail/to_f_data__rosidl_typesupport_introspection_cpp.hpp\n'}
[34.650398] (vehicle_interfaces) StdoutLine: {'line': b'-- Installing: /root/install/vehicle_interfaces/include/vehicle_interfaces/msg/detail/control_data__type_support.cpp\n'}
[34.650630] (vehicle_interfaces) StdoutLine: {'line': b'-- Installing: /root/install/vehicle_interfaces/include/vehicle_interfaces/msg/detail/mpu_data__type_support.cpp\n'}
[34.650862] (vehicle_interfaces) StdoutLine: {'line': b'-- Installing: /root/install/vehicle_interfaces/include/vehicle_interfaces/msg/detail/encoder_data__type_support.cpp\n'}
[34.651110] (vehicle_interfaces) StdoutLine: {'line': b'-- Installing: /root/install/vehicle_interfaces/include/vehicle_interfaces/msg/detail/qmc_data__type_support.cpp\n'}
[34.651354] (vehicle_interfaces) StdoutLine: {'line': b'-- Installing: /root/install/vehicle_interfaces/include/vehicle_interfaces/msg/detail/temperature_data__type_support.cpp\n'}
[34.651708] (vehicle_interfaces) StdoutLine: {'line': b'-- Installing: /root/install/vehicle_interfaces/include/vehicle_interfaces/msg/detail/ultrasonic_data__type_support.cpp\n'}
[34.652042] (vehicle_interfaces) StdoutLine: {'line': b'-- Up-to-date: /root/install/vehicle_interfaces/include/vehicle_interfaces/srv\n'}
[34.652327] (vehicle_interfaces) StdoutLine: {'line': b'-- Up-to-date: /root/install/vehicle_interfaces/include/vehicle_interfaces/srv/detail\n'}
[34.652496] (vehicle_interfaces) StdoutLine: {'line': b'-- Installing: /root/install/vehicle_interfaces/include/vehicle_interfaces/srv/detail/get_serial_port__rosidl_typesupport_introspection_cpp.hpp\n'}
[34.652760] (vehicle_interfaces) StdoutLine: {'line': b'-- Installing: /root/install/vehicle_interfaces/include/vehicle_interfaces/srv/detail/get_device_status__type_support.cpp\n'}
[34.652983] (vehicle_interfaces) StdoutLine: {'line': b'-- Installing: /root/install/vehicle_interfaces/include/vehicle_interfaces/srv/detail/reset_serial_port__rosidl_typesupport_introspection_cpp.hpp\n'}
[34.653206] (vehicle_interfaces) StdoutLine: {'line': b'-- Installing: /root/install/vehicle_interfaces/include/vehicle_interfaces/srv/detail/get_device_status__rosidl_typesupport_introspection_cpp.hpp\n'}
[34.653503] (vehicle_interfaces) StdoutLine: {'line': b'-- Installing: /root/install/vehicle_interfaces/include/vehicle_interfaces/srv/detail/reset_serial_port__type_support.cpp\n'}
[34.653828] (vehicle_interfaces) StdoutLine: {'line': b'-- Installing: /root/install/vehicle_interfaces/include/vehicle_interfaces/srv/detail/get_serial_port__type_support.cpp\n'}
[34.654288] (vehicle_interfaces) StdoutLine: {'line': b'-- Installing: /root/install/vehicle_interfaces/lib/libvehicle_interfaces__rosidl_typesupport_introspection_cpp.so\n'}
[34.655445] (vehicle_interfaces) StdoutLine: {'line': b'-- Set runtime path of "/root/install/vehicle_interfaces/lib/libvehicle_interfaces__rosidl_typesupport_introspection_cpp.so" to ""\n'}
[34.655804] (vehicle_interfaces) StdoutLine: {'line': b'-- Installing: /root/install/vehicle_interfaces/lib/libvehicle_interfaces__rosidl_typesupport_cpp.so\n'}
[34.656506] (vehicle_interfaces) StdoutLine: {'line': b'-- Set runtime path of "/root/install/vehicle_interfaces/lib/libvehicle_interfaces__rosidl_typesupport_cpp.so" to ""\n'}
[34.656809] (vehicle_interfaces) StdoutLine: {'line': b'-- Installing: /root/install/vehicle_interfaces/share/vehicle_interfaces/environment/pythonpath.sh\n'}
[34.657302] (vehicle_interfaces) StdoutLine: {'line': b'-- Installing: /root/install/vehicle_interfaces/share/vehicle_interfaces/environment/pythonpath.dsv\n'}
[34.658417] (vehicle_interfaces) StdoutLine: {'line': b'-- Installing: /root/install/vehicle_interfaces/lib/python3.8/site-packages/vehicle_interfaces/__init__.py\n'}
[34.672227] (-) TimerEvent: {}
[34.717812] (vehicle_interfaces) StdoutLine: {'line': b"Compiling '/root/install/vehicle_interfaces/lib/python3.8/site-packages/vehicle_interfaces/__init__.py'...\n"}
[34.726456] (vehicle_interfaces) StdoutLine: {'line': b'-- Installing: /root/install/vehicle_interfaces/lib/python3.8/site-packages/vehicle_interfaces/srv\n'}
[34.727206] (vehicle_interfaces) StdoutLine: {'line': b'-- Installing: /root/install/vehicle_interfaces/lib/python3.8/site-packages/vehicle_interfaces/srv/_reset_serial_port_s.c\n'}
[34.727854] (vehicle_interfaces) StdoutLine: {'line': b'-- Installing: /root/install/vehicle_interfaces/lib/python3.8/site-packages/vehicle_interfaces/srv/_reset_serial_port.py\n'}
[34.728212] (vehicle_interfaces) StdoutLine: {'line': b'-- Installing: /root/install/vehicle_interfaces/lib/python3.8/site-packages/vehicle_interfaces/srv/_get_serial_port_s.c\n'}
[34.728465] (vehicle_interfaces) StdoutLine: {'line': b'-- Installing: /root/install/vehicle_interfaces/lib/python3.8/site-packages/vehicle_interfaces/srv/_get_device_status.py\n'}
[34.728791] (vehicle_interfaces) StdoutLine: {'line': b'-- Installing: /root/install/vehicle_interfaces/lib/python3.8/site-packages/vehicle_interfaces/srv/__init__.py\n'}
[34.729060] (vehicle_interfaces) StdoutLine: {'line': b'-- Installing: /root/install/vehicle_interfaces/lib/python3.8/site-packages/vehicle_interfaces/srv/_get_device_status_s.c\n'}
[34.729338] (vehicle_interfaces) StdoutLine: {'line': b'-- Installing: /root/install/vehicle_interfaces/lib/python3.8/site-packages/vehicle_interfaces/srv/_get_serial_port.py\n'}
[34.729509] (vehicle_interfaces) StdoutLine: {'line': b'-- Installing: /root/install/vehicle_interfaces/lib/python3.8/site-packages/vehicle_interfaces/msg\n'}
[34.730792] (vehicle_interfaces) StdoutLine: {'line': b'-- Installing: /root/install/vehicle_interfaces/lib/python3.8/site-packages/vehicle_interfaces/msg/_control_data.py\n'}
[34.731083] (vehicle_interfaces) StdoutLine: {'line': b'-- Installing: /root/install/vehicle_interfaces/lib/python3.8/site-packages/vehicle_interfaces/msg/_ir_data_s.c\n'}
[34.731294] (vehicle_interfaces) StdoutLine: {'line': b'-- Installing: /root/install/vehicle_interfaces/lib/python3.8/site-packages/vehicle_interfaces/msg/_to_f_data_s.c\n'}
[34.732401] (vehicle_interfaces) StdoutLine: {'line': b'-- Installing: /root/install/vehicle_interfaces/lib/python3.8/site-packages/vehicle_interfaces/msg/_ultrasonic_data_s.c\n'}
[34.732821] (vehicle_interfaces) StdoutLine: {'line': b'-- Installing: /root/install/vehicle_interfaces/lib/python3.8/site-packages/vehicle_interfaces/msg/_to_f_data.py\n'}
[34.733158] (vehicle_interfaces) StdoutLine: {'line': b'-- Installing: /root/install/vehicle_interfaces/lib/python3.8/site-packages/vehicle_interfaces/msg/_encoder_data_s.c\n'}
[34.733457] (vehicle_interfaces) StdoutLine: {'line': b'-- Installing: /root/install/vehicle_interfaces/lib/python3.8/site-packages/vehicle_interfaces/msg/_mpu_data_s.c\n'}
[34.733696] (vehicle_interfaces) StdoutLine: {'line': b'-- Installing: /root/install/vehicle_interfaces/lib/python3.8/site-packages/vehicle_interfaces/msg/_sensor_data.py\n'}
[34.734209] (vehicle_interfaces) StdoutLine: {'line': b'-- Installing: /root/install/vehicle_interfaces/lib/python3.8/site-packages/vehicle_interfaces/msg/_encoder_data.py\n'}
[34.734474] (vehicle_interfaces) StdoutLine: {'line': b'-- Installing: /root/install/vehicle_interfaces/lib/python3.8/site-packages/vehicle_interfaces/msg/_gps_data.py\n'}
[34.734773] (vehicle_interfaces) StdoutLine: {'line': b'-- Installing: /root/install/vehicle_interfaces/lib/python3.8/site-packages/vehicle_interfaces/msg/_ir_data.py\n'}
[34.734999] (vehicle_interfaces) StdoutLine: {'line': b'-- Installing: /root/install/vehicle_interfaces/lib/python3.8/site-packages/vehicle_interfaces/msg/_temperature_data_s.c\n'}
[34.735207] (vehicle_interfaces) StdoutLine: {'line': b'-- Installing: /root/install/vehicle_interfaces/lib/python3.8/site-packages/vehicle_interfaces/msg/_mpu_data.py\n'}
[34.735440] (vehicle_interfaces) StdoutLine: {'line': b'-- Installing: /root/install/vehicle_interfaces/lib/python3.8/site-packages/vehicle_interfaces/msg/_gps_data_s.c\n'}
[34.735662] (vehicle_interfaces) StdoutLine: {'line': b'-- Installing: /root/install/vehicle_interfaces/lib/python3.8/site-packages/vehicle_interfaces/msg/_sensor_data_s.c\n'}
[34.735910] (vehicle_interfaces) StdoutLine: {'line': b'-- Installing: /root/install/vehicle_interfaces/lib/python3.8/site-packages/vehicle_interfaces/msg/_qmc_data_s.c\n'}
[34.736214] (vehicle_interfaces) StdoutLine: {'line': b'-- Installing: /root/install/vehicle_interfaces/lib/python3.8/site-packages/vehicle_interfaces/msg/_control_data_s.c\n'}
[34.736423] (vehicle_interfaces) StdoutLine: {'line': b'-- Installing: /root/install/vehicle_interfaces/lib/python3.8/site-packages/vehicle_interfaces/msg/__init__.py\n'}
[34.736655] (vehicle_interfaces) StdoutLine: {'line': b'-- Installing: /root/install/vehicle_interfaces/lib/python3.8/site-packages/vehicle_interfaces/msg/_qmc_data.py\n'}
[34.736813] (vehicle_interfaces) StdoutLine: {'line': b'-- Installing: /root/install/vehicle_interfaces/lib/python3.8/site-packages/vehicle_interfaces/msg/_temperature_data.py\n'}
[34.736952] (vehicle_interfaces) StdoutLine: {'line': b'-- Installing: /root/install/vehicle_interfaces/lib/python3.8/site-packages/vehicle_interfaces/msg/_ultrasonic_data.py\n'}
[34.737252] (vehicle_interfaces) StdoutLine: {'line': b'-- Installing: /root/install/vehicle_interfaces/lib/python3.8/site-packages/vehicle_interfaces/vehicle_interfaces_s__rosidl_typesupport_fastrtps_c.cpython-38-x86_64-linux-gnu.so\n'}
[34.739809] (vehicle_interfaces) StdoutLine: {'line': b'-- Set runtime path of "/root/install/vehicle_interfaces/lib/python3.8/site-packages/vehicle_interfaces/vehicle_interfaces_s__rosidl_typesupport_fastrtps_c.cpython-38-x86_64-linux-gnu.so" to ""\n'}
[34.740064] (vehicle_interfaces) StdoutLine: {'line': b'-- Installing: /root/install/vehicle_interfaces/lib/python3.8/site-packages/vehicle_interfaces/vehicle_interfaces_s__rosidl_typesupport_introspection_c.cpython-38-x86_64-linux-gnu.so\n'}
[34.740213] (vehicle_interfaces) StdoutLine: {'line': b'-- Set runtime path of "/root/install/vehicle_interfaces/lib/python3.8/site-packages/vehicle_interfaces/vehicle_interfaces_s__rosidl_typesupport_introspection_c.cpython-38-x86_64-linux-gnu.so" to ""\n'}
[34.740367] (vehicle_interfaces) StdoutLine: {'line': b'-- Installing: /root/install/vehicle_interfaces/lib/python3.8/site-packages/vehicle_interfaces/vehicle_interfaces_s__rosidl_typesupport_c.cpython-38-x86_64-linux-gnu.so\n'}
[34.740703] (vehicle_interfaces) StdoutLine: {'line': b'-- Set runtime path of "/root/install/vehicle_interfaces/lib/python3.8/site-packages/vehicle_interfaces/vehicle_interfaces_s__rosidl_typesupport_c.cpython-38-x86_64-linux-gnu.so" to ""\n'}
[34.740949] (vehicle_interfaces) StdoutLine: {'line': b'-- Installing: /root/install/vehicle_interfaces/lib/libvehicle_interfaces__python.so\n'}
[34.741777] (vehicle_interfaces) StdoutLine: {'line': b'-- Set runtime path of "/root/install/vehicle_interfaces/lib/libvehicle_interfaces__python.so" to ""\n'}
[34.742032] (vehicle_interfaces) StdoutLine: {'line': b'-- Installing: /root/install/vehicle_interfaces/share/vehicle_interfaces/srv/GetSerialPort.idl\n'}
[34.742296] (vehicle_interfaces) StdoutLine: {'line': b'-- Installing: /root/install/vehicle_interfaces/share/vehicle_interfaces/srv/ResetSerialPort.idl\n'}
[34.742570] (vehicle_interfaces) StdoutLine: {'line': b'-- Installing: /root/install/vehicle_interfaces/share/vehicle_interfaces/srv/GetDeviceStatus.idl\n'}
[34.742927] (vehicle_interfaces) StdoutLine: {'line': b'-- Installing: /root/install/vehicle_interfaces/share/vehicle_interfaces/msg/SensorData.idl\n'}
[34.743248] (vehicle_interfaces) StdoutLine: {'line': b'-- Installing: /root/install/vehicle_interfaces/share/vehicle_interfaces/msg/ControlData.idl\n'}
[34.743522] (vehicle_interfaces) StdoutLine: {'line': b'-- Installing: /root/install/vehicle_interfaces/share/vehicle_interfaces/msg/EncoderData.idl\n'}
[34.743847] (vehicle_interfaces) StdoutLine: {'line': b'-- Installing: /root/install/vehicle_interfaces/share/vehicle_interfaces/msg/GPSData.idl\n'}
[34.744135] (vehicle_interfaces) StdoutLine: {'line': b'-- Installing: /root/install/vehicle_interfaces/share/vehicle_interfaces/msg/IRData.idl\n'}
[34.744425] (vehicle_interfaces) StdoutLine: {'line': b'-- Installing: /root/install/vehicle_interfaces/share/vehicle_interfaces/msg/MPUData.idl\n'}
[34.744704] (vehicle_interfaces) StdoutLine: {'line': b'-- Installing: /root/install/vehicle_interfaces/share/vehicle_interfaces/msg/QMCData.idl\n'}
[34.745266] (vehicle_interfaces) StdoutLine: {'line': b'-- Installing: /root/install/vehicle_interfaces/share/vehicle_interfaces/msg/TemperatureData.idl\n'}
[34.745563] (vehicle_interfaces) StdoutLine: {'line': b'-- Installing: /root/install/vehicle_interfaces/share/vehicle_interfaces/msg/ToFData.idl\n'}
[34.745861] (vehicle_interfaces) StdoutLine: {'line': b'-- Installing: /root/install/vehicle_interfaces/share/vehicle_interfaces/msg/UltrasonicData.idl\n'}
[34.746132] (vehicle_interfaces) StdoutLine: {'line': b'-- Installing: /root/install/vehicle_interfaces/share/vehicle_interfaces/srv/GetSerialPort.srv\n'}
[34.747118] (vehicle_interfaces) StdoutLine: {'line': b'-- Installing: /root/install/vehicle_interfaces/share/vehicle_interfaces/srv/GetSerialPort_Request.msg\n'}
[34.747701] (vehicle_interfaces) StdoutLine: {'line': b'-- Installing: /root/install/vehicle_interfaces/share/vehicle_interfaces/srv/GetSerialPort_Response.msg\n'}
[34.748129] (vehicle_interfaces) StdoutLine: {'line': b'-- Installing: /root/install/vehicle_interfaces/share/vehicle_interfaces/srv/ResetSerialPort.srv\n'}
[34.748874] (vehicle_interfaces) StdoutLine: {'line': b'-- Installing: /root/install/vehicle_interfaces/share/vehicle_interfaces/srv/ResetSerialPort_Request.msg\n'}
[34.749436] (vehicle_interfaces) StdoutLine: {'line': b'-- Installing: /root/install/vehicle_interfaces/share/vehicle_interfaces/srv/ResetSerialPort_Response.msg\n'}
[34.749875] (vehicle_interfaces) StdoutLine: {'line': b'-- Installing: /root/install/vehicle_interfaces/share/vehicle_interfaces/srv/GetDeviceStatus.srv\n'}
[34.750795] (vehicle_interfaces) StdoutLine: {'line': b'-- Installing: /root/install/vehicle_interfaces/share/vehicle_interfaces/srv/GetDeviceStatus_Request.msg\n'}
[34.751559] (vehicle_interfaces) StdoutLine: {'line': b'-- Installing: /root/install/vehicle_interfaces/share/vehicle_interfaces/srv/GetDeviceStatus_Response.msg\n'}
[34.752363] (vehicle_interfaces) StdoutLine: {'line': b'-- Installing: /root/install/vehicle_interfaces/share/vehicle_interfaces/msg/SensorData.msg\n'}
[34.753199] (vehicle_interfaces) StdoutLine: {'line': b'-- Installing: /root/install/vehicle_interfaces/share/vehicle_interfaces/msg/ControlData.msg\n'}
[34.754054] (vehicle_interfaces) StdoutLine: {'line': b'-- Installing: /root/install/vehicle_interfaces/share/vehicle_interfaces/msg/EncoderData.msg\n'}
[34.754855] (vehicle_interfaces) StdoutLine: {'line': b'-- Installing: /root/install/vehicle_interfaces/share/vehicle_interfaces/msg/GPSData.msg\n'}
[34.755642] (vehicle_interfaces) StdoutLine: {'line': b'-- Installing: /root/install/vehicle_interfaces/share/vehicle_interfaces/msg/IRData.msg\n'}
[34.756231] (vehicle_interfaces) StdoutLine: {'line': b'-- Installing: /root/install/vehicle_interfaces/share/vehicle_interfaces/msg/MPUData.msg\n'}
[34.757013] (vehicle_interfaces) StdoutLine: {'line': b'-- Installing: /root/install/vehicle_interfaces/share/vehicle_interfaces/msg/QMCData.msg\n'}
[34.757738] (vehicle_interfaces) StdoutLine: {'line': b'-- Installing: /root/install/vehicle_interfaces/share/vehicle_interfaces/msg/TemperatureData.msg\n'}
[34.758422] (vehicle_interfaces) StdoutLine: {'line': b'-- Installing: /root/install/vehicle_interfaces/share/vehicle_interfaces/msg/ToFData.msg\n'}
[34.759123] (vehicle_interfaces) StdoutLine: {'line': b'-- Installing: /root/install/vehicle_interfaces/share/vehicle_interfaces/msg/UltrasonicData.msg\n'}
[34.759794] (vehicle_interfaces) StdoutLine: {'line': b'-- Installing: /root/install/vehicle_interfaces/share/ament_index/resource_index/package_run_dependencies/vehicle_interfaces\n'}
[34.760786] (vehicle_interfaces) StdoutLine: {'line': b'-- Installing: /root/install/vehicle_interfaces/share/ament_index/resource_index/parent_prefix_path/vehicle_interfaces\n'}
[34.761468] (vehicle_interfaces) StdoutLine: {'line': b'-- Installing: /root/install/vehicle_interfaces/share/vehicle_interfaces/environment/ament_prefix_path.sh\n'}
[34.762548] (vehicle_interfaces) StdoutLine: {'line': b'-- Installing: /root/install/vehicle_interfaces/share/vehicle_interfaces/environment/ament_prefix_path.dsv\n'}
[34.763370] (vehicle_interfaces) StdoutLine: {'line': b'-- Installing: /root/install/vehicle_interfaces/share/vehicle_interfaces/environment/path.sh\n'}
[34.764271] (vehicle_interfaces) StdoutLine: {'line': b'-- Installing: /root/install/vehicle_interfaces/share/vehicle_interfaces/environment/path.dsv\n'}
[34.764993] (vehicle_interfaces) StdoutLine: {'line': b'-- Installing: /root/install/vehicle_interfaces/share/vehicle_interfaces/local_setup.bash\n'}
[34.765483] (vehicle_interfaces) StdoutLine: {'line': b'-- Installing: /root/install/vehicle_interfaces/share/vehicle_interfaces/local_setup.sh\n'}
[34.765872] (vehicle_interfaces) StdoutLine: {'line': b'-- Installing: /root/install/vehicle_interfaces/share/vehicle_interfaces/local_setup.zsh\n'}
[34.766141] (vehicle_interfaces) StdoutLine: {'line': b'-- Installing: /root/install/vehicle_interfaces/share/vehicle_interfaces/local_setup.dsv\n'}
[34.766441] (vehicle_interfaces) StdoutLine: {'line': b'-- Installing: /root/install/vehicle_interfaces/share/vehicle_interfaces/package.dsv\n'}
[34.766836] (vehicle_interfaces) StdoutLine: {'line': b'-- Installing: /root/install/vehicle_interfaces/share/ament_index/resource_index/packages/vehicle_interfaces\n'}
[34.767225] (vehicle_interfaces) StdoutLine: {'line': b'-- Installing: /root/install/vehicle_interfaces/share/vehicle_interfaces/cmake/vehicle_interfaces__rosidl_generator_cExport.cmake\n'}
[34.767562] (vehicle_interfaces) StdoutLine: {'line': b'-- Installing: /root/install/vehicle_interfaces/share/vehicle_interfaces/cmake/vehicle_interfaces__rosidl_generator_cExport-noconfig.cmake\n'}
[34.768442] (vehicle_interfaces) StdoutLine: {'line': b'-- Installing: /root/install/vehicle_interfaces/share/vehicle_interfaces/cmake/vehicle_interfaces__rosidl_typesupport_introspection_cExport.cmake\n'}
[34.768609] (vehicle_interfaces) StdoutLine: {'line': b'-- Installing: /root/install/vehicle_interfaces/share/vehicle_interfaces/cmake/vehicle_interfaces__rosidl_typesupport_introspection_cExport-noconfig.cmake\n'}
[34.769188] (vehicle_interfaces) StdoutLine: {'line': b'-- Installing: /root/install/vehicle_interfaces/share/vehicle_interfaces/cmake/vehicle_interfaces__rosidl_typesupport_cExport.cmake\n'}
[34.770097] (vehicle_interfaces) StdoutLine: {'line': b'-- Installing: /root/install/vehicle_interfaces/share/vehicle_interfaces/cmake/vehicle_interfaces__rosidl_typesupport_cExport-noconfig.cmake\n'}
[34.770327] (vehicle_interfaces) StdoutLine: {'line': b'-- Installing: /root/install/vehicle_interfaces/share/vehicle_interfaces/cmake/vehicle_interfaces__rosidl_generator_cppExport.cmake\n'}
[34.770563] (vehicle_interfaces) StdoutLine: {'line': b'-- Installing: /root/install/vehicle_interfaces/share/vehicle_interfaces/cmake/vehicle_interfaces__rosidl_typesupport_introspection_cppExport.cmake\n'}
[34.770842] (vehicle_interfaces) StdoutLine: {'line': b'-- Installing: /root/install/vehicle_interfaces/share/vehicle_interfaces/cmake/vehicle_interfaces__rosidl_typesupport_introspection_cppExport-noconfig.cmake\n'}
[34.771290] (vehicle_interfaces) StdoutLine: {'line': b'-- Installing: /root/install/vehicle_interfaces/share/vehicle_interfaces/cmake/vehicle_interfaces__rosidl_typesupport_cppExport.cmake\n'}
[34.771737] (vehicle_interfaces) StdoutLine: {'line': b'-- Installing: /root/install/vehicle_interfaces/share/vehicle_interfaces/cmake/vehicle_interfaces__rosidl_typesupport_cppExport-noconfig.cmake\n'}
[34.772146] (vehicle_interfaces) StdoutLine: {'line': b'-- Installing: /root/install/vehicle_interfaces/share/vehicle_interfaces/cmake/rosidl_cmake-extras.cmake\n'}
[34.772323] (-) TimerEvent: {}
[34.772682] (vehicle_interfaces) StdoutLine: {'line': b'-- Installing: /root/install/vehicle_interfaces/share/vehicle_interfaces/cmake/ament_cmake_export_dependencies-extras.cmake\n'}
[34.774757] (vehicle_interfaces) StdoutLine: {'line': b'-- Installing: /root/install/vehicle_interfaces/share/vehicle_interfaces/cmake/ament_cmake_export_libraries-extras.cmake\n'}
[34.774979] (vehicle_interfaces) StdoutLine: {'line': b'-- Installing: /root/install/vehicle_interfaces/share/vehicle_interfaces/cmake/ament_cmake_export_targets-extras.cmake\n'}
[34.775146] (vehicle_interfaces) StdoutLine: {'line': b'-- Installing: /root/install/vehicle_interfaces/share/vehicle_interfaces/cmake/ament_cmake_export_include_directories-extras.cmake\n'}
[34.775309] (vehicle_interfaces) StdoutLine: {'line': b'-- Installing: /root/install/vehicle_interfaces/share/vehicle_interfaces/cmake/rosidl_cmake_export_typesupport_libraries-extras.cmake\n'}
[34.775468] (vehicle_interfaces) StdoutLine: {'line': b'-- Installing: /root/install/vehicle_interfaces/share/vehicle_interfaces/cmake/rosidl_cmake_export_typesupport_targets-extras.cmake\n'}
[34.775618] (vehicle_interfaces) StdoutLine: {'line': b'-- Installing: /root/install/vehicle_interfaces/share/vehicle_interfaces/cmake/vehicle_interfacesConfig.cmake\n'}
[34.775821] (vehicle_interfaces) StdoutLine: {'line': b'-- Installing: /root/install/vehicle_interfaces/share/vehicle_interfaces/cmake/vehicle_interfacesConfig-version.cmake\n'}
[34.775961] (vehicle_interfaces) StdoutLine: {'line': b'-- Installing: /root/install/vehicle_interfaces/share/vehicle_interfaces/package.xml\n'}
[34.778104] (vehicle_interfaces) CommandEnded: {'returncode': 0}
[34.872521] (-) TimerEvent: {}
[34.973072] (-) TimerEvent: {}
[35.074028] (-) TimerEvent: {}
[35.175613] (-) TimerEvent: {}
[35.195603] (vehicle_interfaces) JobEnded: {'identifier': 'vehicle_interfaces', 'rc': 0}
[35.196850] (-) EventReactorShutdown: {}
