[0.000000] (-) TimerEvent: {}
[0.000388] (vehicle_interfaces) JobQueued: {'identifier': 'vehicle_interfaces', 'dependencies': OrderedDict()}
[0.000523] (vehicle_navigation) JobQueued: {'identifier': 'vehicle_navigation', 'dependencies': OrderedDict()}
[0.001890] (vehicle_networking) JobQueued: {'identifier': 'vehicle_networking', 'dependencies': OrderedDict()}
[0.002144] (vehicle_packet_manager) JobQueued: {'identifier': 'vehicle_packet_manager', 'dependencies': OrderedDict()}
[0.002341] (vehicle_simulation) JobQueued: {'identifier': 'vehicle_simulation', 'dependencies': OrderedDict()}
[0.002516] (vehicle_string_converter) JobQueued: {'identifier': 'vehicle_string_converter', 'dependencies': OrderedDict()}
[0.002602] (vehicle_interfaces) JobStarted: {'identifier': 'vehicle_interfaces'}
[0.032340] (vehicle_navigation) JobStarted: {'identifier': 'vehicle_navigation'}
[0.042985] (vehicle_networking) JobStarted: {'identifier': 'vehicle_networking'}
[0.058150] (vehicle_packet_manager) JobStarted: {'identifier': 'vehicle_packet_manager'}
[0.089450] (vehicle_interfaces) JobProgress: {'identifier': 'vehicle_interfaces', 'progress': 'cmake'}
[0.090561] (vehicle_interfaces) JobProgress: {'identifier': 'vehicle_interfaces', 'progress': 'build'}
[0.091930] (vehicle_interfaces) Command: {'cmd': ['/usr/bin/cmake', '--build', '/home/ethanreynolds/vscode/robot-rover-2025/code/system/ros2/build/vehicle_interfaces', '--', '-j4', '-l4'], 'cwd': '/home/ethanreynolds/vscode/robot-rover-2025/code/system/ros2/build/vehicle_interfaces', 'env': OrderedDict([('LESSOPEN', '| /usr/bin/lesspipe %s'), ('USER', 'ethanreynolds'), ('SSH_CLIENT', '172.24.1.138 52822 22'), ('XDG_SESSION_TYPE', 'tty'), ('SHLVL', '1'), ('LD_LIBRARY_PATH', '/home/ethanreynolds/vscode/robot-rover-2025/code/system/ros2/install/vehicle_interfaces/lib:/opt/ros/foxy/opt/yaml_cpp_vendor/lib:/opt/ros/foxy/lib/x86_64-linux-gnu:/opt/ros/foxy/lib'), ('MOTD_SHOWN', 'pam'), ('HOME', '/home/ethanreynolds'), ('OLDPWD', '/home/ethanreynolds'), ('SSH_TTY', '/dev/pts/4'), ('ROS_PYTHON_VERSION', '3'), ('DBUS_SESSION_BUS_ADDRESS', 'unix:path=/run/user/1000/bus'), ('COLCON_PREFIX_PATH', '/home/ethanreynolds/vscode/robot-rover-2025/code/system/ros2/install'), ('ROS_DISTRO', 'foxy'), ('LOGNAME', 'ethanreynolds'), ('_', '/usr/bin/colcon'), ('ROS_VERSION', '2'), ('XDG_SESSION_CLASS', 'user'), ('TERM', 'xterm-256color'), ('XDG_SESSION_ID', '7'), ('ROS_LOCALHOST_ONLY', '0'), ('PATH', '/opt/ros/foxy/bin:/usr/local/sbin:/usr/local/bin:/usr/sbin:/usr/bin:/sbin:/bin:/usr/games:/usr/local/games:/snap/bin:/home/ethanreynolds/.local/share/JetBrains/Toolbox/scripts'), ('XDG_RUNTIME_DIR', '/run/user/1000'), ('LANG', 'en_US.UTF-8'), ('LS_COLORS', 'rs=0:di=01;34:ln=01;36:mh=00:pi=40;33:so=01;35:do=01;35:bd=40;33;01:cd=40;33;01:or=40;31;01:mi=00:su=37;41:sg=30;43:ca=30;41:tw=30;42:ow=34;42:st=37;44:ex=01;32:*.tar=01;31:*.tgz=01;31:*.arc=01;31:*.arj=01;31:*.taz=01;31:*.lha=01;31:*.lz4=01;31:*.lzh=01;31:*.lzma=01;31:*.tlz=01;31:*.txz=01;31:*.tzo=01;31:*.t7z=01;31:*.zip=01;31:*.z=01;31:*.dz=01;31:*.gz=01;31:*.lrz=01;31:*.lz=01;31:*.lzo=01;31:*.xz=01;31:*.zst=01;31:*.tzst=01;31:*.bz2=01;31:*.bz=01;31:*.tbz=01;31:*.tbz2=01;31:*.tz=01;31:*.deb=01;31:*.rpm=01;31:*.jar=01;31:*.war=01;31:*.ear=01;31:*.sar=01;31:*.rar=01;31:*.alz=01;31:*.ace=01;31:*.zoo=01;31:*.cpio=01;31:*.7z=01;31:*.rz=01;31:*.cab=01;31:*.wim=01;31:*.swm=01;31:*.dwm=01;31:*.esd=01;31:*.jpg=01;35:*.jpeg=01;35:*.mjpg=01;35:*.mjpeg=01;35:*.gif=01;35:*.bmp=01;35:*.pbm=01;35:*.pgm=01;35:*.ppm=01;35:*.tga=01;35:*.xbm=01;35:*.xpm=01;35:*.tif=01;35:*.tiff=01;35:*.png=01;35:*.svg=01;35:*.svgz=01;35:*.mng=01;35:*.pcx=01;35:*.mov=01;35:*.mpg=01;35:*.mpeg=01;35:*.m2v=01;35:*.mkv=01;35:*.webm=01;35:*.ogm=01;35:*.mp4=01;35:*.m4v=01;35:*.mp4v=01;35:*.vob=01;35:*.qt=01;35:*.nuv=01;35:*.wmv=01;35:*.asf=01;35:*.rm=01;35:*.rmvb=01;35:*.flc=01;35:*.avi=01;35:*.fli=01;35:*.flv=01;35:*.gl=01;35:*.dl=01;35:*.xcf=01;35:*.xwd=01;35:*.yuv=01;35:*.cgm=01;35:*.emf=01;35:*.ogv=01;35:*.ogx=01;35:*.aac=00;36:*.au=00;36:*.flac=00;36:*.m4a=00;36:*.mid=00;36:*.midi=00;36:*.mka=00;36:*.mp3=00;36:*.mpc=00;36:*.ogg=00;36:*.ra=00;36:*.wav=00;36:*.oga=00;36:*.opus=00;36:*.spx=00;36:*.xspf=00;36:'), ('AMENT_PREFIX_PATH', '/home/ethanreynolds/vscode/robot-rover-2025/code/system/ros2/install/vehicle_string_converter:/home/ethanreynolds/vscode/robot-rover-2025/code/system/ros2/install/vehicle_simulation:/home/ethanreynolds/vscode/robot-rover-2025/code/system/ros2/install/vehicle_networking:/home/ethanreynolds/vscode/robot-rover-2025/code/system/ros2/install/vehicle_interfaces:/opt/ros/foxy'), ('SHELL', '/bin/bash'), ('LESSCLOSE', '/usr/bin/lesspipe %s %s'), ('PWD', '/home/ethanreynolds/vscode/robot-rover-2025/code/system/ros2/build/vehicle_interfaces'), ('SSH_CONNECTION', '172.24.1.138 52822 172.24.1.184 22'), ('XDG_DATA_DIRS', '/usr/local/share:/usr/share:/var/lib/snapd/desktop'), ('PYTHONPATH', '/home/ethanreynolds/vscode/robot-rover-2025/code/system/ros2/install/vehicle_string_converter/lib/python3.8/site-packages:/home/ethanreynolds/vscode/robot-rover-2025/code/system/ros2/install/vehicle_simulation/lib/python3.8/site-packages:/home/ethanreynolds/vscode/robot-rover-2025/code/system/ros2/install/vehicle_networking/lib/python3.8/site-packages:/home/ethanreynolds/vscode/robot-rover-2025/code/system/ros2/install/vehicle_interfaces/lib/python3.8/site-packages:/opt/ros/foxy/lib/python3.8/site-packages'), ('COLCON', '1'), ('CMAKE_PREFIX_PATH', '/home/ethanreynolds/vscode/robot-rover-2025/code/system/ros2/install/vehicle_interfaces:/home/ethanreynolds/vscode/robot-rover-2025/code/system/ros2/install/vehicle_string_converter:/home/ethanreynolds/vscode/robot-rover-2025/code/system/ros2/install/vehicle_simulation:/home/ethanreynolds/vscode/robot-rover-2025/code/system/ros2/install/vehicle_networking:/opt/ros/foxy')]), 'shell': False}
[0.118685] (-) TimerEvent: {}
[0.222643] (-) TimerEvent: {}
[0.323146] (-) TimerEvent: {}
[0.423621] (-) TimerEvent: {}
[0.524166] (-) TimerEvent: {}
[0.624914] (-) TimerEvent: {}
[0.725630] (-) TimerEvent: {}
[0.826191] (-) TimerEvent: {}
[0.926738] (-) TimerEvent: {}
[1.027126] (-) TimerEvent: {}
[1.127771] (-) TimerEvent: {}
[1.228662] (-) TimerEvent: {}
[1.329290] (-) TimerEvent: {}
[1.429877] (-) TimerEvent: {}
[1.530573] (-) TimerEvent: {}
[1.631045] (-) TimerEvent: {}
[1.654185] (vehicle_interfaces) StdoutLine: {'line': b'[  0%] Built target vehicle_interfaces__cpp\n'}
[1.655767] (vehicle_interfaces) StdoutLine: {'line': b'[ 12%] Built target vehicle_interfaces__rosidl_generator_c\n'}
[1.656989] (vehicle_interfaces) StdoutLine: {'line': b'[ 24%] Built target vehicle_interfaces__rosidl_typesupport_introspection_cpp\n'}
[1.658972] (vehicle_interfaces) StdoutLine: {'line': b'[ 36%] Built target vehicle_interfaces__rosidl_typesupport_cpp\n'}
[1.659229] (vehicle_interfaces) StdoutLine: {'line': b'[ 48%] Built target vehicle_interfaces__rosidl_typesupport_fastrtps_cpp\n'}
[1.659500] (vehicle_interfaces) StdoutLine: {'line': b'[ 60%] Built target vehicle_interfaces__rosidl_typesupport_introspection_c\n'}
[1.659936] (vehicle_interfaces) StdoutLine: {'line': b'[ 72%] Built target vehicle_interfaces__rosidl_typesupport_c\n'}
[1.663452] (vehicle_interfaces) StdoutLine: {'line': b'[ 84%] Built target vehicle_interfaces__rosidl_typesupport_fastrtps_c\n'}
[1.663817] (vehicle_interfaces) StdoutLine: {'line': b'[ 84%] Built target vehicle_interfaces\n'}
[1.664042] (vehicle_interfaces) StdoutLine: {'line': b'[ 85%] Built target vehicle_interfaces__py\n'}
[1.664441] (vehicle_interfaces) StdoutLine: {'line': b'[ 96%] Built target vehicle_interfaces__python\n'}
[1.664716] (vehicle_interfaces) StdoutLine: {'line': b'[ 97%] Built target vehicle_interfaces__rosidl_typesupport_c__pyext\n'}
[1.664909] (vehicle_interfaces) StdoutLine: {'line': b'[ 99%] Built target vehicle_interfaces__rosidl_typesupport_introspection_c__pyext\n'}
[1.665100] (vehicle_interfaces) StdoutLine: {'line': b'[100%] Built target vehicle_interfaces__rosidl_typesupport_fastrtps_c__pyext\n'}
[1.665304] (vehicle_interfaces) CommandEnded: {'returncode': 0}
[1.666139] (vehicle_interfaces) JobProgress: {'identifier': 'vehicle_interfaces', 'progress': 'install'}
[1.680651] (vehicle_interfaces) Command: {'cmd': ['/usr/bin/cmake', '--install', '/home/ethanreynolds/vscode/robot-rover-2025/code/system/ros2/build/vehicle_interfaces'], 'cwd': '/home/ethanreynolds/vscode/robot-rover-2025/code/system/ros2/build/vehicle_interfaces', 'env': OrderedDict([('LESSOPEN', '| /usr/bin/lesspipe %s'), ('USER', 'ethanreynolds'), ('SSH_CLIENT', '172.24.1.138 52822 22'), ('XDG_SESSION_TYPE', 'tty'), ('SHLVL', '1'), ('LD_LIBRARY_PATH', '/home/ethanreynolds/vscode/robot-rover-2025/code/system/ros2/install/vehicle_interfaces/lib:/opt/ros/foxy/opt/yaml_cpp_vendor/lib:/opt/ros/foxy/lib/x86_64-linux-gnu:/opt/ros/foxy/lib'), ('MOTD_SHOWN', 'pam'), ('HOME', '/home/ethanreynolds'), ('OLDPWD', '/home/ethanreynolds'), ('SSH_TTY', '/dev/pts/4'), ('ROS_PYTHON_VERSION', '3'), ('DBUS_SESSION_BUS_ADDRESS', 'unix:path=/run/user/1000/bus'), ('COLCON_PREFIX_PATH', '/home/ethanreynolds/vscode/robot-rover-2025/code/system/ros2/install'), ('ROS_DISTRO', 'foxy'), ('LOGNAME', 'ethanreynolds'), ('_', '/usr/bin/colcon'), ('ROS_VERSION', '2'), ('XDG_SESSION_CLASS', 'user'), ('TERM', 'xterm-256color'), ('XDG_SESSION_ID', '7'), ('ROS_LOCALHOST_ONLY', '0'), ('PATH', '/opt/ros/foxy/bin:/usr/local/sbin:/usr/local/bin:/usr/sbin:/usr/bin:/sbin:/bin:/usr/games:/usr/local/games:/snap/bin:/home/ethanreynolds/.local/share/JetBrains/Toolbox/scripts'), ('XDG_RUNTIME_DIR', '/run/user/1000'), ('LANG', 'en_US.UTF-8'), ('LS_COLORS', 'rs=0:di=01;34:ln=01;36:mh=00:pi=40;33:so=01;35:do=01;35:bd=40;33;01:cd=40;33;01:or=40;31;01:mi=00:su=37;41:sg=30;43:ca=30;41:tw=30;42:ow=34;42:st=37;44:ex=01;32:*.tar=01;31:*.tgz=01;31:*.arc=01;31:*.arj=01;31:*.taz=01;31:*.lha=01;31:*.lz4=01;31:*.lzh=01;31:*.lzma=01;31:*.tlz=01;31:*.txz=01;31:*.tzo=01;31:*.t7z=01;31:*.zip=01;31:*.z=01;31:*.dz=01;31:*.gz=01;31:*.lrz=01;31:*.lz=01;31:*.lzo=01;31:*.xz=01;31:*.zst=01;31:*.tzst=01;31:*.bz2=01;31:*.bz=01;31:*.tbz=01;31:*.tbz2=01;31:*.tz=01;31:*.deb=01;31:*.rpm=01;31:*.jar=01;31:*.war=01;31:*.ear=01;31:*.sar=01;31:*.rar=01;31:*.alz=01;31:*.ace=01;31:*.zoo=01;31:*.cpio=01;31:*.7z=01;31:*.rz=01;31:*.cab=01;31:*.wim=01;31:*.swm=01;31:*.dwm=01;31:*.esd=01;31:*.jpg=01;35:*.jpeg=01;35:*.mjpg=01;35:*.mjpeg=01;35:*.gif=01;35:*.bmp=01;35:*.pbm=01;35:*.pgm=01;35:*.ppm=01;35:*.tga=01;35:*.xbm=01;35:*.xpm=01;35:*.tif=01;35:*.tiff=01;35:*.png=01;35:*.svg=01;35:*.svgz=01;35:*.mng=01;35:*.pcx=01;35:*.mov=01;35:*.mpg=01;35:*.mpeg=01;35:*.m2v=01;35:*.mkv=01;35:*.webm=01;35:*.ogm=01;35:*.mp4=01;35:*.m4v=01;35:*.mp4v=01;35:*.vob=01;35:*.qt=01;35:*.nuv=01;35:*.wmv=01;35:*.asf=01;35:*.rm=01;35:*.rmvb=01;35:*.flc=01;35:*.avi=01;35:*.fli=01;35:*.flv=01;35:*.gl=01;35:*.dl=01;35:*.xcf=01;35:*.xwd=01;35:*.yuv=01;35:*.cgm=01;35:*.emf=01;35:*.ogv=01;35:*.ogx=01;35:*.aac=00;36:*.au=00;36:*.flac=00;36:*.m4a=00;36:*.mid=00;36:*.midi=00;36:*.mka=00;36:*.mp3=00;36:*.mpc=00;36:*.ogg=00;36:*.ra=00;36:*.wav=00;36:*.oga=00;36:*.opus=00;36:*.spx=00;36:*.xspf=00;36:'), ('AMENT_PREFIX_PATH', '/home/ethanreynolds/vscode/robot-rover-2025/code/system/ros2/install/vehicle_string_converter:/home/ethanreynolds/vscode/robot-rover-2025/code/system/ros2/install/vehicle_simulation:/home/ethanreynolds/vscode/robot-rover-2025/code/system/ros2/install/vehicle_networking:/home/ethanreynolds/vscode/robot-rover-2025/code/system/ros2/install/vehicle_interfaces:/opt/ros/foxy'), ('SHELL', '/bin/bash'), ('LESSCLOSE', '/usr/bin/lesspipe %s %s'), ('PWD', '/home/ethanreynolds/vscode/robot-rover-2025/code/system/ros2/build/vehicle_interfaces'), ('SSH_CONNECTION', '172.24.1.138 52822 172.24.1.184 22'), ('XDG_DATA_DIRS', '/usr/local/share:/usr/share:/var/lib/snapd/desktop'), ('PYTHONPATH', '/home/ethanreynolds/vscode/robot-rover-2025/code/system/ros2/install/vehicle_string_converter/lib/python3.8/site-packages:/home/ethanreynolds/vscode/robot-rover-2025/code/system/ros2/install/vehicle_simulation/lib/python3.8/site-packages:/home/ethanreynolds/vscode/robot-rover-2025/code/system/ros2/install/vehicle_networking/lib/python3.8/site-packages:/home/ethanreynolds/vscode/robot-rover-2025/code/system/ros2/install/vehicle_interfaces/lib/python3.8/site-packages:/opt/ros/foxy/lib/python3.8/site-packages'), ('COLCON', '1'), ('CMAKE_PREFIX_PATH', '/home/ethanreynolds/vscode/robot-rover-2025/code/system/ros2/install/vehicle_interfaces:/home/ethanreynolds/vscode/robot-rover-2025/code/system/ros2/install/vehicle_string_converter:/home/ethanreynolds/vscode/robot-rover-2025/code/system/ros2/install/vehicle_simulation:/home/ethanreynolds/vscode/robot-rover-2025/code/system/ros2/install/vehicle_networking:/opt/ros/foxy')]), 'shell': False}
[1.696425] (vehicle_interfaces) StdoutLine: {'line': b'-- Install configuration: ""\n'}
[1.697058] (vehicle_interfaces) StdoutLine: {'line': b'-- Up-to-date: /home/ethanreynolds/vscode/robot-rover-2025/code/system/ros2/install/vehicle_interfaces/share/ament_index/resource_index/rosidl_interfaces/vehicle_interfaces\n'}
[1.697278] (vehicle_interfaces) StdoutLine: {'line': b'-- Up-to-date: /home/ethanreynolds/vscode/robot-rover-2025/code/system/ros2/install/vehicle_interfaces/include/vehicle_interfaces\n'}
[1.697479] (vehicle_interfaces) StdoutLine: {'line': b'-- Up-to-date: /home/ethanreynolds/vscode/robot-rover-2025/code/system/ros2/install/vehicle_interfaces/include/vehicle_interfaces/msg\n'}
[1.698006] (vehicle_interfaces) StdoutLine: {'line': b'-- Up-to-date: /home/ethanreynolds/vscode/robot-rover-2025/code/system/ros2/install/vehicle_interfaces/include/vehicle_interfaces/msg/qmc_data.h\n'}
[1.698206] (vehicle_interfaces) StdoutLine: {'line': b'-- Up-to-date: /home/ethanreynolds/vscode/robot-rover-2025/code/system/ros2/install/vehicle_interfaces/include/vehicle_interfaces/msg/control_data.h\n'}
[1.698412] (vehicle_interfaces) StdoutLine: {'line': b'-- Up-to-date: /home/ethanreynolds/vscode/robot-rover-2025/code/system/ros2/install/vehicle_interfaces/include/vehicle_interfaces/msg/ir_data.h\n'}
[1.698603] (vehicle_interfaces) StdoutLine: {'line': b'-- Up-to-date: /home/ethanreynolds/vscode/robot-rover-2025/code/system/ros2/install/vehicle_interfaces/include/vehicle_interfaces/msg/gps_data.h\n'}
[1.698800] (vehicle_interfaces) StdoutLine: {'line': b'-- Up-to-date: /home/ethanreynolds/vscode/robot-rover-2025/code/system/ros2/install/vehicle_interfaces/include/vehicle_interfaces/msg/sensor_data.h\n'}
[1.699001] (vehicle_interfaces) StdoutLine: {'line': b'-- Up-to-date: /home/ethanreynolds/vscode/robot-rover-2025/code/system/ros2/install/vehicle_interfaces/include/vehicle_interfaces/msg/ultrasonic_data.h\n'}
[1.699222] (vehicle_interfaces) StdoutLine: {'line': b'-- Up-to-date: /home/ethanreynolds/vscode/robot-rover-2025/code/system/ros2/install/vehicle_interfaces/include/vehicle_interfaces/msg/detail\n'}
[1.699416] (vehicle_interfaces) StdoutLine: {'line': b'-- Up-to-date: /home/ethanreynolds/vscode/robot-rover-2025/code/system/ros2/install/vehicle_interfaces/include/vehicle_interfaces/msg/detail/ultrasonic_data__type_support.h\n'}
[1.699613] (vehicle_interfaces) StdoutLine: {'line': b'-- Up-to-date: /home/ethanreynolds/vscode/robot-rover-2025/code/system/ros2/install/vehicle_interfaces/include/vehicle_interfaces/msg/detail/to_f_data__type_support.h\n'}
[1.699824] (vehicle_interfaces) StdoutLine: {'line': b'-- Up-to-date: /home/ethanreynolds/vscode/robot-rover-2025/code/system/ros2/install/vehicle_interfaces/include/vehicle_interfaces/msg/detail/qmc_data__functions.c\n'}
[1.700028] (vehicle_interfaces) StdoutLine: {'line': b'-- Up-to-date: /home/ethanreynolds/vscode/robot-rover-2025/code/system/ros2/install/vehicle_interfaces/include/vehicle_interfaces/msg/detail/sensor_data__type_support.h\n'}
[1.700277] (vehicle_interfaces) StdoutLine: {'line': b'-- Up-to-date: /home/ethanreynolds/vscode/robot-rover-2025/code/system/ros2/install/vehicle_interfaces/include/vehicle_interfaces/msg/detail/temperature_data__struct.h\n'}
[1.700966] (vehicle_interfaces) StdoutLine: {'line': b'-- Up-to-date: /home/ethanreynolds/vscode/robot-rover-2025/code/system/ros2/install/vehicle_interfaces/include/vehicle_interfaces/msg/detail/ultrasonic_data__functions.h\n'}
[1.701174] (vehicle_interfaces) StdoutLine: {'line': b'-- Up-to-date: /home/ethanreynolds/vscode/robot-rover-2025/code/system/ros2/install/vehicle_interfaces/include/vehicle_interfaces/msg/detail/gps_data__functions.h\n'}
[1.701391] (vehicle_interfaces) StdoutLine: {'line': b'-- Up-to-date: /home/ethanreynolds/vscode/robot-rover-2025/code/system/ros2/install/vehicle_interfaces/include/vehicle_interfaces/msg/detail/temperature_data__functions.h\n'}
[1.701599] (vehicle_interfaces) StdoutLine: {'line': b'-- Up-to-date: /home/ethanreynolds/vscode/robot-rover-2025/code/system/ros2/install/vehicle_interfaces/include/vehicle_interfaces/msg/detail/sensor_data__struct.h\n'}
[1.701800] (vehicle_interfaces) StdoutLine: {'line': b'-- Up-to-date: /home/ethanreynolds/vscode/robot-rover-2025/code/system/ros2/install/vehicle_interfaces/include/vehicle_interfaces/msg/detail/to_f_data__struct.h\n'}
[1.702007] (vehicle_interfaces) StdoutLine: {'line': b'-- Up-to-date: /home/ethanreynolds/vscode/robot-rover-2025/code/system/ros2/install/vehicle_interfaces/include/vehicle_interfaces/msg/detail/ir_data__functions.c\n'}
[1.702241] (vehicle_interfaces) StdoutLine: {'line': b'-- Up-to-date: /home/ethanreynolds/vscode/robot-rover-2025/code/system/ros2/install/vehicle_interfaces/include/vehicle_interfaces/msg/detail/mpu_data__functions.h\n'}
[1.702435] (vehicle_interfaces) StdoutLine: {'line': b'-- Up-to-date: /home/ethanreynolds/vscode/robot-rover-2025/code/system/ros2/install/vehicle_interfaces/include/vehicle_interfaces/msg/detail/qmc_data__type_support.h\n'}
[1.702639] (vehicle_interfaces) StdoutLine: {'line': b'-- Up-to-date: /home/ethanreynolds/vscode/robot-rover-2025/code/system/ros2/install/vehicle_interfaces/include/vehicle_interfaces/msg/detail/ir_data__type_support.h\n'}
[1.702844] (vehicle_interfaces) StdoutLine: {'line': b'-- Up-to-date: /home/ethanreynolds/vscode/robot-rover-2025/code/system/ros2/install/vehicle_interfaces/include/vehicle_interfaces/msg/detail/gps_data__type_support.h\n'}
[1.703047] (vehicle_interfaces) StdoutLine: {'line': b'-- Up-to-date: /home/ethanreynolds/vscode/robot-rover-2025/code/system/ros2/install/vehicle_interfaces/include/vehicle_interfaces/msg/detail/gps_data__functions.c\n'}
[1.703249] (vehicle_interfaces) StdoutLine: {'line': b'-- Up-to-date: /home/ethanreynolds/vscode/robot-rover-2025/code/system/ros2/install/vehicle_interfaces/include/vehicle_interfaces/msg/detail/control_data__struct.h\n'}
[1.703452] (vehicle_interfaces) StdoutLine: {'line': b'-- Up-to-date: /home/ethanreynolds/vscode/robot-rover-2025/code/system/ros2/install/vehicle_interfaces/include/vehicle_interfaces/msg/detail/temperature_data__type_support.h\n'}
[1.703656] (vehicle_interfaces) StdoutLine: {'line': b'-- Up-to-date: /home/ethanreynolds/vscode/robot-rover-2025/code/system/ros2/install/vehicle_interfaces/include/vehicle_interfaces/msg/detail/encoder_data__functions.c\n'}
[1.703854] (vehicle_interfaces) StdoutLine: {'line': b'-- Up-to-date: /home/ethanreynolds/vscode/robot-rover-2025/code/system/ros2/install/vehicle_interfaces/include/vehicle_interfaces/msg/detail/ir_data__struct.h\n'}
[1.704063] (vehicle_interfaces) StdoutLine: {'line': b'-- Up-to-date: /home/ethanreynolds/vscode/robot-rover-2025/code/system/ros2/install/vehicle_interfaces/include/vehicle_interfaces/msg/detail/control_data__functions.c\n'}
[1.704775] (vehicle_interfaces) StdoutLine: {'line': b'-- Up-to-date: /home/ethanreynolds/vscode/robot-rover-2025/code/system/ros2/install/vehicle_interfaces/include/vehicle_interfaces/msg/detail/to_f_data__functions.c\n'}
[1.705201] (vehicle_interfaces) StdoutLine: {'line': b'-- Up-to-date: /home/ethanreynolds/vscode/robot-rover-2025/code/system/ros2/install/vehicle_interfaces/include/vehicle_interfaces/msg/detail/sensor_data__functions.c\n'}
[1.705748] (vehicle_interfaces) StdoutLine: {'line': b'-- Up-to-date: /home/ethanreynolds/vscode/robot-rover-2025/code/system/ros2/install/vehicle_interfaces/include/vehicle_interfaces/msg/detail/ir_data__functions.h\n'}
[1.705963] (vehicle_interfaces) StdoutLine: {'line': b'-- Up-to-date: /home/ethanreynolds/vscode/robot-rover-2025/code/system/ros2/install/vehicle_interfaces/include/vehicle_interfaces/msg/detail/mpu_data__functions.c\n'}
[1.706178] (vehicle_interfaces) StdoutLine: {'line': b'-- Up-to-date: /home/ethanreynolds/vscode/robot-rover-2025/code/system/ros2/install/vehicle_interfaces/include/vehicle_interfaces/msg/detail/gps_data__struct.h\n'}
[1.706466] (vehicle_interfaces) StdoutLine: {'line': b'-- Up-to-date: /home/ethanreynolds/vscode/robot-rover-2025/code/system/ros2/install/vehicle_interfaces/include/vehicle_interfaces/msg/detail/qmc_data__struct.h\n'}
[1.706671] (vehicle_interfaces) StdoutLine: {'line': b'-- Up-to-date: /home/ethanreynolds/vscode/robot-rover-2025/code/system/ros2/install/vehicle_interfaces/include/vehicle_interfaces/msg/detail/ultrasonic_data__functions.c\n'}
[1.707044] (vehicle_interfaces) StdoutLine: {'line': b'-- Up-to-date: /home/ethanreynolds/vscode/robot-rover-2025/code/system/ros2/install/vehicle_interfaces/include/vehicle_interfaces/msg/detail/qmc_data__functions.h\n'}
[1.709122] (vehicle_interfaces) StdoutLine: {'line': b'-- Up-to-date: /home/ethanreynolds/vscode/robot-rover-2025/code/system/ros2/install/vehicle_interfaces/include/vehicle_interfaces/msg/detail/control_data__functions.h\n'}
[1.709446] (vehicle_interfaces) StdoutLine: {'line': b'-- Up-to-date: /home/ethanreynolds/vscode/robot-rover-2025/code/system/ros2/install/vehicle_interfaces/include/vehicle_interfaces/msg/detail/temperature_data__functions.c\n'}
[1.709658] (vehicle_interfaces) StdoutLine: {'line': b'-- Up-to-date: /home/ethanreynolds/vscode/robot-rover-2025/code/system/ros2/install/vehicle_interfaces/include/vehicle_interfaces/msg/detail/encoder_data__type_support.h\n'}
[1.709865] (vehicle_interfaces) StdoutLine: {'line': b'-- Up-to-date: /home/ethanreynolds/vscode/robot-rover-2025/code/system/ros2/install/vehicle_interfaces/include/vehicle_interfaces/msg/detail/mpu_data__struct.h\n'}
[1.710070] (vehicle_interfaces) StdoutLine: {'line': b'-- Up-to-date: /home/ethanreynolds/vscode/robot-rover-2025/code/system/ros2/install/vehicle_interfaces/include/vehicle_interfaces/msg/detail/to_f_data__functions.h\n'}
[1.713015] (vehicle_interfaces) StdoutLine: {'line': b'-- Up-to-date: /home/ethanreynolds/vscode/robot-rover-2025/code/system/ros2/install/vehicle_interfaces/include/vehicle_interfaces/msg/detail/control_data__type_support.h\n'}
[1.713733] (vehicle_interfaces) StdoutLine: {'line': b'-- Up-to-date: /home/ethanreynolds/vscode/robot-rover-2025/code/system/ros2/install/vehicle_interfaces/include/vehicle_interfaces/msg/detail/sensor_data__functions.h\n'}
[1.714430] (vehicle_interfaces) StdoutLine: {'line': b'-- Up-to-date: /home/ethanreynolds/vscode/robot-rover-2025/code/system/ros2/install/vehicle_interfaces/include/vehicle_interfaces/msg/detail/encoder_data__functions.h\n'}
[1.721321] (vehicle_interfaces) StdoutLine: {'line': b'-- Up-to-date: /home/ethanreynolds/vscode/robot-rover-2025/code/system/ros2/install/vehicle_interfaces/include/vehicle_interfaces/msg/detail/encoder_data__struct.h\n'}
[1.721811] (vehicle_interfaces) StdoutLine: {'line': b'-- Up-to-date: /home/ethanreynolds/vscode/robot-rover-2025/code/system/ros2/install/vehicle_interfaces/include/vehicle_interfaces/msg/detail/ultrasonic_data__struct.h\n'}
[1.722016] (vehicle_interfaces) StdoutLine: {'line': b'-- Up-to-date: /home/ethanreynolds/vscode/robot-rover-2025/code/system/ros2/install/vehicle_interfaces/include/vehicle_interfaces/msg/detail/mpu_data__type_support.h\n'}
[1.722227] (vehicle_interfaces) StdoutLine: {'line': b'-- Up-to-date: /home/ethanreynolds/vscode/robot-rover-2025/code/system/ros2/install/vehicle_interfaces/include/vehicle_interfaces/msg/temperature_data.h\n'}
[1.722436] (vehicle_interfaces) StdoutLine: {'line': b'-- Up-to-date: /home/ethanreynolds/vscode/robot-rover-2025/code/system/ros2/install/vehicle_interfaces/include/vehicle_interfaces/msg/to_f_data.h\n'}
[1.722648] (vehicle_interfaces) StdoutLine: {'line': b'-- Up-to-date: /home/ethanreynolds/vscode/robot-rover-2025/code/system/ros2/install/vehicle_interfaces/include/vehicle_interfaces/msg/encoder_data.h\n'}
[1.722850] (vehicle_interfaces) StdoutLine: {'line': b'-- Up-to-date: /home/ethanreynolds/vscode/robot-rover-2025/code/system/ros2/install/vehicle_interfaces/include/vehicle_interfaces/msg/rosidl_generator_c__visibility_control.h\n'}
[1.729037] (vehicle_interfaces) StdoutLine: {'line': b'-- Up-to-date: /home/ethanreynolds/vscode/robot-rover-2025/code/system/ros2/install/vehicle_interfaces/include/vehicle_interfaces/msg/mpu_data.h\n'}
[1.729282] (vehicle_interfaces) StdoutLine: {'line': b'-- Up-to-date: /home/ethanreynolds/vscode/robot-rover-2025/code/system/ros2/install/vehicle_interfaces/include/vehicle_interfaces/srv\n'}
[1.729508] (vehicle_interfaces) StdoutLine: {'line': b'-- Up-to-date: /home/ethanreynolds/vscode/robot-rover-2025/code/system/ros2/install/vehicle_interfaces/include/vehicle_interfaces/srv/get_serial_port.h\n'}
[1.729744] (vehicle_interfaces) StdoutLine: {'line': b'-- Up-to-date: /home/ethanreynolds/vscode/robot-rover-2025/code/system/ros2/install/vehicle_interfaces/include/vehicle_interfaces/srv/reset_serial_port.h\n'}
[1.729953] (vehicle_interfaces) StdoutLine: {'line': b'-- Up-to-date: /home/ethanreynolds/vscode/robot-rover-2025/code/system/ros2/install/vehicle_interfaces/include/vehicle_interfaces/srv/detail\n'}
[1.730163] (vehicle_interfaces) StdoutLine: {'line': b'-- Up-to-date: /home/ethanreynolds/vscode/robot-rover-2025/code/system/ros2/install/vehicle_interfaces/include/vehicle_interfaces/srv/detail/reset_serial_port__functions.c\n'}
[1.730367] (vehicle_interfaces) StdoutLine: {'line': b'-- Up-to-date: /home/ethanreynolds/vscode/robot-rover-2025/code/system/ros2/install/vehicle_interfaces/include/vehicle_interfaces/srv/detail/get_serial_port__functions.h\n'}
[1.730576] (vehicle_interfaces) StdoutLine: {'line': b'-- Up-to-date: /home/ethanreynolds/vscode/robot-rover-2025/code/system/ros2/install/vehicle_interfaces/include/vehicle_interfaces/srv/detail/get_serial_port__functions.c\n'}
[1.730784] (vehicle_interfaces) StdoutLine: {'line': b'-- Up-to-date: /home/ethanreynolds/vscode/robot-rover-2025/code/system/ros2/install/vehicle_interfaces/include/vehicle_interfaces/srv/detail/get_serial_device_status__type_support.h\n'}
[1.730991] (vehicle_interfaces) StdoutLine: {'line': b'-- Up-to-date: /home/ethanreynolds/vscode/robot-rover-2025/code/system/ros2/install/vehicle_interfaces/include/vehicle_interfaces/srv/detail/reset_serial_port__struct.h\n'}
[1.731185] (-) TimerEvent: {}
[1.731725] (vehicle_interfaces) StdoutLine: {'line': b'-- Up-to-date: /home/ethanreynolds/vscode/robot-rover-2025/code/system/ros2/install/vehicle_interfaces/include/vehicle_interfaces/srv/detail/get_serial_device_status__functions.c\n'}
[1.732147] (vehicle_interfaces) StdoutLine: {'line': b'-- Up-to-date: /home/ethanreynolds/vscode/robot-rover-2025/code/system/ros2/install/vehicle_interfaces/include/vehicle_interfaces/srv/detail/get_serial_device_status__struct.h\n'}
[1.732387] (vehicle_interfaces) StdoutLine: {'line': b'-- Up-to-date: /home/ethanreynolds/vscode/robot-rover-2025/code/system/ros2/install/vehicle_interfaces/include/vehicle_interfaces/srv/detail/reset_serial_port__functions.h\n'}
[1.732596] (vehicle_interfaces) StdoutLine: {'line': b'-- Up-to-date: /home/ethanreynolds/vscode/robot-rover-2025/code/system/ros2/install/vehicle_interfaces/include/vehicle_interfaces/srv/detail/reset_serial_port__type_support.h\n'}
[1.732800] (vehicle_interfaces) StdoutLine: {'line': b'-- Up-to-date: /home/ethanreynolds/vscode/robot-rover-2025/code/system/ros2/install/vehicle_interfaces/include/vehicle_interfaces/srv/detail/get_serial_port__type_support.h\n'}
[1.733006] (vehicle_interfaces) StdoutLine: {'line': b'-- Up-to-date: /home/ethanreynolds/vscode/robot-rover-2025/code/system/ros2/install/vehicle_interfaces/include/vehicle_interfaces/srv/detail/get_serial_port__struct.h\n'}
[1.733207] (vehicle_interfaces) StdoutLine: {'line': b'-- Up-to-date: /home/ethanreynolds/vscode/robot-rover-2025/code/system/ros2/install/vehicle_interfaces/include/vehicle_interfaces/srv/detail/get_serial_device_status__functions.h\n'}
[1.733438] (vehicle_interfaces) StdoutLine: {'line': b'-- Up-to-date: /home/ethanreynolds/vscode/robot-rover-2025/code/system/ros2/install/vehicle_interfaces/include/vehicle_interfaces/srv/get_serial_device_status.h\n'}
[1.733645] (vehicle_interfaces) StdoutLine: {'line': b'-- Up-to-date: /home/ethanreynolds/vscode/robot-rover-2025/code/system/ros2/install/vehicle_interfaces/share/vehicle_interfaces/environment/library_path.sh\n'}
[1.733952] (vehicle_interfaces) StdoutLine: {'line': b'-- Up-to-date: /home/ethanreynolds/vscode/robot-rover-2025/code/system/ros2/install/vehicle_interfaces/share/vehicle_interfaces/environment/library_path.dsv\n'}
[1.734164] (vehicle_interfaces) StdoutLine: {'line': b'-- Up-to-date: /home/ethanreynolds/vscode/robot-rover-2025/code/system/ros2/install/vehicle_interfaces/lib/libvehicle_interfaces__rosidl_generator_c.so\n'}
[1.734369] (vehicle_interfaces) StdoutLine: {'line': b'-- Up-to-date: /home/ethanreynolds/vscode/robot-rover-2025/code/system/ros2/install/vehicle_interfaces/include/vehicle_interfaces\n'}
[1.734569] (vehicle_interfaces) StdoutLine: {'line': b'-- Up-to-date: /home/ethanreynolds/vscode/robot-rover-2025/code/system/ros2/install/vehicle_interfaces/include/vehicle_interfaces/msg\n'}
[1.734772] (vehicle_interfaces) StdoutLine: {'line': b'-- Up-to-date: /home/ethanreynolds/vscode/robot-rover-2025/code/system/ros2/install/vehicle_interfaces/include/vehicle_interfaces/msg/rosidl_typesupport_fastrtps_c__visibility_control.h\n'}
[1.734978] (vehicle_interfaces) StdoutLine: {'line': b'-- Up-to-date: /home/ethanreynolds/vscode/robot-rover-2025/code/system/ros2/install/vehicle_interfaces/include/vehicle_interfaces/msg/detail\n'}
[1.735176] (vehicle_interfaces) StdoutLine: {'line': b'-- Up-to-date: /home/ethanreynolds/vscode/robot-rover-2025/code/system/ros2/install/vehicle_interfaces/include/vehicle_interfaces/msg/detail/ir_data__rosidl_typesupport_fastrtps_c.h\n'}
[1.735375] (vehicle_interfaces) StdoutLine: {'line': b'-- Up-to-date: /home/ethanreynolds/vscode/robot-rover-2025/code/system/ros2/install/vehicle_interfaces/include/vehicle_interfaces/msg/detail/qmc_data__rosidl_typesupport_fastrtps_c.h\n'}
[1.735593] (vehicle_interfaces) StdoutLine: {'line': b'-- Up-to-date: /home/ethanreynolds/vscode/robot-rover-2025/code/system/ros2/install/vehicle_interfaces/include/vehicle_interfaces/msg/detail/gps_data__rosidl_typesupport_fastrtps_c.h\n'}
[1.735788] (vehicle_interfaces) StdoutLine: {'line': b'-- Up-to-date: /home/ethanreynolds/vscode/robot-rover-2025/code/system/ros2/install/vehicle_interfaces/include/vehicle_interfaces/msg/detail/mpu_data__rosidl_typesupport_fastrtps_c.h\n'}
[1.735986] (vehicle_interfaces) StdoutLine: {'line': b'-- Up-to-date: /home/ethanreynolds/vscode/robot-rover-2025/code/system/ros2/install/vehicle_interfaces/include/vehicle_interfaces/msg/detail/ultrasonic_data__rosidl_typesupport_fastrtps_c.h\n'}
[1.752259] (vehicle_interfaces) StdoutLine: {'line': b'-- Up-to-date: /home/ethanreynolds/vscode/robot-rover-2025/code/system/ros2/install/vehicle_interfaces/include/vehicle_interfaces/msg/detail/encoder_data__rosidl_typesupport_fastrtps_c.h\n'}
[1.752629] (vehicle_interfaces) StdoutLine: {'line': b'-- Up-to-date: /home/ethanreynolds/vscode/robot-rover-2025/code/system/ros2/install/vehicle_interfaces/include/vehicle_interfaces/msg/detail/sensor_data__rosidl_typesupport_fastrtps_c.h\n'}
[1.752842] (vehicle_interfaces) StdoutLine: {'line': b'-- Up-to-date: /home/ethanreynolds/vscode/robot-rover-2025/code/system/ros2/install/vehicle_interfaces/include/vehicle_interfaces/msg/detail/control_data__rosidl_typesupport_fastrtps_c.h\n'}
[1.753051] (vehicle_interfaces) StdoutLine: {'line': b'-- Up-to-date: /home/ethanreynolds/vscode/robot-rover-2025/code/system/ros2/install/vehicle_interfaces/include/vehicle_interfaces/msg/detail/to_f_data__rosidl_typesupport_fastrtps_c.h\n'}
[1.753260] (vehicle_interfaces) StdoutLine: {'line': b'-- Up-to-date: /home/ethanreynolds/vscode/robot-rover-2025/code/system/ros2/install/vehicle_interfaces/include/vehicle_interfaces/msg/detail/temperature_data__rosidl_typesupport_fastrtps_c.h\n'}
[1.753464] (vehicle_interfaces) StdoutLine: {'line': b'-- Up-to-date: /home/ethanreynolds/vscode/robot-rover-2025/code/system/ros2/install/vehicle_interfaces/include/vehicle_interfaces/srv\n'}
[1.753693] (vehicle_interfaces) StdoutLine: {'line': b'-- Up-to-date: /home/ethanreynolds/vscode/robot-rover-2025/code/system/ros2/install/vehicle_interfaces/include/vehicle_interfaces/srv/detail\n'}
[1.753897] (vehicle_interfaces) StdoutLine: {'line': b'-- Up-to-date: /home/ethanreynolds/vscode/robot-rover-2025/code/system/ros2/install/vehicle_interfaces/include/vehicle_interfaces/srv/detail/get_serial_device_status__rosidl_typesupport_fastrtps_c.h\n'}
[1.754103] (vehicle_interfaces) StdoutLine: {'line': b'-- Up-to-date: /home/ethanreynolds/vscode/robot-rover-2025/code/system/ros2/install/vehicle_interfaces/include/vehicle_interfaces/srv/detail/reset_serial_port__rosidl_typesupport_fastrtps_c.h\n'}
[1.754305] (vehicle_interfaces) StdoutLine: {'line': b'-- Up-to-date: /home/ethanreynolds/vscode/robot-rover-2025/code/system/ros2/install/vehicle_interfaces/include/vehicle_interfaces/srv/detail/get_serial_port__rosidl_typesupport_fastrtps_c.h\n'}
[1.754508] (vehicle_interfaces) StdoutLine: {'line': b'-- Up-to-date: /home/ethanreynolds/vscode/robot-rover-2025/code/system/ros2/install/vehicle_interfaces/lib/libvehicle_interfaces__rosidl_typesupport_fastrtps_c.so\n'}
[1.754736] (vehicle_interfaces) StdoutLine: {'line': b'-- Up-to-date: /home/ethanreynolds/vscode/robot-rover-2025/code/system/ros2/install/vehicle_interfaces/include/vehicle_interfaces\n'}
[1.754934] (vehicle_interfaces) StdoutLine: {'line': b'-- Up-to-date: /home/ethanreynolds/vscode/robot-rover-2025/code/system/ros2/install/vehicle_interfaces/include/vehicle_interfaces/msg\n'}
[1.755134] (vehicle_interfaces) StdoutLine: {'line': b'-- Up-to-date: /home/ethanreynolds/vscode/robot-rover-2025/code/system/ros2/install/vehicle_interfaces/include/vehicle_interfaces/msg/detail\n'}
[1.755336] (vehicle_interfaces) StdoutLine: {'line': b'-- Up-to-date: /home/ethanreynolds/vscode/robot-rover-2025/code/system/ros2/install/vehicle_interfaces/include/vehicle_interfaces/msg/detail/control_data__rosidl_typesupport_fastrtps_cpp.hpp\n'}
[1.755535] (vehicle_interfaces) StdoutLine: {'line': b'-- Up-to-date: /home/ethanreynolds/vscode/robot-rover-2025/code/system/ros2/install/vehicle_interfaces/include/vehicle_interfaces/msg/detail/ir_data__rosidl_typesupport_fastrtps_cpp.hpp\n'}
[1.755738] (vehicle_interfaces) StdoutLine: {'line': b'-- Up-to-date: /home/ethanreynolds/vscode/robot-rover-2025/code/system/ros2/install/vehicle_interfaces/include/vehicle_interfaces/msg/detail/qmc_data__rosidl_typesupport_fastrtps_cpp.hpp\n'}
[1.755938] (vehicle_interfaces) StdoutLine: {'line': b'-- Up-to-date: /home/ethanreynolds/vscode/robot-rover-2025/code/system/ros2/install/vehicle_interfaces/include/vehicle_interfaces/msg/detail/gps_data__rosidl_typesupport_fastrtps_cpp.hpp\n'}
[1.756141] (vehicle_interfaces) StdoutLine: {'line': b'-- Up-to-date: /home/ethanreynolds/vscode/robot-rover-2025/code/system/ros2/install/vehicle_interfaces/include/vehicle_interfaces/msg/detail/dds_fastrtps\n'}
[1.764584] (vehicle_interfaces) StdoutLine: {'line': b'-- Up-to-date: /home/ethanreynolds/vscode/robot-rover-2025/code/system/ros2/install/vehicle_interfaces/include/vehicle_interfaces/msg/detail/encoder_data__rosidl_typesupport_fastrtps_cpp.hpp\n'}
[1.764816] (vehicle_interfaces) StdoutLine: {'line': b'-- Up-to-date: /home/ethanreynolds/vscode/robot-rover-2025/code/system/ros2/install/vehicle_interfaces/include/vehicle_interfaces/msg/detail/temperature_data__rosidl_typesupport_fastrtps_cpp.hpp\n'}
[1.765061] (vehicle_interfaces) StdoutLine: {'line': b'-- Up-to-date: /home/ethanreynolds/vscode/robot-rover-2025/code/system/ros2/install/vehicle_interfaces/include/vehicle_interfaces/msg/detail/ultrasonic_data__rosidl_typesupport_fastrtps_cpp.hpp\n'}
[1.765339] (vehicle_interfaces) StdoutLine: {'line': b'-- Up-to-date: /home/ethanreynolds/vscode/robot-rover-2025/code/system/ros2/install/vehicle_interfaces/include/vehicle_interfaces/msg/detail/sensor_data__rosidl_typesupport_fastrtps_cpp.hpp\n'}
[1.765556] (vehicle_interfaces) StdoutLine: {'line': b'-- Up-to-date: /home/ethanreynolds/vscode/robot-rover-2025/code/system/ros2/install/vehicle_interfaces/include/vehicle_interfaces/msg/detail/to_f_data__rosidl_typesupport_fastrtps_cpp.hpp\n'}
[1.765761] (vehicle_interfaces) StdoutLine: {'line': b'-- Up-to-date: /home/ethanreynolds/vscode/robot-rover-2025/code/system/ros2/install/vehicle_interfaces/include/vehicle_interfaces/msg/detail/mpu_data__rosidl_typesupport_fastrtps_cpp.hpp\n'}
[1.766000] (vehicle_interfaces) StdoutLine: {'line': b'-- Up-to-date: /home/ethanreynolds/vscode/robot-rover-2025/code/system/ros2/install/vehicle_interfaces/include/vehicle_interfaces/msg/rosidl_typesupport_fastrtps_cpp__visibility_control.h\n'}
[1.766201] (vehicle_interfaces) StdoutLine: {'line': b'-- Up-to-date: /home/ethanreynolds/vscode/robot-rover-2025/code/system/ros2/install/vehicle_interfaces/include/vehicle_interfaces/srv\n'}
[1.766408] (vehicle_interfaces) StdoutLine: {'line': b'-- Up-to-date: /home/ethanreynolds/vscode/robot-rover-2025/code/system/ros2/install/vehicle_interfaces/include/vehicle_interfaces/srv/detail\n'}
[1.766647] (vehicle_interfaces) StdoutLine: {'line': b'-- Up-to-date: /home/ethanreynolds/vscode/robot-rover-2025/code/system/ros2/install/vehicle_interfaces/include/vehicle_interfaces/srv/detail/dds_fastrtps\n'}
[1.766838] (vehicle_interfaces) StdoutLine: {'line': b'-- Up-to-date: /home/ethanreynolds/vscode/robot-rover-2025/code/system/ros2/install/vehicle_interfaces/include/vehicle_interfaces/srv/detail/get_serial_port__rosidl_typesupport_fastrtps_cpp.hpp\n'}
[1.767061] (vehicle_interfaces) StdoutLine: {'line': b'-- Up-to-date: /home/ethanreynolds/vscode/robot-rover-2025/code/system/ros2/install/vehicle_interfaces/include/vehicle_interfaces/srv/detail/reset_serial_port__rosidl_typesupport_fastrtps_cpp.hpp\n'}
[1.767238] (vehicle_interfaces) StdoutLine: {'line': b'-- Up-to-date: /home/ethanreynolds/vscode/robot-rover-2025/code/system/ros2/install/vehicle_interfaces/include/vehicle_interfaces/srv/detail/get_serial_device_status__rosidl_typesupport_fastrtps_cpp.hpp\n'}
[1.767416] (vehicle_interfaces) StdoutLine: {'line': b'-- Up-to-date: /home/ethanreynolds/vscode/robot-rover-2025/code/system/ros2/install/vehicle_interfaces/lib/libvehicle_interfaces__rosidl_typesupport_fastrtps_cpp.so\n'}
[1.767597] (vehicle_interfaces) StdoutLine: {'line': b'-- Up-to-date: /home/ethanreynolds/vscode/robot-rover-2025/code/system/ros2/install/vehicle_interfaces/include/vehicle_interfaces\n'}
[1.767764] (vehicle_interfaces) StdoutLine: {'line': b'-- Up-to-date: /home/ethanreynolds/vscode/robot-rover-2025/code/system/ros2/install/vehicle_interfaces/include/vehicle_interfaces/msg\n'}
[1.767965] (vehicle_interfaces) StdoutLine: {'line': b'-- Up-to-date: /home/ethanreynolds/vscode/robot-rover-2025/code/system/ros2/install/vehicle_interfaces/include/vehicle_interfaces/msg/rosidl_typesupport_introspection_c__visibility_control.h\n'}
[1.768146] (vehicle_interfaces) StdoutLine: {'line': b'-- Up-to-date: /home/ethanreynolds/vscode/robot-rover-2025/code/system/ros2/install/vehicle_interfaces/include/vehicle_interfaces/msg/detail\n'}
[1.776519] (vehicle_interfaces) StdoutLine: {'line': b'-- Up-to-date: /home/ethanreynolds/vscode/robot-rover-2025/code/system/ros2/install/vehicle_interfaces/include/vehicle_interfaces/msg/detail/control_data__rosidl_typesupport_introspection_c.h\n'}
[1.776982] (vehicle_interfaces) StdoutLine: {'line': b'-- Up-to-date: /home/ethanreynolds/vscode/robot-rover-2025/code/system/ros2/install/vehicle_interfaces/include/vehicle_interfaces/msg/detail/ir_data__rosidl_typesupport_introspection_c.h\n'}
[1.777218] (vehicle_interfaces) StdoutLine: {'line': b'-- Up-to-date: /home/ethanreynolds/vscode/robot-rover-2025/code/system/ros2/install/vehicle_interfaces/include/vehicle_interfaces/msg/detail/to_f_data__type_support.c\n'}
[1.777422] (vehicle_interfaces) StdoutLine: {'line': b'-- Up-to-date: /home/ethanreynolds/vscode/robot-rover-2025/code/system/ros2/install/vehicle_interfaces/include/vehicle_interfaces/msg/detail/temperature_data__rosidl_typesupport_introspection_c.h\n'}
[1.777657] (vehicle_interfaces) StdoutLine: {'line': b'-- Up-to-date: /home/ethanreynolds/vscode/robot-rover-2025/code/system/ros2/install/vehicle_interfaces/include/vehicle_interfaces/msg/detail/gps_data__rosidl_typesupport_introspection_c.h\n'}
[1.777867] (vehicle_interfaces) StdoutLine: {'line': b'-- Up-to-date: /home/ethanreynolds/vscode/robot-rover-2025/code/system/ros2/install/vehicle_interfaces/include/vehicle_interfaces/msg/detail/encoder_data__type_support.c\n'}
[1.778068] (vehicle_interfaces) StdoutLine: {'line': b'-- Up-to-date: /home/ethanreynolds/vscode/robot-rover-2025/code/system/ros2/install/vehicle_interfaces/include/vehicle_interfaces/msg/detail/qmc_data__rosidl_typesupport_introspection_c.h\n'}
[1.778271] (vehicle_interfaces) StdoutLine: {'line': b'-- Up-to-date: /home/ethanreynolds/vscode/robot-rover-2025/code/system/ros2/install/vehicle_interfaces/include/vehicle_interfaces/msg/detail/ultrasonic_data__rosidl_typesupport_introspection_c.h\n'}
[1.778477] (vehicle_interfaces) StdoutLine: {'line': b'-- Up-to-date: /home/ethanreynolds/vscode/robot-rover-2025/code/system/ros2/install/vehicle_interfaces/include/vehicle_interfaces/msg/detail/mpu_data__rosidl_typesupport_introspection_c.h\n'}
[1.778682] (vehicle_interfaces) StdoutLine: {'line': b'-- Up-to-date: /home/ethanreynolds/vscode/robot-rover-2025/code/system/ros2/install/vehicle_interfaces/include/vehicle_interfaces/msg/detail/ir_data__type_support.c\n'}
[1.778889] (vehicle_interfaces) StdoutLine: {'line': b'-- Up-to-date: /home/ethanreynolds/vscode/robot-rover-2025/code/system/ros2/install/vehicle_interfaces/include/vehicle_interfaces/msg/detail/sensor_data__type_support.c\n'}
[1.779093] (vehicle_interfaces) StdoutLine: {'line': b'-- Up-to-date: /home/ethanreynolds/vscode/robot-rover-2025/code/system/ros2/install/vehicle_interfaces/include/vehicle_interfaces/msg/detail/sensor_data__rosidl_typesupport_introspection_c.h\n'}
[1.779328] (vehicle_interfaces) StdoutLine: {'line': b'-- Up-to-date: /home/ethanreynolds/vscode/robot-rover-2025/code/system/ros2/install/vehicle_interfaces/include/vehicle_interfaces/msg/detail/ultrasonic_data__type_support.c\n'}
[1.779524] (vehicle_interfaces) StdoutLine: {'line': b'-- Up-to-date: /home/ethanreynolds/vscode/robot-rover-2025/code/system/ros2/install/vehicle_interfaces/include/vehicle_interfaces/msg/detail/gps_data__type_support.c\n'}
[1.779721] (vehicle_interfaces) StdoutLine: {'line': b'-- Up-to-date: /home/ethanreynolds/vscode/robot-rover-2025/code/system/ros2/install/vehicle_interfaces/include/vehicle_interfaces/msg/detail/qmc_data__type_support.c\n'}
[1.779920] (vehicle_interfaces) StdoutLine: {'line': b'-- Up-to-date: /home/ethanreynolds/vscode/robot-rover-2025/code/system/ros2/install/vehicle_interfaces/include/vehicle_interfaces/msg/detail/encoder_data__rosidl_typesupport_introspection_c.h\n'}
[1.780119] (vehicle_interfaces) StdoutLine: {'line': b'-- Up-to-date: /home/ethanreynolds/vscode/robot-rover-2025/code/system/ros2/install/vehicle_interfaces/include/vehicle_interfaces/msg/detail/mpu_data__type_support.c\n'}
[1.780322] (vehicle_interfaces) StdoutLine: {'line': b'-- Up-to-date: /home/ethanreynolds/vscode/robot-rover-2025/code/system/ros2/install/vehicle_interfaces/include/vehicle_interfaces/msg/detail/to_f_data__rosidl_typesupport_introspection_c.h\n'}
[1.780513] (vehicle_interfaces) StdoutLine: {'line': b'-- Up-to-date: /home/ethanreynolds/vscode/robot-rover-2025/code/system/ros2/install/vehicle_interfaces/include/vehicle_interfaces/msg/detail/temperature_data__type_support.c\n'}
[1.780710] (vehicle_interfaces) StdoutLine: {'line': b'-- Up-to-date: /home/ethanreynolds/vscode/robot-rover-2025/code/system/ros2/install/vehicle_interfaces/include/vehicle_interfaces/msg/detail/control_data__type_support.c\n'}
[1.780911] (vehicle_interfaces) StdoutLine: {'line': b'-- Up-to-date: /home/ethanreynolds/vscode/robot-rover-2025/code/system/ros2/install/vehicle_interfaces/include/vehicle_interfaces/srv\n'}
[1.781148] (vehicle_interfaces) StdoutLine: {'line': b'-- Up-to-date: /home/ethanreynolds/vscode/robot-rover-2025/code/system/ros2/install/vehicle_interfaces/include/vehicle_interfaces/srv/detail\n'}
[1.781356] (vehicle_interfaces) StdoutLine: {'line': b'-- Up-to-date: /home/ethanreynolds/vscode/robot-rover-2025/code/system/ros2/install/vehicle_interfaces/include/vehicle_interfaces/srv/detail/get_serial_port__rosidl_typesupport_introspection_c.h\n'}
[1.781556] (vehicle_interfaces) StdoutLine: {'line': b'-- Up-to-date: /home/ethanreynolds/vscode/robot-rover-2025/code/system/ros2/install/vehicle_interfaces/include/vehicle_interfaces/srv/detail/get_serial_device_status__type_support.c\n'}
[1.781759] (vehicle_interfaces) StdoutLine: {'line': b'-- Up-to-date: /home/ethanreynolds/vscode/robot-rover-2025/code/system/ros2/install/vehicle_interfaces/include/vehicle_interfaces/srv/detail/get_serial_port__type_support.c\n'}
[1.781959] (vehicle_interfaces) StdoutLine: {'line': b'-- Up-to-date: /home/ethanreynolds/vscode/robot-rover-2025/code/system/ros2/install/vehicle_interfaces/include/vehicle_interfaces/srv/detail/reset_serial_port__type_support.c\n'}
[1.782182] (vehicle_interfaces) StdoutLine: {'line': b'-- Up-to-date: /home/ethanreynolds/vscode/robot-rover-2025/code/system/ros2/install/vehicle_interfaces/include/vehicle_interfaces/srv/detail/get_serial_device_status__rosidl_typesupport_introspection_c.h\n'}
[1.782375] (vehicle_interfaces) StdoutLine: {'line': b'-- Up-to-date: /home/ethanreynolds/vscode/robot-rover-2025/code/system/ros2/install/vehicle_interfaces/include/vehicle_interfaces/srv/detail/reset_serial_port__rosidl_typesupport_introspection_c.h\n'}
[1.782561] (vehicle_interfaces) StdoutLine: {'line': b'-- Up-to-date: /home/ethanreynolds/vscode/robot-rover-2025/code/system/ros2/install/vehicle_interfaces/lib/libvehicle_interfaces__rosidl_typesupport_introspection_c.so\n'}
[1.782754] (vehicle_interfaces) StdoutLine: {'line': b'-- Up-to-date: /home/ethanreynolds/vscode/robot-rover-2025/code/system/ros2/install/vehicle_interfaces/lib/libvehicle_interfaces__rosidl_typesupport_c.so\n'}
[1.782944] (vehicle_interfaces) StdoutLine: {'line': b'-- Up-to-date: /home/ethanreynolds/vscode/robot-rover-2025/code/system/ros2/install/vehicle_interfaces/include/vehicle_interfaces\n'}
[1.783132] (vehicle_interfaces) StdoutLine: {'line': b'-- Up-to-date: /home/ethanreynolds/vscode/robot-rover-2025/code/system/ros2/install/vehicle_interfaces/include/vehicle_interfaces/msg\n'}
[1.783320] (vehicle_interfaces) StdoutLine: {'line': b'-- Up-to-date: /home/ethanreynolds/vscode/robot-rover-2025/code/system/ros2/install/vehicle_interfaces/include/vehicle_interfaces/msg/encoder_data.hpp\n'}
[1.783505] (vehicle_interfaces) StdoutLine: {'line': b'-- Up-to-date: /home/ethanreynolds/vscode/robot-rover-2025/code/system/ros2/install/vehicle_interfaces/include/vehicle_interfaces/msg/control_data.hpp\n'}
[1.783692] (vehicle_interfaces) StdoutLine: {'line': b'-- Up-to-date: /home/ethanreynolds/vscode/robot-rover-2025/code/system/ros2/install/vehicle_interfaces/include/vehicle_interfaces/msg/to_f_data.hpp\n'}
[1.783876] (vehicle_interfaces) StdoutLine: {'line': b'-- Up-to-date: /home/ethanreynolds/vscode/robot-rover-2025/code/system/ros2/install/vehicle_interfaces/include/vehicle_interfaces/msg/qmc_data.hpp\n'}
[1.784064] (vehicle_interfaces) StdoutLine: {'line': b'-- Up-to-date: /home/ethanreynolds/vscode/robot-rover-2025/code/system/ros2/install/vehicle_interfaces/include/vehicle_interfaces/msg/ultrasonic_data.hpp\n'}
[1.796412] (vehicle_interfaces) StdoutLine: {'line': b'-- Up-to-date: /home/ethanreynolds/vscode/robot-rover-2025/code/system/ros2/install/vehicle_interfaces/include/vehicle_interfaces/msg/temperature_data.hpp\n'}
[1.796647] (vehicle_interfaces) StdoutLine: {'line': b'-- Up-to-date: /home/ethanreynolds/vscode/robot-rover-2025/code/system/ros2/install/vehicle_interfaces/include/vehicle_interfaces/msg/ir_data.hpp\n'}
[1.796849] (vehicle_interfaces) StdoutLine: {'line': b'-- Up-to-date: /home/ethanreynolds/vscode/robot-rover-2025/code/system/ros2/install/vehicle_interfaces/include/vehicle_interfaces/msg/mpu_data.hpp\n'}
[1.797065] (vehicle_interfaces) StdoutLine: {'line': b'-- Up-to-date: /home/ethanreynolds/vscode/robot-rover-2025/code/system/ros2/install/vehicle_interfaces/include/vehicle_interfaces/msg/sensor_data.hpp\n'}
[1.797264] (vehicle_interfaces) StdoutLine: {'line': b'-- Up-to-date: /home/ethanreynolds/vscode/robot-rover-2025/code/system/ros2/install/vehicle_interfaces/include/vehicle_interfaces/msg/gps_data.hpp\n'}
[1.797464] (vehicle_interfaces) StdoutLine: {'line': b'-- Up-to-date: /home/ethanreynolds/vscode/robot-rover-2025/code/system/ros2/install/vehicle_interfaces/include/vehicle_interfaces/msg/detail\n'}
[1.797659] (vehicle_interfaces) StdoutLine: {'line': b'-- Up-to-date: /home/ethanreynolds/vscode/robot-rover-2025/code/system/ros2/install/vehicle_interfaces/include/vehicle_interfaces/msg/detail/qmc_data__builder.hpp\n'}
[1.797856] (vehicle_interfaces) StdoutLine: {'line': b'-- Up-to-date: /home/ethanreynolds/vscode/robot-rover-2025/code/system/ros2/install/vehicle_interfaces/include/vehicle_interfaces/msg/detail/control_data__type_support.hpp\n'}
[1.798057] (vehicle_interfaces) StdoutLine: {'line': b'-- Up-to-date: /home/ethanreynolds/vscode/robot-rover-2025/code/system/ros2/install/vehicle_interfaces/include/vehicle_interfaces/msg/detail/control_data__traits.hpp\n'}
[1.798260] (vehicle_interfaces) StdoutLine: {'line': b'-- Up-to-date: /home/ethanreynolds/vscode/robot-rover-2025/code/system/ros2/install/vehicle_interfaces/include/vehicle_interfaces/msg/detail/control_data__builder.hpp\n'}
[1.798491] (vehicle_interfaces) StdoutLine: {'line': b'-- Up-to-date: /home/ethanreynolds/vscode/robot-rover-2025/code/system/ros2/install/vehicle_interfaces/include/vehicle_interfaces/msg/detail/to_f_data__struct.hpp\n'}
[1.798700] (vehicle_interfaces) StdoutLine: {'line': b'-- Up-to-date: /home/ethanreynolds/vscode/robot-rover-2025/code/system/ros2/install/vehicle_interfaces/include/vehicle_interfaces/msg/detail/to_f_data__builder.hpp\n'}
[1.798908] (vehicle_interfaces) StdoutLine: {'line': b'-- Up-to-date: /home/ethanreynolds/vscode/robot-rover-2025/code/system/ros2/install/vehicle_interfaces/include/vehicle_interfaces/msg/detail/ultrasonic_data__traits.hpp\n'}
[1.799112] (vehicle_interfaces) StdoutLine: {'line': b'-- Up-to-date: /home/ethanreynolds/vscode/robot-rover-2025/code/system/ros2/install/vehicle_interfaces/include/vehicle_interfaces/msg/detail/ultrasonic_data__type_support.hpp\n'}
[1.799332] (vehicle_interfaces) StdoutLine: {'line': b'-- Up-to-date: /home/ethanreynolds/vscode/robot-rover-2025/code/system/ros2/install/vehicle_interfaces/include/vehicle_interfaces/msg/detail/ir_data__struct.hpp\n'}
[1.799530] (vehicle_interfaces) StdoutLine: {'line': b'-- Up-to-date: /home/ethanreynolds/vscode/robot-rover-2025/code/system/ros2/install/vehicle_interfaces/include/vehicle_interfaces/msg/detail/mpu_data__builder.hpp\n'}
[1.799722] (vehicle_interfaces) StdoutLine: {'line': b'-- Up-to-date: /home/ethanreynolds/vscode/robot-rover-2025/code/system/ros2/install/vehicle_interfaces/include/vehicle_interfaces/msg/detail/ultrasonic_data__builder.hpp\n'}
[1.799919] (vehicle_interfaces) StdoutLine: {'line': b'-- Up-to-date: /home/ethanreynolds/vscode/robot-rover-2025/code/system/ros2/install/vehicle_interfaces/include/vehicle_interfaces/msg/detail/gps_data__builder.hpp\n'}
[1.800126] (vehicle_interfaces) StdoutLine: {'line': b'-- Up-to-date: /home/ethanreynolds/vscode/robot-rover-2025/code/system/ros2/install/vehicle_interfaces/include/vehicle_interfaces/msg/detail/gps_data__traits.hpp\n'}
[1.808507] (vehicle_interfaces) StdoutLine: {'line': b'-- Up-to-date: /home/ethanreynolds/vscode/robot-rover-2025/code/system/ros2/install/vehicle_interfaces/include/vehicle_interfaces/msg/detail/qmc_data__struct.hpp\n'}
[1.808748] (vehicle_interfaces) StdoutLine: {'line': b'-- Up-to-date: /home/ethanreynolds/vscode/robot-rover-2025/code/system/ros2/install/vehicle_interfaces/include/vehicle_interfaces/msg/detail/ultrasonic_data__struct.hpp\n'}
[1.808958] (vehicle_interfaces) StdoutLine: {'line': b'-- Up-to-date: /home/ethanreynolds/vscode/robot-rover-2025/code/system/ros2/install/vehicle_interfaces/include/vehicle_interfaces/msg/detail/gps_data__struct.hpp\n'}
[1.809183] (vehicle_interfaces) StdoutLine: {'line': b'-- Up-to-date: /home/ethanreynolds/vscode/robot-rover-2025/code/system/ros2/install/vehicle_interfaces/include/vehicle_interfaces/msg/detail/mpu_data__type_support.hpp\n'}
[1.809391] (vehicle_interfaces) StdoutLine: {'line': b'-- Up-to-date: /home/ethanreynolds/vscode/robot-rover-2025/code/system/ros2/install/vehicle_interfaces/include/vehicle_interfaces/msg/detail/gps_data__type_support.hpp\n'}
[1.809593] (vehicle_interfaces) StdoutLine: {'line': b'-- Up-to-date: /home/ethanreynolds/vscode/robot-rover-2025/code/system/ros2/install/vehicle_interfaces/include/vehicle_interfaces/msg/detail/encoder_data__struct.hpp\n'}
[1.809803] (vehicle_interfaces) StdoutLine: {'line': b'-- Up-to-date: /home/ethanreynolds/vscode/robot-rover-2025/code/system/ros2/install/vehicle_interfaces/include/vehicle_interfaces/msg/detail/temperature_data__type_support.hpp\n'}
[1.810005] (vehicle_interfaces) StdoutLine: {'line': b'-- Up-to-date: /home/ethanreynolds/vscode/robot-rover-2025/code/system/ros2/install/vehicle_interfaces/include/vehicle_interfaces/msg/detail/encoder_data__type_support.hpp\n'}
[1.810205] (vehicle_interfaces) StdoutLine: {'line': b'-- Up-to-date: /home/ethanreynolds/vscode/robot-rover-2025/code/system/ros2/install/vehicle_interfaces/include/vehicle_interfaces/msg/detail/encoder_data__builder.hpp\n'}
[1.810400] (vehicle_interfaces) StdoutLine: {'line': b'-- Up-to-date: /home/ethanreynolds/vscode/robot-rover-2025/code/system/ros2/install/vehicle_interfaces/include/vehicle_interfaces/msg/detail/sensor_data__traits.hpp\n'}
[1.810593] (vehicle_interfaces) StdoutLine: {'line': b'-- Up-to-date: /home/ethanreynolds/vscode/robot-rover-2025/code/system/ros2/install/vehicle_interfaces/include/vehicle_interfaces/msg/detail/qmc_data__traits.hpp\n'}
[1.810787] (vehicle_interfaces) StdoutLine: {'line': b'-- Up-to-date: /home/ethanreynolds/vscode/robot-rover-2025/code/system/ros2/install/vehicle_interfaces/include/vehicle_interfaces/msg/detail/mpu_data__struct.hpp\n'}
[1.810987] (vehicle_interfaces) StdoutLine: {'line': b'-- Up-to-date: /home/ethanreynolds/vscode/robot-rover-2025/code/system/ros2/install/vehicle_interfaces/include/vehicle_interfaces/msg/detail/mpu_data__traits.hpp\n'}
[1.811187] (vehicle_interfaces) StdoutLine: {'line': b'-- Up-to-date: /home/ethanreynolds/vscode/robot-rover-2025/code/system/ros2/install/vehicle_interfaces/include/vehicle_interfaces/msg/detail/temperature_data__builder.hpp\n'}
[1.811389] (vehicle_interfaces) StdoutLine: {'line': b'-- Up-to-date: /home/ethanreynolds/vscode/robot-rover-2025/code/system/ros2/install/vehicle_interfaces/include/vehicle_interfaces/msg/detail/sensor_data__type_support.hpp\n'}
[1.811622] (vehicle_interfaces) StdoutLine: {'line': b'-- Up-to-date: /home/ethanreynolds/vscode/robot-rover-2025/code/system/ros2/install/vehicle_interfaces/include/vehicle_interfaces/msg/detail/sensor_data__builder.hpp\n'}
[1.811818] (vehicle_interfaces) StdoutLine: {'line': b'-- Up-to-date: /home/ethanreynolds/vscode/robot-rover-2025/code/system/ros2/install/vehicle_interfaces/include/vehicle_interfaces/msg/detail/ir_data__builder.hpp\n'}
[1.812017] (vehicle_interfaces) StdoutLine: {'line': b'-- Up-to-date: /home/ethanreynolds/vscode/robot-rover-2025/code/system/ros2/install/vehicle_interfaces/include/vehicle_interfaces/msg/detail/to_f_data__traits.hpp\n'}
[1.818530] (vehicle_interfaces) StdoutLine: {'line': b'-- Up-to-date: /home/ethanreynolds/vscode/robot-rover-2025/code/system/ros2/install/vehicle_interfaces/include/vehicle_interfaces/msg/detail/control_data__struct.hpp\n'}
[1.818842] (vehicle_interfaces) StdoutLine: {'line': b'-- Up-to-date: /home/ethanreynolds/vscode/robot-rover-2025/code/system/ros2/install/vehicle_interfaces/include/vehicle_interfaces/msg/detail/encoder_data__traits.hpp\n'}
[1.819062] (vehicle_interfaces) StdoutLine: {'line': b'-- Up-to-date: /home/ethanreynolds/vscode/robot-rover-2025/code/system/ros2/install/vehicle_interfaces/include/vehicle_interfaces/msg/detail/temperature_data__traits.hpp\n'}
[1.819298] (vehicle_interfaces) StdoutLine: {'line': b'-- Up-to-date: /home/ethanreynolds/vscode/robot-rover-2025/code/system/ros2/install/vehicle_interfaces/include/vehicle_interfaces/msg/detail/ir_data__traits.hpp\n'}
[1.819519] (vehicle_interfaces) StdoutLine: {'line': b'-- Up-to-date: /home/ethanreynolds/vscode/robot-rover-2025/code/system/ros2/install/vehicle_interfaces/include/vehicle_interfaces/msg/detail/sensor_data__struct.hpp\n'}
[1.819729] (vehicle_interfaces) StdoutLine: {'line': b'-- Up-to-date: /home/ethanreynolds/vscode/robot-rover-2025/code/system/ros2/install/vehicle_interfaces/include/vehicle_interfaces/msg/detail/qmc_data__type_support.hpp\n'}
[1.819932] (vehicle_interfaces) StdoutLine: {'line': b'-- Up-to-date: /home/ethanreynolds/vscode/robot-rover-2025/code/system/ros2/install/vehicle_interfaces/include/vehicle_interfaces/msg/detail/to_f_data__type_support.hpp\n'}
[1.820123] (vehicle_interfaces) StdoutLine: {'line': b'-- Up-to-date: /home/ethanreynolds/vscode/robot-rover-2025/code/system/ros2/install/vehicle_interfaces/include/vehicle_interfaces/msg/detail/temperature_data__struct.hpp\n'}
[1.820345] (vehicle_interfaces) StdoutLine: {'line': b'-- Up-to-date: /home/ethanreynolds/vscode/robot-rover-2025/code/system/ros2/install/vehicle_interfaces/include/vehicle_interfaces/msg/detail/ir_data__type_support.hpp\n'}
[1.820549] (vehicle_interfaces) StdoutLine: {'line': b'-- Up-to-date: /home/ethanreynolds/vscode/robot-rover-2025/code/system/ros2/install/vehicle_interfaces/include/vehicle_interfaces/msg/rosidl_generator_cpp__visibility_control.hpp\n'}
[1.820797] (vehicle_interfaces) StdoutLine: {'line': b'-- Up-to-date: /home/ethanreynolds/vscode/robot-rover-2025/code/system/ros2/install/vehicle_interfaces/include/vehicle_interfaces/srv\n'}
[1.820997] (vehicle_interfaces) StdoutLine: {'line': b'-- Up-to-date: /home/ethanreynolds/vscode/robot-rover-2025/code/system/ros2/install/vehicle_interfaces/include/vehicle_interfaces/srv/get_serial_port.hpp\n'}
[1.821197] (vehicle_interfaces) StdoutLine: {'line': b'-- Up-to-date: /home/ethanreynolds/vscode/robot-rover-2025/code/system/ros2/install/vehicle_interfaces/include/vehicle_interfaces/srv/get_serial_device_status.hpp\n'}
[1.821395] (vehicle_interfaces) StdoutLine: {'line': b'-- Up-to-date: /home/ethanreynolds/vscode/robot-rover-2025/code/system/ros2/install/vehicle_interfaces/include/vehicle_interfaces/srv/reset_serial_port.hpp\n'}
[1.821637] (vehicle_interfaces) StdoutLine: {'line': b'-- Up-to-date: /home/ethanreynolds/vscode/robot-rover-2025/code/system/ros2/install/vehicle_interfaces/include/vehicle_interfaces/srv/detail\n'}
[1.821840] (vehicle_interfaces) StdoutLine: {'line': b'-- Up-to-date: /home/ethanreynolds/vscode/robot-rover-2025/code/system/ros2/install/vehicle_interfaces/include/vehicle_interfaces/srv/detail/reset_serial_port__traits.hpp\n'}
[1.822085] (vehicle_interfaces) StdoutLine: {'line': b'-- Up-to-date: /home/ethanreynolds/vscode/robot-rover-2025/code/system/ros2/install/vehicle_interfaces/include/vehicle_interfaces/srv/detail/get_serial_port__traits.hpp\n'}
[1.822282] (vehicle_interfaces) StdoutLine: {'line': b'-- Up-to-date: /home/ethanreynolds/vscode/robot-rover-2025/code/system/ros2/install/vehicle_interfaces/include/vehicle_interfaces/srv/detail/get_serial_port__builder.hpp\n'}
[1.822481] (vehicle_interfaces) StdoutLine: {'line': b'-- Up-to-date: /home/ethanreynolds/vscode/robot-rover-2025/code/system/ros2/install/vehicle_interfaces/include/vehicle_interfaces/srv/detail/get_serial_device_status__builder.hpp\n'}
[1.822681] (vehicle_interfaces) StdoutLine: {'line': b'-- Up-to-date: /home/ethanreynolds/vscode/robot-rover-2025/code/system/ros2/install/vehicle_interfaces/include/vehicle_interfaces/srv/detail/reset_serial_port__builder.hpp\n'}
[1.822888] (vehicle_interfaces) StdoutLine: {'line': b'-- Up-to-date: /home/ethanreynolds/vscode/robot-rover-2025/code/system/ros2/install/vehicle_interfaces/include/vehicle_interfaces/srv/detail/get_serial_port__type_support.hpp\n'}
[1.823101] (vehicle_interfaces) StdoutLine: {'line': b'-- Up-to-date: /home/ethanreynolds/vscode/robot-rover-2025/code/system/ros2/install/vehicle_interfaces/include/vehicle_interfaces/srv/detail/reset_serial_port__type_support.hpp\n'}
[1.823338] (vehicle_interfaces) StdoutLine: {'line': b'-- Up-to-date: /home/ethanreynolds/vscode/robot-rover-2025/code/system/ros2/install/vehicle_interfaces/include/vehicle_interfaces/srv/detail/get_serial_device_status__traits.hpp\n'}
[1.823548] (vehicle_interfaces) StdoutLine: {'line': b'-- Up-to-date: /home/ethanreynolds/vscode/robot-rover-2025/code/system/ros2/install/vehicle_interfaces/include/vehicle_interfaces/srv/detail/get_serial_device_status__struct.hpp\n'}
[1.823744] (vehicle_interfaces) StdoutLine: {'line': b'-- Up-to-date: /home/ethanreynolds/vscode/robot-rover-2025/code/system/ros2/install/vehicle_interfaces/include/vehicle_interfaces/srv/detail/get_serial_port__struct.hpp\n'}
[1.823949] (vehicle_interfaces) StdoutLine: {'line': b'-- Up-to-date: /home/ethanreynolds/vscode/robot-rover-2025/code/system/ros2/install/vehicle_interfaces/include/vehicle_interfaces/srv/detail/get_serial_device_status__type_support.hpp\n'}
[1.824156] (vehicle_interfaces) StdoutLine: {'line': b'-- Up-to-date: /home/ethanreynolds/vscode/robot-rover-2025/code/system/ros2/install/vehicle_interfaces/include/vehicle_interfaces/srv/detail/reset_serial_port__struct.hpp\n'}
[1.840518] (-) TimerEvent: {}
[1.840783] (vehicle_interfaces) StdoutLine: {'line': b'-- Up-to-date: /home/ethanreynolds/vscode/robot-rover-2025/code/system/ros2/install/vehicle_interfaces/include/vehicle_interfaces\n'}
[1.841061] (vehicle_interfaces) StdoutLine: {'line': b'-- Up-to-date: /home/ethanreynolds/vscode/robot-rover-2025/code/system/ros2/install/vehicle_interfaces/include/vehicle_interfaces/msg\n'}
[1.841269] (vehicle_interfaces) StdoutLine: {'line': b'-- Up-to-date: /home/ethanreynolds/vscode/robot-rover-2025/code/system/ros2/install/vehicle_interfaces/include/vehicle_interfaces/msg/detail\n'}
[1.841465] (vehicle_interfaces) StdoutLine: {'line': b'-- Up-to-date: /home/ethanreynolds/vscode/robot-rover-2025/code/system/ros2/install/vehicle_interfaces/include/vehicle_interfaces/msg/detail/mpu_data__rosidl_typesupport_introspection_cpp.hpp\n'}
[1.841668] (vehicle_interfaces) StdoutLine: {'line': b'-- Up-to-date: /home/ethanreynolds/vscode/robot-rover-2025/code/system/ros2/install/vehicle_interfaces/include/vehicle_interfaces/msg/detail/sensor_data__type_support.cpp\n'}
[1.841866] (vehicle_interfaces) StdoutLine: {'line': b'-- Up-to-date: /home/ethanreynolds/vscode/robot-rover-2025/code/system/ros2/install/vehicle_interfaces/include/vehicle_interfaces/msg/detail/qmc_data__type_support.cpp\n'}
[1.842068] (vehicle_interfaces) StdoutLine: {'line': b'-- Up-to-date: /home/ethanreynolds/vscode/robot-rover-2025/code/system/ros2/install/vehicle_interfaces/include/vehicle_interfaces/msg/detail/qmc_data__rosidl_typesupport_introspection_cpp.hpp\n'}
[1.842268] (vehicle_interfaces) StdoutLine: {'line': b'-- Up-to-date: /home/ethanreynolds/vscode/robot-rover-2025/code/system/ros2/install/vehicle_interfaces/include/vehicle_interfaces/msg/detail/to_f_data__rosidl_typesupport_introspection_cpp.hpp\n'}
[1.842473] (vehicle_interfaces) StdoutLine: {'line': b'-- Up-to-date: /home/ethanreynolds/vscode/robot-rover-2025/code/system/ros2/install/vehicle_interfaces/include/vehicle_interfaces/msg/detail/ir_data__type_support.cpp\n'}
[1.842714] (vehicle_interfaces) StdoutLine: {'line': b'-- Up-to-date: /home/ethanreynolds/vscode/robot-rover-2025/code/system/ros2/install/vehicle_interfaces/include/vehicle_interfaces/msg/detail/gps_data__type_support.cpp\n'}
[1.842929] (vehicle_interfaces) StdoutLine: {'line': b'-- Up-to-date: /home/ethanreynolds/vscode/robot-rover-2025/code/system/ros2/install/vehicle_interfaces/include/vehicle_interfaces/msg/detail/encoder_data__type_support.cpp\n'}
[1.843139] (vehicle_interfaces) StdoutLine: {'line': b'-- Up-to-date: /home/ethanreynolds/vscode/robot-rover-2025/code/system/ros2/install/vehicle_interfaces/include/vehicle_interfaces/msg/detail/to_f_data__type_support.cpp\n'}
[1.843355] (vehicle_interfaces) StdoutLine: {'line': b'-- Up-to-date: /home/ethanreynolds/vscode/robot-rover-2025/code/system/ros2/install/vehicle_interfaces/include/vehicle_interfaces/msg/detail/ir_data__rosidl_typesupport_introspection_cpp.hpp\n'}
[1.843552] (vehicle_interfaces) StdoutLine: {'line': b'-- Up-to-date: /home/ethanreynolds/vscode/robot-rover-2025/code/system/ros2/install/vehicle_interfaces/include/vehicle_interfaces/msg/detail/temperature_data__rosidl_typesupport_introspection_cpp.hpp\n'}
[1.843752] (vehicle_interfaces) StdoutLine: {'line': b'-- Up-to-date: /home/ethanreynolds/vscode/robot-rover-2025/code/system/ros2/install/vehicle_interfaces/include/vehicle_interfaces/msg/detail/control_data__type_support.cpp\n'}
[1.843949] (vehicle_interfaces) StdoutLine: {'line': b'-- Up-to-date: /home/ethanreynolds/vscode/robot-rover-2025/code/system/ros2/install/vehicle_interfaces/include/vehicle_interfaces/msg/detail/sensor_data__rosidl_typesupport_introspection_cpp.hpp\n'}
[1.844147] (vehicle_interfaces) StdoutLine: {'line': b'-- Up-to-date: /home/ethanreynolds/vscode/robot-rover-2025/code/system/ros2/install/vehicle_interfaces/include/vehicle_interfaces/msg/detail/temperature_data__type_support.cpp\n'}
[1.844366] (vehicle_interfaces) StdoutLine: {'line': b'-- Up-to-date: /home/ethanreynolds/vscode/robot-rover-2025/code/system/ros2/install/vehicle_interfaces/include/vehicle_interfaces/msg/detail/control_data__rosidl_typesupport_introspection_cpp.hpp\n'}
[1.844563] (vehicle_interfaces) StdoutLine: {'line': b'-- Up-to-date: /home/ethanreynolds/vscode/robot-rover-2025/code/system/ros2/install/vehicle_interfaces/include/vehicle_interfaces/msg/detail/mpu_data__type_support.cpp\n'}
[1.844798] (vehicle_interfaces) StdoutLine: {'line': b'-- Up-to-date: /home/ethanreynolds/vscode/robot-rover-2025/code/system/ros2/install/vehicle_interfaces/include/vehicle_interfaces/msg/detail/gps_data__rosidl_typesupport_introspection_cpp.hpp\n'}
[1.844997] (vehicle_interfaces) StdoutLine: {'line': b'-- Up-to-date: /home/ethanreynolds/vscode/robot-rover-2025/code/system/ros2/install/vehicle_interfaces/include/vehicle_interfaces/msg/detail/encoder_data__rosidl_typesupport_introspection_cpp.hpp\n'}
[1.845199] (vehicle_interfaces) StdoutLine: {'line': b'-- Up-to-date: /home/ethanreynolds/vscode/robot-rover-2025/code/system/ros2/install/vehicle_interfaces/include/vehicle_interfaces/msg/detail/ultrasonic_data__type_support.cpp\n'}
[1.845406] (vehicle_interfaces) StdoutLine: {'line': b'-- Up-to-date: /home/ethanreynolds/vscode/robot-rover-2025/code/system/ros2/install/vehicle_interfaces/include/vehicle_interfaces/msg/detail/ultrasonic_data__rosidl_typesupport_introspection_cpp.hpp\n'}
[1.845614] (vehicle_interfaces) StdoutLine: {'line': b'-- Up-to-date: /home/ethanreynolds/vscode/robot-rover-2025/code/system/ros2/install/vehicle_interfaces/include/vehicle_interfaces/srv\n'}
[1.845815] (vehicle_interfaces) StdoutLine: {'line': b'-- Up-to-date: /home/ethanreynolds/vscode/robot-rover-2025/code/system/ros2/install/vehicle_interfaces/include/vehicle_interfaces/srv/detail\n'}
[1.846011] (vehicle_interfaces) StdoutLine: {'line': b'-- Up-to-date: /home/ethanreynolds/vscode/robot-rover-2025/code/system/ros2/install/vehicle_interfaces/include/vehicle_interfaces/srv/detail/get_serial_device_status__type_support.cpp\n'}
[1.846204] (vehicle_interfaces) StdoutLine: {'line': b'-- Up-to-date: /home/ethanreynolds/vscode/robot-rover-2025/code/system/ros2/install/vehicle_interfaces/include/vehicle_interfaces/srv/detail/get_serial_port__type_support.cpp\n'}
[1.846395] (vehicle_interfaces) StdoutLine: {'line': b'-- Up-to-date: /home/ethanreynolds/vscode/robot-rover-2025/code/system/ros2/install/vehicle_interfaces/include/vehicle_interfaces/srv/detail/get_serial_device_status__rosidl_typesupport_introspection_cpp.hpp\n'}
[1.846584] (vehicle_interfaces) StdoutLine: {'line': b'-- Up-to-date: /home/ethanreynolds/vscode/robot-rover-2025/code/system/ros2/install/vehicle_interfaces/include/vehicle_interfaces/srv/detail/get_serial_port__rosidl_typesupport_introspection_cpp.hpp\n'}
[1.846790] (vehicle_interfaces) StdoutLine: {'line': b'-- Up-to-date: /home/ethanreynolds/vscode/robot-rover-2025/code/system/ros2/install/vehicle_interfaces/include/vehicle_interfaces/srv/detail/reset_serial_port__type_support.cpp\n'}
[1.846981] (vehicle_interfaces) StdoutLine: {'line': b'-- Up-to-date: /home/ethanreynolds/vscode/robot-rover-2025/code/system/ros2/install/vehicle_interfaces/include/vehicle_interfaces/srv/detail/reset_serial_port__rosidl_typesupport_introspection_cpp.hpp\n'}
[1.847173] (vehicle_interfaces) StdoutLine: {'line': b'-- Up-to-date: /home/ethanreynolds/vscode/robot-rover-2025/code/system/ros2/install/vehicle_interfaces/lib/libvehicle_interfaces__rosidl_typesupport_introspection_cpp.so\n'}
[1.847362] (vehicle_interfaces) StdoutLine: {'line': b'-- Up-to-date: /home/ethanreynolds/vscode/robot-rover-2025/code/system/ros2/install/vehicle_interfaces/lib/libvehicle_interfaces__rosidl_typesupport_cpp.so\n'}
[1.847551] (vehicle_interfaces) StdoutLine: {'line': b'-- Up-to-date: /home/ethanreynolds/vscode/robot-rover-2025/code/system/ros2/install/vehicle_interfaces/share/vehicle_interfaces/environment/pythonpath.sh\n'}
[1.847741] (vehicle_interfaces) StdoutLine: {'line': b'-- Up-to-date: /home/ethanreynolds/vscode/robot-rover-2025/code/system/ros2/install/vehicle_interfaces/share/vehicle_interfaces/environment/pythonpath.dsv\n'}
[1.847935] (vehicle_interfaces) StdoutLine: {'line': b'-- Up-to-date: /home/ethanreynolds/vscode/robot-rover-2025/code/system/ros2/install/vehicle_interfaces/lib/python3.8/site-packages/vehicle_interfaces/__init__.py\n'}
[1.940638] (-) TimerEvent: {}
[1.974023] (vehicle_interfaces) StdoutLine: {'line': b'-- Up-to-date: /home/ethanreynolds/vscode/robot-rover-2025/code/system/ros2/install/vehicle_interfaces/lib/python3.8/site-packages/vehicle_interfaces/srv\n'}
[1.974568] (vehicle_interfaces) StdoutLine: {'line': b'-- Up-to-date: /home/ethanreynolds/vscode/robot-rover-2025/code/system/ros2/install/vehicle_interfaces/lib/python3.8/site-packages/vehicle_interfaces/srv/_reset_serial_port.py\n'}
[1.974970] (vehicle_interfaces) StdoutLine: {'line': b'-- Up-to-date: /home/ethanreynolds/vscode/robot-rover-2025/code/system/ros2/install/vehicle_interfaces/lib/python3.8/site-packages/vehicle_interfaces/srv/_get_serial_port.py\n'}
[1.975409] (vehicle_interfaces) StdoutLine: {'line': b'-- Up-to-date: /home/ethanreynolds/vscode/robot-rover-2025/code/system/ros2/install/vehicle_interfaces/lib/python3.8/site-packages/vehicle_interfaces/srv/_get_serial_device_status_s.c\n'}
[1.975737] (vehicle_interfaces) StdoutLine: {'line': b'-- Up-to-date: /home/ethanreynolds/vscode/robot-rover-2025/code/system/ros2/install/vehicle_interfaces/lib/python3.8/site-packages/vehicle_interfaces/srv/_get_serial_device_status.py\n'}
[1.975944] (vehicle_interfaces) StdoutLine: {'line': b'-- Up-to-date: /home/ethanreynolds/vscode/robot-rover-2025/code/system/ros2/install/vehicle_interfaces/lib/python3.8/site-packages/vehicle_interfaces/srv/__init__.py\n'}
[1.976169] (vehicle_interfaces) StdoutLine: {'line': b'-- Up-to-date: /home/ethanreynolds/vscode/robot-rover-2025/code/system/ros2/install/vehicle_interfaces/lib/python3.8/site-packages/vehicle_interfaces/srv/_get_serial_port_s.c\n'}
[1.976436] (vehicle_interfaces) StdoutLine: {'line': b'-- Up-to-date: /home/ethanreynolds/vscode/robot-rover-2025/code/system/ros2/install/vehicle_interfaces/lib/python3.8/site-packages/vehicle_interfaces/srv/_reset_serial_port_s.c\n'}
[1.976642] (vehicle_interfaces) StdoutLine: {'line': b'-- Up-to-date: /home/ethanreynolds/vscode/robot-rover-2025/code/system/ros2/install/vehicle_interfaces/lib/python3.8/site-packages/vehicle_interfaces/msg\n'}
[1.976841] (vehicle_interfaces) StdoutLine: {'line': b'-- Up-to-date: /home/ethanreynolds/vscode/robot-rover-2025/code/system/ros2/install/vehicle_interfaces/lib/python3.8/site-packages/vehicle_interfaces/msg/_qmc_data_s.c\n'}
[1.977043] (vehicle_interfaces) StdoutLine: {'line': b'-- Up-to-date: /home/ethanreynolds/vscode/robot-rover-2025/code/system/ros2/install/vehicle_interfaces/lib/python3.8/site-packages/vehicle_interfaces/msg/_qmc_data.py\n'}
[1.977257] (vehicle_interfaces) StdoutLine: {'line': b'-- Up-to-date: /home/ethanreynolds/vscode/robot-rover-2025/code/system/ros2/install/vehicle_interfaces/lib/python3.8/site-packages/vehicle_interfaces/msg/_sensor_data_s.c\n'}
[1.977457] (vehicle_interfaces) StdoutLine: {'line': b'-- Up-to-date: /home/ethanreynolds/vscode/robot-rover-2025/code/system/ros2/install/vehicle_interfaces/lib/python3.8/site-packages/vehicle_interfaces/msg/_ultrasonic_data_s.c\n'}
[1.977654] (vehicle_interfaces) StdoutLine: {'line': b'-- Up-to-date: /home/ethanreynolds/vscode/robot-rover-2025/code/system/ros2/install/vehicle_interfaces/lib/python3.8/site-packages/vehicle_interfaces/msg/_ir_data.py\n'}
[1.977904] (vehicle_interfaces) StdoutLine: {'line': b'-- Up-to-date: /home/ethanreynolds/vscode/robot-rover-2025/code/system/ros2/install/vehicle_interfaces/lib/python3.8/site-packages/vehicle_interfaces/msg/_control_data_s.c\n'}
[1.978103] (vehicle_interfaces) StdoutLine: {'line': b'-- Up-to-date: /home/ethanreynolds/vscode/robot-rover-2025/code/system/ros2/install/vehicle_interfaces/lib/python3.8/site-packages/vehicle_interfaces/msg/_temperature_data.py\n'}
[1.978302] (vehicle_interfaces) StdoutLine: {'line': b'-- Up-to-date: /home/ethanreynolds/vscode/robot-rover-2025/code/system/ros2/install/vehicle_interfaces/lib/python3.8/site-packages/vehicle_interfaces/msg/_ir_data_s.c\n'}
[1.978502] (vehicle_interfaces) StdoutLine: {'line': b'-- Up-to-date: /home/ethanreynolds/vscode/robot-rover-2025/code/system/ros2/install/vehicle_interfaces/lib/python3.8/site-packages/vehicle_interfaces/msg/_ultrasonic_data.py\n'}
[1.978699] (vehicle_interfaces) StdoutLine: {'line': b'-- Up-to-date: /home/ethanreynolds/vscode/robot-rover-2025/code/system/ros2/install/vehicle_interfaces/lib/python3.8/site-packages/vehicle_interfaces/msg/_gps_data_s.c\n'}
[1.978896] (vehicle_interfaces) StdoutLine: {'line': b'-- Up-to-date: /home/ethanreynolds/vscode/robot-rover-2025/code/system/ros2/install/vehicle_interfaces/lib/python3.8/site-packages/vehicle_interfaces/msg/_encoder_data.py\n'}
[1.979148] (vehicle_interfaces) StdoutLine: {'line': b'-- Up-to-date: /home/ethanreynolds/vscode/robot-rover-2025/code/system/ros2/install/vehicle_interfaces/lib/python3.8/site-packages/vehicle_interfaces/msg/__init__.py\n'}
[1.979335] (vehicle_interfaces) StdoutLine: {'line': b'-- Up-to-date: /home/ethanreynolds/vscode/robot-rover-2025/code/system/ros2/install/vehicle_interfaces/lib/python3.8/site-packages/vehicle_interfaces/msg/_mpu_data.py\n'}
[1.979511] (vehicle_interfaces) StdoutLine: {'line': b'-- Up-to-date: /home/ethanreynolds/vscode/robot-rover-2025/code/system/ros2/install/vehicle_interfaces/lib/python3.8/site-packages/vehicle_interfaces/msg/_temperature_data_s.c\n'}
[1.979683] (vehicle_interfaces) StdoutLine: {'line': b'-- Up-to-date: /home/ethanreynolds/vscode/robot-rover-2025/code/system/ros2/install/vehicle_interfaces/lib/python3.8/site-packages/vehicle_interfaces/msg/_gps_data.py\n'}
[1.979855] (vehicle_interfaces) StdoutLine: {'line': b'-- Up-to-date: /home/ethanreynolds/vscode/robot-rover-2025/code/system/ros2/install/vehicle_interfaces/lib/python3.8/site-packages/vehicle_interfaces/msg/_to_f_data.py\n'}
[1.980034] (vehicle_interfaces) StdoutLine: {'line': b'-- Up-to-date: /home/ethanreynolds/vscode/robot-rover-2025/code/system/ros2/install/vehicle_interfaces/lib/python3.8/site-packages/vehicle_interfaces/msg/_control_data.py\n'}
[1.980287] (vehicle_interfaces) StdoutLine: {'line': b'-- Up-to-date: /home/ethanreynolds/vscode/robot-rover-2025/code/system/ros2/install/vehicle_interfaces/lib/python3.8/site-packages/vehicle_interfaces/msg/_encoder_data_s.c\n'}
[1.980466] (vehicle_interfaces) StdoutLine: {'line': b'-- Up-to-date: /home/ethanreynolds/vscode/robot-rover-2025/code/system/ros2/install/vehicle_interfaces/lib/python3.8/site-packages/vehicle_interfaces/msg/_mpu_data_s.c\n'}
[1.980673] (vehicle_interfaces) StdoutLine: {'line': b'-- Up-to-date: /home/ethanreynolds/vscode/robot-rover-2025/code/system/ros2/install/vehicle_interfaces/lib/python3.8/site-packages/vehicle_interfaces/msg/_to_f_data_s.c\n'}
[1.980960] (vehicle_interfaces) StdoutLine: {'line': b'-- Up-to-date: /home/ethanreynolds/vscode/robot-rover-2025/code/system/ros2/install/vehicle_interfaces/lib/python3.8/site-packages/vehicle_interfaces/msg/_sensor_data.py\n'}
[1.981251] (vehicle_interfaces) StdoutLine: {'line': b'-- Up-to-date: /home/ethanreynolds/vscode/robot-rover-2025/code/system/ros2/install/vehicle_interfaces/lib/python3.8/site-packages/vehicle_interfaces/vehicle_interfaces_s__rosidl_typesupport_fastrtps_c.cpython-38-x86_64-linux-gnu.so\n'}
[1.988315] (vehicle_interfaces) StdoutLine: {'line': b'-- Up-to-date: /home/ethanreynolds/vscode/robot-rover-2025/code/system/ros2/install/vehicle_interfaces/lib/python3.8/site-packages/vehicle_interfaces/vehicle_interfaces_s__rosidl_typesupport_introspection_c.cpython-38-x86_64-linux-gnu.so\n'}
[1.988648] (vehicle_interfaces) StdoutLine: {'line': b'-- Up-to-date: /home/ethanreynolds/vscode/robot-rover-2025/code/system/ros2/install/vehicle_interfaces/lib/python3.8/site-packages/vehicle_interfaces/vehicle_interfaces_s__rosidl_typesupport_c.cpython-38-x86_64-linux-gnu.so\n'}
[1.988894] (vehicle_interfaces) StdoutLine: {'line': b'-- Up-to-date: /home/ethanreynolds/vscode/robot-rover-2025/code/system/ros2/install/vehicle_interfaces/lib/libvehicle_interfaces__python.so\n'}
[1.989123] (vehicle_interfaces) StdoutLine: {'line': b'-- Up-to-date: /home/ethanreynolds/vscode/robot-rover-2025/code/system/ros2/install/vehicle_interfaces/share/vehicle_interfaces/srv/GetSerialPort.idl\n'}
[1.989350] (vehicle_interfaces) StdoutLine: {'line': b'-- Up-to-date: /home/ethanreynolds/vscode/robot-rover-2025/code/system/ros2/install/vehicle_interfaces/share/vehicle_interfaces/srv/ResetSerialPort.idl\n'}
[1.989570] (vehicle_interfaces) StdoutLine: {'line': b'-- Up-to-date: /home/ethanreynolds/vscode/robot-rover-2025/code/system/ros2/install/vehicle_interfaces/share/vehicle_interfaces/srv/GetSerialDeviceStatus.idl\n'}
[1.989790] (vehicle_interfaces) StdoutLine: {'line': b'-- Up-to-date: /home/ethanreynolds/vscode/robot-rover-2025/code/system/ros2/install/vehicle_interfaces/share/vehicle_interfaces/msg/SensorData.idl\n'}
[1.990009] (vehicle_interfaces) StdoutLine: {'line': b'-- Up-to-date: /home/ethanreynolds/vscode/robot-rover-2025/code/system/ros2/install/vehicle_interfaces/share/vehicle_interfaces/msg/ControlData.idl\n'}
[1.990225] (vehicle_interfaces) StdoutLine: {'line': b'-- Up-to-date: /home/ethanreynolds/vscode/robot-rover-2025/code/system/ros2/install/vehicle_interfaces/share/vehicle_interfaces/msg/EncoderData.idl\n'}
[1.990443] (vehicle_interfaces) StdoutLine: {'line': b'-- Up-to-date: /home/ethanreynolds/vscode/robot-rover-2025/code/system/ros2/install/vehicle_interfaces/share/vehicle_interfaces/msg/GPSData.idl\n'}
[1.990660] (vehicle_interfaces) StdoutLine: {'line': b'-- Up-to-date: /home/ethanreynolds/vscode/robot-rover-2025/code/system/ros2/install/vehicle_interfaces/share/vehicle_interfaces/msg/IRData.idl\n'}
[1.990872] (vehicle_interfaces) StdoutLine: {'line': b'-- Up-to-date: /home/ethanreynolds/vscode/robot-rover-2025/code/system/ros2/install/vehicle_interfaces/share/vehicle_interfaces/msg/MPUData.idl\n'}
[1.991086] (vehicle_interfaces) StdoutLine: {'line': b'-- Up-to-date: /home/ethanreynolds/vscode/robot-rover-2025/code/system/ros2/install/vehicle_interfaces/share/vehicle_interfaces/msg/QMCData.idl\n'}
[1.991299] (vehicle_interfaces) StdoutLine: {'line': b'-- Up-to-date: /home/ethanreynolds/vscode/robot-rover-2025/code/system/ros2/install/vehicle_interfaces/share/vehicle_interfaces/msg/TemperatureData.idl\n'}
[1.991511] (vehicle_interfaces) StdoutLine: {'line': b'-- Up-to-date: /home/ethanreynolds/vscode/robot-rover-2025/code/system/ros2/install/vehicle_interfaces/share/vehicle_interfaces/msg/ToFData.idl\n'}
[1.991720] (vehicle_interfaces) StdoutLine: {'line': b'-- Up-to-date: /home/ethanreynolds/vscode/robot-rover-2025/code/system/ros2/install/vehicle_interfaces/share/vehicle_interfaces/msg/UltrasonicData.idl\n'}
[1.991945] (vehicle_interfaces) StdoutLine: {'line': b'-- Up-to-date: /home/ethanreynolds/vscode/robot-rover-2025/code/system/ros2/install/vehicle_interfaces/share/vehicle_interfaces/srv/GetSerialPort.srv\n'}
[1.992155] (vehicle_interfaces) StdoutLine: {'line': b'-- Up-to-date: /home/ethanreynolds/vscode/robot-rover-2025/code/system/ros2/install/vehicle_interfaces/share/vehicle_interfaces/srv/GetSerialPort_Request.msg\n'}
[1.992389] (vehicle_interfaces) StdoutLine: {'line': b'-- Up-to-date: /home/ethanreynolds/vscode/robot-rover-2025/code/system/ros2/install/vehicle_interfaces/share/vehicle_interfaces/srv/GetSerialPort_Response.msg\n'}
[1.992603] (vehicle_interfaces) StdoutLine: {'line': b'-- Up-to-date: /home/ethanreynolds/vscode/robot-rover-2025/code/system/ros2/install/vehicle_interfaces/share/vehicle_interfaces/srv/ResetSerialPort.srv\n'}
[1.992810] (vehicle_interfaces) StdoutLine: {'line': b'-- Up-to-date: /home/ethanreynolds/vscode/robot-rover-2025/code/system/ros2/install/vehicle_interfaces/share/vehicle_interfaces/srv/ResetSerialPort_Request.msg\n'}
[1.993033] (vehicle_interfaces) StdoutLine: {'line': b'-- Up-to-date: /home/ethanreynolds/vscode/robot-rover-2025/code/system/ros2/install/vehicle_interfaces/share/vehicle_interfaces/srv/ResetSerialPort_Response.msg\n'}
[1.993244] (vehicle_interfaces) StdoutLine: {'line': b'-- Up-to-date: /home/ethanreynolds/vscode/robot-rover-2025/code/system/ros2/install/vehicle_interfaces/share/vehicle_interfaces/srv/GetSerialDeviceStatus.srv\n'}
[1.993452] (vehicle_interfaces) StdoutLine: {'line': b'-- Up-to-date: /home/ethanreynolds/vscode/robot-rover-2025/code/system/ros2/install/vehicle_interfaces/share/vehicle_interfaces/srv/GetSerialDeviceStatus_Request.msg\n'}
[1.993661] (vehicle_interfaces) StdoutLine: {'line': b'-- Up-to-date: /home/ethanreynolds/vscode/robot-rover-2025/code/system/ros2/install/vehicle_interfaces/share/vehicle_interfaces/srv/GetSerialDeviceStatus_Response.msg\n'}
[1.993894] (vehicle_interfaces) StdoutLine: {'line': b'-- Up-to-date: /home/ethanreynolds/vscode/robot-rover-2025/code/system/ros2/install/vehicle_interfaces/share/vehicle_interfaces/msg/SensorData.msg\n'}
[1.996389] (vehicle_interfaces) StdoutLine: {'line': b'-- Up-to-date: /home/ethanreynolds/vscode/robot-rover-2025/code/system/ros2/install/vehicle_interfaces/share/vehicle_interfaces/msg/ControlData.msg\n'}
[1.996814] (vehicle_interfaces) StdoutLine: {'line': b'-- Up-to-date: /home/ethanreynolds/vscode/robot-rover-2025/code/system/ros2/install/vehicle_interfaces/share/vehicle_interfaces/msg/EncoderData.msg\n'}
[1.997157] (vehicle_interfaces) StdoutLine: {'line': b'-- Up-to-date: /home/ethanreynolds/vscode/robot-rover-2025/code/system/ros2/install/vehicle_interfaces/share/vehicle_interfaces/msg/GPSData.msg\n'}
[1.997488] (vehicle_interfaces) StdoutLine: {'line': b'-- Up-to-date: /home/ethanreynolds/vscode/robot-rover-2025/code/system/ros2/install/vehicle_interfaces/share/vehicle_interfaces/msg/IRData.msg\n'}
[1.997805] (vehicle_interfaces) StdoutLine: {'line': b'-- Up-to-date: /home/ethanreynolds/vscode/robot-rover-2025/code/system/ros2/install/vehicle_interfaces/share/vehicle_interfaces/msg/MPUData.msg\n'}
[1.998079] (vehicle_interfaces) StdoutLine: {'line': b'-- Up-to-date: /home/ethanreynolds/vscode/robot-rover-2025/code/system/ros2/install/vehicle_interfaces/share/vehicle_interfaces/msg/QMCData.msg\n'}
[1.998386] (vehicle_interfaces) StdoutLine: {'line': b'-- Up-to-date: /home/ethanreynolds/vscode/robot-rover-2025/code/system/ros2/install/vehicle_interfaces/share/vehicle_interfaces/msg/TemperatureData.msg\n'}
[1.998689] (vehicle_interfaces) StdoutLine: {'line': b'-- Up-to-date: /home/ethanreynolds/vscode/robot-rover-2025/code/system/ros2/install/vehicle_interfaces/share/vehicle_interfaces/msg/ToFData.msg\n'}
[1.998952] (vehicle_interfaces) StdoutLine: {'line': b'-- Up-to-date: /home/ethanreynolds/vscode/robot-rover-2025/code/system/ros2/install/vehicle_interfaces/share/vehicle_interfaces/msg/UltrasonicData.msg\n'}
[1.999257] (vehicle_interfaces) StdoutLine: {'line': b'-- Up-to-date: /home/ethanreynolds/vscode/robot-rover-2025/code/system/ros2/install/vehicle_interfaces/share/ament_index/resource_index/package_run_dependencies/vehicle_interfaces\n'}
[1.999565] (vehicle_interfaces) StdoutLine: {'line': b'-- Up-to-date: /home/ethanreynolds/vscode/robot-rover-2025/code/system/ros2/install/vehicle_interfaces/share/ament_index/resource_index/parent_prefix_path/vehicle_interfaces\n'}
[1.999833] (vehicle_interfaces) StdoutLine: {'line': b'-- Up-to-date: /home/ethanreynolds/vscode/robot-rover-2025/code/system/ros2/install/vehicle_interfaces/share/vehicle_interfaces/environment/ament_prefix_path.sh\n'}
[2.000053] (vehicle_interfaces) StdoutLine: {'line': b'-- Up-to-date: /home/ethanreynolds/vscode/robot-rover-2025/code/system/ros2/install/vehicle_interfaces/share/vehicle_interfaces/environment/ament_prefix_path.dsv\n'}
[2.000329] (vehicle_interfaces) StdoutLine: {'line': b'-- Up-to-date: /home/ethanreynolds/vscode/robot-rover-2025/code/system/ros2/install/vehicle_interfaces/share/vehicle_interfaces/environment/path.sh\n'}
[2.007989] (vehicle_interfaces) StdoutLine: {'line': b'-- Up-to-date: /home/ethanreynolds/vscode/robot-rover-2025/code/system/ros2/install/vehicle_interfaces/share/vehicle_interfaces/environment/path.dsv\n'}
[2.008569] (vehicle_interfaces) StdoutLine: {'line': b'-- Up-to-date: /home/ethanreynolds/vscode/robot-rover-2025/code/system/ros2/install/vehicle_interfaces/share/vehicle_interfaces/local_setup.bash\n'}
[2.009186] (vehicle_interfaces) StdoutLine: {'line': b'-- Up-to-date: /home/ethanreynolds/vscode/robot-rover-2025/code/system/ros2/install/vehicle_interfaces/share/vehicle_interfaces/local_setup.sh\n'}
[2.009429] (vehicle_interfaces) StdoutLine: {'line': b'-- Up-to-date: /home/ethanreynolds/vscode/robot-rover-2025/code/system/ros2/install/vehicle_interfaces/share/vehicle_interfaces/local_setup.zsh\n'}
[2.009653] (vehicle_interfaces) StdoutLine: {'line': b'-- Up-to-date: /home/ethanreynolds/vscode/robot-rover-2025/code/system/ros2/install/vehicle_interfaces/share/vehicle_interfaces/local_setup.dsv\n'}
[2.009871] (vehicle_interfaces) StdoutLine: {'line': b'-- Installing: /home/ethanreynolds/vscode/robot-rover-2025/code/system/ros2/install/vehicle_interfaces/share/vehicle_interfaces/package.dsv\n'}
[2.010087] (vehicle_interfaces) StdoutLine: {'line': b'-- Up-to-date: /home/ethanreynolds/vscode/robot-rover-2025/code/system/ros2/install/vehicle_interfaces/share/ament_index/resource_index/packages/vehicle_interfaces\n'}
[2.010316] (vehicle_interfaces) StdoutLine: {'line': b'-- Up-to-date: /home/ethanreynolds/vscode/robot-rover-2025/code/system/ros2/install/vehicle_interfaces/share/vehicle_interfaces/cmake/vehicle_interfaces__rosidl_generator_cExport.cmake\n'}
[2.010528] (vehicle_interfaces) StdoutLine: {'line': b'-- Up-to-date: /home/ethanreynolds/vscode/robot-rover-2025/code/system/ros2/install/vehicle_interfaces/share/vehicle_interfaces/cmake/vehicle_interfaces__rosidl_generator_cExport-noconfig.cmake\n'}
[2.010736] (vehicle_interfaces) StdoutLine: {'line': b'-- Up-to-date: /home/ethanreynolds/vscode/robot-rover-2025/code/system/ros2/install/vehicle_interfaces/share/vehicle_interfaces/cmake/vehicle_interfaces__rosidl_typesupport_introspection_cExport.cmake\n'}
[2.010928] (vehicle_interfaces) StdoutLine: {'line': b'-- Up-to-date: /home/ethanreynolds/vscode/robot-rover-2025/code/system/ros2/install/vehicle_interfaces/share/vehicle_interfaces/cmake/vehicle_interfaces__rosidl_typesupport_introspection_cExport-noconfig.cmake\n'}
[2.011159] (vehicle_interfaces) StdoutLine: {'line': b'-- Up-to-date: /home/ethanreynolds/vscode/robot-rover-2025/code/system/ros2/install/vehicle_interfaces/share/vehicle_interfaces/cmake/vehicle_interfaces__rosidl_typesupport_cExport.cmake\n'}
[2.011364] (vehicle_interfaces) StdoutLine: {'line': b'-- Up-to-date: /home/ethanreynolds/vscode/robot-rover-2025/code/system/ros2/install/vehicle_interfaces/share/vehicle_interfaces/cmake/vehicle_interfaces__rosidl_typesupport_cExport-noconfig.cmake\n'}
[2.011579] (vehicle_interfaces) StdoutLine: {'line': b'-- Up-to-date: /home/ethanreynolds/vscode/robot-rover-2025/code/system/ros2/install/vehicle_interfaces/share/vehicle_interfaces/cmake/vehicle_interfaces__rosidl_generator_cppExport.cmake\n'}
[2.011783] (vehicle_interfaces) StdoutLine: {'line': b'-- Up-to-date: /home/ethanreynolds/vscode/robot-rover-2025/code/system/ros2/install/vehicle_interfaces/share/vehicle_interfaces/cmake/vehicle_interfaces__rosidl_typesupport_introspection_cppExport.cmake\n'}
[2.011986] (vehicle_interfaces) StdoutLine: {'line': b'-- Up-to-date: /home/ethanreynolds/vscode/robot-rover-2025/code/system/ros2/install/vehicle_interfaces/share/vehicle_interfaces/cmake/vehicle_interfaces__rosidl_typesupport_introspection_cppExport-noconfig.cmake\n'}
[2.012208] (vehicle_interfaces) StdoutLine: {'line': b'-- Up-to-date: /home/ethanreynolds/vscode/robot-rover-2025/code/system/ros2/install/vehicle_interfaces/share/vehicle_interfaces/cmake/vehicle_interfaces__rosidl_typesupport_cppExport.cmake\n'}
[2.012422] (vehicle_interfaces) StdoutLine: {'line': b'-- Up-to-date: /home/ethanreynolds/vscode/robot-rover-2025/code/system/ros2/install/vehicle_interfaces/share/vehicle_interfaces/cmake/vehicle_interfaces__rosidl_typesupport_cppExport-noconfig.cmake\n'}
[2.012626] (vehicle_interfaces) StdoutLine: {'line': b'-- Up-to-date: /home/ethanreynolds/vscode/robot-rover-2025/code/system/ros2/install/vehicle_interfaces/share/vehicle_interfaces/cmake/rosidl_cmake-extras.cmake\n'}
[2.012828] (vehicle_interfaces) StdoutLine: {'line': b'-- Up-to-date: /home/ethanreynolds/vscode/robot-rover-2025/code/system/ros2/install/vehicle_interfaces/share/vehicle_interfaces/cmake/ament_cmake_export_dependencies-extras.cmake\n'}
[2.013029] (vehicle_interfaces) StdoutLine: {'line': b'-- Up-to-date: /home/ethanreynolds/vscode/robot-rover-2025/code/system/ros2/install/vehicle_interfaces/share/vehicle_interfaces/cmake/ament_cmake_export_libraries-extras.cmake\n'}
[2.013229] (vehicle_interfaces) StdoutLine: {'line': b'-- Up-to-date: /home/ethanreynolds/vscode/robot-rover-2025/code/system/ros2/install/vehicle_interfaces/share/vehicle_interfaces/cmake/ament_cmake_export_targets-extras.cmake\n'}
[2.013432] (vehicle_interfaces) StdoutLine: {'line': b'-- Up-to-date: /home/ethanreynolds/vscode/robot-rover-2025/code/system/ros2/install/vehicle_interfaces/share/vehicle_interfaces/cmake/ament_cmake_export_include_directories-extras.cmake\n'}
[2.013637] (vehicle_interfaces) StdoutLine: {'line': b'-- Up-to-date: /home/ethanreynolds/vscode/robot-rover-2025/code/system/ros2/install/vehicle_interfaces/share/vehicle_interfaces/cmake/rosidl_cmake_export_typesupport_libraries-extras.cmake\n'}
[2.013841] (vehicle_interfaces) StdoutLine: {'line': b'-- Up-to-date: /home/ethanreynolds/vscode/robot-rover-2025/code/system/ros2/install/vehicle_interfaces/share/vehicle_interfaces/cmake/rosidl_cmake_export_typesupport_targets-extras.cmake\n'}
[2.014040] (vehicle_interfaces) StdoutLine: {'line': b'-- Up-to-date: /home/ethanreynolds/vscode/robot-rover-2025/code/system/ros2/install/vehicle_interfaces/share/vehicle_interfaces/cmake/vehicle_interfacesConfig.cmake\n'}
[2.014244] (vehicle_interfaces) StdoutLine: {'line': b'-- Up-to-date: /home/ethanreynolds/vscode/robot-rover-2025/code/system/ros2/install/vehicle_interfaces/share/vehicle_interfaces/cmake/vehicle_interfacesConfig-version.cmake\n'}
[2.014445] (vehicle_interfaces) StdoutLine: {'line': b'-- Up-to-date: /home/ethanreynolds/vscode/robot-rover-2025/code/system/ros2/install/vehicle_interfaces/share/vehicle_interfaces/package.xml\n'}
[2.029575] (vehicle_interfaces) CommandEnded: {'returncode': 0}
[2.040736] (-) TimerEvent: {}
[2.141127] (-) TimerEvent: {}
[2.164371] (vehicle_interfaces) JobEnded: {'identifier': 'vehicle_interfaces', 'rc': 0}
[2.165813] (vehicle_simulation) JobStarted: {'identifier': 'vehicle_simulation'}
[2.241345] (-) TimerEvent: {}
[2.341973] (-) TimerEvent: {}
[2.442428] (-) TimerEvent: {}
[2.543006] (-) TimerEvent: {}
[2.643907] (-) TimerEvent: {}
[2.745966] (-) TimerEvent: {}
[2.847281] (-) TimerEvent: {}
[2.947849] (-) TimerEvent: {}
[3.051087] (-) TimerEvent: {}
[3.151586] (-) TimerEvent: {}
[3.251975] (-) TimerEvent: {}
[3.319091] (vehicle_packet_manager) Command: {'cmd': ['/usr/bin/python3', '-W', 'ignore:setup.py install is deprecated', '-W', 'ignore:easy_install command is deprecated', 'setup.py', 'egg_info', '--egg-base', '../../build/vehicle_packet_manager', 'build', '--build-base', '/home/ethanreynolds/vscode/robot-rover-2025/code/system/ros2/build/vehicle_packet_manager/build', 'install', '--record', '/home/ethanreynolds/vscode/robot-rover-2025/code/system/ros2/build/vehicle_packet_manager/install.log', '--install-scripts', '$base/lib/vehicle_packet_manager', '--single-version-externally-managed', 'install_data'], 'cwd': '/home/ethanreynolds/vscode/robot-rover-2025/code/system/ros2/src/vehicle_packet_manager', 'env': {'LESSOPEN': '| /usr/bin/lesspipe %s', 'USER': 'ethanreynolds', 'SSH_CLIENT': '172.24.1.138 52822 22', 'XDG_SESSION_TYPE': 'tty', 'SHLVL': '1', 'LD_LIBRARY_PATH': '/home/ethanreynolds/vscode/robot-rover-2025/code/system/ros2/install/vehicle_interfaces/lib:/opt/ros/foxy/opt/yaml_cpp_vendor/lib:/opt/ros/foxy/lib/x86_64-linux-gnu:/opt/ros/foxy/lib', 'MOTD_SHOWN': 'pam', 'HOME': '/home/ethanreynolds', 'OLDPWD': '/home/ethanreynolds', 'SSH_TTY': '/dev/pts/4', 'ROS_PYTHON_VERSION': '3', 'DBUS_SESSION_BUS_ADDRESS': 'unix:path=/run/user/1000/bus', 'COLCON_PREFIX_PATH': '/home/ethanreynolds/vscode/robot-rover-2025/code/system/ros2/install', 'ROS_DISTRO': 'foxy', 'LOGNAME': 'ethanreynolds', '_': '/usr/bin/colcon', 'ROS_VERSION': '2', 'XDG_SESSION_CLASS': 'user', 'TERM': 'xterm-256color', 'XDG_SESSION_ID': '7', 'ROS_LOCALHOST_ONLY': '0', 'PATH': '/opt/ros/foxy/bin:/usr/local/sbin:/usr/local/bin:/usr/sbin:/usr/bin:/sbin:/bin:/usr/games:/usr/local/games:/snap/bin:/home/ethanreynolds/.local/share/JetBrains/Toolbox/scripts', 'XDG_RUNTIME_DIR': '/run/user/1000', 'LANG': 'en_US.UTF-8', 'LS_COLORS': 'rs=0:di=01;34:ln=01;36:mh=00:pi=40;33:so=01;35:do=01;35:bd=40;33;01:cd=40;33;01:or=40;31;01:mi=00:su=37;41:sg=30;43:ca=30;41:tw=30;42:ow=34;42:st=37;44:ex=01;32:*.tar=01;31:*.tgz=01;31:*.arc=01;31:*.arj=01;31:*.taz=01;31:*.lha=01;31:*.lz4=01;31:*.lzh=01;31:*.lzma=01;31:*.tlz=01;31:*.txz=01;31:*.tzo=01;31:*.t7z=01;31:*.zip=01;31:*.z=01;31:*.dz=01;31:*.gz=01;31:*.lrz=01;31:*.lz=01;31:*.lzo=01;31:*.xz=01;31:*.zst=01;31:*.tzst=01;31:*.bz2=01;31:*.bz=01;31:*.tbz=01;31:*.tbz2=01;31:*.tz=01;31:*.deb=01;31:*.rpm=01;31:*.jar=01;31:*.war=01;31:*.ear=01;31:*.sar=01;31:*.rar=01;31:*.alz=01;31:*.ace=01;31:*.zoo=01;31:*.cpio=01;31:*.7z=01;31:*.rz=01;31:*.cab=01;31:*.wim=01;31:*.swm=01;31:*.dwm=01;31:*.esd=01;31:*.jpg=01;35:*.jpeg=01;35:*.mjpg=01;35:*.mjpeg=01;35:*.gif=01;35:*.bmp=01;35:*.pbm=01;35:*.pgm=01;35:*.ppm=01;35:*.tga=01;35:*.xbm=01;35:*.xpm=01;35:*.tif=01;35:*.tiff=01;35:*.png=01;35:*.svg=01;35:*.svgz=01;35:*.mng=01;35:*.pcx=01;35:*.mov=01;35:*.mpg=01;35:*.mpeg=01;35:*.m2v=01;35:*.mkv=01;35:*.webm=01;35:*.ogm=01;35:*.mp4=01;35:*.m4v=01;35:*.mp4v=01;35:*.vob=01;35:*.qt=01;35:*.nuv=01;35:*.wmv=01;35:*.asf=01;35:*.rm=01;35:*.rmvb=01;35:*.flc=01;35:*.avi=01;35:*.fli=01;35:*.flv=01;35:*.gl=01;35:*.dl=01;35:*.xcf=01;35:*.xwd=01;35:*.yuv=01;35:*.cgm=01;35:*.emf=01;35:*.ogv=01;35:*.ogx=01;35:*.aac=00;36:*.au=00;36:*.flac=00;36:*.m4a=00;36:*.mid=00;36:*.midi=00;36:*.mka=00;36:*.mp3=00;36:*.mpc=00;36:*.ogg=00;36:*.ra=00;36:*.wav=00;36:*.oga=00;36:*.opus=00;36:*.spx=00;36:*.xspf=00;36:', 'AMENT_PREFIX_PATH': '/home/ethanreynolds/vscode/robot-rover-2025/code/system/ros2/install/vehicle_string_converter:/home/ethanreynolds/vscode/robot-rover-2025/code/system/ros2/install/vehicle_simulation:/home/ethanreynolds/vscode/robot-rover-2025/code/system/ros2/install/vehicle_networking:/home/ethanreynolds/vscode/robot-rover-2025/code/system/ros2/install/vehicle_interfaces:/opt/ros/foxy', 'SHELL': '/bin/bash', 'LESSCLOSE': '/usr/bin/lesspipe %s %s', 'PWD': '/home/ethanreynolds/vscode/robot-rover-2025/code/system/ros2/build/vehicle_packet_manager', 'SSH_CONNECTION': '172.24.1.138 52822 172.24.1.184 22', 'XDG_DATA_DIRS': '/usr/local/share:/usr/share:/var/lib/snapd/desktop', 'PYTHONPATH': '/home/ethanreynolds/vscode/robot-rover-2025/code/system/ros2/build/vehicle_packet_manager/prefix_override:/usr/lib/python3/dist-packages/colcon_core/task/python/colcon_distutils_commands:/home/ethanreynolds/vscode/robot-rover-2025/code/system/ros2/install/vehicle_packet_manager/lib/python3.8/site-packages:/home/ethanreynolds/vscode/robot-rover-2025/code/system/ros2/install/vehicle_string_converter/lib/python3.8/site-packages:/home/ethanreynolds/vscode/robot-rover-2025/code/system/ros2/install/vehicle_simulation/lib/python3.8/site-packages:/home/ethanreynolds/vscode/robot-rover-2025/code/system/ros2/install/vehicle_networking/lib/python3.8/site-packages:/home/ethanreynolds/vscode/robot-rover-2025/code/system/ros2/install/vehicle_interfaces/lib/python3.8/site-packages:/opt/ros/foxy/lib/python3.8/site-packages', 'COLCON': '1', 'CMAKE_PREFIX_PATH': '/home/ethanreynolds/vscode/robot-rover-2025/code/system/ros2/install/vehicle_interfaces'}, 'shell': False}
[3.330794] (vehicle_navigation) Command: {'cmd': ['/usr/bin/python3', '-W', 'ignore:setup.py install is deprecated', '-W', 'ignore:easy_install command is deprecated', 'setup.py', 'egg_info', '--egg-base', '../../build/vehicle_navigation', 'build', '--build-base', '/home/ethanreynolds/vscode/robot-rover-2025/code/system/ros2/build/vehicle_navigation/build', 'install', '--record', '/home/ethanreynolds/vscode/robot-rover-2025/code/system/ros2/build/vehicle_navigation/install.log', '--install-scripts', '$base/lib/vehicle_navigation', '--single-version-externally-managed', 'install_data'], 'cwd': '/home/ethanreynolds/vscode/robot-rover-2025/code/system/ros2/src/vehicle_navigation', 'env': {'LESSOPEN': '| /usr/bin/lesspipe %s', 'USER': 'ethanreynolds', 'SSH_CLIENT': '172.24.1.138 52822 22', 'XDG_SESSION_TYPE': 'tty', 'SHLVL': '1', 'LD_LIBRARY_PATH': '/home/ethanreynolds/vscode/robot-rover-2025/code/system/ros2/install/vehicle_interfaces/lib:/opt/ros/foxy/opt/yaml_cpp_vendor/lib:/opt/ros/foxy/lib/x86_64-linux-gnu:/opt/ros/foxy/lib', 'MOTD_SHOWN': 'pam', 'HOME': '/home/ethanreynolds', 'OLDPWD': '/home/ethanreynolds', 'SSH_TTY': '/dev/pts/4', 'ROS_PYTHON_VERSION': '3', 'DBUS_SESSION_BUS_ADDRESS': 'unix:path=/run/user/1000/bus', 'COLCON_PREFIX_PATH': '/home/ethanreynolds/vscode/robot-rover-2025/code/system/ros2/install', 'ROS_DISTRO': 'foxy', 'LOGNAME': 'ethanreynolds', '_': '/usr/bin/colcon', 'ROS_VERSION': '2', 'XDG_SESSION_CLASS': 'user', 'TERM': 'xterm-256color', 'XDG_SESSION_ID': '7', 'ROS_LOCALHOST_ONLY': '0', 'PATH': '/opt/ros/foxy/bin:/usr/local/sbin:/usr/local/bin:/usr/sbin:/usr/bin:/sbin:/bin:/usr/games:/usr/local/games:/snap/bin:/home/ethanreynolds/.local/share/JetBrains/Toolbox/scripts', 'XDG_RUNTIME_DIR': '/run/user/1000', 'LANG': 'en_US.UTF-8', 'LS_COLORS': 'rs=0:di=01;34:ln=01;36:mh=00:pi=40;33:so=01;35:do=01;35:bd=40;33;01:cd=40;33;01:or=40;31;01:mi=00:su=37;41:sg=30;43:ca=30;41:tw=30;42:ow=34;42:st=37;44:ex=01;32:*.tar=01;31:*.tgz=01;31:*.arc=01;31:*.arj=01;31:*.taz=01;31:*.lha=01;31:*.lz4=01;31:*.lzh=01;31:*.lzma=01;31:*.tlz=01;31:*.txz=01;31:*.tzo=01;31:*.t7z=01;31:*.zip=01;31:*.z=01;31:*.dz=01;31:*.gz=01;31:*.lrz=01;31:*.lz=01;31:*.lzo=01;31:*.xz=01;31:*.zst=01;31:*.tzst=01;31:*.bz2=01;31:*.bz=01;31:*.tbz=01;31:*.tbz2=01;31:*.tz=01;31:*.deb=01;31:*.rpm=01;31:*.jar=01;31:*.war=01;31:*.ear=01;31:*.sar=01;31:*.rar=01;31:*.alz=01;31:*.ace=01;31:*.zoo=01;31:*.cpio=01;31:*.7z=01;31:*.rz=01;31:*.cab=01;31:*.wim=01;31:*.swm=01;31:*.dwm=01;31:*.esd=01;31:*.jpg=01;35:*.jpeg=01;35:*.mjpg=01;35:*.mjpeg=01;35:*.gif=01;35:*.bmp=01;35:*.pbm=01;35:*.pgm=01;35:*.ppm=01;35:*.tga=01;35:*.xbm=01;35:*.xpm=01;35:*.tif=01;35:*.tiff=01;35:*.png=01;35:*.svg=01;35:*.svgz=01;35:*.mng=01;35:*.pcx=01;35:*.mov=01;35:*.mpg=01;35:*.mpeg=01;35:*.m2v=01;35:*.mkv=01;35:*.webm=01;35:*.ogm=01;35:*.mp4=01;35:*.m4v=01;35:*.mp4v=01;35:*.vob=01;35:*.qt=01;35:*.nuv=01;35:*.wmv=01;35:*.asf=01;35:*.rm=01;35:*.rmvb=01;35:*.flc=01;35:*.avi=01;35:*.fli=01;35:*.flv=01;35:*.gl=01;35:*.dl=01;35:*.xcf=01;35:*.xwd=01;35:*.yuv=01;35:*.cgm=01;35:*.emf=01;35:*.ogv=01;35:*.ogx=01;35:*.aac=00;36:*.au=00;36:*.flac=00;36:*.m4a=00;36:*.mid=00;36:*.midi=00;36:*.mka=00;36:*.mp3=00;36:*.mpc=00;36:*.ogg=00;36:*.ra=00;36:*.wav=00;36:*.oga=00;36:*.opus=00;36:*.spx=00;36:*.xspf=00;36:', 'AMENT_PREFIX_PATH': '/home/ethanreynolds/vscode/robot-rover-2025/code/system/ros2/install/vehicle_string_converter:/home/ethanreynolds/vscode/robot-rover-2025/code/system/ros2/install/vehicle_simulation:/home/ethanreynolds/vscode/robot-rover-2025/code/system/ros2/install/vehicle_networking:/home/ethanreynolds/vscode/robot-rover-2025/code/system/ros2/install/vehicle_interfaces:/opt/ros/foxy', 'SHELL': '/bin/bash', 'LESSCLOSE': '/usr/bin/lesspipe %s %s', 'PWD': '/home/ethanreynolds/vscode/robot-rover-2025/code/system/ros2/build/vehicle_navigation', 'SSH_CONNECTION': '172.24.1.138 52822 172.24.1.184 22', 'XDG_DATA_DIRS': '/usr/local/share:/usr/share:/var/lib/snapd/desktop', 'PYTHONPATH': '/home/ethanreynolds/vscode/robot-rover-2025/code/system/ros2/build/vehicle_navigation/prefix_override:/usr/lib/python3/dist-packages/colcon_core/task/python/colcon_distutils_commands:/home/ethanreynolds/vscode/robot-rover-2025/code/system/ros2/install/vehicle_navigation/lib/python3.8/site-packages:/home/ethanreynolds/vscode/robot-rover-2025/code/system/ros2/install/vehicle_string_converter/lib/python3.8/site-packages:/home/ethanreynolds/vscode/robot-rover-2025/code/system/ros2/install/vehicle_simulation/lib/python3.8/site-packages:/home/ethanreynolds/vscode/robot-rover-2025/code/system/ros2/install/vehicle_networking/lib/python3.8/site-packages:/home/ethanreynolds/vscode/robot-rover-2025/code/system/ros2/install/vehicle_interfaces/lib/python3.8/site-packages:/opt/ros/foxy/lib/python3.8/site-packages', 'COLCON': '1', 'CMAKE_PREFIX_PATH': '/home/ethanreynolds/vscode/robot-rover-2025/code/system/ros2/install/vehicle_interfaces'}, 'shell': False}
[3.344106] (vehicle_networking) Command: {'cmd': ['/usr/bin/python3', '-W', 'ignore:setup.py install is deprecated', '-W', 'ignore:easy_install command is deprecated', 'setup.py', 'egg_info', '--egg-base', '../../build/vehicle_networking', 'build', '--build-base', '/home/ethanreynolds/vscode/robot-rover-2025/code/system/ros2/build/vehicle_networking/build', 'install', '--record', '/home/ethanreynolds/vscode/robot-rover-2025/code/system/ros2/build/vehicle_networking/install.log', '--install-scripts', '$base/lib/vehicle_networking', '--single-version-externally-managed', 'install_data'], 'cwd': '/home/ethanreynolds/vscode/robot-rover-2025/code/system/ros2/src/vehicle_networking', 'env': {'LESSOPEN': '| /usr/bin/lesspipe %s', 'USER': 'ethanreynolds', 'SSH_CLIENT': '172.24.1.138 52822 22', 'XDG_SESSION_TYPE': 'tty', 'SHLVL': '1', 'LD_LIBRARY_PATH': '/home/ethanreynolds/vscode/robot-rover-2025/code/system/ros2/install/vehicle_interfaces/lib:/opt/ros/foxy/opt/yaml_cpp_vendor/lib:/opt/ros/foxy/lib/x86_64-linux-gnu:/opt/ros/foxy/lib', 'MOTD_SHOWN': 'pam', 'HOME': '/home/ethanreynolds', 'OLDPWD': '/home/ethanreynolds', 'SSH_TTY': '/dev/pts/4', 'ROS_PYTHON_VERSION': '3', 'DBUS_SESSION_BUS_ADDRESS': 'unix:path=/run/user/1000/bus', 'COLCON_PREFIX_PATH': '/home/ethanreynolds/vscode/robot-rover-2025/code/system/ros2/install', 'ROS_DISTRO': 'foxy', 'LOGNAME': 'ethanreynolds', '_': '/usr/bin/colcon', 'ROS_VERSION': '2', 'XDG_SESSION_CLASS': 'user', 'TERM': 'xterm-256color', 'XDG_SESSION_ID': '7', 'ROS_LOCALHOST_ONLY': '0', 'PATH': '/opt/ros/foxy/bin:/usr/local/sbin:/usr/local/bin:/usr/sbin:/usr/bin:/sbin:/bin:/usr/games:/usr/local/games:/snap/bin:/home/ethanreynolds/.local/share/JetBrains/Toolbox/scripts', 'XDG_RUNTIME_DIR': '/run/user/1000', 'LANG': 'en_US.UTF-8', 'LS_COLORS': 'rs=0:di=01;34:ln=01;36:mh=00:pi=40;33:so=01;35:do=01;35:bd=40;33;01:cd=40;33;01:or=40;31;01:mi=00:su=37;41:sg=30;43:ca=30;41:tw=30;42:ow=34;42:st=37;44:ex=01;32:*.tar=01;31:*.tgz=01;31:*.arc=01;31:*.arj=01;31:*.taz=01;31:*.lha=01;31:*.lz4=01;31:*.lzh=01;31:*.lzma=01;31:*.tlz=01;31:*.txz=01;31:*.tzo=01;31:*.t7z=01;31:*.zip=01;31:*.z=01;31:*.dz=01;31:*.gz=01;31:*.lrz=01;31:*.lz=01;31:*.lzo=01;31:*.xz=01;31:*.zst=01;31:*.tzst=01;31:*.bz2=01;31:*.bz=01;31:*.tbz=01;31:*.tbz2=01;31:*.tz=01;31:*.deb=01;31:*.rpm=01;31:*.jar=01;31:*.war=01;31:*.ear=01;31:*.sar=01;31:*.rar=01;31:*.alz=01;31:*.ace=01;31:*.zoo=01;31:*.cpio=01;31:*.7z=01;31:*.rz=01;31:*.cab=01;31:*.wim=01;31:*.swm=01;31:*.dwm=01;31:*.esd=01;31:*.jpg=01;35:*.jpeg=01;35:*.mjpg=01;35:*.mjpeg=01;35:*.gif=01;35:*.bmp=01;35:*.pbm=01;35:*.pgm=01;35:*.ppm=01;35:*.tga=01;35:*.xbm=01;35:*.xpm=01;35:*.tif=01;35:*.tiff=01;35:*.png=01;35:*.svg=01;35:*.svgz=01;35:*.mng=01;35:*.pcx=01;35:*.mov=01;35:*.mpg=01;35:*.mpeg=01;35:*.m2v=01;35:*.mkv=01;35:*.webm=01;35:*.ogm=01;35:*.mp4=01;35:*.m4v=01;35:*.mp4v=01;35:*.vob=01;35:*.qt=01;35:*.nuv=01;35:*.wmv=01;35:*.asf=01;35:*.rm=01;35:*.rmvb=01;35:*.flc=01;35:*.avi=01;35:*.fli=01;35:*.flv=01;35:*.gl=01;35:*.dl=01;35:*.xcf=01;35:*.xwd=01;35:*.yuv=01;35:*.cgm=01;35:*.emf=01;35:*.ogv=01;35:*.ogx=01;35:*.aac=00;36:*.au=00;36:*.flac=00;36:*.m4a=00;36:*.mid=00;36:*.midi=00;36:*.mka=00;36:*.mp3=00;36:*.mpc=00;36:*.ogg=00;36:*.ra=00;36:*.wav=00;36:*.oga=00;36:*.opus=00;36:*.spx=00;36:*.xspf=00;36:', 'AMENT_PREFIX_PATH': '/home/ethanreynolds/vscode/robot-rover-2025/code/system/ros2/install/vehicle_string_converter:/home/ethanreynolds/vscode/robot-rover-2025/code/system/ros2/install/vehicle_simulation:/home/ethanreynolds/vscode/robot-rover-2025/code/system/ros2/install/vehicle_networking:/home/ethanreynolds/vscode/robot-rover-2025/code/system/ros2/install/vehicle_interfaces:/opt/ros/foxy', 'SHELL': '/bin/bash', 'LESSCLOSE': '/usr/bin/lesspipe %s %s', 'PWD': '/home/ethanreynolds/vscode/robot-rover-2025/code/system/ros2/build/vehicle_networking', 'SSH_CONNECTION': '172.24.1.138 52822 172.24.1.184 22', 'XDG_DATA_DIRS': '/usr/local/share:/usr/share:/var/lib/snapd/desktop', 'PYTHONPATH': '/home/ethanreynolds/vscode/robot-rover-2025/code/system/ros2/build/vehicle_networking/prefix_override:/usr/lib/python3/dist-packages/colcon_core/task/python/colcon_distutils_commands:/home/ethanreynolds/vscode/robot-rover-2025/code/system/ros2/install/vehicle_networking/lib/python3.8/site-packages:/home/ethanreynolds/vscode/robot-rover-2025/code/system/ros2/install/vehicle_string_converter/lib/python3.8/site-packages:/home/ethanreynolds/vscode/robot-rover-2025/code/system/ros2/install/vehicle_simulation/lib/python3.8/site-packages:/home/ethanreynolds/vscode/robot-rover-2025/code/system/ros2/install/vehicle_networking/lib/python3.8/site-packages:/home/ethanreynolds/vscode/robot-rover-2025/code/system/ros2/install/vehicle_interfaces/lib/python3.8/site-packages:/opt/ros/foxy/lib/python3.8/site-packages', 'COLCON': '1', 'CMAKE_PREFIX_PATH': '/home/ethanreynolds/vscode/robot-rover-2025/code/system/ros2/install/vehicle_interfaces'}, 'shell': False}
[3.352129] (-) TimerEvent: {}
[3.452694] (-) TimerEvent: {}
[3.553318] (-) TimerEvent: {}
[3.653949] (-) TimerEvent: {}
[3.662600] (vehicle_simulation) Command: {'cmd': ['/usr/bin/python3', '-W', 'ignore:setup.py install is deprecated', '-W', 'ignore:easy_install command is deprecated', 'setup.py', 'egg_info', '--egg-base', '../../build/vehicle_simulation', 'build', '--build-base', '/home/ethanreynolds/vscode/robot-rover-2025/code/system/ros2/build/vehicle_simulation/build', 'install', '--record', '/home/ethanreynolds/vscode/robot-rover-2025/code/system/ros2/build/vehicle_simulation/install.log', '--install-scripts', '$base/lib/vehicle_simulation', '--single-version-externally-managed', 'install_data'], 'cwd': '/home/ethanreynolds/vscode/robot-rover-2025/code/system/ros2/src/vehicle_simulation', 'env': {'LESSOPEN': '| /usr/bin/lesspipe %s', 'USER': 'ethanreynolds', 'SSH_CLIENT': '172.24.1.138 52822 22', 'XDG_SESSION_TYPE': 'tty', 'SHLVL': '1', 'LD_LIBRARY_PATH': '/home/ethanreynolds/vscode/robot-rover-2025/code/system/ros2/install/vehicle_interfaces/lib:/opt/ros/foxy/opt/yaml_cpp_vendor/lib:/opt/ros/foxy/lib/x86_64-linux-gnu:/opt/ros/foxy/lib', 'MOTD_SHOWN': 'pam', 'HOME': '/home/ethanreynolds', 'OLDPWD': '/home/ethanreynolds', 'SSH_TTY': '/dev/pts/4', 'ROS_PYTHON_VERSION': '3', 'DBUS_SESSION_BUS_ADDRESS': 'unix:path=/run/user/1000/bus', 'COLCON_PREFIX_PATH': '/home/ethanreynolds/vscode/robot-rover-2025/code/system/ros2/install', 'ROS_DISTRO': 'foxy', 'LOGNAME': 'ethanreynolds', '_': '/usr/bin/colcon', 'ROS_VERSION': '2', 'XDG_SESSION_CLASS': 'user', 'TERM': 'xterm-256color', 'XDG_SESSION_ID': '7', 'ROS_LOCALHOST_ONLY': '0', 'PATH': '/opt/ros/foxy/bin:/usr/local/sbin:/usr/local/bin:/usr/sbin:/usr/bin:/sbin:/bin:/usr/games:/usr/local/games:/snap/bin:/home/ethanreynolds/.local/share/JetBrains/Toolbox/scripts', 'XDG_RUNTIME_DIR': '/run/user/1000', 'LANG': 'en_US.UTF-8', 'LS_COLORS': 'rs=0:di=01;34:ln=01;36:mh=00:pi=40;33:so=01;35:do=01;35:bd=40;33;01:cd=40;33;01:or=40;31;01:mi=00:su=37;41:sg=30;43:ca=30;41:tw=30;42:ow=34;42:st=37;44:ex=01;32:*.tar=01;31:*.tgz=01;31:*.arc=01;31:*.arj=01;31:*.taz=01;31:*.lha=01;31:*.lz4=01;31:*.lzh=01;31:*.lzma=01;31:*.tlz=01;31:*.txz=01;31:*.tzo=01;31:*.t7z=01;31:*.zip=01;31:*.z=01;31:*.dz=01;31:*.gz=01;31:*.lrz=01;31:*.lz=01;31:*.lzo=01;31:*.xz=01;31:*.zst=01;31:*.tzst=01;31:*.bz2=01;31:*.bz=01;31:*.tbz=01;31:*.tbz2=01;31:*.tz=01;31:*.deb=01;31:*.rpm=01;31:*.jar=01;31:*.war=01;31:*.ear=01;31:*.sar=01;31:*.rar=01;31:*.alz=01;31:*.ace=01;31:*.zoo=01;31:*.cpio=01;31:*.7z=01;31:*.rz=01;31:*.cab=01;31:*.wim=01;31:*.swm=01;31:*.dwm=01;31:*.esd=01;31:*.jpg=01;35:*.jpeg=01;35:*.mjpg=01;35:*.mjpeg=01;35:*.gif=01;35:*.bmp=01;35:*.pbm=01;35:*.pgm=01;35:*.ppm=01;35:*.tga=01;35:*.xbm=01;35:*.xpm=01;35:*.tif=01;35:*.tiff=01;35:*.png=01;35:*.svg=01;35:*.svgz=01;35:*.mng=01;35:*.pcx=01;35:*.mov=01;35:*.mpg=01;35:*.mpeg=01;35:*.m2v=01;35:*.mkv=01;35:*.webm=01;35:*.ogm=01;35:*.mp4=01;35:*.m4v=01;35:*.mp4v=01;35:*.vob=01;35:*.qt=01;35:*.nuv=01;35:*.wmv=01;35:*.asf=01;35:*.rm=01;35:*.rmvb=01;35:*.flc=01;35:*.avi=01;35:*.fli=01;35:*.flv=01;35:*.gl=01;35:*.dl=01;35:*.xcf=01;35:*.xwd=01;35:*.yuv=01;35:*.cgm=01;35:*.emf=01;35:*.ogv=01;35:*.ogx=01;35:*.aac=00;36:*.au=00;36:*.flac=00;36:*.m4a=00;36:*.mid=00;36:*.midi=00;36:*.mka=00;36:*.mp3=00;36:*.mpc=00;36:*.ogg=00;36:*.ra=00;36:*.wav=00;36:*.oga=00;36:*.opus=00;36:*.spx=00;36:*.xspf=00;36:', 'AMENT_PREFIX_PATH': '/home/ethanreynolds/vscode/robot-rover-2025/code/system/ros2/install/vehicle_string_converter:/home/ethanreynolds/vscode/robot-rover-2025/code/system/ros2/install/vehicle_simulation:/home/ethanreynolds/vscode/robot-rover-2025/code/system/ros2/install/vehicle_networking:/home/ethanreynolds/vscode/robot-rover-2025/code/system/ros2/install/vehicle_interfaces:/opt/ros/foxy', 'SHELL': '/bin/bash', 'LESSCLOSE': '/usr/bin/lesspipe %s %s', 'PWD': '/home/ethanreynolds/vscode/robot-rover-2025/code/system/ros2/build/vehicle_simulation', 'SSH_CONNECTION': '172.24.1.138 52822 172.24.1.184 22', 'XDG_DATA_DIRS': '/usr/local/share:/usr/share:/var/lib/snapd/desktop', 'PYTHONPATH': '/home/ethanreynolds/vscode/robot-rover-2025/code/system/ros2/build/vehicle_simulation/prefix_override:/usr/lib/python3/dist-packages/colcon_core/task/python/colcon_distutils_commands:/home/ethanreynolds/vscode/robot-rover-2025/code/system/ros2/install/vehicle_simulation/lib/python3.8/site-packages:/home/ethanreynolds/vscode/robot-rover-2025/code/system/ros2/install/vehicle_string_converter/lib/python3.8/site-packages:/home/ethanreynolds/vscode/robot-rover-2025/code/system/ros2/install/vehicle_simulation/lib/python3.8/site-packages:/home/ethanreynolds/vscode/robot-rover-2025/code/system/ros2/install/vehicle_networking/lib/python3.8/site-packages:/home/ethanreynolds/vscode/robot-rover-2025/code/system/ros2/install/vehicle_interfaces/lib/python3.8/site-packages:/opt/ros/foxy/lib/python3.8/site-packages', 'COLCON': '1', 'CMAKE_PREFIX_PATH': '/home/ethanreynolds/vscode/robot-rover-2025/code/system/ros2/install/vehicle_interfaces'}, 'shell': False}
[3.754091] (-) TimerEvent: {}
[3.854555] (-) TimerEvent: {}
[3.920028] (vehicle_packet_manager) StdoutLine: {'line': b'running egg_info\n'}
[3.922231] (vehicle_packet_manager) StdoutLine: {'line': b'writing ../../build/vehicle_packet_manager/vehicle_packet_manager.egg-info/PKG-INFO\n'}
[3.924718] (vehicle_packet_manager) StdoutLine: {'line': b'writing dependency_links to ../../build/vehicle_packet_manager/vehicle_packet_manager.egg-info/dependency_links.txt\n'}
[3.927092] (vehicle_packet_manager) StdoutLine: {'line': b'writing entry points to ../../build/vehicle_packet_manager/vehicle_packet_manager.egg-info/entry_points.txt\n'}
[3.929458] (vehicle_packet_manager) StdoutLine: {'line': b'writing requirements to ../../build/vehicle_packet_manager/vehicle_packet_manager.egg-info/requires.txt\n'}
[3.931671] (vehicle_packet_manager) StdoutLine: {'line': b'writing top-level names to ../../build/vehicle_packet_manager/vehicle_packet_manager.egg-info/top_level.txt\n'}
[3.935841] (vehicle_navigation) StdoutLine: {'line': b'running egg_info\n'}
[3.937420] (vehicle_navigation) StdoutLine: {'line': b'writing ../../build/vehicle_navigation/vehicle_navigation.egg-info/PKG-INFO\n'}
[3.938032] (vehicle_navigation) StdoutLine: {'line': b'writing dependency_links to ../../build/vehicle_navigation/vehicle_navigation.egg-info/dependency_links.txt\n'}
[3.938449] (vehicle_navigation) StdoutLine: {'line': b'writing entry points to ../../build/vehicle_navigation/vehicle_navigation.egg-info/entry_points.txt\n'}
[3.938813] (vehicle_navigation) StdoutLine: {'line': b'writing requirements to ../../build/vehicle_navigation/vehicle_navigation.egg-info/requires.txt\n'}
[3.939158] (vehicle_navigation) StdoutLine: {'line': b'writing top-level names to ../../build/vehicle_navigation/vehicle_navigation.egg-info/top_level.txt\n'}
[3.954537] (vehicle_networking) StdoutLine: {'line': b'running egg_info\n'}
[3.954895] (-) TimerEvent: {}
[3.956396] (vehicle_networking) StdoutLine: {'line': b'writing ../../build/vehicle_networking/vehicle_networking.egg-info/PKG-INFO\n'}
[3.956957] (vehicle_networking) StdoutLine: {'line': b'writing dependency_links to ../../build/vehicle_networking/vehicle_networking.egg-info/dependency_links.txt\n'}
[3.957448] (vehicle_networking) StdoutLine: {'line': b'writing entry points to ../../build/vehicle_networking/vehicle_networking.egg-info/entry_points.txt\n'}
[3.957789] (vehicle_networking) StdoutLine: {'line': b'writing requirements to ../../build/vehicle_networking/vehicle_networking.egg-info/requires.txt\n'}
[3.958080] (vehicle_networking) StdoutLine: {'line': b'writing top-level names to ../../build/vehicle_networking/vehicle_networking.egg-info/top_level.txt\n'}
[4.044844] (vehicle_navigation) StdoutLine: {'line': b"reading manifest file '../../build/vehicle_navigation/vehicle_navigation.egg-info/SOURCES.txt'\n"}
[4.047187] (vehicle_navigation) StdoutLine: {'line': b"writing manifest file '../../build/vehicle_navigation/vehicle_navigation.egg-info/SOURCES.txt'\n"}
[4.047527] (vehicle_navigation) StdoutLine: {'line': b'running build\n'}
[4.047746] (vehicle_navigation) StdoutLine: {'line': b'running build_py\n'}
[4.048032] (vehicle_navigation) StdoutLine: {'line': b'running install\n'}
[4.049840] (vehicle_navigation) StdoutLine: {'line': b'running install_lib\n'}
[4.051829] (vehicle_packet_manager) StdoutLine: {'line': b"reading manifest file '../../build/vehicle_packet_manager/vehicle_packet_manager.egg-info/SOURCES.txt'\n"}
[4.052775] (vehicle_navigation) StdoutLine: {'line': b'running install_data\n'}
[4.053071] (vehicle_navigation) StdoutLine: {'line': b'running install_egg_info\n'}
[4.054353] (vehicle_packet_manager) StdoutLine: {'line': b"writing manifest file '../../build/vehicle_packet_manager/vehicle_packet_manager.egg-info/SOURCES.txt'\n"}
[4.054687] (vehicle_packet_manager) StdoutLine: {'line': b'running build\n'}
[4.054970] (-) TimerEvent: {}
[4.055204] (vehicle_packet_manager) StdoutLine: {'line': b'running build_py\n'}
[4.055518] (vehicle_packet_manager) StdoutLine: {'line': b'running install\n'}
[4.057051] (vehicle_navigation) StdoutLine: {'line': b"removing '/home/ethanreynolds/vscode/robot-rover-2025/code/system/ros2/install/vehicle_navigation/lib/python3.8/site-packages/vehicle_navigation-0.0.0-py3.8.egg-info' (and everything under it)\n"}
[4.057497] (vehicle_packet_manager) StdoutLine: {'line': b'running install_lib\n'}
[4.057815] (vehicle_navigation) StdoutLine: {'line': b'Copying ../../build/vehicle_navigation/vehicle_navigation.egg-info to /home/ethanreynolds/vscode/robot-rover-2025/code/system/ros2/install/vehicle_navigation/lib/python3.8/site-packages/vehicle_navigation-0.0.0-py3.8.egg-info\n'}
[4.059877] (vehicle_networking) StdoutLine: {'line': b"reading manifest file '../../build/vehicle_networking/vehicle_networking.egg-info/SOURCES.txt'\n"}
[4.060165] (vehicle_navigation) StdoutLine: {'line': b'running install_scripts\n'}
[4.060735] (vehicle_packet_manager) StdoutLine: {'line': b'running install_data\n'}
[4.061101] (vehicle_packet_manager) StdoutLine: {'line': b'running install_egg_info\n'}
[4.065073] (vehicle_packet_manager) StdoutLine: {'line': b"removing '/home/ethanreynolds/vscode/robot-rover-2025/code/system/ros2/install/vehicle_packet_manager/lib/python3.8/site-packages/vehicle_packet_manager-0.0.0-py3.8.egg-info' (and everything under it)\n"}
[4.079039] (vehicle_packet_manager) StdoutLine: {'line': b'Copying ../../build/vehicle_packet_manager/vehicle_packet_manager.egg-info to /home/ethanreynolds/vscode/robot-rover-2025/code/system/ros2/install/vehicle_packet_manager/lib/python3.8/site-packages/vehicle_packet_manager-0.0.0-py3.8.egg-info\n'}
[4.079343] (vehicle_packet_manager) StdoutLine: {'line': b'running install_scripts\n'}
[4.084551] (vehicle_networking) StdoutLine: {'line': b"writing manifest file '../../build/vehicle_networking/vehicle_networking.egg-info/SOURCES.txt'\n"}
[4.084893] (vehicle_networking) StdoutLine: {'line': b'running build\n'}
[4.085100] (vehicle_networking) StdoutLine: {'line': b'running build_py\n'}
[4.085304] (vehicle_networking) StdoutLine: {'line': b'copying vehicle_networking/control_serial_interface.py -> /home/ethanreynolds/vscode/robot-rover-2025/code/system/ros2/build/vehicle_networking/build/lib/vehicle_networking\n'}
[4.085511] (vehicle_networking) StdoutLine: {'line': b'copying vehicle_networking/sensor_serial_interface.py -> /home/ethanreynolds/vscode/robot-rover-2025/code/system/ros2/build/vehicle_networking/build/lib/vehicle_networking\n'}
[4.085721] (vehicle_networking) StdoutLine: {'line': b'running install\n'}
[4.085919] (vehicle_networking) StdoutLine: {'line': b'running install_lib\n'}
[4.086109] (vehicle_networking) StdoutLine: {'line': b'copying /home/ethanreynolds/vscode/robot-rover-2025/code/system/ros2/build/vehicle_networking/build/lib/vehicle_networking/control_serial_interface.py -> /home/ethanreynolds/vscode/robot-rover-2025/code/system/ros2/install/vehicle_networking/lib/python3.8/site-packages/vehicle_networking\n'}
[4.092395] (vehicle_networking) StdoutLine: {'line': b'copying /home/ethanreynolds/vscode/robot-rover-2025/code/system/ros2/build/vehicle_networking/build/lib/vehicle_networking/sensor_serial_interface.py -> /home/ethanreynolds/vscode/robot-rover-2025/code/system/ros2/install/vehicle_networking/lib/python3.8/site-packages/vehicle_networking\n'}
[4.096370] (vehicle_networking) StdoutLine: {'line': b'byte-compiling /home/ethanreynolds/vscode/robot-rover-2025/code/system/ros2/install/vehicle_networking/lib/python3.8/site-packages/vehicle_networking/control_serial_interface.py to control_serial_interface.cpython-38.pyc\n'}
[4.099994] (vehicle_networking) StdoutLine: {'line': b'byte-compiling /home/ethanreynolds/vscode/robot-rover-2025/code/system/ros2/install/vehicle_networking/lib/python3.8/site-packages/vehicle_networking/sensor_serial_interface.py to sensor_serial_interface.cpython-38.pyc\n'}
[4.107379] (vehicle_networking) StdoutLine: {'line': b'running install_data\n'}
[4.109981] (vehicle_networking) StdoutLine: {'line': b'running install_egg_info\n'}
[4.113650] (vehicle_networking) StdoutLine: {'line': b"removing '/home/ethanreynolds/vscode/robot-rover-2025/code/system/ros2/install/vehicle_networking/lib/python3.8/site-packages/vehicle_networking-0.0.0-py3.8.egg-info' (and everything under it)\n"}
[4.114291] (vehicle_networking) StdoutLine: {'line': b'Copying ../../build/vehicle_networking/vehicle_networking.egg-info to /home/ethanreynolds/vscode/robot-rover-2025/code/system/ros2/install/vehicle_networking/lib/python3.8/site-packages/vehicle_networking-0.0.0-py3.8.egg-info\n'}
[4.116350] (vehicle_networking) StdoutLine: {'line': b'running install_scripts\n'}
[4.117238] (vehicle_packet_manager) StdoutLine: {'line': b"writing list of installed files to '/home/ethanreynolds/vscode/robot-rover-2025/code/system/ros2/build/vehicle_packet_manager/install.log'\n"}
[4.129585] (vehicle_navigation) StdoutLine: {'line': b"writing list of installed files to '/home/ethanreynolds/vscode/robot-rover-2025/code/system/ros2/build/vehicle_navigation/install.log'\n"}
[4.155092] (-) TimerEvent: {}
[4.157308] (vehicle_networking) StdoutLine: {'line': b'Installing control_serial_interface script to /home/ethanreynolds/vscode/robot-rover-2025/code/system/ros2/install/vehicle_networking/lib/vehicle_networking\n'}
[4.160117] (vehicle_networking) StdoutLine: {'line': b'Installing get_device_info_tool script to /home/ethanreynolds/vscode/robot-rover-2025/code/system/ros2/install/vehicle_networking/lib/vehicle_networking\n'}
[4.160471] (vehicle_networking) StdoutLine: {'line': b'Installing sensor_serial_interface script to /home/ethanreynolds/vscode/robot-rover-2025/code/system/ros2/install/vehicle_networking/lib/vehicle_networking\n'}
[4.160700] (vehicle_networking) StdoutLine: {'line': b'Installing serial_manager script to /home/ethanreynolds/vscode/robot-rover-2025/code/system/ros2/install/vehicle_networking/lib/vehicle_networking\n'}
[4.160900] (vehicle_networking) StdoutLine: {'line': b"writing list of installed files to '/home/ethanreynolds/vscode/robot-rover-2025/code/system/ros2/build/vehicle_networking/install.log'\n"}
[4.176988] (vehicle_packet_manager) CommandEnded: {'returncode': 0}
[4.201115] (vehicle_packet_manager) JobEnded: {'identifier': 'vehicle_packet_manager', 'rc': 0}
[4.203652] (vehicle_string_converter) JobStarted: {'identifier': 'vehicle_string_converter'}
[4.221383] (vehicle_navigation) CommandEnded: {'returncode': 0}
[4.236592] (vehicle_navigation) JobEnded: {'identifier': 'vehicle_navigation', 'rc': 0}
[4.239666] (vehicle_networking) CommandEnded: {'returncode': 0}
[4.254602] (vehicle_networking) JobEnded: {'identifier': 'vehicle_networking', 'rc': 0}
[4.258520] (-) TimerEvent: {}
[4.259130] (vehicle_simulation) StdoutLine: {'line': b'running egg_info\n'}
[4.260033] (vehicle_simulation) StdoutLine: {'line': b'writing ../../build/vehicle_simulation/vehicle_simulation.egg-info/PKG-INFO\n'}
[4.260563] (vehicle_simulation) StdoutLine: {'line': b'writing dependency_links to ../../build/vehicle_simulation/vehicle_simulation.egg-info/dependency_links.txt\n'}
[4.260915] (vehicle_simulation) StdoutLine: {'line': b'writing entry points to ../../build/vehicle_simulation/vehicle_simulation.egg-info/entry_points.txt\n'}
[4.261243] (vehicle_simulation) StdoutLine: {'line': b'writing requirements to ../../build/vehicle_simulation/vehicle_simulation.egg-info/requires.txt\n'}
[4.261546] (vehicle_simulation) StdoutLine: {'line': b'writing top-level names to ../../build/vehicle_simulation/vehicle_simulation.egg-info/top_level.txt\n'}
[4.317083] (vehicle_simulation) StdoutLine: {'line': b"reading manifest file '../../build/vehicle_simulation/vehicle_simulation.egg-info/SOURCES.txt'\n"}
[4.319522] (vehicle_simulation) StdoutLine: {'line': b"writing manifest file '../../build/vehicle_simulation/vehicle_simulation.egg-info/SOURCES.txt'\n"}
[4.321059] (vehicle_simulation) StdoutLine: {'line': b'running build\n'}
[4.322479] (vehicle_simulation) StdoutLine: {'line': b'running build_py\n'}
[4.323942] (vehicle_simulation) StdoutLine: {'line': b'running install\n'}
[4.325552] (vehicle_simulation) StdoutLine: {'line': b'running install_lib\n'}
[4.326998] (vehicle_simulation) StdoutLine: {'line': b'running install_data\n'}
[4.328442] (vehicle_simulation) StdoutLine: {'line': b'running install_egg_info\n'}
[4.329869] (vehicle_simulation) StdoutLine: {'line': b"removing '/home/ethanreynolds/vscode/robot-rover-2025/code/system/ros2/install/vehicle_simulation/lib/python3.8/site-packages/vehicle_simulation-0.0.0-py3.8.egg-info' (and everything under it)\n"}
[4.331352] (vehicle_simulation) StdoutLine: {'line': b'Copying ../../build/vehicle_simulation/vehicle_simulation.egg-info to /home/ethanreynolds/vscode/robot-rover-2025/code/system/ros2/install/vehicle_simulation/lib/python3.8/site-packages/vehicle_simulation-0.0.0-py3.8.egg-info\n'}
[4.332839] (vehicle_simulation) StdoutLine: {'line': b'running install_scripts\n'}
[4.355865] (vehicle_simulation) StdoutLine: {'line': b'Installing vehicle_control_sim script to /home/ethanreynolds/vscode/robot-rover-2025/code/system/ros2/install/vehicle_simulation/lib/vehicle_simulation\n'}
[4.356257] (vehicle_simulation) StdoutLine: {'line': b'Installing vehicle_sensor_sim script to /home/ethanreynolds/vscode/robot-rover-2025/code/system/ros2/install/vehicle_simulation/lib/vehicle_simulation\n'}
[4.356502] (vehicle_simulation) StdoutLine: {'line': b"writing list of installed files to '/home/ethanreynolds/vscode/robot-rover-2025/code/system/ros2/build/vehicle_simulation/install.log'\n"}
[4.360292] (-) TimerEvent: {}
[4.460708] (-) TimerEvent: {}
[4.561137] (-) TimerEvent: {}
[4.661522] (-) TimerEvent: {}
[4.740708] (vehicle_simulation) CommandEnded: {'returncode': 0}
[4.754811] (vehicle_simulation) JobEnded: {'identifier': 'vehicle_simulation', 'rc': 0}
[4.761680] (-) TimerEvent: {}
[4.862161] (-) TimerEvent: {}
[4.962600] (-) TimerEvent: {}
[5.063170] (-) TimerEvent: {}
[5.163568] (-) TimerEvent: {}
[5.263968] (-) TimerEvent: {}
[5.364391] (-) TimerEvent: {}
[5.388904] (vehicle_string_converter) Command: {'cmd': ['/usr/bin/python3', '-W', 'ignore:setup.py install is deprecated', '-W', 'ignore:easy_install command is deprecated', 'setup.py', 'egg_info', '--egg-base', '../../build/vehicle_string_converter', 'build', '--build-base', '/home/ethanreynolds/vscode/robot-rover-2025/code/system/ros2/build/vehicle_string_converter/build', 'install', '--record', '/home/ethanreynolds/vscode/robot-rover-2025/code/system/ros2/build/vehicle_string_converter/install.log', '--install-scripts', '$base/lib/vehicle_string_converter', '--single-version-externally-managed', 'install_data'], 'cwd': '/home/ethanreynolds/vscode/robot-rover-2025/code/system/ros2/src/vehicle_string_converter', 'env': {'LESSOPEN': '| /usr/bin/lesspipe %s', 'USER': 'ethanreynolds', 'SSH_CLIENT': '172.24.1.138 52822 22', 'XDG_SESSION_TYPE': 'tty', 'SHLVL': '1', 'LD_LIBRARY_PATH': '/home/ethanreynolds/vscode/robot-rover-2025/code/system/ros2/install/vehicle_interfaces/lib:/opt/ros/foxy/opt/yaml_cpp_vendor/lib:/opt/ros/foxy/lib/x86_64-linux-gnu:/opt/ros/foxy/lib', 'MOTD_SHOWN': 'pam', 'HOME': '/home/ethanreynolds', 'OLDPWD': '/home/ethanreynolds', 'SSH_TTY': '/dev/pts/4', 'ROS_PYTHON_VERSION': '3', 'DBUS_SESSION_BUS_ADDRESS': 'unix:path=/run/user/1000/bus', 'COLCON_PREFIX_PATH': '/home/ethanreynolds/vscode/robot-rover-2025/code/system/ros2/install', 'ROS_DISTRO': 'foxy', 'LOGNAME': 'ethanreynolds', '_': '/usr/bin/colcon', 'ROS_VERSION': '2', 'XDG_SESSION_CLASS': 'user', 'TERM': 'xterm-256color', 'XDG_SESSION_ID': '7', 'ROS_LOCALHOST_ONLY': '0', 'PATH': '/opt/ros/foxy/bin:/usr/local/sbin:/usr/local/bin:/usr/sbin:/usr/bin:/sbin:/bin:/usr/games:/usr/local/games:/snap/bin:/home/ethanreynolds/.local/share/JetBrains/Toolbox/scripts', 'XDG_RUNTIME_DIR': '/run/user/1000', 'LANG': 'en_US.UTF-8', 'LS_COLORS': 'rs=0:di=01;34:ln=01;36:mh=00:pi=40;33:so=01;35:do=01;35:bd=40;33;01:cd=40;33;01:or=40;31;01:mi=00:su=37;41:sg=30;43:ca=30;41:tw=30;42:ow=34;42:st=37;44:ex=01;32:*.tar=01;31:*.tgz=01;31:*.arc=01;31:*.arj=01;31:*.taz=01;31:*.lha=01;31:*.lz4=01;31:*.lzh=01;31:*.lzma=01;31:*.tlz=01;31:*.txz=01;31:*.tzo=01;31:*.t7z=01;31:*.zip=01;31:*.z=01;31:*.dz=01;31:*.gz=01;31:*.lrz=01;31:*.lz=01;31:*.lzo=01;31:*.xz=01;31:*.zst=01;31:*.tzst=01;31:*.bz2=01;31:*.bz=01;31:*.tbz=01;31:*.tbz2=01;31:*.tz=01;31:*.deb=01;31:*.rpm=01;31:*.jar=01;31:*.war=01;31:*.ear=01;31:*.sar=01;31:*.rar=01;31:*.alz=01;31:*.ace=01;31:*.zoo=01;31:*.cpio=01;31:*.7z=01;31:*.rz=01;31:*.cab=01;31:*.wim=01;31:*.swm=01;31:*.dwm=01;31:*.esd=01;31:*.jpg=01;35:*.jpeg=01;35:*.mjpg=01;35:*.mjpeg=01;35:*.gif=01;35:*.bmp=01;35:*.pbm=01;35:*.pgm=01;35:*.ppm=01;35:*.tga=01;35:*.xbm=01;35:*.xpm=01;35:*.tif=01;35:*.tiff=01;35:*.png=01;35:*.svg=01;35:*.svgz=01;35:*.mng=01;35:*.pcx=01;35:*.mov=01;35:*.mpg=01;35:*.mpeg=01;35:*.m2v=01;35:*.mkv=01;35:*.webm=01;35:*.ogm=01;35:*.mp4=01;35:*.m4v=01;35:*.mp4v=01;35:*.vob=01;35:*.qt=01;35:*.nuv=01;35:*.wmv=01;35:*.asf=01;35:*.rm=01;35:*.rmvb=01;35:*.flc=01;35:*.avi=01;35:*.fli=01;35:*.flv=01;35:*.gl=01;35:*.dl=01;35:*.xcf=01;35:*.xwd=01;35:*.yuv=01;35:*.cgm=01;35:*.emf=01;35:*.ogv=01;35:*.ogx=01;35:*.aac=00;36:*.au=00;36:*.flac=00;36:*.m4a=00;36:*.mid=00;36:*.midi=00;36:*.mka=00;36:*.mp3=00;36:*.mpc=00;36:*.ogg=00;36:*.ra=00;36:*.wav=00;36:*.oga=00;36:*.opus=00;36:*.spx=00;36:*.xspf=00;36:', 'AMENT_PREFIX_PATH': '/home/ethanreynolds/vscode/robot-rover-2025/code/system/ros2/install/vehicle_string_converter:/home/ethanreynolds/vscode/robot-rover-2025/code/system/ros2/install/vehicle_simulation:/home/ethanreynolds/vscode/robot-rover-2025/code/system/ros2/install/vehicle_networking:/home/ethanreynolds/vscode/robot-rover-2025/code/system/ros2/install/vehicle_interfaces:/opt/ros/foxy', 'SHELL': '/bin/bash', 'LESSCLOSE': '/usr/bin/lesspipe %s %s', 'PWD': '/home/ethanreynolds/vscode/robot-rover-2025/code/system/ros2/build/vehicle_string_converter', 'SSH_CONNECTION': '172.24.1.138 52822 172.24.1.184 22', 'XDG_DATA_DIRS': '/usr/local/share:/usr/share:/var/lib/snapd/desktop', 'PYTHONPATH': '/home/ethanreynolds/vscode/robot-rover-2025/code/system/ros2/build/vehicle_string_converter/prefix_override:/usr/lib/python3/dist-packages/colcon_core/task/python/colcon_distutils_commands:/home/ethanreynolds/vscode/robot-rover-2025/code/system/ros2/install/vehicle_string_converter/lib/python3.8/site-packages:/home/ethanreynolds/vscode/robot-rover-2025/code/system/ros2/install/vehicle_string_converter/lib/python3.8/site-packages:/home/ethanreynolds/vscode/robot-rover-2025/code/system/ros2/install/vehicle_simulation/lib/python3.8/site-packages:/home/ethanreynolds/vscode/robot-rover-2025/code/system/ros2/install/vehicle_networking/lib/python3.8/site-packages:/home/ethanreynolds/vscode/robot-rover-2025/code/system/ros2/install/vehicle_interfaces/lib/python3.8/site-packages:/opt/ros/foxy/lib/python3.8/site-packages', 'COLCON': '1', 'CMAKE_PREFIX_PATH': '/home/ethanreynolds/vscode/robot-rover-2025/code/system/ros2/install/vehicle_interfaces'}, 'shell': False}
[5.464520] (-) TimerEvent: {}
[5.564936] (-) TimerEvent: {}
[5.665326] (-) TimerEvent: {}
[5.765693] (-) TimerEvent: {}
[5.794680] (vehicle_string_converter) StdoutLine: {'line': b'running egg_info\n'}
[5.795543] (vehicle_string_converter) StdoutLine: {'line': b'writing ../../build/vehicle_string_converter/vehicle_string_converter.egg-info/PKG-INFO\n'}
[5.795889] (vehicle_string_converter) StdoutLine: {'line': b'writing dependency_links to ../../build/vehicle_string_converter/vehicle_string_converter.egg-info/dependency_links.txt\n'}
[5.796165] (vehicle_string_converter) StdoutLine: {'line': b'writing entry points to ../../build/vehicle_string_converter/vehicle_string_converter.egg-info/entry_points.txt\n'}
[5.796477] (vehicle_string_converter) StdoutLine: {'line': b'writing requirements to ../../build/vehicle_string_converter/vehicle_string_converter.egg-info/requires.txt\n'}
[5.796752] (vehicle_string_converter) StdoutLine: {'line': b'writing top-level names to ../../build/vehicle_string_converter/vehicle_string_converter.egg-info/top_level.txt\n'}
[5.855137] (vehicle_string_converter) StdoutLine: {'line': b"reading manifest file '../../build/vehicle_string_converter/vehicle_string_converter.egg-info/SOURCES.txt'\n"}
[5.856657] (vehicle_string_converter) StdoutLine: {'line': b"writing manifest file '../../build/vehicle_string_converter/vehicle_string_converter.egg-info/SOURCES.txt'\n"}
[5.856991] (vehicle_string_converter) StdoutLine: {'line': b'running build\n'}
[5.857183] (vehicle_string_converter) StdoutLine: {'line': b'running build_py\n'}
[5.857526] (vehicle_string_converter) StdoutLine: {'line': b'running install\n'}
[5.858728] (vehicle_string_converter) StdoutLine: {'line': b'running install_lib\n'}
[5.861003] (vehicle_string_converter) StdoutLine: {'line': b'running install_data\n'}
[5.861631] (vehicle_string_converter) StdoutLine: {'line': b'running install_egg_info\n'}
[5.864011] (vehicle_string_converter) StdoutLine: {'line': b"removing '/home/ethanreynolds/vscode/robot-rover-2025/code/system/ros2/install/vehicle_string_converter/lib/python3.8/site-packages/vehicle_string_converter-0.0.0-py3.8.egg-info' (and everything under it)\n"}
[5.864551] (vehicle_string_converter) StdoutLine: {'line': b'Copying ../../build/vehicle_string_converter/vehicle_string_converter.egg-info to /home/ethanreynolds/vscode/robot-rover-2025/code/system/ros2/install/vehicle_string_converter/lib/python3.8/site-packages/vehicle_string_converter-0.0.0-py3.8.egg-info\n'}
[5.865767] (-) TimerEvent: {}
[5.866022] (vehicle_string_converter) StdoutLine: {'line': b'running install_scripts\n'}
[5.888133] (vehicle_string_converter) StdoutLine: {'line': b'Installing control_string_builder script to /home/ethanreynolds/vscode/robot-rover-2025/code/system/ros2/install/vehicle_string_converter/lib/vehicle_string_converter\n'}
[5.888695] (vehicle_string_converter) StdoutLine: {'line': b'Installing control_string_parser script to /home/ethanreynolds/vscode/robot-rover-2025/code/system/ros2/install/vehicle_string_converter/lib/vehicle_string_converter\n'}
[5.888980] (vehicle_string_converter) StdoutLine: {'line': b'Installing sensor_string_parser script to /home/ethanreynolds/vscode/robot-rover-2025/code/system/ros2/install/vehicle_string_converter/lib/vehicle_string_converter\n'}
[5.889509] (vehicle_string_converter) StdoutLine: {'line': b"writing list of installed files to '/home/ethanreynolds/vscode/robot-rover-2025/code/system/ros2/build/vehicle_string_converter/install.log'\n"}
[5.926535] (vehicle_string_converter) CommandEnded: {'returncode': 0}
[5.940288] (vehicle_string_converter) JobEnded: {'identifier': 'vehicle_string_converter', 'rc': 0}
[5.942139] (-) EventReactorShutdown: {}
